routeKey,class,TT_freeflow
488788627->40138239#3,veh_passenger,53.0
-1068434202->-47087366#2,veh_passenger,102.0
10748045#1->-40036009#0,veh_passenger,101.0
-143546557->10628444#2,veh_passenger,72.0
-1335304371->-1335304377,veh_passenger,147.0
666886086#3->1074771163#0,veh_passenger,156.0
39838984#0->1125986379#0,veh_passenger,139.0
-968332509->654297632#0,veh_passenger,119.0
39838630#1->-1068144849#1,bus_bus,296.0
1231065653->-1074409256#0,veh_passenger,276.0
-511187818->-10748036,veh_passenger,102.0
1068434202->10250021#0,veh_passenger,97.0
40138239#2->-1125986406#0,veh_passenger,208.0
509646052->47225638#1,veh_passenger,131.0
1214520068->-1074409256#0,bus_bus,95.0
160078084->8887999#1,veh_passenger,244.0
511187811->240666069#3,veh_passenger,230.0
515123438->-1326193809,veh_passenger,326.0
10628442#1->-50323229#2,veh_passenger,347.0
10628442#1->-50323229#2,truck_truck,352.0
24576913#1->515126385#2,veh_passenger,146.0
513272949->-1297720368,bus_bus,219.0
488788633#0->-10628442#2,veh_passenger,359.0
-50323229#13->24621218#2,veh_passenger,371.0
-401226926#1->1196008691#1,veh_passenger,240.0
1335304386#1->-40297715#3,veh_passenger,91.0
488788629->428730793#1,veh_passenger,334.0
39920550#0->1214520073#1,veh_passenger,201.0
40140141#8->39920593#4,bus_bus,307.0
11631594#1->-479863106#1,veh_passenger,284.0
50323229#13->39838630#2,veh_passenger,332.0
-1297720367->-521705694#0,veh_passenger,328.0
39920505#2->178583159,veh_passenger,430.0
-509646056->1064476622#1,veh_passenger,345.0
-1332638391#1->-1131969257,veh_passenger,225.0
424580475->39921672,veh_passenger,470.0
-488786523->232920701,bus_bus,72.0
-1015424648->1068434257,veh_passenger,127.0
509646057#1->33683458#1,veh_passenger,425.0
515123438->-1326193809,truck_truck,276.0
39921192#1->178583140#1,veh_passenger,232.0
-33683458#1->-50323229#5,veh_passenger,63.0
513082635#0->509524227#0,veh_passenger,152.0
838061038->511404873#1,veh_passenger,255.0
-482569917#0->1326094888,bus_bus,243.0
-900279869->-654297633,veh_passenger,325.0
451728952#5->178583148#0,veh_passenger,203.0
1074771163#1-AddedOffRampEdge->24621218#1,veh_passenger,93.0
39920505#11->39366819#1,veh_passenger,407.0
-238219441#2->1254633077#0,veh_passenger,263.0
1068144846#2->-1222703384#1,veh_passenger,183.0
178699058->40035904#2,veh_passenger,398.0
513082632->666886084#0,veh_passenger,184.0
511409856#1->-8887999#2,veh_passenger,285.0
-238219441#0->39838691#7,veh_passenger,362.0
-488788630#0->654297637#2,veh_passenger,411.0
-1254633077#0->1204070281,veh_passenger,359.0
1254816442->14924729#0,veh_passenger,177.0
-968332509->39920505#1,veh_passenger,328.0
424580475->39921672,truck_truck,536.0
1214520075->1074771170,veh_passenger,98.0
-1067928305#0->40297885#1,veh_passenger,383.0
-1326094888->1332638368#0,veh_passenger,270.0
1067953239#1->39920011#3,veh_passenger,332.0
-488788633#2->-39838691#3,veh_passenger,167.0
-1068916335->-449565665#1,bus_bus,319.0
-900279869->513082635#0-AddedOffRampEdge,veh_passenger,253.0
-1068434202->-47087366#2,truck_truck,205.0
9832326#0->15420801#3,veh_passenger,417.0
1214520074#2->-50323229#10,veh_passenger,459.0
474143552#4->1234244925#0,veh_passenger,440.0
47087366#0->-39838657#3,veh_passenger,294.0
-1260485929#1->47087366#1,veh_passenger,308.0
475044040#2->40035904#1,bus_bus,177.0
-40139708->428730793#0,veh_passenger,552.0
967993112#1->-1335304386#0,veh_passenger,170.0
381945549#0->-40035904#0,veh_passenger,386.0
478286980#1->-10628442#2,bus_bus,256.0
515136608->513082627,veh_passenger,405.0
-654297637#0->-488788633#0,bus_bus,682.0
1214520074#5->-12247568#1,veh_passenger,106.0
-1260485930#1->39838882,veh_passenger,269.0
-1068144845#3->653860562,veh_passenger,377.0
178583167#1->-1204070283#1,veh_passenger,154.0
-47267007#2->1068144849#2,veh_passenger,310.0
1068144846#2->-40035325#2,bus_bus,161.0
488788630#0->-449565665#1,veh_passenger,237.0
1233759524->-488788630#1,veh_passenger,333.0
-1335304385->1236283454,veh_passenger,233.0
513082623->1068434201,veh_passenger,567.0
-513272949->-50323229#11,veh_passenger,316.0
511187808#4-AddedOnRampEdge->-1260485929#3,veh_passenger,333.0
1231065653->10628444#2,veh_passenger,254.0
-900279886->474143552#0,veh_passenger,206.0
-511187818->515136604,veh_passenger,361.0
1068434203->449565665#2,veh_passenger,78.0
24621218#3->39921192#1,veh_passenger,148.0
-474143552#2->40297647#0,veh_passenger,108.0
-1222703384#1->24577455#2,veh_passenger,177.0
68574202->9832326#1,veh_passenger,237.0
178441748#2->428730793#1,veh_passenger,461.0
-39838691#7->-24576913#0,veh_passenger,53.0
511187811->-654297635#1,veh_passenger,346.0
1323097575#1->178699051#1,veh_passenger,496.0
509646056->-1332638391#1,veh_passenger,46.0
509646059->-40138239#1,veh_passenger,318.0
-654297637#0->538432099,veh_passenger,359.0
1255099069->511404873#1,veh_passenger,355.0
83428923#1->240666072#2,veh_passenger,282.0
1337646271#1->511187808#4,veh_passenger,268.0
-40036062#1->761486028#0,veh_passenger,262.0
47223733->160077493,veh_passenger,615.0
1231065643->24577455#1,veh_passenger,254.0
39838751#0->-900279869,veh_passenger,125.0
488788627->40138239#3,truck_truck,51.0
515040937->-654297633,veh_passenger,284.0
666886086#1->1068144845#1,bus_bus,360.0
39920505#8->-10628444#0,veh_passenger,184.0
1231065653->-1074409256#0,truck_truck,664.0
150928465->654297629#6,veh_passenger,280.0
39086240-AddedOffRampEdge->9704194#3,veh_passenger,204.0
40297885#1->39921025#8,veh_passenger,489.0
-653860562->39921025#2,veh_passenger,541.0
83428923#1->564273553#2,veh_passenger,434.0
1298335705->474143552#1,veh_passenger,529.0
-1326193809->-1332638391#0,bus_bus,333.0
-178723097#0->178699056#3,veh_passenger,194.0
-654297629#0->1214520073#1,veh_passenger,306.0
1272548721->1234244925#1,veh_passenger,425.0
1222181935->39838657#1,veh_passenger,97.0
1068144847->515126385#4,veh_passenger,138.0
985133430->509646052,veh_passenger,483.0
513082640->513087668,veh_passenger,283.0
40140141#10->-474143552#0,veh_passenger,231.0
50323229#6->40139504#0,veh_passenger,295.0
11631594#0->-40036009#3,veh_passenger,305.0
654297629#0->238219446#0,veh_passenger,618.0
-50323229#13->24621218#2,truck_truck,415.0
47224972#1->513272951#1,veh_passenger,160.0
24621218#3->39838657#0,veh_passenger,405.0
-1273251150#1->-50323229#3,bus_bus,89.0
1234244925#0->1298335702,veh_passenger,630.0
-1297720376#0->-428730813#1,veh_passenger,462.0
10748045#1->-40036009#0,truck_truck,97.0
1272337500->687878722#1,veh_passenger,868.0
654297629#5->-24576913#0,veh_passenger,85.0
1326193810->-488788633#0,veh_passenger,556.0
39920550#8->654297634,veh_passenger,352.0
488788633#2->513272950#0,veh_passenger,201.0
488788633#0->-10628442#2,truck_truck,368.0
1332638368#1->515136604,veh_passenger,328.0
40035904#2->-1125986379#1,bus_bus,260.0
428730813#1->178699056#0,veh_passenger,314.0
475044040#4->40140141#8,bus_bus,396.0
1068434200#0->510107701,veh_passenger,59.0
39920684#4->1067953246,veh_passenger,483.0
-654297637#0->-147711065#1,veh_passenger,284.0
515126302->-479863106#2,veh_passenger,292.0
475044040#1->-509646056,veh_passenger,193.0
488788633#2->1005394020,veh_passenger,233.0
654297630->39921673#0,veh_passenger,64.0
1074409255#1->654297629#0,veh_passenger,255.0
-40036009#1->1067928307#2,veh_passenger,608.0
-50323229#15->499566574#1,veh_passenger,226.0
-900279886->654297629#4,veh_passenger,483.0
-1068144848#0->-450616334#1,veh_passenger,215.0
-10628429->47157282#0,veh_passenger,389.0
-40035325#1->-39838657#1,veh_passenger,349.0
-1260485931#1->1290439817#1,veh_passenger,512.0
475044040#2->-40138633#1,veh_passenger,50.0
-1068144848#1->428730818#3,veh_passenger,309.0
72157794->-9374529#1,veh_passenger,208.0
967985512->178583140#0,veh_passenger,235.0
47267011#0->-178723097#0,veh_passenger,293.0
1214520075->1067928306#2,veh_passenger,140.0
-654297629#4->654297629#4,bus_bus,20.0
-40036009#1->654297628,veh_passenger,350.0
-39838657#1->1231065653,veh_passenger,147.0
482569917#0->511404877,veh_passenger,325.0
1100626103#1->160077493,bus_bus,455.0
1235501861#2->24576913#0,veh_passenger,122.0
39838691#9->1074409256#2,veh_passenger,83.0
1234244925#0->10628444#0,veh_passenger,462.0
509524229->24577455#1,bus_bus,581.0
985133427->9832326#2,veh_passenger,571.0
178441748#0->40297715#2,veh_passenger,214.0
178699056#2->40297715#0,veh_passenger,719.0
39920684#5->-50323229#5,veh_passenger,101.0
178583145->439836130#0-AddedOffRampEdge,veh_passenger,706.0
147711065#0->-1204070283#0,veh_passenger,33.0
-10250021#2->564273553#1,veh_passenger,254.0
666886086#3->1074771163#0,truck_truck,200.0
428730813#2->39921025#4,veh_passenger,244.0
39763700#6->1074409255#3,bus_bus,209.0
1068916339->511404878,veh_passenger,346.0
1125986379#1->-1260485929#2,veh_passenger,260.0
1335304373#1->-654297630,veh_passenger,133.0
1068144848#1->1222703384#0,veh_passenger,282.0
-47224972#1->-1068144849#0,veh_passenger,182.0
475044040#2->511404873#1,veh_passenger,532.0
511404880#1->511187821,veh_passenger,445.0
1235501860->-10629474#0,veh_passenger,567.0
-654297632#0->1323097576,veh_passenger,192.0
39839093->-8887999#0,veh_passenger,588.0
-50323229#13->-50323229#10,veh_passenger,5.0
-654297636->511185049,veh_passenger,140.0
-40297715#2->72157792,veh_passenger,155.0
-564273553#2->-33683346#2,veh_passenger,794.0
131671623->515130026#1,veh_passenger,269.0
39920505#2->178583159,truck_truck,936.0
40138633#0->-1254633077#1,veh_passenger,99.0
-449565665#2->1260485930#1,veh_passenger,965.0
1068074792->178583167#1,veh_passenger,324.0
-1335304371->-1335304377,truck_truck,230.0
515126385#1->39838520#2,veh_passenger,354.0
50323229#7->24576922#1,veh_passenger,630.0
1290439817#1->1068144845#3,veh_passenger,520.0
-224146621->1254633077#0,veh_passenger,460.0
822782498->10629474#0,veh_passenger,498.0
1207401652#1->240666069#2,veh_passenger,448.0
39838691#0->10628442#1,veh_passenger,180.0
1237953497->-1068916339,veh_passenger,115.0
509646061->-1260485931#1,veh_passenger,319.0
-1273251152->513272951#0,veh_passenger,698.0
39920550#1->-10628442#1,veh_passenger,300.0
439836128#0-AddedOffRampEdge->47088302#0,veh_passenger,294.0
-1290439817#0->1064476620#0,veh_passenger,220.0
-50323226->-838061037,bus_bus,624.0
178583149->33683458#0,veh_passenger,150.0
40297715#3->1068434200#0,veh_passenger,521.0
1226645407->-474143552#4,veh_passenger,201.0
-1204070283#1->1196008691#0,veh_passenger,88.0
47087366#0->15419875#0,veh_passenger,258.0
-654297634->39920011#1,veh_passenger,265.0
1074771163#0->40035325#0,veh_passenger,153.0
1214520070->178702258#2,veh_passenger,127.0
490474063#4->1067953246,veh_passenger,825.0
39920593#5->9704194#4,veh_passenger,295.0
160078084->39921025#2,bus_bus,116.0
39920593#0->1074409232#0,veh_passenger,505.0
39838691#6->24621218#3,bus_bus,300.0
-169562956->1234244927#0,veh_passenger,363.0
490474063#6->449565665#1,veh_passenger,436.0
178583140#0->-39838984#0,veh_passenger,289.0
-1272337500->-488788633#0,veh_passenger,927.0
50323229#14->178583167#1,veh_passenger,338.0
838061037->-40297715#2,veh_passenger,626.0
1196008692#1->-10628442#1,veh_passenger,264.0
-40036062#0->1100626103#2,bus_bus,235.0
-1068916335->39920505#12,veh_passenger,195.0
-451728952#4->401226926#1,veh_passenger,427.0
39838630#1->-1068916335,veh_passenger,214.0
511187821->900287035,veh_passenger,759.0
1235501861#0->1131969257,veh_passenger,49.0
40140017#3->-1273251152,veh_passenger,96.0
-515136608->40115810#0,veh_passenger,340.0
511187808#0->47087993#0,veh_passenger,321.0
40138633#2->1254633077#1,veh_passenger,49.0
654530820#1->-47224972#0,veh_passenger,199.0
68574206->1214520074#1,veh_passenger,145.0
-33683458#1->968332513#0,veh_passenger,113.0
985675139->1100626103#3,veh_passenger,196.0
-488788630#1->1068916336,veh_passenger,255.0
39920505#9->1297720367,veh_passenger,586.0
-50323229#10->-10748045#0,bus_bus,149.0
451728952#3->1196008691#0,veh_passenger,255.0
10748036->-47267007#1,bus_bus,574.0
-1015424648->1064476620#2,veh_passenger,607.0
-14924729#3->761486028#0,veh_passenger,102.0
1323097575#0->-838061037,veh_passenger,446.0
1118804250->450616334#0,veh_passenger,376.0
490474063#7->826496637,veh_passenger,207.0
509646057#1->33683458#1,truck_truck,420.0
1297720367->-39838657#2,veh_passenger,335.0
-401226926#0->40140141#8,bus_bus,424.0
24576913#1->401226926#0,veh_passenger,416.0
12262310#0-AddedOffRampEdge->39838751#1,veh_passenger,558.0
-147711065#0->47223733,veh_passenger,168.0
-1335304373#1->-654530820#1,bus_bus,743.0
47225638#3->1100626097,veh_passenger,188.0
-39838751#0->1292541108,veh_passenger,348.0
-178723097#1->-1068144849#2,veh_passenger,251.0
1255099064->-488788633#0,veh_passenger,660.0
-1068144845#3->178583148#0,veh_passenger,321.0
437445541#0->-240666072#2,veh_passenger,268.0
1068144849#2->39921673#0,veh_passenger,253.0
1332638391#1->478286980#1,veh_passenger,61.0
1214520078->-401226926#1,veh_passenger,400.0
413789558#1->83428923#0,veh_passenger,172.0
-39838657#0->39921025#2,veh_passenger,326.0
509647506->687878722#0,veh_passenger,482.0
-1068144845#4->-40035606#3,veh_passenger,344.0
-1323097580#1->147711065#0,veh_passenger,717.0
-413789558#1->-1067928307#2,veh_passenger,49.0
-687878722#0->-1297720376#0,veh_passenger,412.0
39920505#3->47267011#0,veh_passenger,406.0
1273251150#1->488788630#1,veh_passenger,637.0
40035904#1->39838691#7,veh_passenger,335.0
1326094888->413789557,veh_passenger,95.0
1231065643->439836130#0,veh_passenger,533.0
509646062->33683346#0,veh_passenger,340.0
1064398309#0->-142741729#0,veh_passenger,112.0
33683346#2->1421367508,veh_passenger,917.0
-1335304372->-50323229#14,veh_passenger,188.0
160078084->8887999#1,truck_truck,375.0
39838520#3->39366819#1,veh_passenger,16.0
-451728952#3->-509646052,veh_passenger,139.0
-479863106#0->-488788629,veh_passenger,14.0
10250021#4->490474063#0,veh_passenger,323.0
513082641#0->-654297630,veh_passenger,297.0
1297720376#1->1254816455,veh_passenger,120.0
10250021#0->511187808#2,veh_passenger,316.0
509646063#0->-413789558#1,veh_passenger,299.0
39920505#5->450616334#1,veh_passenger,495.0
-488788630#1->488788626#0,veh_passenger,295.0
-428730813#3->-1211151635#0,veh_passenger,126.0
1338361263->10748045#1,veh_passenger,390.0
-474143552#0->654297635#1,bus_bus,316.0
511405572->238219472#0,veh_passenger,148.0
437445539#0->1074409232#1,veh_passenger,241.0
-10629474#0->666886084#1,veh_passenger,304.0
178441748#0->1326437250,veh_passenger,367.0
488788629->428730793#1,truck_truck,585.0
509646061->50323229#11,veh_passenger,432.0
-1326094888->40297715#3,veh_passenger,329.0
40035904#1->39920505#5,veh_passenger,317.0
40115810#1->10628442#3,veh_passenger,350.0
15420537#1->1234244927#0,veh_passenger,302.0
39839131->1125986385#0,bus_bus,272.0
-654297629#1->-515123442#3,bus_bus,157.0
975216739->1068144845#3,veh_passenger,155.0
511187811->240666069#3,truck_truck,283.0
40036009#0->1068144845#4,veh_passenger,336.0
10629709#1->-654297629#5,bus_bus,470.0
511404874#1->1335304372,veh_passenger,251.0
10748045#1->513087670,veh_passenger,403.0
50323229#13->39838630#2,truck_truck,439.0
1064476623->-39838630#1,veh_passenger,95.0
465144361->381945551,veh_passenger,242.0
401226926#1->1273251150#1,veh_passenger,156.0
-1125986377#0->1237953493,veh_passenger,83.0
-10250021#3->1260485932,veh_passenger,179.0
240666072#0->1323097575#2,veh_passenger,391.0
1332638391#2->-1332638391#0,veh_passenger,34.0
178702258#0->515124966,bus_bus,116.0
-1214520068->-40035325#2,veh_passenger,267.0
654297631->1323097579#1,veh_passenger,288.0
-40140017#3->-1273251150#1,veh_passenger,202.0
1255099064->511404873#0,veh_passenger,245.0
47267011#0->39838691#3,veh_passenger,177.0
-437445539#0->-488788637#1,veh_passenger,377.0
15525299->10628442#0,veh_passenger,354.0
-654530820#1->-33683458#0,veh_passenger,408.0
521701858-AddedOffRampEdge->-413789558#1,veh_passenger,78.0
428730807->666886084#1,veh_passenger,255.0
50323229#9->47087992#3,bus_bus,695.0
-1332638391#1->761486028#1,veh_passenger,129.0
-1273251150#1->39838751#0,veh_passenger,318.0
474143552#2->-50323229#7,veh_passenger,311.0
-450616334#1->-33683346#2,veh_passenger,434.0
511404877->10629709#1,bus_bus,483.0
178583141->-564273553#4,bus_bus,246.0
40035606#2->40138633#0,veh_passenger,191.0
1335304373#0->-1297720367,veh_passenger,181.0
449565665#0->39838691#3,veh_passenger,48.0
50323229#15->-1326094888,veh_passenger,592.0
515136604->1237953493,bus_bus,408.0
509524224->240666069#0,veh_passenger,190.0
40138239#2->-1125986406#0,truck_truck,355.0
14924729#3->1260485932,veh_passenger,365.0
-521701857->40140017#2,veh_passenger,312.0
39920550#3->-40036009#2,veh_passenger,342.0
40109290#4->47087993#2,veh_passenger,780.0
1100626103#1->1074409255#3,veh_passenger,173.0
24621218#2->1067852461,veh_passenger,343.0
39838751#2->50323229#9,veh_passenger,695.0
1068434236->-654297637#1,veh_passenger,262.0
39920550#5->654297629#4,veh_passenger,337.0
39920684#5->10250021#3,veh_passenger,247.0
40109290#1->-39838657#0,veh_passenger,504.0
10628430->509524270,veh_passenger,84.0
381945549#0->-654297629#0,veh_passenger,127.0
-143546557->10628444#2,truck_truck,66.0
50323226->-1260485930#1,veh_passenger,336.0
1237953497->428730800,veh_passenger,696.0
24576922#2->985133430,veh_passenger,39.0
1298335703->39920550#11,veh_passenger,252.0
1214520077->143546557,veh_passenger,185.0
160078084->47087992#1,veh_passenger,573.0
-1125986377#1->451728952#4,veh_passenger,267.0
178583161->564273553#4,veh_passenger,166.0
9374529#1->-654297630,veh_passenger,102.0
10725667-AddedOffRampEdge->40109290#5,veh_passenger,251.0
1272548721->1068434201,veh_passenger,235.0
499566573->1214520075,veh_passenger,522.0
1068434256#0->856175963,veh_passenger,238.0
437445542->238219441#0,veh_passenger,381.0
1064398309#0->1067953239#0,veh_passenger,100.0
9704194#1->39920550#8,veh_passenger,237.0
-509646056->1064476622#1,truck_truck,382.0
47225638#0->1214520071,bus_bus,157.0
50323229#3->1335304386#1,veh_passenger,208.0
40140141#1->13909444#4,veh_passenger,203.0
-40109239->178699054,veh_passenger,232.0
39920684#2->511187818,veh_passenger,328.0
521704050->13909444#3,veh_passenger,182.0
-14924729#0->39366819#1,bus_bus,241.0
1064476622#1->666886082#0,veh_passenger,324.0
1332638368#1->465144361,veh_passenger,770.0
39920505#11->515138054,veh_passenger,503.0
488788637#1->178699051#1,veh_passenger,356.0
1254816442->40138239#3,veh_passenger,303.0
39920505#9->-40035904#2,veh_passenger,89.0
11631594#1->-482569917#0,bus_bus,421.0
-40138239#3->1068144846#2,veh_passenger,514.0
666886082#0->985675139,veh_passenger,454.0
39838984#0->1125986379#0,truck_truck,140.0
488788636#0->12090453#0,veh_passenger,167.0
654297632#2->1337646271#0,veh_passenger,496.0
10628442#3->475044040#2,veh_passenger,251.0
178699051#0->-1335304371,veh_passenger,312.0
39920550#8->50323229#0,veh_passenger,166.0
-1323097580#0->-1125986385#1,bus_bus,388.0
450616334#1->-474143552#0,veh_passenger,365.0
1332638368#2->-40035325#1,veh_passenger,277.0
1297720376#1->856175962,veh_passenger,172.0
-1297720367->-521705694#0,truck_truck,445.0
238219441#0->-521705694#1,veh_passenger,254.0
178702258#0->478286980#1,veh_passenger,100.0
511404878->39838657#0,veh_passenger,87.0
967985512->1335304376#1,veh_passenger,225.0
521704042#0->9833223-AddedOnRampEdge,veh_passenger,139.0
513082635#0-AddedOffRampEdge->511404877,veh_passenger,332.0
-654297629#4->39838691#1,bus_bus,48.0
1273251150#0->1068434235,veh_passenger,295.0
178441748#1->1075505400#3,veh_passenger,309.0
428730818#2->40139708,veh_passenger,270.0
-33683458#2->8887999#1,veh_passenger,443.0
39920505#2->511187808#3,veh_passenger,232.0
47088302#0->-1125986385#0,veh_passenger,314.0
178699049->1204070283#1,veh_passenger,410.0
-654297629#3->521704031#0,veh_passenger,156.0
39920593#4->143546557,bus_bus,165.0
511404880#1->1260481153,veh_passenger,207.0
-39920593#4->1290456019,veh_passenger,163.0
-968332509->654297632#0,truck_truck,80.0
40140141#7->12247568#0,veh_passenger,314.0
-40139504#0->-1290439817#1,veh_passenger,214.0
-47224972#1->1207401652#1,veh_passenger,151.0
9832326#0->13909444#1,bus_bus,400.0
40140141#2->47087366#0,veh_passenger,284.0
40297647#0->967985513#1,veh_passenger,30.0
-1260485929#0->39838882,veh_passenger,322.0
83563432->511187808#4-AddedOnRampEdge,bus_bus,390.0
-1125986386->482569917#1,veh_passenger,296.0
13866211->50323226,veh_passenger,510.0
238219441#0->238219472#3,veh_passenger,219.0
499566574#0->654297635#1,veh_passenger,43.0
1074771170->40109290#4,veh_passenger,400.0
-654297637#1->509646063#1,veh_passenger,264.0
-1118804250->1337646275,veh_passenger,460.0
511409188#0->1254816455,veh_passenger,456.0
900279869->39920593#0,veh_passenger,250.0
-687878722#2->-761486028#0,veh_passenger,323.0
11631594#1->-479863106#1,truck_truck,345.0
437445540->1237953497,veh_passenger,388.0
1074771170->-240666072#2,veh_passenger,146.0
515126384->39921673#0,veh_passenger,325.0
15419906#1->1278784167#1,veh_passenger,474.0
509646144->511404872,veh_passenger,458.0
-438516309->40138239#2,veh_passenger,562.0
-1201484855->381945551,veh_passenger,292.0
39838984#1->39838657#2,veh_passenger,283.0
1272548721->39921025#7,veh_passenger,153.0
39838691#10->515130028#1,veh_passenger,281.0
-1067928305#0->40140017#0,bus_bus,490.0
-10628444#2->488788633#2,veh_passenger,403.0
1323097575#3->-40138633#3,bus_bus,192.0
1254816454->24576913#0,veh_passenger,280.0
413789557->-1332638368#1,veh_passenger,279.0
178699051#0->178583153,veh_passenger,628.0
-449565665#1->-39366819#0,veh_passenger,53.0
-14924729#3->1222703382,bus_bus,331.0
-39838630#3->178702258#2,veh_passenger,35.0
50323229#14->-83428923#0,veh_passenger,275.0
10628442#0->178702261,veh_passenger,375.0
-39838691#9->1272548721,veh_passenger,143.0
822782498->511404873#0,veh_passenger,253.0
40036009#3->515130028#1,veh_passenger,503.0
39920684#5->24577455#2,veh_passenger,216.0
39920550#7->39920505#11,veh_passenger,78.0
39920550#2->509646054,veh_passenger,358.0
39921025#6->40297885#1,veh_passenger,376.0
1324405511->-564273553#4,veh_passenger,444.0
1064476620#2->488788626#2,veh_passenger,407.0
39839131->1234244926,veh_passenger,474.0
47157282#1->142741729#0,veh_passenger,46.0
1196008692#0->1068434204,veh_passenger,604.0
515130028#1->511404877,bus_bus,247.0
654297635#1->-1125986379#1,veh_passenger,45.0
-40297715#2->-39838691#3,veh_passenger,376.0
47087366#2->13909444#3,bus_bus,71.0
826496637->488788633#2,veh_passenger,317.0
1125986386->475044040#3,veh_passenger,325.0
15420537#1->521704031#1,veh_passenger,388.0
666886082#0->511187811,veh_passenger,200.0
-39920222->666886083,veh_passenger,267.0
511404875->-573632774,bus_bus,403.0
-1067928307#2->178583140#1,veh_passenger,340.0
-1068144849#1->515040937,veh_passenger,306.0
1125986375#0->1214520074#3,veh_passenger,208.0
-142741729#0->40036009#1,veh_passenger,219.0
1290439819->-257421487#0,veh_passenger,880.0
-474143552#6->-488788637#1,veh_passenger,178.0
40035325#2->1335304371,veh_passenger,71.0
1332638368#2->1222703383,veh_passenger,260.0
1068144845#2->1335304373#2,veh_passenger,295.0
1335304376#0->515136603,veh_passenger,508.0
1068144844->1222703384#0,veh_passenger,324.0
-653860562->1068434256#1,veh_passenger,152.0
-10250021#4->511187821,veh_passenger,189.0
-654297637#1->-40140017#1,veh_passenger,180.0
730912750->-39920593#1,veh_passenger,437.0
-1254816454->10628442#1,veh_passenger,100.0
-1260485929#0->47087992#5,veh_passenger,244.0
-40109239->1255099069,veh_passenger,634.0
499566574#2->521701857,veh_passenger,385.0
428730813#2->-40035992,veh_passenger,378.0
1234244927#0->39920684#3,veh_passenger,96.0
-967985513#1->39838657#2,bus_bus,368.0
-1015424648->1064476624,bus_bus,189.0
24577522#0->-39921673#0,bus_bus,312.0
33683346#1->-1335304386#1,veh_passenger,153.0
-50323229#14->-1237953494,veh_passenger,450.0
-39921531->-39838691#1,veh_passenger,290.0
-1067928307#3->475044040#2,veh_passenger,277.0
1323097578->1214520076,veh_passenger,217.0
-401226926#1->1196008691#1,truck_truck,268.0
11631594#2->1260481151,veh_passenger,388.0
39920505#11->39366819#1,truck_truck,513.0
509646057#2->1273251151,veh_passenger,358.0
39920505#0->1068144847,veh_passenger,623.0
14924729#2->1290439817#1,veh_passenger,256.0
39838691#9->-1074409256#2,veh_passenger,23.0
-1335304386#0->515123439,veh_passenger,493.0
39920550#10->-50323229#5,veh_passenger,122.0
50323229#2->-1335304371,veh_passenger,192.0
1100626087->24577522#3,veh_passenger,789.0
437445539#0->-488788633#2,veh_passenger,45.0
509646052->47225638#1,truck_truck,117.0
515130028#1-AddedOnRampEdge->-1272337500,veh_passenger,299.0
1015424648->-405382146#1,veh_passenger,92.0
488788629->439836129,veh_passenger,645.0
654297636->1231065652,veh_passenger,524.0
-224146621->-564273553#0,veh_passenger,591.0
511404880#0->666886081,bus_bus,98.0
666886082#1->-10748045#0,veh_passenger,536.0
-224146621->509646063#1,veh_passenger,181.0
10628429->-1222703382,bus_bus,173.0
238219443->488788637#1,veh_passenger,195.0
1067928306#2->439836130#0,veh_passenger,760.0
24576922#1->178702252,veh_passenger,265.0
499566574#3->1326094888,veh_passenger,740.0
761486028#0->-1226645410,veh_passenger,413.0
40115810#1->511187808#4,veh_passenger,347.0
521704042#0->511404874#1,veh_passenger,23.0
538432101->509524224,veh_passenger,199.0
488788636#0->178702239#1,veh_passenger,314.0
47267010->-654297630,veh_passenger,565.0
-1297720376#1->39366819#0,veh_passenger,426.0
509646055->900279869,veh_passenger,255.0
-40297715#0->-1211151635#1,veh_passenger,506.0
-511187818->-10748036,truck_truck,154.0
1125801626->39920684#3,veh_passenger,325.0
178699058->40035904#2,truck_truck,410.0
-40035325#0->515130026#0,veh_passenger,575.0
40140141#5->-488788633#2,veh_passenger,410.0
1226645408->-1335304373#0,veh_passenger,390.0
47225638#4->511409187,veh_passenger,506.0
-1292568612->1290456019,bus_bus,176.0
439836128#0->511409188#0,veh_passenger,342.0
-40036062#1->39838630#1,veh_passenger,202.0
-488788630#0->-39838751#1,veh_passenger,155.0
47088302#1->232920697,veh_passenger,223.0
10748045#0->-10628442#1,veh_passenger,291.0
511405572->50323229#13,bus_bus,406.0
1260485931#1->-511187807,veh_passenger,457.0
1254816455->10628430,veh_passenger,236.0
1068434202->10250021#0,truck_truck,117.0
-232920701->1338361263,veh_passenger,585.0
39920011#0->-1068434202,veh_passenger,344.0
1231065644->10748045#1,veh_passenger,290.0
-654297629#1->511404880#1,bus_bus,68.0
1235501861#2->1064398309#1,veh_passenger,246.0
-24576913#2->-1068144846#1,veh_passenger,153.0
-10628444#0->1068074793,veh_passenger,232.0
1214520074#4->-39920593#2,veh_passenger,319.0
10748036->1272548721,veh_passenger,497.0
15420537#1->1272548721,veh_passenger,540.0
521705694#0->-1255099069,veh_passenger,486.0
1260485930#1->15420801#2,bus_bus,171.0
-1335304385->437445540,veh_passenger,481.0
-730912750->1068916339,veh_passenger,273.0
39920550#0->-40297715#0,veh_passenger,126.0
39920550#4->-1068144849#2,veh_passenger,693.0
39838657#0->511404878,veh_passenger,117.0
-40035606#2->-1236283454,veh_passenger,37.0
1068434257->488788630#0,veh_passenger,220.0
511404877->178723097#0,veh_passenger,396.0
238219449->238219468,veh_passenger,246.0
515130026#0->1100626103#2,veh_passenger,178.0
40140141#5->838061038,veh_passenger,496.0
1260485929#2->564273552,veh_passenger,147.0
40297715#2->499566577#0,veh_passenger,182.0
40138941#1->1231065643,veh_passenger,263.0
39763700#6->509524227#1,veh_passenger,245.0
-24576913#0->13909444#6,veh_passenger,207.0
47087993#2->1335304375,veh_passenger,167.0
-654297635#0->1254816452,veh_passenger,53.0
-1125986378#1->-1068144845#3,veh_passenger,298.0
39920505#4->47087993#5,veh_passenger,623.0
-1323097580#1->-1211151638,veh_passenger,420.0
11631594#1->40297885#2,veh_passenger,436.0
1214520071->-474143552#1,bus_bus,162.0
-1278784167#1->511404878,veh_passenger,153.0
-1068144845#3->564273553#1,bus_bus,646.0
511185049->39838520#1,veh_passenger,158.0
39920550#6->1332638368#0,veh_passenger,434.0
-10628444#0->439836130#0,veh_passenger,382.0
39921025#7->1332638368#1,veh_passenger,422.0
1125986406#0->47087992#1,veh_passenger,565.0
39920593#4->-1125986386,veh_passenger,425.0
178699056#0->478286980#0,veh_passenger,178.0
-1260485931#0->511404874#0,veh_passenger,382.0
-39921673#0->-47087366#0,veh_passenger,270.0
-40139708->428730793#0,truck_truck,940.0
10748036->1074409255#2,veh_passenger,326.0
1068144845#0->10628442#1,veh_passenger,240.0
1214520072->1068144848#1,veh_passenger,339.0
1068434258->9832326#0,veh_passenger,743.0
509646054->-654297629#6,veh_passenger,359.0
1125986378#0->1125986377#1,veh_passenger,78.0
1064398309#0->1222703384#0,veh_passenger,170.0
10725667-AddedOffRampEdge->-39366819#0,veh_passenger,675.0
-40109290#0->11631594#2,veh_passenger,211.0
521704036->-1326193810,veh_passenger,420.0
238219472#3->-488788630#2,veh_passenger,693.0
401226926#1->1068144848#0,veh_passenger,639.0
40138239#0->1337646271#0,veh_passenger,507.0
39838691#0->-40035606#1,veh_passenger,362.0
490474063#1->-564273553#3,veh_passenger,408.0
1222703384#1->1335304375,bus_bus,163.0
40140141#9->39920550#7,veh_passenger,241.0
-39920593#2->1100626103#3,veh_passenger,228.0
-1260485929#0->1260481150,veh_passenger,372.0
-1222703383->13909444#2,veh_passenger,362.0
-14924729#0->515126385#4,veh_passenger,308.0
488788637#0->39921025#3,veh_passenger,215.0
-450616334#1->10628444#1,bus_bus,245.0
488788633#0->39920550#12,veh_passenger,338.0
-1237953494->439836130#0-AddedOffRampEdge,bus_bus,561.0
-1254816454->-1335304373#0,veh_passenger,289.0
1260481150->1064476619,veh_passenger,139.0
1290439819->10629709#2,veh_passenger,101.0
515123442#3->1260485931#1,veh_passenger,369.0
479863106#2->-39838984#0,veh_passenger,91.0
-488788630#0->654297637#2,truck_truck,415.0
47087366#1->-39838691#2,veh_passenger,204.0
654297637#1->968332513#1,veh_passenger,143.0
39838691#9->178699049,veh_passenger,948.0
-143546557->47088302#1,veh_passenger,233.0
-50323229#15->1272337498#0,veh_passenger,63.0
-238219449->-488788637#0,bus_bus,200.0
47267011#2->39920505#7,veh_passenger,366.0
513082623->1068434201,truck_truck,340.0
1068144849#0->1272337500,veh_passenger,468.0
83428923#0->40138239#3,veh_passenger,342.0
1260485929#2->-10628442#0,veh_passenger,41.0
1075505400#1->40140141#7,veh_passenger,416.0
50323229#13->401226926#1,veh_passenger,63.0
-1125986374->1074771163#0,veh_passenger,267.0
39921025#7->1064476618#1,veh_passenger,385.0
564273553#1->509646055,veh_passenger,93.0
143546557->40140141#9,bus_bus,429.0
488788630#2->1298335704#1,veh_passenger,217.0
-147711065#1->509646144,veh_passenger,160.0
1204070281->15420801#0,veh_passenger,201.0
1068144845#4->232920697,bus_bus,202.0
50323229#6->488788636#1,veh_passenger,701.0
437445541#1->1260485930#1,veh_passenger,263.0
11635146#0->-1068916336,veh_passenger,142.0
1231065644->479863106#1,veh_passenger,70.0
822782498->499566574#1,veh_passenger,235.0
654297637#2->1332638368#1,veh_passenger,363.0
488788630#2->-40138239#0,veh_passenger,328.0
654297629#3->1068144848#0,veh_passenger,426.0
39921025#4->-573632774,veh_passenger,333.0
-50323229#9->-39838751#2,veh_passenger,400.0
-1290439817#0->509646063#0,veh_passenger,397.0
509646063#0->1064476619,veh_passenger,272.0
1211151637->1298335705,veh_passenger,86.0
-900279869->-654297633,truck_truck,256.0
39920505#0->1234244925#1,veh_passenger,457.0
1235501861#1->39838520#1,veh_passenger,123.0
24576913#1->515126385#2,truck_truck,152.0
1273251151->-238219441#0,veh_passenger,125.0
460316444->10628429,veh_passenger,298.0
515130025->-39921673#1,veh_passenger,293.0
511409188#0->178702239#0,veh_passenger,327.0
-238219441#2->1064476620#3,veh_passenger,201.0
39920505#2->475044040#4,veh_passenger,257.0
515130026#1->513082635#1,veh_passenger,550.0
-50323229#11->-488788629,bus_bus,304.0
-40138633#2->13909444#7,veh_passenger,776.0
-39838984#1->40140017#0,veh_passenger,276.0
39920593#0->-1323097580#1,veh_passenger,189.0
-654297629#3->1226645411,veh_passenger,200.0
-422842976->-488788633#1,veh_passenger,532.0
1292568612->401226926#0,veh_passenger,118.0
-1068074793->147711065#0,veh_passenger,198.0
-654297637#1->39920505#1,veh_passenger,395.0
39838751#2->967985513#3,veh_passenger,193.0
856175964->1335304377,veh_passenger,77.0
1211151640->335802675,veh_passenger,607.0
413789558#0->39838691#8,veh_passenger,186.0
47267011#1->1075505400#2,veh_passenger,197.0
40297715#1->15420801#1,veh_passenger,314.0
-687878722#2->-1068144844,veh_passenger,236.0
8758061->-1260481154,veh_passenger,270.0
-654297629#5->-39920593#5,veh_passenger,302.0
50323229#9->513272951#1,veh_passenger,590.0
-1237953494->47225638#1,veh_passenger,200.0
40297715#1->-1290439817#1,veh_passenger,131.0
178583149->490474063#8,veh_passenger,236.0
509646144->-1254816452,bus_bus,332.0
-39838751#2->1064476620#1,veh_passenger,405.0
-1125986378#0->654297629#4,veh_passenger,192.0
1068074793->-116783847,veh_passenger,357.0
-1222703384#0->509524227#0,veh_passenger,823.0
-1297720376#0->39920593#4,veh_passenger,154.0
47087993#0->428730818#1,veh_passenger,288.0
515123442#2->12090453#1,veh_passenger,212.0
-1125986379#1->-47224972#0,veh_passenger,273.0
-509646056->39920550#13,bus_bus,372.0
509646055->1068434208#0,veh_passenger,66.0
50323229#2->47157282#0,veh_passenger,700.0
985133427->10628442#1,veh_passenger,212.0
1234244926->40109290#0,veh_passenger,228.0
1254633078#1->666886083,veh_passenger,577.0
50323229#9->1125986386,veh_passenger,667.0
-1332638391#0->1214520078,bus_bus,117.0
1100626103#3->-1068434202,veh_passenger,586.0
-1327579142->40035606#1,veh_passenger,115.0
-39838630#1->1125986386,veh_passenger,335.0
-1297720367->-761486028#1,veh_passenger,545.0
39838691#7->490474063#5,veh_passenger,387.0
1260485929#0->47224972#0,bus_bus,263.0
147711065#1->488788630#0,veh_passenger,320.0
-1273251151->39920011#1,veh_passenger,264.0
-1332638391#1->-1131969257,truck_truck,273.0
15419906#1->13909444#2,veh_passenger,479.0
1125986386->1204070283#0,veh_passenger,248.0
1335304376#1->564273552,veh_passenger,348.0
50323229#11->437445540,veh_passenger,858.0
39920550#0->1214520073#1,truck_truck,771.0
11635067->47087992#2,veh_passenger,237.0
1074409255#1->-1125986385#1,veh_passenger,447.0
1068144846#1->33683346#3,veh_passenger,334.0
1214520074#2->-50323229#10,truck_truck,435.0
-564273553#3->9832326#0,veh_passenger,659.0
499566574#1->-1272337500,veh_passenger,105.0
-40035904#2->-401226926#0,veh_passenger,60.0
178702258#2->381945549#0,veh_passenger,287.0
-474143552#5->-39838630#1,bus_bus,456.0
1214520072->1255099064,bus_bus,176.0
985675139->40297715#1,veh_passenger,156.0
1131969257->488788633#1,veh_passenger,181.0
1214520074#0->39920550#0,veh_passenger,302.0
12090453#0->178702252,veh_passenger,286.0
1064476624->71269779,veh_passenger,23.0
47225638#0->-10749498,veh_passenger,360.0
178583149->1068434208#1,veh_passenger,428.0
422842976->1337115429,veh_passenger,312.0
511404872->1074409255#1,veh_passenger,489.0
15525299->1068144848#0,veh_passenger,860.0
1068434236->40140141#10,veh_passenger,136.0
-8758061->-856175964,veh_passenger,319.0
1254633078#1->12247568#1,veh_passenger,907.0
-1068916338->-1125986386,veh_passenger,97.0
50323229#9->178699049,veh_passenger,707.0
515124966->1260481155,veh_passenger,308.0
421846558#0->511404873#1,veh_passenger,26.0
-654297637#0->-240666072#0,veh_passenger,359.0
-40297715#1->47267007#1,veh_passenger,575.0
1125986373#3->47267011#0,veh_passenger,545.0
-50323229#0->515130026#1,bus_bus,755.0
1332638391#2->-39366819#0,veh_passenger,347.0
1118804250->-1125986379#0,veh_passenger,477.0
1100626103#0->-1254816452,veh_passenger,323.0
510107701->-515124965#2,bus_bus,53.0
1068144845#0->169562956,veh_passenger,181.0
474143552#6->13909444#4,veh_passenger,317.0
-39838984#1->475044040#3,veh_passenger,303.0
515123442#2->509646144,veh_passenger,207.0
238219443->15420801#3,veh_passenger,435.0
1068144848#0->-1068144848#0,veh_passenger,36.0
39920550#13->40297715#3,veh_passenger,199.0
1260481154->9832326#2,veh_passenger,418.0
11635095-AddedOffRampEdge->1068144846#0,bus_bus,165.0
521713925->39920011#1,veh_passenger,369.0
1075505400#3->513082641#2-AddedOnRampEdge,veh_passenger,298.0
1421367925->1337115429,veh_passenger,66.0
39921025#7->666886085#0,veh_passenger,492.0
1260485930#1->40035325#2,veh_passenger,321.0
8887999#0->-39838691#10,veh_passenger,140.0
900399276->666886084#1,veh_passenger,550.0
509647505->1272337500,veh_passenger,437.0
856175962->39920505#12,veh_passenger,334.0
1236283454->521701858-AddedOffRampEdge,veh_passenger,325.0
1125986386->1214520074#6,veh_passenger,53.0
-238219441#0->39838691#7,truck_truck,470.0
1100626088->654297636,veh_passenger,333.0
654297632#0->-40035904#2,veh_passenger,307.0
40140017#2->39920550#8,bus_bus,381.0
1204070283#1->39838520#2,veh_passenger,197.0
1337646271#0->-40138239#4,veh_passenger,341.0
1068434168->40297715#0,veh_passenger,259.0
-1335304385->1064476623,veh_passenger,236.0
1226645408->39920011#3,veh_passenger,332.0
1335304377->39838691#7,veh_passenger,320.0
47224972#1->39920222,veh_passenger,462.0
1015424648->-654297635#0,veh_passenger,287.0
-47224972#1->13909444#5,veh_passenger,140.0
-515126384->521708587#0,bus_bus,114.0
1125986379#0->488788630#0,veh_passenger,700.0
39838691#2->39838657#0,veh_passenger,30.0
1214520068->-666886081,bus_bus,180.0
-40109290#1->1068916338,veh_passenger,279.0
8758061->1214520072,veh_passenger,183.0
460316444->1335304386#1,veh_passenger,280.0
967985513#2->-1332638391#2,bus_bus,448.0
822782498->-488788633#2,veh_passenger,263.0
564273553#4->178699054,bus_bus,814.0
1254816453#0->1327579131,veh_passenger,374.0
160078084-AddedOnRampEdge->509647506,veh_passenger,256.0
232920697->-451728952#3,veh_passenger,230.0
33683346#0->509646059,veh_passenger,453.0
1273251152->1067928305#2,veh_passenger,889.0
1335304386#1->-1125986386,veh_passenger,209.0
838061038->511404873#1,truck_truck,190.0
-428730800->1233759524,bus_bus,313.0
-40035606#2->40109290#1,veh_passenger,92.0
131671623->1278784167#1,veh_passenger,231.0
1125986406#1->39921025#9,veh_passenger,200.0
1222703384#0->47224973,veh_passenger,119.0
-1260485931#1->-12247569,veh_passenger,482.0
1226645408->511187809,bus_bus,201.0
47225638#3->47225638#1,veh_passenger,197.0
178583167#1->-39838630#2,veh_passenger,577.0
1074771163#0->50323229#9,veh_passenger,259.0
422842976->-1237953493,veh_passenger,142.0
1118804257->-1204070283#1,veh_passenger,392.0
1067953247#1->499566573,veh_passenger,258.0
509524270->-40035325#0,veh_passenger,187.0
39920505#8->1322916760#1,veh_passenger,399.0
654297629#5->451728952#1,veh_passenger,341.0
1067953239#0->1064476622#1,veh_passenger,98.0
40035606#2->-1068434202,veh_passenger,263.0
475044040#4->-413789558#1,bus_bus,851.0
474143552#4->1234244925#0,truck_truck,682.0
39921025#4->1196008691#1,veh_passenger,86.0
238219472#0->1068434199,veh_passenger,489.0
15419906#1->47087993#6,veh_passenger,741.0
9374529#1->499566574#3,veh_passenger,103.0
-1222703382->-39838630#1,veh_passenger,704.0
381945549#1->-449565665#3,veh_passenger,183.0
1068434204->1100626103#1,veh_passenger,154.0
-1067928305#0->40297885#1,truck_truck,266.0
-39838984#0->-474143552#5,veh_passenger,253.0
24576913#0->-40138633#2,veh_passenger,324.0
39920011#1->40109290#5,veh_passenger,220.0
-1255099069->47267007#0,veh_passenger,980.0
-1068144845#2->1068434200#0,veh_passenger,309.0
178699054->-1272337500,veh_passenger,479.0
-474143552#6->40139708,veh_passenger,204.0
-654297635#1->511404880#0,veh_passenger,585.0
9832326#0->15420801#3,truck_truck,557.0
39921192#1->178583140#1,truck_truck,201.0
1075505400#0->1118804256#1,veh_passenger,282.0
178583145->515124965#1,veh_passenger,908.0
900399276->24577455#1,veh_passenger,422.0
-40109290#5->975216742,veh_passenger,458.0
-47224972#1->822782498,veh_passenger,104.0
-1068434202->178699058,veh_passenger,851.0
428730800->1067953239#1,veh_passenger,478.0
40140141#10->-142741729#0,veh_passenger,167.0
1222181935->654297629#6,veh_passenger,149.0
238219472#0->40297885#2,veh_passenger,430.0
1214520073#1->1335304376#1,veh_passenger,95.0
-40140017#2->521701860,veh_passenger,343.0
47087993#0->40297885#1,veh_passenger,330.0
1335304373#2->513272950#1,veh_passenger,618.0
-33683458#2->-47267007#0,veh_passenger,948.0
-654297629#6->39921025#3,veh_passenger,204.0
-437445540->428730818#3,veh_passenger,59.0
-1326193809->1068144848#0,veh_passenger,930.0
-10628444#2->232920697,veh_passenger,118.0
826496637->538432099,bus_bus,305.0
985133430->50323229#6,bus_bus,368.0
666886085#1->488788633#2,veh_passenger,290.0
10628430->-33683458#2,veh_passenger,312.0
40140141#8->654297632#0,veh_passenger,174.0
47087992#5->-10628442#0,veh_passenger,226.0
1290439818->-474143552#4,bus_bus,201.0
11631594#3->-1222703383,bus_bus,143.0
511187808#0->515126385#1,veh_passenger,90.0
1068434257->39920593#6,veh_passenger,420.0
1064476625->1064476620#3,veh_passenger,309.0
15420532->-116783847,bus_bus,468.0
521704036->9833223,veh_passenger,199.0
474143552#2->232920697,veh_passenger,138.0
1278784167#0->-83428923#1,veh_passenger,155.0
437445541#0->381945549#1,veh_passenger,22.0
-838061038->-564273553#2,veh_passenger,119.0
513082635#0->1323097579#1,veh_passenger,285.0
39921192#0->-1074771160,veh_passenger,544.0
654297629#4->511187808#2,veh_passenger,212.0
40035325#0->1067928307#3,veh_passenger,878.0
-50323229#6->8887999#0,veh_passenger,446.0
-968332509->39920505#1,truck_truck,292.0
515130028#0->-1332638368#0,veh_passenger,289.0
-1326193809->39921025#2,veh_passenger,165.0
1255099064->-761486028#1,veh_passenger,397.0
513082641#0-AddedOffRampEdge->-40140017#2,veh_passenger,284.0
-178723097#0->968332509,veh_passenger,251.0
39920593#0->-50323226,veh_passenger,91.0
-474143552#2->381945551,veh_passenger,906.0
40109239->-39838751#2,veh_passenger,404.0
39920505#4->47087993#2,veh_passenger,972.0
511405572->-1297720376#0,veh_passenger,83.0
521701858-AddedOffRampEdge->1067928306#1,veh_passenger,152.0
1324405511->488788633#2,veh_passenger,966.0
1068144844->405382146#0,veh_passenger,212.0
15420537#2->39920011#2,veh_passenger,419.0
1260481155->40139504#0,veh_passenger,121.0
1100626103#1->968332513#1,bus_bus,271.0
449565665#1->-40140017#2,veh_passenger,278.0
-238219441#2->1254633077#0,truck_truck,278.0
-40035606#0->1068916339,veh_passenger,117.0
515136609->-40140017#1,veh_passenger,384.0
238219443->178441748#1,veh_passenger,398.0
521704040->513082635#0-AddedOffRampEdge,veh_passenger,644.0
-437445539#0->-39920593#0,veh_passenger,278.0
509524270->-40109239,bus_bus,478.0
1235501862->513272950#1,veh_passenger,867.0
-39838751#1->1074409255#2,veh_passenger,809.0
-1254633077#0->1204070281,truck_truck,1037.0
1068144849#1->-257421487#0,veh_passenger,250.0
40036009#1->-1237953493,veh_passenger,287.0
-1067928305#0->39920550#2,veh_passenger,301.0
15419906#0->1068434200#0,veh_passenger,671.0
1297720368->-450616334#0,veh_passenger,394.0
666886086#1->9832326#0,bus_bus,176.0
488788629->405382146#0,veh_passenger,172.0
40297715#2->47087992#3,veh_passenger,944.0
11635146#0-AddedOffRampEdge->40035606#2,veh_passenger,124.0
15420525->422842976,veh_passenger,112.0
-654297629#1->47223733,bus_bus,356.0
-39920593#5->39920593#3,veh_passenger,22.0
47087366#0->967985512,veh_passenger,166.0
-1236283454->178583167#1,veh_passenger,280.0
1068434256#0->-654297635#0,veh_passenger,411.0
178441748#1->654297629#3,veh_passenger,628.0
10628442#2->654297632#2,veh_passenger,117.0
-40035325#0->-967985513#0,bus_bus,213.0
511404875->515136607,veh_passenger,185.0
178583167#1->653860562,veh_passenger,601.0
13909444#7->1278784167#1,veh_passenger,263.0
428730818#3->240666072#1,veh_passenger,244.0
-654297635#0->451728952#1,veh_passenger,341.0
488788630#2->1272548721,veh_passenger,277.0
1335304386#1->-40297715#3,truck_truck,121.0
-240666072#1->-40109290#3,veh_passenger,537.0
-1332638391#1->13909444#7,veh_passenger,316.0
39920505#7->1100626103#0,veh_passenger,221.0
-143546557->-10748045#1,veh_passenger,160.0
1068074792->40140017#2,veh_passenger,74.0
509646057#1->-1332638391#2,veh_passenger,42.0
40140017#1->1100626088,veh_passenger,744.0
-50323229#2->-10628429,veh_passenger,238.0
11631594#2->178702252,veh_passenger,1218.0
573632774->-10748036,veh_passenger,313.0
39920222->1231065653,veh_passenger,293.0
654297628->-1260485929#1,veh_passenger,322.0
47087366#1->513272951#1,veh_passenger,234.0
131671623->511187807,veh_passenger,161.0
-1214520079->178702258#2,bus_bus,121.0
1337646276->238219449,veh_passenger,454.0
1074409255#2->71269779,veh_passenger,89.0
1214520072->499566574#0,veh_passenger,405.0
515123442#2->40139504#0,veh_passenger,550.0
-1067953246->-474143552#3,veh_passenger,279.0
475044040#1->1074771170,veh_passenger,1157.0
-474143552#4->24576922#2,veh_passenger,461.0
39763700#2->24577522#2,veh_passenger,829.0
405382146#1->1068434207,veh_passenger,261.0
-40035606#1->72157792,bus_bus,118.0
14924729#1->428730813#3,bus_bus,299.0
654297629#1->813852683,veh_passenger,732.0
-654297629#6->-47267010,veh_passenger,193.0
1323097575#0->83563455,veh_passenger,1100.0
47267007#1->1068434207,veh_passenger,252.0
33683346#2->147711065#0,veh_passenger,1177.0
1064476624->499566573,veh_passenger,308.0
1335304385->39920550#4,veh_passenger,56.0
14924729#0->-24576913#1,veh_passenger,542.0
1323097578->-47267007#1,veh_passenger,911.0
1226645408->-40035325#2,veh_passenger,287.0
-1068144847->1067953239#0,veh_passenger,415.0
40297647#1->-449565665#1,veh_passenger,239.0
40297647#1->-238219449,veh_passenger,408.0
826496637->178702250,bus_bus,448.0
654297632#0->39921025#5,veh_passenger,320.0
-838061038->654297629#6,veh_passenger,122.0
-1125986385#1->1075505400#2,veh_passenger,529.0
1196008692#0->509524229,veh_passenger,117.0
1235501861#0->1214520073#0,bus_bus,654.0
1297720376#1->509646056,veh_passenger,175.0
40035325#0->-83428923#1,veh_passenger,131.0
985675139->1323097580#0,veh_passenger,258.0
178583145->39920505#11,veh_passenger,121.0
-39838691#6->-40035904#1,veh_passenger,713.0
-1273251150#1->-40297715#0,bus_bus,232.0
1323097578->509646063#1,bus_bus,357.0
-499566577#1->511404877,veh_passenger,465.0
238219446#1->39920593#2,bus_bus,181.0
1214520075->-564273553#0,veh_passenger,472.0
39838657#2->1235501861#0,veh_passenger,431.0
-1290439817#1->178702258#2,veh_passenger,707.0
40297647#0->178702249,veh_passenger,346.0
654297637#2->-232920701,veh_passenger,1253.0
-50323229#14->-39921672,veh_passenger,266.0
511409856#1->-8887999#2,truck_truck,653.0
-1222703383->1338361263,veh_passenger,514.0
1226645407->178699051#0,veh_passenger,786.0
475044040#3->413789558#0,veh_passenger,1336.0
-654297635#0->1100626087,veh_passenger,584.0
-40138633#3->40297715#3,veh_passenger,230.0
10250021#0->39921025#8,veh_passenger,415.0
1067953239#1->39920011#3,truck_truck,320.0
12247568#1->509646059,veh_passenger,202.0
-438516309->47087992#0,veh_passenger,411.0
-40138633#2->479863106#2,veh_passenger,257.0
10628442#0->9374529#1,veh_passenger,156.0
13909444#6->1335304386#0,veh_passenger,338.0
1214520073#1->11631594#2,veh_passenger,130.0
39763700#1->-50323229#0,veh_passenger,853.0
238219446#0->33683346#0,bus_bus,110.0
50323226->147711065#0,veh_passenger,958.0
488788626#3->521704040,veh_passenger,507.0
-1222703383->-10628444#2,veh_passenger,122.0
-1335304377->-40035325#1,veh_passenger,178.0
11635095->39838630#1,veh_passenger,241.0
509646057#0->666886082#0,veh_passenger,280.0
573632774->482569917#0,veh_passenger,1233.0
-1338361263->967985513#3,veh_passenger,391.0
511404874#0->515123439,veh_passenger,104.0
1211151638->178702258#2,bus_bus,103.0
-654297629#6->33683458#2,veh_passenger,464.0
178702258#0->511187821,veh_passenger,153.0
240666069#0->1231065643,veh_passenger,391.0
1324405511->1332638391#0,veh_passenger,280.0
-10628442#2->178699056#0,veh_passenger,280.0
178702250->838061037,veh_passenger,588.0
72157792->-257421487#0,veh_passenger,518.0
-12247568#1->-10748045#2,veh_passenger,367.0
1211151636->515126385#0,veh_passenger,114.0
1237953494->474143552#1,veh_passenger,209.0
451728952#5->178583148#0,truck_truck,236.0
-10748045#0->573632774,veh_passenger,158.0
1332638368#1->521704053,veh_passenger,393.0
666886085#1->1214520074#1,veh_passenger,93.0
-1068144844->490474063#8,veh_passenger,309.0
178699051#0->47225638#0,veh_passenger,519.0
24576922#2->449565665#2,veh_passenger,158.0
-654297629#3->509524270,veh_passenger,138.0
-1067953246->654297632#0,veh_passenger,556.0
1323097579#0->511409856#1,veh_passenger,574.0
515130028#1-AddedOnRampEdge->-169562956,veh_passenger,306.0
1323097575#1->-1125986406#1,veh_passenger,199.0
39920505#1->538432098,veh_passenger,617.0
1196008692#1->169562956,veh_passenger,532.0
-10628444#2->13909444#0,veh_passenger,379.0
-1067928305#1->15420801#3,veh_passenger,347.0
-50323229#7->-238219441#1,bus_bus,394.0
1222181934->178702260,veh_passenger,300.0
1125986375#1->-8887999#0,veh_passenger,536.0
975216739->-50323229#7,veh_passenger,296.0
1068434200#1->761486028#1,veh_passenger,212.0
39921025#8->39920593#3,veh_passenger,123.0
381945549#0->-40035904#0,truck_truck,427.0
39920505#8->511187821,veh_passenger,308.0
39921025#0->488788636#1,veh_passenger,363.0
-474143552#2->521704040,veh_passenger,587.0
39921673#1->510107701,veh_passenger,329.0
654297631->1237953493,veh_passenger,152.0
-169562956->-10628442#0,veh_passenger,108.0
515130025->967985512,veh_passenger,59.0
450616334#0->-1335304371,veh_passenger,331.0
-654297633->178702248,veh_passenger,1478.0
-40035904#1->1074409232#0,veh_passenger,555.0
-33683346#1->1068144846#0,veh_passenger,1140.0
515126302->178702258#1,veh_passenger,298.0
1214520079->1337646275,veh_passenger,1162.0
1067928305#0->1211151635#1,veh_passenger,143.0
47087993#3->-1068916339,veh_passenger,251.0
40297647#0->1337646271#1,veh_passenger,286.0
1335304386#1->654297629#1,bus_bus,300.0
-1015424648->1068434257,truck_truck,181.0
1254633077#1->509646055,veh_passenger,285.0
39920593#4->39838520#3,veh_passenger,520.0
1074409255#0->451728952#3,veh_passenger,302.0
1068144847->1125986374,veh_passenger,202.0
-47267007#1->1068434200#1,veh_passenger,82.0
-24576913#0->178702258#1,veh_passenger,47.0
-1335304373#2->15420801#1,veh_passenger,424.0
40139708->1214520074#3,veh_passenger,375.0
428730800->1068434204,veh_passenger,264.0
488788633#0->1231065652,veh_passenger,979.0
1067928305#0->40115810#1,veh_passenger,110.0
178699056#1->1222703383,veh_passenger,266.0
-1322916760#2->-40035904#2,veh_passenger,310.0
238219441#0->-40138633#0,veh_passenger,230.0
-1278784167#1->-654297637#2,veh_passenger,210.0
515138054->1131969257,veh_passenger,757.0
10250021#3->-39838691#5,veh_passenger,295.0
39838691#9->-654297629#4,veh_passenger,81.0
40138633#3->1254816453#0,veh_passenger,109.0
1068074793->1335304374,veh_passenger,240.0
666886084#0->1292541108,veh_passenger,128.0
1068434257->1207401652#2,veh_passenger,296.0
1196008692#1->-39838984#1,veh_passenger,262.0
-1125986378#1->-488788630#0,veh_passenger,511.0
1222703382->47087993#6,veh_passenger,1142.0
-1278784167#1->-40109290#3,veh_passenger,454.0
-1254816455->1237953493,bus_bus,167.0
-460316444->40138633#2,bus_bus,409.0
490474063#3->1214520070,veh_passenger,200.0
-1326094888->39838630#2,veh_passenger,410.0
-654297629#6->11635146#0,veh_passenger,218.0
-1255099069->-474143552#3,bus_bus,67.0
513082635#0->509524227#0,truck_truck,137.0
-1273251150#1->564273553#1,veh_passenger,555.0
1214520074#4->13909444#1,veh_passenger,154.0
475446753->40140141#6,veh_passenger,437.0
-1068434202->1118804256#1,veh_passenger,389.0
240666069#2->240666069#0,veh_passenger,127.0
490474063#1->1015424648,veh_passenger,708.0
160078084-AddedOnRampEdge->39920011#2,veh_passenger,176.0
-654297629#1->654297628,bus_bus,82.0
-1226645410->666886085#0,veh_passenger,1120.0
39838520#2->488788633#1,veh_passenger,359.0
-178723097#0->1068144845#2,veh_passenger,374.0
-1237953494->1254633077#0,veh_passenger,405.0
1125986377#0->515126384,veh_passenger,210.0
-654297634->39838691#3,veh_passenger,394.0
178583148#0->475044040#3,veh_passenger,231.0
13909444#3->14924729#2,veh_passenger,183.0
975216740->1323097580#0,veh_passenger,289.0
-1068144848#1->-14924729#0,veh_passenger,186.0
15419971#1->39920011#3,veh_passenger,42.0
1260481154->1214520067,veh_passenger,211.0
967993112#0->-654297630,veh_passenger,138.0
967993112#0->39921673#0,veh_passenger,255.0
1068144846#2->-1222703384#1,truck_truck,193.0
-257421487#0->654297635#1,veh_passenger,206.0
490474063#2->511404872,veh_passenger,444.0
39920505#1->-1125986385#1,veh_passenger,294.0
761486028#1->838061038,veh_passenger,445.0
1273251150#0->-474143552#4,veh_passenger,220.0
-40297715#0->-40109290#0,veh_passenger,181.0
1068916335->1290439817#0,veh_passenger,118.0
39921025#5->-401226926#0,veh_passenger,211.0
39920550#13->40140141#9,veh_passenger,388.0
511409188#1->513082635#1,bus_bus,183.0
-511187807->1125986385#0,bus_bus,605.0
1272337500->687878722#1,truck_truck,1566.0
24576922#2->1100626103#0,veh_passenger,119.0
488788637#1->40140017#0,veh_passenger,106.0
10725667-AddedOffRampEdge->1074409256#0,veh_passenger,503.0
39920550#5->178583146,veh_passenger,1405.0
1222703383->1337115429,veh_passenger,418.0
-428730813#3->39920505#0,veh_passenger,198.0
-521701857->1222181935,veh_passenger,181.0
40138239#2->-474143552#3,veh_passenger,176.0
515136608->513082627,truck_truck,1231.0
1214520074#3->449565665#3,veh_passenger,356.0
1235754993#1->-1068916339,veh_passenger,226.0
1254816442->40138239#1,veh_passenger,290.0
1067928307#3->39838520#1,veh_passenger,154.0
-1237953493->-143546557,veh_passenger,212.0
1067928305#0->40109290#4,veh_passenger,484.0
499566577#0->40036066,bus_bus,132.0
-1254633077#0->9792174#1-AddedOnRampEdge,veh_passenger,1519.0
1335304386#1->1075505400#3,veh_passenger,349.0
39763700#0->-47087366#0,veh_passenger,246.0
511404880#1->-428730813#3,veh_passenger,222.0
24577522#3->1211151636,veh_passenger,260.0
40036009#2->39920505#4,veh_passenger,162.0
-39838984#0->1204070283#1,veh_passenger,171.0
488788633#1->-240666072#2,veh_passenger,334.0
509646055->39838630#1,veh_passenger,218.0
509646061->39920505#8,veh_passenger,334.0
47087993#1->24621218#1,veh_passenger,397.0
1226645407->761486028#1,veh_passenger,380.0
-474143552#6->-474143552#5,veh_passenger,8.0
12262310#0-AddedOffRampEdge->178702253,veh_passenger,1199.0
975216739->-147711065#0,veh_passenger,74.0
1332638391#1->240666069#1,veh_passenger,601.0
-10628444#2->-39838751#0,veh_passenger,169.0
-10629474#1->-838061037,veh_passenger,462.0
521704040->40109290#2,veh_passenger,519.0
509524229->1332638391#1,veh_passenger,167.0
-8758061->511404874#1,veh_passenger,296.0
499566574#1->1125986385#0,veh_passenger,132.0
1074771170->-40035606#2,bus_bus,304.0
985133427->9832326#2,bus_bus,547.0
-39920593#2->1068434168,veh_passenger,456.0
178702243#1->72157792,veh_passenger,404.0
-1323097580#1->-39838691#7,veh_passenger,300.0
-573632774->490474063#4,veh_passenger,126.0
1067953239#0->985675139,veh_passenger,152.0
490474063#3->1254816453#1,veh_passenger,139.0
1332638368#2->-39920593#0,veh_passenger,278.0
499566574#0->-1125986378#1,veh_passenger,182.0
428730813#3->47087993#0,veh_passenger,211.0
-24576913#0->47224973,veh_passenger,209.0
654530820#0->1074409255#1,veh_passenger,760.0
451728952#3->1067928305#0,veh_passenger,249.0
-33683346#1->1068144845#3,veh_passenger,362.0
490474063#1->822782498,veh_passenger,302.0
1335304374->8758061,veh_passenger,1544.0
-1323097576->-1074409256#2,veh_passenger,280.0
1337646276->1335304376#0,veh_passenger,305.0
39839093->-10628444#0,bus_bus,236.0
-39838630#3->-178702258#1,bus_bus,66.0
47267011#2->-1273251150#0,veh_passenger,692.0
-1326094888->1332638368#0,truck_truck,320.0
39921025#8->-1335304373#1,veh_passenger,158.0
1068434200#1->1260485932,veh_passenger,363.0
-1214520068->1125986373#3,veh_passenger,329.0
39920593#6->47087992#4,veh_passenger,1301.0
511404873#0->-39838657#0,veh_passenger,148.0
24621218#0->9704194#2,bus_bus,344.0
413789557->428730800,veh_passenger,93.0
1125986375#0->-1237953494,veh_passenger,99.0
40139504#0->50323229#9,veh_passenger,177.0
513082632->666886084#0,truck_truck,497.0
-40139708->1337646270,veh_passenger,1216.0
24577455#0->1117667177,veh_passenger,298.0
15525299->-499566577#1,veh_passenger,133.0
-39838630#1->511187818,veh_passenger,110.0
1332638368#2->240666069#3,veh_passenger,211.0
-10250021#3->47224972#1,veh_passenger,185.0
-428730813#1->40109290#5,veh_passenger,507.0
488788630#0->-968332509,bus_bus,325.0
1064476624->1015424648,veh_passenger,301.0
-40138239#4->-39838984#1,veh_passenger,335.0
-1260485929#1->47087366#1,truck_truck,333.0
72157794->474143552#3,veh_passenger,288.0
1260485930#1->1100626103#1,veh_passenger,379.0
511404872->-654297637#0,veh_passenger,276.0
178583167#0->-240666072#0,veh_passenger,434.0
1421564739->10628444#2,veh_passenger,248.0
39920505#2->-40036062#1,veh_passenger,135.0
511187808#2->9704194#0,veh_passenger,317.0
39763700#4->-653860562,bus_bus,117.0
-50323229#9->40035325#1,veh_passenger,82.0
40139504#0->39838984#1,veh_passenger,373.0
451728952#3->39921531,veh_passenger,279.0
-1068144845#3->653860562,truck_truck,970.0
1273405490->39920684#2,veh_passenger,234.0
1068434256#0->40139504#0,veh_passenger,350.0
39920505#1->654297631,bus_bus,325.0
68574206->-47267007#2,veh_passenger,181.0
-12247569->1117667177,veh_passenger,383.0
178702258#1->1327579142,veh_passenger,220.0
10748045#1->47087993#6,veh_passenger,1231.0
50323229#14->449565665#1,veh_passenger,472.0
-1260485929#3->1204070283#0,veh_passenger,124.0
513082641#2-AddedOnRampEdge->-515123442#3,bus_bus,1450.0
47087366#0->-39838657#3,truck_truck,326.0
1074771163#1-AddedOffRampEdge->240666072#1,veh_passenger,292.0
1235501861#1->-488788630#1,veh_passenger,310.0
564273553#4->10628442#0,veh_passenger,250.0
-1326193809->-142741729#0,veh_passenger,116.0
47223733->160077493,truck_truck,1323.0
-10628444#2->401226926#0,veh_passenger,209.0
437445541#0->1067928306#2,veh_passenger,90.0
40138239#0->-10250021#0,veh_passenger,270.0
-39838751#2->47224972#0,veh_passenger,210.0
653860562->-39838691#3,veh_passenger,85.0
39920505#2->1254816455,veh_passenger,213.0
40035606#2->-39838691#3,veh_passenger,342.0
900279869->9704194#2,veh_passenger,99.0
490474063#4->9704194#4,veh_passenger,272.0
10628429->9792174#0,veh_passenger,1363.0
10250021#2->1226645407,veh_passenger,483.0
10250021#0->50323229#9,veh_passenger,439.0
10628444#0->-1323097577,veh_passenger,222.0
39838751#0->509524270,veh_passenger,46.0
39920505#9->-654297637#1,veh_passenger,385.0
47087992#4->-1068144845#0,veh_passenger,123.0
666886081->1068916338,veh_passenger,502.0
40138633#2->40138633#3,veh_passenger,10.0
-240666072#1->1337646270,veh_passenger,190.0
15420537#1->-10628444#1,veh_passenger,312.0
509524227#1->-1326094888,bus_bus,293.0
-1326193809->1254633077#0,veh_passenger,65.0
39838520#1->-564273553#3,bus_bus,121.0
1068144848#1->1421367508,veh_passenger,125.0
521704031#1->9792174#0,veh_passenger,636.0
-40138633#2->1290439817#0,veh_passenger,794.0
24621218#2->15420801#2,veh_passenger,246.0
511187809->232920701,veh_passenger,225.0
39921192#0->-1254816454,veh_passenger,128.0
1254816454->-1015424648,veh_passenger,507.0
451728952#5->687878722#1,veh_passenger,231.0
40139504#1->39839107,veh_passenger,1478.0
654297629#1->1125986406#0,veh_passenger,615.0
1323097575#3->-39838691#5,veh_passenger,457.0
-1260481154->-8887999#1,veh_passenger,237.0
39838691#10->1337646271#1,veh_passenger,217.0
-1323097580#0->515130026#1,veh_passenger,1430.0
39920550#13->1068074793,veh_passenger,325.0
40140141#7->39838691#8,veh_passenger,407.0
1068434200#1->-39920222,veh_passenger,376.0
1075505400#2->40035606#2,veh_passenger,576.0
1125986385#1->40035606#3,veh_passenger,281.0
143546557->13909444#5,veh_passenger,342.0
-40138239#3->1214520074#0,veh_passenger,532.0
1231065643->1068434235,veh_passenger,36.0
11635095->1337646274,veh_passenger,26.0
1068144845#4->40138633#0,veh_passenger,538.0
1214520072->-654297637#2,bus_bus,372.0
-39838657#1->47267011#0,veh_passenger,155.0
-1214520079->515126385#2,veh_passenger,377.0
1226645407->40138633#3,veh_passenger,296.0
40140141#8->-511187807,veh_passenger,133.0
509646057#0->-1222703384#1,veh_passenger,245.0
-147711065#2->238219472#0,veh_passenger,148.0
13909444#0->-1125986385#0,veh_passenger,135.0
178699054->33683346#0,veh_passenger,445.0
1292541108->515130026#0,bus_bus,538.0
1068144848#1->437445542,veh_passenger,234.0
-39920593#1->-33683346#2,bus_bus,62.0
-40035606#2->12247569,veh_passenger,522.0
238219468->-1273405490,veh_passenger,221.0
-474143552#1->490474063#0,veh_passenger,332.0
40035904#1->510107701,veh_passenger,480.0
39921192#1->178699051#1,veh_passenger,1441.0
47087993#0->-1068916339,veh_passenger,239.0
150928465->47267014,veh_passenger,275.0
509646054->1068916338,veh_passenger,122.0
-1125986377#0->-1226645407,veh_passenger,415.0
511187808#2->178699056#2,veh_passenger,209.0
1292541108->257421487#0,veh_passenger,126.0
1125986406#0->-730912750,veh_passenger,276.0
515124965#1->14924729#3,veh_passenger,74.0
1254816442->14924729#0,truck_truck,134.0
1068434199->513272949,veh_passenger,665.0
1292578228->1064398309#0,veh_passenger,206.0
-47267007#1->178702258#1,veh_passenger,187.0
-838061038->1068434201,veh_passenger,47.0
515126385#0->-405382146#0,veh_passenger,230.0
40297715#1->-147711065#2,veh_passenger,133.0
-47267007#2->1068144849#2,truck_truck,284.0
40140141#5->-40138239#2,veh_passenger,373.0
10250021#2->515123438,veh_passenger,362.0
33683458#1->47267007#1,veh_passenger,614.0
1214520074#3->-10629474#0,bus_bus,355.0
39920550#1->-985133427,bus_bus,1682.0
1335304373#0->47223733,veh_passenger,208.0
-33683458#0->-40036009#3,veh_passenger,28.0
515138054->437445541#1,veh_passenger,302.0
1204070283#1->813852683-AddedOnRampEdge,veh_passenger,665.0
-1322916760#2->178583140#1,veh_passenger,504.0
-33683458#1->-50323229#5,truck_truck,81.0
40035325#2->511404872,veh_passenger,682.0
-521705694#1->1100626088,veh_passenger,195.0
428730813#0->-33683346#2,veh_passenger,433.0
1272337500->39366819#0,veh_passenger,448.0
47267007#1->511187808#4-AddedOnRampEdge,bus_bus,153.0
1226645408->40297715#3,veh_passenger,309.0
1298335704#1->1204070283#0,veh_passenger,346.0
405382146#0->-147711065#0,veh_passenger,760.0
1335304386#0->178723097#0,veh_passenger,409.0
178699054->-10628444#0,veh_passenger,290.0
490474063#8->-1273251150#1,veh_passenger,170.0
1231065654->-39838691#3,veh_passenger,796.0
-451728952#5->515130026#0,veh_passenger,268.0
178702260->1254633077#0,veh_passenger,167.0
39920550#11->511187807,veh_passenger,237.0
-564273553#0->39920550#5,veh_passenger,849.0
666886085#1->1335304376#0,veh_passenger,685.0
-10628429->47053612,bus_bus,646.0
40035325#2->50323229#5,veh_passenger,128.0
474143552#0->13909444#1,veh_passenger,628.0
39763700#3->10628444#1,veh_passenger,611.0
509524224->1068916339,veh_passenger,137.0
1068144845#2->39838691#0,veh_passenger,352.0
24621218#2->-451728952#4,veh_passenger,1801.0
451728952#1->-654297632#0,veh_passenger,344.0
10628430->515126303,bus_bus,352.0
515123442#1->-47267007#2,bus_bus,232.0
761486028#1->-564273553#4,veh_passenger,258.0
1222181935->178583140#0,veh_passenger,226.0
40115810#0->11631594#2,veh_passenger,310.0
116783847->33683346#2,bus_bus,80.0
8758061->-1323097580#0,veh_passenger,333.0
-40035606#0->654297629#1,veh_passenger,527.0
47087992#1->513082641#2-AddedOnRampEdge,bus_bus,168.0
-1332638391#1->-654297635#0,veh_passenger,223.0
401226926#1->-451728952#4,bus_bus,1076.0
1074771163#1-AddedOffRampEdge->24621218#1,truck_truck,179.0
40109290#0->-1125986377#2,veh_passenger,245.0
-515126384->-1335304385,bus_bus,245.0
-900279869->513082635#0-AddedOffRampEdge,truck_truck,910.0
666886082#0->-10250021#2,veh_passenger,416.0
1068144847->-9374529#1,veh_passenger,277.0
1125986373#1->142741729#0,veh_passenger,248.0
-10628442#2->12247568#0,veh_passenger,444.0
1233759524->-488788630#1,truck_truck,806.0
761486028#1->-474143552#6,veh_passenger,310.0
-1335304372->521708587#2,veh_passenger,416.0
-422842976->1068434207,veh_passenger,63.0
1326094888->521704031#0,veh_passenger,80.0
490474063#7->482569917#0,veh_passenger,1872.0
1290439819->488788633#1,veh_passenger,293.0
511187808#2->900279869,bus_bus,109.0
975216741->15420801#3,veh_passenger,119.0
50323229#13->1074409255#0,veh_passenger,248.0
1337646271#0->1211151636,veh_passenger,153.0
178441748#2->428730793#1,truck_truck,792.0
-1068916339->40035606#3,veh_passenger,229.0
40109290#3->428730793#1,veh_passenger,830.0
479863106#1->40138633#2,veh_passenger,477.0
437445541#1->-654297637#0,veh_passenger,363.0
488788627->40138239#2,veh_passenger,116.0
-83428923#1->490474063#7,veh_passenger,328.0
-1015424648->521705694#0,veh_passenger,77.0
-39838691#0->515136604,veh_passenger,319.0
1214520078->1272337500,veh_passenger,397.0
39921025#5->-856175964,veh_passenger,419.0
499566573->1214520073#0,veh_passenger,305.0
482569917#0->479863106#2,veh_passenger,239.0
-1068144846#1->-1254633077#1,veh_passenger,347.0
-47267007#2->-39838691#10,veh_passenger,94.0
515126385#1->1260481151,veh_passenger,347.0
509524228->509646063#1,veh_passenger,184.0
-1323097580#1->47087993#5,veh_passenger,1941.0
10629709#2->437445539#1,bus_bus,2091.0
-1222703383->9832326#2,veh_passenger,218.0
-437445542->10629474#1,veh_passenger,339.0
513082641#1->-10749498,veh_passenger,332.0
-40138633#1->238219472#0,veh_passenger,376.0
513082641#0->1335304373#1,veh_passenger,185.0
511187812->-654297631,veh_passenger,827.0
521701859->47224972#1,veh_passenger,140.0
40036009#3->573632774,veh_passenger,83.0
47223733->-12247568#0,veh_passenger,289.0
50323229#14->967993112#1,veh_passenger,480.0
1272548721->1125986375#0,veh_passenger,900.0
39920550#10->1005394020,veh_passenger,317.0
-1332638391#0->-521705694#0,veh_passenger,237.0
666886085#0->-1260485929#0,veh_passenger,829.0
-1332638368#0->40140141#10,veh_passenger,88.0
-1068144849#1->40322293,bus_bus,297.0
654530820#0->478286980#0,veh_passenger,188.0
515138054->-1068916336,veh_passenger,309.0
-143546557->1068074793,veh_passenger,213.0
47087366#2->985675139,veh_passenger,369.0
1068144848#0->1335304372,veh_passenger,294.0
1260481155->-9374529#1,veh_passenger,107.0
-438516309->9704194#4,veh_passenger,320.0
511404872->511187808#2,bus_bus,38.0
24576913#1->-40036009#0,veh_passenger,695.0
474143552#3->511187815,bus_bus,233.0
-50323229#10->509647505,veh_passenger,385.0
-39838691#10->50323229#14,veh_passenger,608.0
-40140017#1->-488788633#2,veh_passenger,534.0
24577455#2->-40140017#2,veh_passenger,236.0
-1260485930#1->39838882,truck_truck,398.0
513082641#2-AddedOnRampEdge->1335304373#2,veh_passenger,147.0
178702258#0->654297632#0,veh_passenger,225.0
40035606#0->-40109290#3,veh_passenger,138.0
509646053#1->1068434256#1,veh_passenger,349.0
40035325#0->1226645409,veh_passenger,1858.0
15420537#0->-653860562,veh_passenger,859.0
-1068144846#1->24577522#2,veh_passenger,345.0
-47224972#1->515040937,veh_passenger,534.0
-654297637#0->-1260481154,veh_passenger,201.0
238219441#0->509646056,veh_passenger,119.0
499566577#1->178702258#0,bus_bus,1080.0
490474063#3->521705694#0,veh_passenger,518.0
1068144846#1->40036062#1,veh_passenger,329.0
-511187818->515136604,truck_truck,370.0
515124966->-1335304371,veh_passenger,209.0
826496637->-50323229#13,veh_passenger,340.0
513272951#1->-40036009#2,veh_passenger,200.0
-47224972#1->-1068144849#2,veh_passenger,171.0
511187818->39920550#10,veh_passenger,294.0
654297632#2->-401226926#1,veh_passenger,249.0
511187808#4-AddedOnRampEdge->-1260485929#3,truck_truck,323.0
39920550#6->33683346#0,veh_passenger,189.0
160078084->1211151640,veh_passenger,1338.0
-1335304373#2->-39838691#6,veh_passenger,987.0
509646057#0->511404873#0,veh_passenger,504.0
1067928306#2->1068434207,veh_passenger,328.0
-1273251150#1->509646144,veh_passenger,340.0
47267010->-50323229#2,veh_passenger,485.0
-900279886->10629709#2,veh_passenger,285.0
1068144847->1214520074#2,veh_passenger,228.0
40140141#1->521705695,veh_passenger,581.0
-10250021#0->12090453#0,veh_passenger,402.0
1335304371->-12247569,veh_passenger,1081.0
413789557->856175962,veh_passenger,403.0
39920593#5->-1323097580#1,veh_passenger,189.0
1323097575#2->-1290439817#1,veh_passenger,145.0
1067953247#0->564273553#4,bus_bus,593.0
479863106#1->39921673#0,veh_passenger,133.0
-1322916760#1->509646062,veh_passenger,261.0
1068916335->10628442#3,veh_passenger,74.0
654297629#6->564273553#0,veh_passenger,39.0
1337646271#0->515130026#0,veh_passenger,157.0
-40036009#0->1125986375#1,veh_passenger,314.0
985675139->178702239#0,veh_passenger,2180.0
-488788633#2->-39838691#3,truck_truck,222.0
-513272949->-50323229#11,truck_truck,554.0
515126385#1->40140141#7,veh_passenger,196.0
24577455#0->465144361,veh_passenger,97.0
33683458#2->40109290#5,veh_passenger,64.0
-474143552#0->47267007#2,veh_passenger,1098.0
1323097575#1->178699051#1,truck_truck,1824.0
-50323229#9->10250021#2,veh_passenger,316.0
1211151635#0->1214520074#2,veh_passenger,181.0
39839131->515123438,veh_passenger,558.0
12262310#0-AddedOffRampEdge->-40035325#0,veh_passenger,149.0
1332638368#2->39920593#4,veh_passenger,369.0
39838657#0->1131969257,bus_bus,187.0
967993112#1->8758061,veh_passenger,249.0
10629709#1->178583146,veh_passenger,2116.0
40140141#7->428730793#1,veh_passenger,478.0
-488788630#1->488788637#1,bus_bus,462.0
1067928306#2->511187818,bus_bus,283.0
-1068144848#1->-428730807,bus_bus,346.0
10629709#0->1335304373#0,veh_passenger,119.0
11635067->39838751#1,veh_passenger,1060.0
10628442#1->-39920593#5,veh_passenger,169.0
1204070283#0->1332638368#0,veh_passenger,185.0
-1332638391#1->178583153-AddedOnRampEdge,veh_passenger,420.0
654530820#0->666886085#0,veh_passenger,676.0
9374529#1->142741729#1,bus_bus,193.0
-1125986375#1->515123442#2,veh_passenger,182.0
11631594#3->515130028#1-AddedOnRampEdge,veh_passenger,1945.0
511404874#1->-39838691#7,veh_passenger,144.0
421846558#1->1068434206,veh_passenger,1248.0
11635067->335802672,veh_passenger,79.0
666886082#1->-1273251150#0,veh_passenger,617.0
515138054->-1255099069,veh_passenger,331.0
71269782->-654297629#1,bus_bus,71.0
515124965#1->-1068144846#0,veh_passenger,212.0
47267007#0->-50323226,bus_bus,499.0
24576922#2->1100626103#3,veh_passenger,91.0
479863106#1->-654297629#3,bus_bus,754.0
39920011#3->24576922#1,veh_passenger,1155.0
428730818#3->521708587#2,veh_passenger,247.0
11631594#0->1260485929#0,veh_passenger,512.0
499566577#1->10250021#3,veh_passenger,211.0
40109239->-1335304386#0,veh_passenger,232.0
-654297637#0->1273405490,veh_passenger,167.0
-653860562->967993112#1,veh_passenger,768.0
381945549#0->-1125986375#0,veh_passenger,299.0
1211151639->9792174#1-AddedOnRampEdge,veh_passenger,801.0
47267010->39838691#1,veh_passenger,378.0
40140017#1->10629474#1,bus_bus,36.0
1234244927#1->1067928306#1,veh_passenger,625.0
490474063#4->1068144845#0,veh_passenger,307.0
-83428923#0->521701858-AddedOffRampEdge,veh_passenger,455.0
39920505#1->39921673#0,veh_passenger,167.0
-40140017#3->838061038,veh_passenger,906.0
-40138239#1->1297720376#0,veh_passenger,1388.0
39838691#0->509524230,veh_passenger,482.0
-401226926#0->238219446#1,veh_passenger,196.0
488788630#1->-39838630#3,veh_passenger,503.0
14924729#3->1231065652-AddedOnRampEdge,veh_passenger,445.0
1074409255#0->-573632774,veh_passenger,373.0
50323229#5->509646053#0,veh_passenger,299.0
10250021#2->1222703384#1,veh_passenger,223.0
-1068916339->-450616334#0,veh_passenger,333.0
1226645409->39920505#5,veh_passenger,368.0
40115810#0->666886084#0,veh_passenger,1104.0
515136605->39920505#7,veh_passenger,226.0
-8887999#1->1297720367,veh_passenger,685.0
488788630#0->-449565665#1,truck_truck,288.0
47088302#1->-147711065#0,bus_bus,889.0
-39838657#2->-838061037,veh_passenger,91.0
1064476620#2->178441748#2,veh_passenger,496.0
-1068144845#4->47267010,veh_passenger,265.0
40297715#2->160077493,bus_bus,1867.0
488788630#1->47087992#2,veh_passenger,106.0
1323097575#0->513272950#0,veh_passenger,665.0
-687878722#0->488788636#0,veh_passenger,280.0
83428923#1->-40138633#3,bus_bus,402.0
15419906#1->39838751#2,veh_passenger,1287.0
-573632774->-1201484855,veh_passenger,835.0
1323097580#1->-1074409256#2,veh_passenger,885.0
47087992#0->-10628444#1,veh_passenger,322.0
39839521->511404874#0,veh_passenger,251.0
1368740247->-39838691#9,veh_passenger,440.0
1298335703->511405572,veh_passenger,118.0
437445542->40036062#1,veh_passenger,367.0
39838751#1->-10628430,veh_passenger,39.0
71269779->39920550#0,veh_passenger,1087.0
-1236283454->449565665#2,veh_passenger,759.0
47224972#0->1332638368#2,veh_passenger,59.0
515123438->1067953239#1,veh_passenger,256.0
-1335304385->1236283454,truck_truck,262.0
-39921673#1->564273553#2,bus_bus,1347.0
838061037->24621218#3,veh_passenger,756.0
39920550#4->40035606#0,veh_passenger,247.0
515130026#1->39921025#6,veh_passenger,212.0
178699054->509646057#1,veh_passenger,757.0
39921025#5->50323229#15,veh_passenger,315.0
40297715#0->-50323229#15,veh_passenger,225.0
-1260485930#1->515123442#2,veh_passenger,139.0
71269779->11631594#3,veh_passenger,1151.0
39920505#1->39366819#1,veh_passenger,308.0
1068144845#4->83563455,veh_passenger,353.0
-1214520076->511187809,veh_passenger,132.0
-39838751#2->-47224972#1,veh_passenger,133.0
160077494->511405572,veh_passenger,772.0
975216740->-1074771160,veh_passenger,1539.0
13909444#4->39920593#6,veh_passenger,341.0
39920011#0->1234244925#2,veh_passenger,375.0
-147711065#0->-474143552#3,veh_passenger,111.0
40140141#6->39920550#5,veh_passenger,301.0
-428730807->-1335304385,veh_passenger,262.0
1204070281->1067953239#0,veh_passenger,184.0
1068144846#1->474143552#6,veh_passenger,233.0
-147711065#1->1222181937,bus_bus,406.0
1075505400#2->12247568#1,veh_passenger,660.0
-515130026#1->40115810#0,bus_bus,265.0
1226645411->1211151635#1,veh_passenger,369.0
1067928306#0->511187808#2,veh_passenger,284.0
-147711065#0->1323097580#1,veh_passenger,238.0
1222703383->238219441#0,veh_passenger,231.0
1068434235->509524229,veh_passenger,147.0
499566574#2->1067953239#0,veh_passenger,108.0
499566574#2->437445541#2,veh_passenger,626.0
40297715#3->39920550#4,bus_bus,114.0
488788626#1->967993112#0,veh_passenger,1932.0
1196008692#1->178583167#0,veh_passenger,17.0
11635095->-1067928307#2,veh_passenger,183.0
-10250021#2->521713925,bus_bus,265.0
482569917#1->33683346#0,veh_passenger,431.0
1332638368#2->47087992#3,veh_passenger,220.0
142741729#1->40139504#1,bus_bus,209.0
1068434203->40140141#9,veh_passenger,261.0
521701860->40139504#1,veh_passenger,617.0
-428730813#1->40035325#1,veh_passenger,357.0
-47224972#0->-47224972#0,veh_passenger,1.0
1214520076->-511187807,veh_passenger,121.0
-1125986374->-47224972#0,veh_passenger,254.0
40140141#2->-257421487#0,veh_passenger,60.0
1335304375->-474143552#6,veh_passenger,60.0
-40297715#2->335802664,veh_passenger,1516.0
10629474#1->-39838751#1,veh_passenger,1631.0
967993112#1->-1335304386#0,truck_truck,220.0
-39920222->-1067928305#1,veh_passenger,1798.0
-1125986378#1->1290456019,veh_passenger,1733.0
1067953239#1->-178723097#0,veh_passenger,608.0
39838520#1->-654297632#2,veh_passenger,1703.0
-40297715#0->-1125986377#1,veh_passenger,75.0
564273553#4->1074409232#1,veh_passenger,130.0
24577455#1->-40138239#2,veh_passenger,326.0
39920505#3->-1125986375#0,veh_passenger,245.0
178583167#1->-1226645410,veh_passenger,1720.0
515130026#1->509524271,veh_passenger,132.0
1125986375#1->-437445540,veh_passenger,303.0
-1332638368#2->1421367508,veh_passenger,123.0
1368740247-AddedOffRampEdge->509646063#1,veh_passenger,574.0
1125986374->1254816452,veh_passenger,95.0
39920684#0->-40035325#2,veh_passenger,169.0
513082623->-761486028#0,veh_passenger,301.0
1068074793->39920593#5,veh_passenger,266.0
-40138633#3->1125986385#0,veh_passenger,321.0
1214520075->1074771170,truck_truck,213.0
1322916760#1->-40035904#1,veh_passenger,299.0
449565665#1->-40139504#1,veh_passenger,1133.0
413789558#1->24621218#3,veh_passenger,352.0
1074409255#2->-1254633077#1,bus_bus,358.0
475044040#4->-238219449,veh_passenger,99.0
40140141#9->-142741729#1,veh_passenger,199.0
-39838751#1->-40036009#3,veh_passenger,1577.0
1207401652#2->511187808#1,veh_passenger,125.0
1068434199->437445539#1,veh_passenger,190.0
-428730813#1->1214520075,veh_passenger,154.0
1067928306#2->-1125986377#1,veh_passenger,287.0
-1335304371->49224804#1,veh_passenger,184.0
39920550#6->10250021#4,veh_passenger,346.0
-50323229#10->515126384,veh_passenger,1808.0
50323229#15->-14924729#1,veh_passenger,342.0
654297632#2->-40109239,veh_passenger,155.0
39920505#7->-1068144845#4,veh_passenger,422.0
-1335304373#1->465144361,veh_passenger,254.0
-40138633#1->515040940#0,veh_passenger,1584.0
1214520073#1->-147711065#0,veh_passenger,864.0
1125986375#0->-1068916338,veh_passenger,192.0
-654530820#1->1297720376#1,veh_passenger,897.0
-1335304373#2->39920593#5,veh_passenger,124.0
511187811->-654297635#1,truck_truck,259.0
33683346#1->-39838751#1,veh_passenger,428.0
479863106#0->39920505#9,veh_passenger,254.0
654297637#2->521705694#1,veh_passenger,525.0
-1327579142->39838520#0,veh_passenger,635.0
10628442#1->1196008691#1,bus_bus,271.0
1067852461->422842976,veh_passenger,573.0
40036062#1->39838751#1,veh_passenger,467.0
39920550#8->-40138633#2,veh_passenger,314.0
1292568612->-1338361263,veh_passenger,355.0
47087992#0->240666069#2,veh_passenger,183.0
654297632#0->1214520073#1,veh_passenger,1752.0
515130026#1->1290439817#0,veh_passenger,710.0
-47267007#2->40138941#2,veh_passenger,421.0
238219441#0->-449565665#0,veh_passenger,847.0
482569917#0->39921673#1,veh_passenger,250.0
-653860562->39921025#2,truck_truck,1496.0
-10250021#3->39921025#5,veh_passenger,403.0
-761486028#0->-178723097#0,veh_passenger,1630.0
40297715#1->-39838691#2,veh_passenger,545.0
1298335705->474143552#1,truck_truck,1150.0
40036009#2->1075505400#2,veh_passenger,633.0
1226645408->24621218#4,veh_passenger,278.0
-40139708->1067928305#0,veh_passenger,1486.0
490474063#6->1231065652,veh_passenger,1397.0
1260485929#1->511187815,veh_passenger,106.0
-428730807->1196008691#1,veh_passenger,288.0
40140141#0->-240666072#1,veh_passenger,57.0
-50323229#2->1273251150#1,veh_passenger,81.0
40138239#2->39921673#0,veh_passenger,260.0
10629474#1->509646057#0,bus_bus,482.0
257421487#0->1074771163#1,veh_passenger,654.0
1075505400#0->515130027,veh_passenger,640.0
40138239#2->-985133430,bus_bus,431.0
39920011#1->-40036009#2,veh_passenger,211.0
11635095->-9374529#1,bus_bus,318.0
39920684#1->1074771163#1-AddedOffRampEdge,veh_passenger,265.0
1335304376#1->39920550#2,veh_passenger,151.0
509646059->511187808#3,veh_passenger,214.0
521704040->-238219449,veh_passenger,316.0
509524228->178702248,veh_passenger,242.0
39921673#1->509646054,veh_passenger,330.0
-856175964->1068434200#1,veh_passenger,315.0
381945551->-428730813#3,veh_passenger,62.0
1237953497->9833223-AddedOnRampEdge,veh_passenger,1422.0
9704194#1->-1214520079,veh_passenger,267.0
-50323229#2->39920505#13,veh_passenger,227.0
1214520076->-564273553#1,veh_passenger,222.0
150928465->40138633#1,veh_passenger,304.0
39838520#0->1068144845#2,veh_passenger,189.0
1231065653->10628444#2,truck_truck,209.0
40140141#6->-169562956,veh_passenger,109.0
1214520075->178702251,bus_bus,153.0
1125986379#0->-1214520076,veh_passenger,203.0
1273405490->513082635#1,veh_passenger,1432.0
564273553#0->1214520070,veh_passenger,124.0
39921025#3->1207401652#2,veh_passenger,337.0
-39920593#0->40297647#1,veh_passenger,149.0
1064476625->488788630#1,veh_passenger,539.0
240666069#0->428730800,veh_passenger,54.0
1335304386#1->511409187,veh_passenger,955.0
-39838691#8->1337115429,veh_passenger,130.0
1260485929#1->515126385#0,bus_bus,173.0
178699058->-1015424648,veh_passenger,300.0
509524227#0->24621218#1,veh_passenger,161.0
-654297635#1->1100626087,veh_passenger,407.0
-437445539#0->515040940#0,veh_passenger,1700.0
1278784167#0->488788630#0,veh_passenger,358.0
761486028#0->856175964,veh_passenger,113.0
-1332638391#0->33683458#2,veh_passenger,332.0
1260485929#0->-33683346#1,veh_passenger,354.0
-1015424648->-761486028#1,bus_bus,340.0
761486028#1->1067928305#0,veh_passenger,275.0
513272950#1->9832326#1,veh_passenger,876.0
-39838657#3->1211151635#0,veh_passenger,170.0
511404875->-1273251150#1,veh_passenger,432.0
521704042#0->-40297715#0,veh_passenger,184.0
-39838530->-1074409256#2,veh_passenger,118.0
13909444#0->-474143552#4,veh_passenger,370.0
1298335705->39920550#7,veh_passenger,356.0
856175964->-39838691#10,veh_passenger,572.0
1255099069->511404873#1,truck_truck,164.0
40297885#1->39921025#8,truck_truck,1010.0
488788630#2->437445539#0,bus_bus,57.0
1075505400#2->178583148#2-AddedOnRampEdge,veh_passenger,1757.0
40139504#1->654297630,veh_passenger,169.0
-654297637#0->538432099,truck_truck,320.0
178702243#1-AddedOnRampEdge->39838657#0,veh_passenger,406.0
428730800->511404880#0,veh_passenger,71.0
-33683346#2->1214520068,bus_bus,574.0
654297629#1->-178702258#1,bus_bus,1541.0
39838520#2->-33683458#0,veh_passenger,1740.0
39838691#8->-47267007#0,veh_passenger,219.0
-40109290#0->1068144849#2,veh_passenger,1522.0
-1290439818->1335304373#1,bus_bus,246.0
-1100626088->40140017#3,veh_passenger,1285.0
15420537#1->-116831467,veh_passenger,322.0
-401226926#1->515126304,veh_passenger,1467.0
-449565665#1->40138239#1,veh_passenger,1972.0
39920593#4->1231065643,veh_passenger,199.0
654297629#0->238219446#0,truck_truck,1709.0
1064476620#3->-654297637#1,veh_passenger,162.0
437445541#0->509646057#2,veh_passenger,207.0
1273251151->47267011#1,veh_passenger,414.0
14924729#2->40138941#1,veh_passenger,464.0
39920550#13->687878725,veh_passenger,400.0
967985512->39920550#1,veh_passenger,276.0
40109239->-12247568#1,veh_passenger,772.0
1337646274->1207401652#1,veh_passenger,356.0
1324405511->13909444#4,veh_passenger,390.0
68574206->1338361263,veh_passenger,283.0
39838691#6->-40297715#0,veh_passenger,1219.0
178583167#1->-1204070283#1,truck_truck,225.0
47087993#1->1260485932,veh_passenger,450.0
-40035606#0->47087992#5,veh_passenger,1438.0
439836128#0->-40109290#1,veh_passenger,273.0
8887999#0->1068434199,veh_passenger,195.0
47267007#1->-40109290#4,bus_bus,442.0
39920684#2->-47224972#0,veh_passenger,292.0
10628430->50323229#14,veh_passenger,1634.0
1234244925#0->1298335702,truck_truck,1355.0
-573632774->474143552#1,veh_passenger,244.0
428730813#2->178702251-AddedOffRampEdge,veh_passenger,258.0
-10748036->49224804#0,veh_passenger,280.0
40036062#0->1068434236,veh_passenger,362.0
437445541#1->1067953239#1,veh_passenger,431.0
-1068144849#1->-39921531,veh_passenger,345.0
-687878725->1074409232#1,veh_passenger,191.0
1067928306#2->450616334#0,veh_passenger,324.0
39763700#0->39838657#2,veh_passenger,87.0
1337646276->1226645410,veh_passenger,175.0
39920550#11->-488788637#0,bus_bus,314.0
40138239#2->39920505#8,veh_passenger,286.0
1064476620#2->509647506,veh_passenger,418.0
1323097579#1->238219441#2,veh_passenger,442.0
-10628444#1->39921025#1,veh_passenger,149.0
-405382146#0->513082627,veh_passenger,1725.0
1332638391#2->-654297629#3,veh_passenger,804.0
1125986374->474143552#0,veh_passenger,231.0
1421367508->11635146#0-AddedOffRampEdge,veh_passenger,285.0
1260481153->-1125986385#0,veh_passenger,126.0
160078084-AddedOnRampEdge->-1332638391#1,veh_passenger,226.0
-40138633#2->47087992#4,veh_passenger,1399.0
509524228->40109290#1,veh_passenger,432.0
428730793#0->460316444,bus_bus,21.0
1064476620#0->12090453#1,veh_passenger,1754.0
-428730813#2->-1260481154,veh_passenger,272.0
50323229#14->521701859,veh_passenger,379.0
-515123442#0->1260485931#0,bus_bus,286.0
8887999#1->47225638#0,veh_passenger,118.0
515124966->-450616334#0,veh_passenger,179.0
499566574#1->967985513#3,veh_passenger,252.0
40138941#1->-40035992,veh_passenger,348.0
15420537#1->9833223,veh_passenger,266.0
40115810#1->511404873#1,veh_passenger,611.0
12262310#0-AddedOffRampEdge->564273553#2,veh_passenger,728.0
761486028#1->1067928306#0,veh_passenger,408.0
-437445542->-40140017#0,veh_passenger,395.0
12090453#1->71269779,veh_passenger,471.0
178699051#0->-1067928305#2,veh_passenger,471.0
-40036009#0->1068434236,veh_passenger,401.0
40035904#0->1226645411,veh_passenger,1355.0
1260481154->515136603,veh_passenger,314.0
1332638391#1->238219449,veh_passenger,395.0
-40109290#3->-50323229#13,veh_passenger,13.0
39838530->513082641#2-AddedOnRampEdge,veh_passenger,562.0
-1254816454->39921025#3,veh_passenger,249.0
478286980#0->1064476620#3,veh_passenger,535.0
178583140#0->1064398309#1,veh_passenger,308.0
1272337498#0->-39838691#6,veh_passenger,713.0
39920593#0->564273553#2,veh_passenger,542.0
-405382146#0->40035606#2,veh_passenger,504.0
-437445539#1->40035606#1,bus_bus,308.0
1298335702->-515040940#0,bus_bus,252.0
515136605->50323229#11,veh_passenger,362.0
238219446#0->-509646056,veh_passenger,258.0
1290439818->178699051#1,veh_passenger,77.0
1067852461->-1255099069,veh_passenger,76.0
39920505#12->1067928307#2,bus_bus,1444.0
654297635#1->12090453#0,veh_passenger,402.0
11635146#0->488788633#0,veh_passenger,382.0
39920505#0->654297635#0,veh_passenger,318.0
178441748#0->-10628442#3,veh_passenger,363.0
509646059->-40138239#1,truck_truck,325.0
-1327579142->-1214520076,veh_passenger,315.0
1278784167#0->1074409255#0,veh_passenger,326.0
1100626087->39921025#6,veh_passenger,785.0
1068434205->-50323229#10,veh_passenger,526.0
687878722#0->40035606#2,veh_passenger,446.0
509524271->-1255099069,bus_bus,468.0
437445541#1->515130028#1-AddedOnRampEdge,veh_passenger,184.0
509646144->511187808#2,veh_passenger,157.0
-169562956->474143552#4,veh_passenger,290.0
-50323229#14->-488788633#0,veh_passenger,535.0
10748045#2->509524225,veh_passenger,1032.0
-39366819#1->-10628442#0,veh_passenger,230.0
1214520074#5->-12247568#1,truck_truck,141.0
24576922#0->40138633#2,veh_passenger,328.0
11635095->666886085#1,veh_passenger,256.0
437445540->-40035904#1,veh_passenger,392.0
-24576913#0->-14924729#3,veh_passenger,1501.0
47087993#3->511404880#0,veh_passenger,429.0
-428730807->488788626#3,veh_passenger,202.0
47087366#0->1254816452,veh_passenger,314.0
-1068144844->39921025#8,veh_passenger,359.0
178699054->178702239#0,veh_passenger,270.0
169562956->40138941#1,veh_passenger,434.0
1322916760#1->169562956,veh_passenger,315.0
1214520071->39920593#4,veh_passenger,324.0
-147711065#1->511409188#0,veh_passenger,793.0
654297637#1->1068144845#2,veh_passenger,299.0
178702258#0->1125986378#1,veh_passenger,192.0
-142741729#1->1214520074#1,bus_bus,344.0
450616334#0->511409187,veh_passenger,2239.0
-515126384->509646057#0,bus_bus,176.0
-449565665#2->-1068144849#0,bus_bus,717.0
-10628442#0->-654297632#2,veh_passenger,197.0
1125986375#0->1068144845#3,veh_passenger,176.0
1234244925#0->-147711065#2,veh_passenger,519.0
240666072#0->1222181935,veh_passenger,138.0
1074409255#0->-856175964,veh_passenger,1947.0
1235501861#2->475044040#3,bus_bus,153.0
-39838691#8->428730813#1,veh_passenger,217.0
24576922#2->1332638391#0,bus_bus,2043.0
-40138633#1->687878725,veh_passenger,597.0
-83428923#1->1211151635#1,veh_passenger,517.0
24576913#0->666886081,veh_passenger,1986.0
47087993#6->1125986379#1,veh_passenger,189.0
1254633077#0->509646057#0,veh_passenger,285.0
24577522#0->515136607,veh_passenger,219.0
40140141#1->-178723097#0,veh_passenger,1179.0
-900279886->474143552#0,truck_truck,227.0
-39838751#1->1211151640,veh_passenger,479.0
-50323229#0->449565665#3,veh_passenger,740.0
475044040#0->178702248,veh_passenger,574.0
1323097580#0->1323097580#0,veh_passenger,7.0
1068434203->1235501861#2,veh_passenger,337.0
-488788630#1->-428730813#3,veh_passenger,50.0
-1204070283#1->654297629#2,veh_passenger,856.0
178699049->178583153-AddedOnRampEdge,veh_passenger,275.0
14924729#2->509524224,veh_passenger,122.0
1335304374->-1131969257,bus_bus,415.0
-654297637#2->39838657#1,veh_passenger,948.0
-1125986406#0->967985513#2,veh_passenger,165.0
-1125986386->511187808#3,veh_passenger,1663.0
-1237953494->1125986406#0,veh_passenger,213.0
511187808#3->-39920593#0,veh_passenger,355.0
83428923#1->564273553#2,truck_truck,808.0
1327579142->1074409232#1,veh_passenger,452.0
1260481154->-40297715#3,veh_passenger,252.0
1324405519->1125986373#3,veh_passenger,232.0
515130028#0->1125986375#1,veh_passenger,205.0
413789558#0->1064476624,veh_passenger,294.0
-40138239#3->142741729#1,veh_passenger,263.0
1068074793->-1326094888,veh_passenger,618.0
-1125986379#0->-474143552#4,veh_passenger,225.0
1292568612->13909444#7,veh_passenger,308.0
10628430->47087366#2,veh_passenger,2060.0
1272548721->1234244925#1,truck_truck,240.0
654530820#0->39920593#2,veh_passenger,286.0
39921025#5->521704036,veh_passenger,615.0
-1335304386#1->413789558#1,veh_passenger,508.0
33683346#2->509646057#2,veh_passenger,420.0
50323229#9->-451728952#1,veh_passenger,573.0
1068144845#4->24577455#2,veh_passenger,513.0
1297720376#1->1273251151,veh_passenger,293.0
1125986378#0->40297647#2,veh_passenger,199.0
-1273251152->-1068144845#3,veh_passenger,445.0
-40138633#1->687878725,bus_bus,623.0
-33683346#0->1326193809,veh_passenger,65.0
1421367508->666886084#1,veh_passenger,870.0
1214520073#1->1337646275,veh_passenger,401.0
68574202->9832326#1,truck_truck,213.0
39920505#8->1125986379#0,veh_passenger,293.0
515123438->428730793#1,bus_bus,221.0
-515123442#4->39838657#0,bus_bus,104.0
39920550#2->-900279886,veh_passenger,132.0
40138239#1->1324405519,bus_bus,287.0
33683458#2->-654297636,bus_bus,59.0
1326193810->-488788633#0,truck_truck,720.0
-1125986379#0->238219468,veh_passenger,224.0
1231065644->-40035325#2,veh_passenger,127.0
83428923#0->428730818#2,veh_passenger,403.0
-1278784167#1->39920505#2,veh_passenger,286.0
-422842976->72157792,veh_passenger,208.0
39920222->1421564739,veh_passenger,687.0
-1125986375#1->238219446#1,veh_passenger,231.0
475044040#1->428730793#0,veh_passenger,743.0
-50323229#0->1332638391#0,veh_passenger,416.0
1118804257->511409188#0,veh_passenger,335.0
-50323229#3->47157282#1,veh_passenger,512.0
488788633#2->40297715#3,veh_passenger,307.0
178702253->9374529#1,veh_passenger,1760.0
-449565665#2->1260485930#1,truck_truck,1754.0
985133430->509646052,truck_truck,1155.0
1368740247-AddedOffRampEdge->-1074771160,veh_passenger,564.0
178441748#1->-8887999#2,veh_passenger,579.0
50323229#9->-8887999#2,veh_passenger,400.0
1272337500->24621218#4,veh_passenger,221.0
474143552#0->1201484855,veh_passenger,160.0
-39838984#1->-40138239#0,veh_passenger,381.0
-39838657#3->39920550#5,veh_passenger,705.0
39920505#5->9704194#3,bus_bus,532.0
-224146621->-47267007#2,veh_passenger,233.0
39920550#5->1064476618#0,veh_passenger,289.0
-40109290#3->39838751#0,veh_passenger,338.0
-488788629->-40109290#1,veh_passenger,362.0
-1254633077#1->-50323229#14,veh_passenger,13.0
-1260485931#1->564273553#4,veh_passenger,924.0
39920550#7->510107701,veh_passenger,583.0
-1068144845#2->40297715#2,veh_passenger,343.0
47087993#6->39920550#0,veh_passenger,245.0
1068434202->1125986377#1,veh_passenger,153.0
488788629->39838520#0,veh_passenger,595.0
-33683346#1->-10628442#3,veh_passenger,189.0
142741729#1->11635146#0,veh_passenger,494.0
1260485931#0->39838520#3,veh_passenger,778.0
-1332638391#1->-39921531,veh_passenger,74.0
1074771160->-1332638368#0,veh_passenger,2497.0
-1326094888->1260485931#0,veh_passenger,376.0
-142741729#1->39838657#0,veh_passenger,806.0
39838691#9->1214520078,veh_passenger,2387.0
40138633#1->-40109290#1,veh_passenger,126.0
39920505#7->509524271,veh_passenger,543.0
422842976->511187810,veh_passenger,171.0
-654297633->1064476620#0,bus_bus,186.0
-449565665#0->40140141#10,veh_passenger,263.0
1074409255#0->1125986375#1,veh_passenger,1245.0
40297647#0->10749498,veh_passenger,397.0
1260485929#3->-521705694#1,bus_bus,440.0
-40036009#1->39920550#11,veh_passenger,241.0
50323229#6->-1068144847,veh_passenger,484.0
39920505#9->40036062#0,veh_passenger,258.0
-50323229#14->40035325#1,bus_bus,90.0
513082627->1222703384#0,veh_passenger,293.0
10628442#2->40035325#2,veh_passenger,236.0
654297636->50323226,veh_passenger,117.0
-50323229#14->437445541#0,veh_passenger,830.0
24577455#2->437445542,veh_passenger,337.0
14924729#3->1131969257,veh_passenger,360.0
-687878722#2->1068144846#0,veh_passenger,247.0
-654297629#1->-1015424648,veh_passenger,133.0
515130027->147711065#1,veh_passenger,618.0
-687878722#2->511187810,veh_passenger,296.0
47224972#1->1118804256#0,veh_passenger,132.0
71269779->-39920593#5,veh_passenger,1063.0
761486028#1->-10628442#0,veh_passenger,227.0
50323229#0->515126385#1,veh_passenger,432.0
-169562956->-1260485931#0,veh_passenger,103.0
511187808#4->1064398309#1,veh_passenger,392.0
-1297720376#0->-1125986375#0,veh_passenger,225.0
-1335304386#0->-39838691#7,veh_passenger,408.0
39920550#2->439836130#0-AddedOffRampEdge,veh_passenger,302.0
-1260485930#1->-730912750,bus_bus,398.0
-1222703383->-83563455,veh_passenger,602.0
1260481155->40138633#0,veh_passenger,348.0
-40139504#1->509524226,veh_passenger,594.0
178583167#1->40138239#1,veh_passenger,343.0
49224804#0->-413789558#1,veh_passenger,599.0
-856175964->1222703382,veh_passenger,192.0
451728952#3->40138239#1,veh_passenger,495.0
730912750->10628442#3,veh_passenger,187.0
474143552#0->240666072#1,veh_passenger,474.0
-47267007#2->39920550#7,veh_passenger,300.0
12090453#1->-47087366#2,bus_bus,174.0
-1222703384#1->24577455#2,truck_truck,120.0
515124965#1->511409188#1,veh_passenger,36.0
1323097575#3->-521705694#0,veh_passenger,524.0
83428923#1->240666072#2,truck_truck,371.0
47087992#3->460316444,veh_passenger,211.0
238219446#1->666886084#1,bus_bus,870.0
-40036062#1->9833223,veh_passenger,322.0
-1260485929#0->-1332638368#1,veh_passenger,307.0
1207401652#0->968332513#1,veh_passenger,384.0
488788626#1->1064476620#0,veh_passenger,359.0
178699051#0->-40140017#2,veh_passenger,1068.0
147711065#1->-39838691#10,bus_bus,427.0
40035325#2->-40140017#1,veh_passenger,72.0
1290439817#1->24577522#2,veh_passenger,263.0
1211151640->515130026#0,bus_bus,211.0
538432101->238219472#3,veh_passenger,327.0
654297637#1->40035606#3,veh_passenger,210.0
1214520071->24577522#1,veh_passenger,386.0
143546557->428730818#3,veh_passenger,382.0
39921025#3->39920684#0,veh_passenger,174.0
39366819#0->-838061038,veh_passenger,84.0
-40109290#4->-488788633#1,veh_passenger,526.0
521701857->1100626103#0,veh_passenger,357.0
1235754993#1->1201484855,veh_passenger,33.0
511405572->-474143552#4,veh_passenger,228.0
515123442#1->10250021#3,veh_passenger,257.0
-169562956->521708587#1,veh_passenger,212.0
513082623->490474063#8,veh_passenger,360.0
1337646271#0->1214520071,veh_passenger,169.0
515136603->1337115429,veh_passenger,278.0
178702253->40035606#0,bus_bus,243.0
-39921672->72157794,veh_passenger,95.0
11635067->511187809,veh_passenger,136.0
39921025#0->50323229#0,veh_passenger,345.0
-474143552#0->-654297637#0,veh_passenger,316.0
1337646271#1->511187808#4,truck_truck,233.0
-40036009#1->1067928307#2,truck_truck,714.0
-39838691#2->240666069#1,veh_passenger,151.0
238219446#0->40115810#0,veh_passenger,429.0
1323097577->178583148#2,veh_passenger,241.0
-511409187->1207401652#2,veh_passenger,561.0
-1125986386->-401226926#0,veh_passenger,2193.0
-1214520076->488788626#2,veh_passenger,262.0
1323097580#1->39838657#1,veh_passenger,313.0
33683346#2->-451728952#3,veh_passenger,509.0
11631594#1->178702239#0,veh_passenger,705.0
-511187807->-1338361263,veh_passenger,197.0
142741729#1->40297715#3,veh_passenger,176.0
985133430->1323097575#0,veh_passenger,1251.0
-654297635#1->-1332638391#2,veh_passenger,467.0
40297715#2->39920593#5,veh_passenger,29.0
1332638391#1->968332513#1,veh_passenger,351.0
-40138633#1->490474063#0,veh_passenger,94.0
1335304371->9704194#0,veh_passenger,372.0
451728952#4->10628430,veh_passenger,2171.0
-47224972#1->428730818#1,veh_passenger,442.0
240666069#3->1068434258,veh_passenger,313.0
178702250->232920697,veh_passenger,212.0
178583144->-1125986379#0,veh_passenger,407.0
178583160->-564273553#4,veh_passenger,307.0
10250021#3->-564273553#2,veh_passenger,260.0
1211151638->428730813#3,bus_bus,148.0
-10629474#0->509524227#1,veh_passenger,514.0
1067928305#0->1015424648,veh_passenger,91.0
1323097575#2->1118804256#0,veh_passenger,513.0
1290439817#1->40109239,veh_passenger,372.0
-39838691#0->1204070283#1,veh_passenger,2999.0
482569917#1->71269779,veh_passenger,616.0
-1067928305#1->-488788629,veh_passenger,383.0
-488788629->40138633#2,veh_passenger,353.0
-428730813#3->-1068144848#0,veh_passenger,128.0
-449565665#2->39921672,veh_passenger,3039.0
1118804248->-10628442#2,bus_bus,369.0
1222703382->-1068916339,bus_bus,71.0
1214520074#4->1074771163#1-AddedOffRampEdge,veh_passenger,824.0
8887999#1->40138239#3,veh_passenger,425.0
178583145->439836130#0-AddedOffRampEdge,truck_truck,683.0
238219441#0->511185049,veh_passenger,193.0
24621218#3->39921192#1,truck_truck,91.0
39920505#13->-40140017#1,veh_passenger,250.0
1125986377#2->178702251,veh_passenger,323.0
15419906#0->24577455#1,bus_bus,253.0
-1226645407->49224804#0,veh_passenger,347.0
-39838691#2->509646054,veh_passenger,128.0
1064476620#0->509524225,veh_passenger,759.0
1234244925#0->1125986379#1,veh_passenger,947.0
1254816455->1125986379#1,veh_passenger,65.0
-1297720376#0->-40138239#2,veh_passenger,212.0
511187809->1068434258,veh_passenger,140.0
-47224972#0->240666069#1,veh_passenger,335.0
1214520074#1->40109290#1,veh_passenger,401.0
424580475->515123442#2,veh_passenger,343.0
1297720376#1->-10628444#1,veh_passenger,88.0
-39838691#1->24577455#1,veh_passenger,2137.0
-1068916338->39920684#1,veh_passenger,200.0
-8887999#0->1234244925#0,veh_passenger,65.0
39838657#3->-654297635#1,veh_passenger,3191.0
-1068144845#3->-33683458#1,veh_passenger,404.0
1323097575#2->900279869,veh_passenger,196.0
1323097575#3->-10628444#2,veh_passenger,103.0
47053612->-1322916760#1,veh_passenger,252.0
39838984#0->178702258#1,veh_passenger,173.0
15419875#0->39920222,veh_passenger,166.0
10629474#1->-405382146#0,veh_passenger,522.0
-40297715#3->1337646270,veh_passenger,483.0
12247569->511187808#4-AddedOnRampEdge,veh_passenger,61.0
1125986379#0->24577522#3,veh_passenger,343.0
40035325#0->1064476618#1,veh_passenger,94.0
1260481151->511404875,veh_passenger,365.0
-1260485930#1->-40109290#2,veh_passenger,394.0
1067928306#1->666886084#0,veh_passenger,869.0
1068144848#1->1100626097,veh_passenger,236.0
513082635#0->178699049,veh_passenger,348.0
1235501861#2->1067928305#1,veh_passenger,181.0
11635146#0->-40036062#1,bus_bus,195.0
654297630->40138633#2,veh_passenger,372.0
-838061037->1068144845#1,veh_passenger,228.0
-40035606#1->1335304374,veh_passenger,80.0
-488788629->-482569917#1,bus_bus,390.0
478286980#1->985133427,veh_passenger,87.0
40109290#1->-40297715#0,veh_passenger,297.0
-1204070283#0->178441748#1,veh_passenger,140.0
-40036062#1->761486028#0,truck_truck,595.0
50323229#10->-33683458#2,veh_passenger,59.0
521704050->666886084#0,veh_passenger,252.0
178702243#1-AddedOnRampEdge->1214520073#0,veh_passenger,244.0
-1273405490->654297629#1,veh_passenger,900.0
39838984#1->39838630#1,veh_passenger,211.0
12247568#0->-1125986406#0,veh_passenger,2972.0
83563455->-1204070283#1,veh_passenger,2867.0
1323097575#2->39838751#1,veh_passenger,629.0
1068434168->1068434256#0,veh_passenger,82.0
14924729#1->967993112#1,veh_passenger,97.0
178699056#2->40297715#0,truck_truck,1391.0
509646056->666886086#3,bus_bus,675.0
1068144845#1->39920684#1,bus_bus,386.0
1254816455->-33683346#2,bus_bus,297.0
-40035606#0->488788636#1,veh_passenger,731.0
428730813#3->490474063#1,veh_passenger,315.0
515040937->-654297633,truck_truck,270.0
47088302#0->-1260485930#1,veh_passenger,238.0
1327579131->1326193809,veh_passenger,1647.0
-240666072#1->39838984#1,veh_passenger,146.0
-39838630#3->-521705694#0,veh_passenger,75.0
-147711065#2->-1254633077#0,veh_passenger,580.0
-428730813#0->1064476622#1,veh_passenger,387.0
1326193809->1254816452,veh_passenger,96.0
1125986385#0->178583153-AddedOnRampEdge,bus_bus,345.0
1074771163#1->39838882,veh_passenger,722.0
-1125986378#0->474143552#0,veh_passenger,193.0
-47224972#0->515123439,veh_passenger,247.0
-8887999#0->-40036009#0,veh_passenger,656.0
-1068434202->1214520074#1,veh_passenger,694.0
1290439818->47088302#1,veh_passenger,346.0
1260481151->856175962,veh_passenger,632.0
428730793#0->-10748045#1,veh_passenger,358.0
654297629#3->39920593#5,bus_bus,3139.0
564273553#3->-83428923#1,veh_passenger,862.0
967985513#0->475044040#0,veh_passenger,212.0
1125986406#0->-10250021#0,veh_passenger,127.0
-50323229#15->240666069#2,veh_passenger,1061.0
-39838691#8->515126385#4,veh_passenger,197.0
39920684#6->1332638368#2,veh_passenger,845.0
10749498->1068144849#2,veh_passenger,449.0
39366819#1->1068434236,veh_passenger,112.0
509646061->449565665#3,bus_bus,1072.0
-511187807->1068434204,veh_passenger,808.0
47087992#5->1260481151,veh_passenger,403.0
40115810#1->475044040#4,veh_passenger,264.0
40035606#3->1125986373#2,veh_passenger,230.0
515138054->178702239#0,veh_passenger,185.0
511404873#1->813852683-AddedOnRampEdge,veh_passenger,897.0
10628442#2->-33683346#2,veh_passenger,337.0
-1297720376#0->-428730813#1,truck_truck,858.0
-33683346#1->-513272949,veh_passenger,1828.0
-474143552#1->1067928305#2,bus_bus,329.0
1260485930#1->1074409256#0,veh_passenger,951.0
1231065643->24577455#1,truck_truck,278.0
511187808#1->47225638#1,veh_passenger,194.0
39838520#0->654297629#0,veh_passenger,329.0
-687878722#1->39920011#2,veh_passenger,401.0
40138633#3->50323229#14,veh_passenger,85.0
-1260485929#1->-40035992,veh_passenger,247.0
-1068144845#3->14924729#0,bus_bus,128.0
666886086#1->147711065#1,veh_passenger,1309.0
437445542->1226645409,veh_passenger,56.0
-900279886->-1125986377#2,veh_passenger,100.0
150928465->-1254816455,veh_passenger,188.0
1326193809->-1335304386#1,veh_passenger,168.0
654297629#0->509646055,veh_passenger,3027.0
-474143552#2->40297647#0,truck_truck,87.0
10250021#2->40140141#9,veh_passenger,583.0
1074409232#0->509646062,veh_passenger,548.0
-511409187->1068434202,veh_passenger,373.0
1064476618#0->39838691#6,veh_passenger,811.0
-449565665#1->-428730813#2,veh_passenger,328.0
-479863106#2->1335304373#0,veh_passenger,184.0
465144361->1235754993#1,veh_passenger,66.0
437445541#1->1100626103#1,bus_bus,377.0
515136603->488788637#1,veh_passenger,694.0
-515136608->-10628442#3,veh_passenger,737.0
1298335702->-449565665#3,veh_passenger,589.0
47087992#1->-654297635#1,veh_passenger,571.0
1068144848#1->-654297634,veh_passenger,885.0
-1015424648->499566573,veh_passenger,786.0
150928465->654297629#6,truck_truck,284.0
-1068916336->39838691#3,bus_bus,591.0
1067928306#1->40138239#1,veh_passenger,385.0
39839521->-238219441#0,veh_passenger,293.0
509524270->499566574#2,veh_passenger,606.0
9832326#1->39838691#3,veh_passenger,459.0
40297715#1->-521705694#0,veh_passenger,669.0
24621218#3->39838657#0,truck_truck,545.0
509646057#2->1075505400#1,veh_passenger,815.0
-40036062#1->-1332638391#0,veh_passenger,497.0
39838691#5->1237953494,veh_passenger,2562.0
39920550#12->178583146,veh_passenger,348.0
178441748#2->488788633#2,veh_passenger,862.0
499566573->40109290#0,veh_passenger,91.0
-437445539#1->-1068144845#3,veh_passenger,381.0
428730793#1->50323229#13,bus_bus,404.0
-515126385#3->-1273405490,bus_bus,345.0
-1068916335->-24576913#1,veh_passenger,1487.0
-511409187->488788630#2,veh_passenger,576.0
1254816452->-450616334#0,veh_passenger,487.0
257421487#0->14924729#0,veh_passenger,146.0
-401226926#1->428730818#3,veh_passenger,824.0
178699056#3->564273553#1,veh_passenger,117.0
15420537#2->-437445542,veh_passenger,271.0
1292541108->475044040#4,veh_passenger,729.0
1068434201->975216743,veh_passenger,216.0
1335304376#1->178699056#0,veh_passenger,405.0
666886082#1->-1222703383,veh_passenger,722.0
1075505400#3->40139708,veh_passenger,1778.0
564273553#3->9792174#1-AddedOnRampEdge,veh_passenger,2471.0
40115810#1->-761486028#1,veh_passenger,367.0
1068074792->-50323229#14,veh_passenger,182.0
15419906#2->-654297635#1,veh_passenger,307.0
232920701->509646052,veh_passenger,397.0
1067928307#0->-8887999#2,veh_passenger,491.0
513272951#1->-1292541108,veh_passenger,370.0
511187818->-499566577#1,veh_passenger,665.0
39838751#2->437445541#2,bus_bus,205.0
511409187->-47267007#2,veh_passenger,428.0
40297647#2->39366819#0,veh_passenger,259.0
47267011#2->-10628444#1,veh_passenger,650.0
-1260485929#3->1068144845#1,veh_passenger,355.0
511187807->-1068144846#2,veh_passenger,219.0
1100626103#0->428730813#0,veh_passenger,542.0
50323229#9->-39838691#1,veh_passenger,448.0
-14924729#3->39920011#3,veh_passenger,325.0
10628442#1->509524227#0,veh_passenger,542.0
-39838691#10->-39838691#8,veh_passenger,10.0
1214520074#6->1074771163#1,veh_passenger,313.0
1298335705->40035606#1,veh_passenger,745.0
39920505#6->33683346#3,veh_passenger,109.0
1068434257->11631594#0,veh_passenger,305.0
10628442#2->178699056#3,veh_passenger,241.0
40036009#1->-1234244927#1,bus_bus,1698.0
521701860->428730813#3,veh_passenger,197.0
40140141#9->478286980#1,veh_passenger,191.0
1125986373#1->-39838984#0,veh_passenger,237.0
47087366#0->564273553#1,veh_passenger,319.0
1226645407->1125986406#0,veh_passenger,443.0
40297715#0->968332509,veh_passenger,307.0
-1332638391#2->1214520074#5,veh_passenger,239.0
985675139->1068434206,bus_bus,421.0
405382146#1->1214520070,veh_passenger,137.0
1068434257->-40138239#2,veh_passenger,764.0
1125986406#0->24576922#1,veh_passenger,278.0
-39838657#2->1254633077#1,bus_bus,813.0
479863106#2->-1226645410,veh_passenger,506.0
1337646270->47224972#1,veh_passenger,127.0
-1260485929#3->654297628,veh_passenger,530.0
450616334#0->-50323229#14,veh_passenger,3529.0
39838691#9->47087993#6,bus_bus,412.0
-687878722#2->761486028#1,veh_passenger,385.0
1068434203->449565665#2,truck_truck,118.0
1260485929#0->1214520074#1,veh_passenger,389.0
1226645408->511409188#0,veh_passenger,249.0
-1222703383->47088302#1,veh_passenger,264.0
1125986386->1337115429,veh_passenger,461.0
1100626103#1->499566574#1,veh_passenger,263.0
12247569->40138633#1,veh_passenger,3386.0
11631594#3->-1332638368#0,veh_passenger,802.0
-33683346#0->39920550#2,bus_bus,202.0
-40140017#2->50323229#3,veh_passenger,312.0
238219449->-1290439817#0,veh_passenger,289.0
-240666072#1->-1214520079,veh_passenger,74.0
39763700#2->1068144844,bus_bus,3333.0
-40109239->985133427,veh_passenger,466.0
-40036009#1->-1125986375#0,veh_passenger,368.0
654297637#1->-449565665#2,bus_bus,337.0
-1125986385#1->499566574#3,veh_passenger,110.0
1255099064->-39921672,veh_passenger,118.0
1068144845#3->9704194#4,veh_passenger,129.0
279209078->178583140#1,veh_passenger,2801.0
-39920593#2->40138239#4,veh_passenger,61.0
-40138633#0->-405382146#1,veh_passenger,531.0
-1067928305#0->47225638#4,veh_passenger,309.0
-1067928307#0->40115810#0,veh_passenger,117.0
-1125986377#2->178583148#0,veh_passenger,306.0
39763700#2->39920593#5,veh_passenger,3191.0
-654297633->-1260485930#1,veh_passenger,218.0
-521705694#1->490474063#5,veh_passenger,410.0
-1335304386#0->413789558#0,veh_passenger,613.0
39763700#3->428730818#1,veh_passenger,246.0
-1068144846#0->-39921672,bus_bus,370.0
515130027->335802680,veh_passenger,407.0
-1068144847->-479863106#1,veh_passenger,151.0
521705694#1->-1332638368#0,veh_passenger,239.0
-50323229#13->-1204070283#1,veh_passenger,337.0
-238219441#2->1260485931#1,veh_passenger,166.0
39838520#0->-40036009#1,veh_passenger,1798.0
511404875->-50323229#9,veh_passenger,396.0
178702243#1->1332638391#0,veh_passenger,297.0
39838657#1->-564273553#3,veh_passenger,44.0
421846558#0->-178702258#0,bus_bus,109.0
1196008692#1->900399275,veh_passenger,96.0
1068074792->428730800,veh_passenger,443.0
513082635#0->515123442#4,veh_passenger,41.0
1214520074#2->-1323097580#0,veh_passenger,341.0
39763700#1->-1125986377#0,veh_passenger,2340.0
-40139504#1->1064476618#0,veh_passenger,156.0
654530820#0->564273553#2,veh_passenger,231.0
40035904#0->240666069#1,veh_passenger,476.0
232920701->-1201484855,veh_passenger,365.0
39366819#0->39838691#5,veh_passenger,37.0
178441748#0->-474143552#0,veh_passenger,212.0
1204070282->1068144845#2,veh_passenger,421.0
1068434256#1->40139504#0,veh_passenger,2593.0
47088302#1->1068434256#0,veh_passenger,332.0
39763700#6->451728952#4,veh_passenger,3058.0
39920684#4->1067953246,truck_truck,490.0
1125986386->381945549#1,veh_passenger,514.0
39838657#0->1064476624,veh_passenger,3588.0
47267011#2->39838630#2,veh_passenger,213.0
-142741729#0->1068434202,veh_passenger,174.0
39920684#4->1234244925#2,veh_passenger,352.0
1100626103#1->1068434208#1,veh_passenger,349.0
-40035606#0->1337646275,veh_passenger,467.0
150928465->-838061037,veh_passenger,278.0
490474063#1->-1068916339,veh_passenger,134.0
39920550#10->-1326193810,veh_passenger,130.0
-40109290#3->24621218#0,bus_bus,295.0
40035325#1->450616334#1,bus_bus,361.0
-437445540->1337646271#0,veh_passenger,222.0
178583145->-474143552#4,veh_passenger,122.0
178583140#0->10628429,veh_passenger,1479.0
511404874#1->50323226,veh_passenger,350.0
-1260485931#1->1290439817#1,truck_truck,325.0
488788636#0->39838691#5,veh_passenger,206.0
-10628444#1->1211151636,veh_passenger,298.0
479863106#0->511404874#1,veh_passenger,150.0
985133427->9832326#2,truck_truck,247.0
39920550#3->511404878,veh_passenger,345.0
1260481154->335802675,veh_passenger,587.0
-1068144845#1->24576922#2,veh_passenger,388.0
39920550#8->-1125986385#0,veh_passenger,385.0
-509646056->-654297629#2,veh_passenger,239.0
-39838691#10->33683458#1,veh_passenger,2552.0
-40035904#1->856175964,veh_passenger,236.0
39763700#0->47087992#4,veh_passenger,2041.0
509646144->1335304373#0,veh_passenger,136.0
521701859->1068434205,veh_passenger,225.0
40115810#1->-1260485929#3,bus_bus,101.0
1332638391#0->1068434258,veh_passenger,93.0
-39838984#1->178583148#2,veh_passenger,269.0
39920505#6->-451728952#5,veh_passenger,593.0
10628444#1->39920593#5,bus_bus,229.0
1201484855->1064476620#1,veh_passenger,1812.0
15419875#0->-39838691#9,veh_passenger,262.0
449565665#0->488788636#1,veh_passenger,1215.0
1273251152->-654297633,veh_passenger,113.0
1273251152->564273553#2,veh_passenger,404.0
-33683346#1->1068434205,veh_passenger,263.0
-178723097#0->-428730807,veh_passenger,227.0
521708587#1->1254633077#1,veh_passenger,2423.0
1324405511->428730793#1,veh_passenger,499.0
1214520078->-1125986378#1,veh_passenger,137.0
39920505#9->515040940#0,veh_passenger,1735.0
15420532->1074409255#3,veh_passenger,416.0
900279886->1337646271#1,veh_passenger,410.0
-1068144846#1->-654297634,veh_passenger,459.0
40035606#2->1323097579#0,veh_passenger,260.0
1260485931#1->50323229#6,veh_passenger,174.0
47087366#0->513087670,veh_passenger,327.0
-515136608->-521701857,veh_passenger,290.0
1068144848#0->40139708,veh_passenger,379.0
12247569->438354815,veh_passenger,243.0
40035606#1->1125986373#3,veh_passenger,302.0
-1125986378#1->9832326#1,veh_passenger,226.0
12262310#0-AddedOffRampEdge->12247569,veh_passenger,382.0
-1068144845#2->511409187,veh_passenger,567.0
-40035606#3->515126385#1,veh_passenger,486.0
-147711065#0->-1068144849#2,bus_bus,468.0
-1067928307#3->10250021#4,veh_passenger,319.0
-39921531->654297629#3,veh_passenger,440.0
-39838751#2->-450616334#1,veh_passenger,344.0
-240666072#2->47267007#1,veh_passenger,211.0
-39838691#3->-47267010,veh_passenger,113.0
-654297629#1->47087992#4,veh_passenger,1729.0
-654297637#1->40109290#2,veh_passenger,203.0
1337646271#0->33683458#2,veh_passenger,384.0
488788633#0->813852683,bus_bus,597.0
-1335304377->47087366#1,bus_bus,244.0
15419971#0->15419971#1,veh_passenger,10.0
1231065644->1068144848#0,veh_passenger,184.0
513082640->513087668,truck_truck,257.0
1214520074#0->1068144845#2,veh_passenger,324.0
9704194#1->460316444,veh_passenger,423.0
1204070283#1->475044040#4,veh_passenger,258.0
1260485931#0->-40297715#3,veh_passenger,307.0
521704040->-1201484855,veh_passenger,135.0
-10748036->47087992#4,veh_passenger,452.0
47087992#1->521701860,veh_passenger,264.0
178583148#0->-10628442#1,veh_passenger,229.0
1222703384#0->-1292541108,veh_passenger,218.0
-1272337500->-488788633#0,truck_truck,592.0
515123442#1->654297629#4,veh_passenger,569.0
50323229#0->1290456019,veh_passenger,402.0
24621218#2->-1068144849#0,veh_passenger,913.0
1260485931#1->40322293,veh_passenger,387.0
-40035606#0->511409188#1,veh_passenger,305.0
515130027->482569917#1,veh_passenger,348.0
1067928305#2->-39838691#8,veh_passenger,150.0
39763700#0->15419875#0,veh_passenger,2739.0
24577455#2->1323097577,veh_passenger,270.0
1324405519->40036062#1,veh_passenger,138.0
513082641#0-AddedOffRampEdge->-573632774,veh_passenger,282.0
39920505#7->-1125986374,veh_passenger,252.0
39838657#3->-257421487#0,veh_passenger,328.0
-564273553#2->-33683346#2,truck_truck,1975.0
47087992#2->1260485929#1,veh_passenger,357.0
178702258#0->39920593#2,veh_passenger,378.0
39838630#1->-687878722#0,veh_passenger,339.0
10628430->47267007#1,veh_passenger,642.0
-39920593#3->509524225,veh_passenger,473.0
147711065#2->39838984#0,veh_passenger,160.0
1214520074#4->10748036,bus_bus,204.0
509647506->39920684#6,veh_passenger,300.0
509524227#0->1067953239#0,veh_passenger,295.0
40035325#1->10748045#1,veh_passenger,94.0
11631594#0->-40036009#3,truck_truck,336.0
-1214520068->39920550#4,veh_passenger,889.0
1273405490->511187811,veh_passenger,360.0
1226645409->-40297715#2,veh_passenger,292.0
-1068916339->-40140017#2,veh_passenger,91.0
-238219449->968332509,bus_bus,347.0
40036009#0->335802675,veh_passenger,292.0
10629709#1->475044040#2,veh_passenger,133.0
40036062#0->10628442#0,veh_passenger,251.0
50323229#6->40139504#0,truck_truck,239.0
1068144846#2->13909444#1,veh_passenger,132.0
12262310#0-AddedOffRampEdge->1074409255#3,veh_passenger,176.0
47087992#5->1068434201,bus_bus,321.0
39838691#2->9704194#3,veh_passenger,254.0
40035325#1->488788626#3,veh_passenger,87.0
160078084->-474143552#6,veh_passenger,95.0
900287035->-10250021#2,veh_passenger,250.0
475044040#4->39920505#5,veh_passenger,121.0
-968332509->178723097#1,veh_passenger,756.0
-1254816455->564273553#3,veh_passenger,684.0
1067953247#0->1125986387,veh_passenger,367.0
515123438->178583140#1,veh_passenger,186.0
-232920701->428730793#1,veh_passenger,363.0
-1214520079->147711065#2,veh_passenger,638.0
47267011#0->-40297715#1,veh_passenger,433.0
39920505#8->-10628444#0,truck_truck,149.0
39921025#3->39366819#0,bus_bus,694.0
1068434256#1->-10628442#1,veh_passenger,281.0
12262310#0->1335304385,veh_passenger,147.0
40297647#0->39838520#3,veh_passenger,269.0
1255099069->654297629#4,veh_passenger,860.0
1064476624->1214520072,veh_passenger,1294.0
1234244927#1->178699054,veh_passenger,430.0
-1068144848#0->39838691#3,veh_passenger,345.0
1074409232#0->1074771163#1-AddedOffRampEdge,veh_passenger,271.0
40036009#3->1222703383,bus_bus,116.0
39086240-AddedOffRampEdge->9704194#3,truck_truck,297.0
1323097580#0->39838691#7,veh_passenger,265.0
178583155->39838657#0,veh_passenger,528.0
1273251150#0->240666072#2,veh_passenger,467.0
-1067928305#0->-47267007#0,veh_passenger,327.0
499566573->654297633,veh_passenger,109.0
513272950#1->1118804256#0,veh_passenger,236.0
-33683346#1->510107701,veh_passenger,383.0
39838657#3->509646059,veh_passenger,230.0
178702243#1-AddedOnRampEdge->39920011#1,veh_passenger,379.0
-33683346#0->-40035325#2,veh_passenger,93.0
40138239#1->1064398309#1,veh_passenger,62.0
40140141#3->822782498,bus_bus,115.0
478286980#1->985133430,veh_passenger,407.0
232920701->1211151638,veh_passenger,258.0
12262310#0-AddedOffRampEdge->438354815,veh_passenger,326.0
515123438->1068434208#1,veh_passenger,144.0
-14924729#3->-1214520076,veh_passenger,89.0
1335304372->-405382146#0,veh_passenger,490.0
47267007#0->47225638#4,veh_passenger,268.0
1323097580#1->1068144847,bus_bus,485.0
39838691#7->-39921531,veh_passenger,2600.0
-654297632#0->-1260485930#1,veh_passenger,134.0
-474143552#5->1100626103#3,veh_passenger,163.0
-450616334#1->10628444#0,veh_passenger,193.0
1064476620#3->39366819#0,veh_passenger,538.0
515136609->1260481153,veh_passenger,283.0
39763700#3->1068434199,veh_passenger,100.0
39366819#1->1074771170,veh_passenger,148.0
15419875#0->47225638#0,veh_passenger,268.0
-39920593#5->513082635#0,veh_passenger,271.0
1068434206->-39920593#2,veh_passenger,187.0
1068144844->-238219441#2,veh_passenger,323.0
39920593#1->475044040#0,veh_passenger,53.0
-24576913#0->1260485931#0,veh_passenger,805.0
521705694#1->428730813#1,veh_passenger,297.0
39763700#4->521704031#0,veh_passenger,119.0
-654297632#0->488788626#1,bus_bus,232.0
39838630#2->142741729#1,veh_passenger,264.0
509524271->490474063#7,bus_bus,543.0
666886082#0->-488788637#1,veh_passenger,402.0
39920550#13->1068434199,veh_passenger,315.0
1298335703->39921192#1,veh_passenger,228.0
39921025#4->-39838691#5,veh_passenger,340.0
490474063#4->40140141#5,veh_passenger,200.0
39920684#3->169562956,veh_passenger,198.0
50323229#9->1067953246,veh_passenger,530.0
856175964->451728952#3,veh_passenger,250.0
475044040#3->1068916335,veh_passenger,151.0
-900279886->654297629#4,truck_truck,1115.0
39920593#1->513272951#0,veh_passenger,1930.0
24621218#4->511404878,veh_passenger,528.0
1260481150->-39838691#1,veh_passenger,334.0
-1068144849#1->1326193809,veh_passenger,476.0
178583148#0->-479863106#1,bus_bus,1636.0
142741729#0->39838751#2,veh_passenger,1107.0
1214520070->1068434206,veh_passenger,38.0
488788637#0->521708587#0,veh_passenger,327.0
-1290439817#1->654297629#0,veh_passenger,206.0
488788637#1->24621218#4,veh_passenger,221.0
515136608->1068144845#2,veh_passenger,122.0
238219472#0->1068434168,veh_passenger,487.0
39920550#8->654297634,truck_truck,382.0
490474063#4->1067953246,truck_truck,510.0
513082641#0-AddedOffRampEdge->1272548721,veh_passenger,321.0
1297720368->1273251152,veh_passenger,363.0
335802695->-39838657#1,veh_passenger,297.0
-178723097#0->178699056#3,truck_truck,162.0
39921673#1->40140141#11,veh_passenger,389.0
509524225->40138633#0,veh_passenger,446.0
499566573->-1297720367,bus_bus,259.0
654297633->1254633077#0,veh_passenger,206.0
1204070283#1->10748045#1,veh_passenger,321.0
238219443->1332638368#1,veh_passenger,295.0
-1332638368#1->-10628444#0,veh_passenger,198.0
1292578228-AddedOnRampEdge->-39838691#3,veh_passenger,441.0
1273251150#1->475044040#0,veh_passenger,86.0
-39838657#2->1067928306#0,veh_passenger,195.0
-1015424648->-39921673#0,veh_passenger,267.0
968332513#1->1222181934,veh_passenger,218.0
-460316444->40035606#1,veh_passenger,259.0
-422842976->13909444#5,veh_passenger,106.0
1207401652#0->564273552,veh_passenger,182.0
-39838691#7->-24576913#0,truck_truck,398.0
511187810->511404880#1,veh_passenger,222.0
1222181937->40297647#0,bus_bus,462.0
-474143552#2->474143552#5,bus_bus,52.0
1337646270->12247568#1,veh_passenger,123.0
1211151637->240666072#1,veh_passenger,337.0
257421487#0->335802664,veh_passenger,589.0
-1236283454->1323097575#2,veh_passenger,27.0
49224804#0->1125986373#3,veh_passenger,279.0
1068434203->238219441#1,veh_passenger,354.0
40140141#2->-39838530,veh_passenger,1285.0
-50323229#3->511404873#1,veh_passenger,554.0
39920550#3->-1332638368#2,veh_passenger,411.0
900279886->232920697,veh_passenger,171.0
-1067953246->40297885#1,veh_passenger,254.0
147711065#1->1214520073#1,veh_passenger,1410.0
511409856#1->-515040940#0,bus_bus,376.0
1068144846#2->513082638,bus_bus,77.0
509646053#0->-40140017#1,bus_bus,203.0
1100626103#1->-1068916338,bus_bus,266.0
40140141#10->-474143552#0,truck_truck,268.0
1323097580#0->40109290#1,veh_passenger,186.0
-238219441#2->-40140017#1,veh_passenger,38.0
509646063#1->10628444#1,veh_passenger,64.0
-654297629#0->40297885#1,veh_passenger,2472.0
509646057#0->-564273553#4,veh_passenger,235.0
1234244927#0->-40297715#3,veh_passenger,702.0
39838751#0->-900279869,truck_truck,201.0
335802695->1234244927#1,veh_passenger,297.0
449565665#2->511187808#4,veh_passenger,1937.0
1254816452->257421487#0,bus_bus,393.0
-488788630#0->428730813#3,veh_passenger,30.0
975216739->-1323097577,veh_passenger,332.0
-40297715#2->687878725,veh_passenger,529.0
654297629#3->15419875#0,veh_passenger,2746.0
666886086#2->1125986385#1,bus_bus,1611.0
509524229->-40035904#2,veh_passenger,374.0
1064476623->-1100626088,veh_passenger,190.0
39920505#2->478286980#1,veh_passenger,605.0
-437445539#1->-147711065#0,veh_passenger,2919.0
39838691#2->-1125986379#0,veh_passenger,2788.0
47223733->1298335704#0,veh_passenger,244.0
490474063#0->47157282#0,veh_passenger,563.0
511187808#2->-1067928307#2,veh_passenger,167.0
142741729#1->1290439817#1,bus_bus,754.0
-12247569->39920505#3,veh_passenger,2711.0
47223733->1297720367,veh_passenger,296.0
-40139708->47087993#3,veh_passenger,676.0
515126385#2->39839275,veh_passenger,571.0
413789558#1->1231065654,veh_passenger,265.0
509646056->-1332638391#1,truck_truck,57.0
-654297629#0->1214520073#1,truck_truck,2338.0
-1201484855->1067852461,veh_passenger,1565.0
-1290439817#1->515123442#3,veh_passenger,312.0
11631594#0->178699049,veh_passenger,514.0
12262310#0->39838657#2,veh_passenger,670.0
1326193809->488788626#3,veh_passenger,175.0
1323097575#0->-39921531,veh_passenger,106.0
967993112#0->968332513#0,veh_passenger,345.0
437445542->428730813#3,veh_passenger,37.0
975216740->490474063#1,veh_passenger,253.0
490474063#4->515123439,veh_passenger,619.0
1211151638->47224972#0,veh_passenger,62.0
13909444#6->1298335704#1,veh_passenger,318.0
40035606#0->-654297637#2,bus_bus,226.0
1335304386#1->-449565665#0,veh_passenger,1013.0
40138239#2->-240666072#0,veh_passenger,390.0
511404877->-1067928305#1,veh_passenger,140.0
-147711065#2->499566574#2,veh_passenger,741.0
40297715#1->178702258#1,veh_passenger,327.0
24577522#3->-40035606#2,veh_passenger,265.0
39838657#1->-40297715#3,veh_passenger,2546.0
-451728952#1->-1068144848#1,veh_passenger,54.0
-1332638368#0->1323097575#1,veh_passenger,397.0
39921672->-1125986378#0,veh_passenger,158.0
1260481155->490474063#0,veh_passenger,282.0
-1323097580#0->-39921531,veh_passenger,257.0
-1335304386#1->39920550#3,veh_passenger,137.0
511187808#0->-39838691#1,veh_passenger,44.0
-1322916760#2->13909444#0,veh_passenger,337.0
1254816453#1->39920011#1,veh_passenger,249.0
1332638368#1->515136604,truck_truck,321.0
1068434200#1->-1074771160,veh_passenger,1161.0
-50323229#10->1064398309#1,veh_passenger,116.0
1125986373#0->-428730813#1,veh_passenger,558.0
509646052->24576913#1,bus_bus,1624.0
-1211151638->1075505400#1,veh_passenger,472.0
521713925->1260485930#1,veh_passenger,267.0
-40109290#5->-1273251150#0,veh_passenger,61.0
-856175964->40138633#2,veh_passenger,363.0
521701860->39920011#1,veh_passenger,249.0
-10628429->654297629#2,veh_passenger,1121.0
-14924729#0->1260485929#0,veh_passenger,174.0
40138633#3->-33683346#2,veh_passenger,135.0
-1260485929#2->-178723097#1,veh_passenger,807.0
47157282#0->1204070283#0,veh_passenger,63.0
47087992#4->-653860562,veh_passenger,335.0
1074409256#2->1015424648,veh_passenger,244.0
-1201484855->-40035325#0,veh_passenger,1577.0
967985513#1->1075505400#2,veh_passenger,761.0
511187811->1075505400#0,veh_passenger,388.0
-1292568612->40139708,bus_bus,295.0
1074771163#1->40109290#0,veh_passenger,242.0
-39920593#3->428730807,veh_passenger,574.0
521701860->511187821,veh_passenger,303.0
1254816453#1->1335304373#0,veh_passenger,116.0
1196008692#0->40140017#0,veh_passenger,378.0
24577455#1->-451728952#3,veh_passenger,300.0
666886086#1->-900279886,veh_passenger,139.0
475446753->1068434199,veh_passenger,600.0
-1067928305#1->-1335304385,veh_passenger,289.0
653860562->9704194#2,veh_passenger,1550.0
24577522#1->40140141#5,veh_passenger,1814.0
-40138633#3->-1211151635#0,veh_passenger,548.0
-1332638391#2->654297633,veh_passenger,267.0
39920550#10->515130025,veh_passenger,240.0
39874516->1226645409,veh_passenger,733.0
-40138633#1->1214520074#4,veh_passenger,431.0
1335304375->9792174#1,veh_passenger,488.0
515136608->40140141#9,veh_passenger,166.0
47087992#3->1068434256#0,veh_passenger,231.0
-687878722#1->1298335702,veh_passenger,262.0
-10628429->47157282#0,truck_truck,185.0
-422842976->178583167#1,veh_passenger,367.0
-40035325#2->39920505#0,veh_passenger,160.0
413789557->1067928307#3,bus_bus,89.0
39921025#7->761486028#1,veh_passenger,463.0
1074409255#2->-1226645407,veh_passenger,263.0
1323097575#0->-437445539#0,veh_passenger,875.0
178702258#0->83563455,veh_passenger,335.0
178702250->1260485929#3,bus_bus,244.0
515123442#3->401226926#0,veh_passenger,350.0
-50323229#0->39920505#13,veh_passenger,276.0
1260481154->515126385#0,veh_passenger,258.0
666886082#0->39920011#2,veh_passenger,408.0
-147711065#2->-1260485931#1,veh_passenger,276.0
1118804250->1290456019,veh_passenger,1172.0
968332513#0->511409187,veh_passenger,2102.0
-40297715#3->-1125986377#1,veh_passenger,175.0
335802695->240666072#1,veh_passenger,859.0
39920684#5->509524227#0,veh_passenger,485.0
1214520074#4->39838984#0,veh_passenger,207.0
-10629474#1->666886082#1,bus_bus,623.0
13909444#0->1214520074#1,bus_bus,269.0
1273251150#1->-40138633#2,veh_passenger,40.0
-9374529#1->40138633#1,veh_passenger,323.0
687878722#0->-1332638368#2,veh_passenger,254.0
1234244925#0->10628444#0,truck_truck,497.0
240666069#1->564273552,veh_passenger,138.0
47267007#1->178583148#1,veh_passenger,302.0
40035606#3->-654297632#2,bus_bus,207.0
488788629->39920684#6,veh_passenger,168.0
1332638391#1->1254633078#1,veh_passenger,321.0
-1222703383->474143552#6,veh_passenger,184.0
40115810#1->-39838691#10,veh_passenger,127.0
1421564739->654297635#0,veh_passenger,336.0
1068144846#2->178441748#0,veh_passenger,205.0
1100626087->39920505#12,veh_passenger,689.0
47087366#1->39920505#8,veh_passenger,280.0
1234244927#0->515130028#1,veh_passenger,476.0
50323229#7->1260485931#0,veh_passenger,217.0
24621218#0->1332638391#2,veh_passenger,238.0
1125986375#1->40035606#1,veh_passenger,313.0
488788626#2->1235501860,veh_passenger,108.0
39921025#3->39838691#9,bus_bus,616.0
515126385#4->238219472#3,veh_passenger,389.0
1273405490->39921673#1,veh_passenger,230.0
-451728952#1->40297715#2,veh_passenger,286.0
232920701->-654297637#1,veh_passenger,444.0
-33683458#1->-39920593#1,veh_passenger,107.0
-40140017#1->-1204070283#0,veh_passenger,196.0
-654297629#6->509646062,bus_bus,1313.0
1068144846#2->479863106#0,veh_passenger,192.0
-1323097580#1->39838984#1,veh_passenger,313.0
-169562956->1335304385,veh_passenger,177.0
509646053#1->47267011#0,veh_passenger,444.0
-47267010->1273251151,veh_passenger,2219.0
-1237953494->178583148#1,veh_passenger,369.0
488788636#0->967993112#1,veh_passenger,238.0
-451728952#3->488786523,veh_passenger,60.0
-50323229#10->47088302#0,veh_passenger,90.0
-10250021#4->687878722#1,veh_passenger,496.0
1292578260->47267011#1,bus_bus,708.0
-1118804250->-39920593#2,veh_passenger,341.0
-515126385#2->-238219441#2,bus_bus,355.0
428730813#1->178699056#0,truck_truck,361.0
488788626#3->465144361,veh_passenger,66.0
-1326193809->-488788630#1,bus_bus,671.0
-39920593#5->47087993#5,veh_passenger,622.0
-1125986379#0->-33683346#0,veh_passenger,402.0
-39838691#3->-1297720376#1,veh_passenger,2944.0
40036009#1->-474143552#3,veh_passenger,207.0
-142741729#1->509647506,veh_passenger,258.0
40109239->515126385#0,veh_passenger,494.0
-10628430->-564273553#2,veh_passenger,172.0
-39838751#2->509646052,veh_passenger,301.0
24621218#1->1074409256#2,veh_passenger,288.0
47225638#3->1100626103#0,veh_passenger,183.0
-1335304373#2->1125986377#0,veh_passenger,171.0
24577522#2->499566574#2,veh_passenger,356.0
39920550#10->509524271,veh_passenger,783.0
-422842976->1337646270,veh_passenger,219.0
178702258#2->654297629#6,veh_passenger,569.0
-1067953246->1332638368#2,veh_passenger,278.0
39921025#7->1068434257,veh_passenger,348.0
39920684#2->-1125986379#1,veh_passenger,153.0
-1332638368#1->39920550#12,veh_passenger,271.0
511409188#0->-40035325#1,veh_passenger,446.0
1235501860->-10629474#0,truck_truck,324.0
564273553#2->-1335304371,veh_passenger,2165.0
488788630#0->47223733,veh_passenger,262.0
-428730813#2->-238219441#1,bus_bus,393.0
39839093->-8887999#0,truck_truck,580.0
1290439817#0->40140141#11,bus_bus,298.0
39920550#2->10628442#3,veh_passenger,232.0
666886081->39838691#7,veh_passenger,274.0
451728952#3->178583148#0,veh_passenger,257.0
654297629#3->401226926#1,veh_passenger,2433.0
-40297715#1->-478286980#1,bus_bus,395.0
1068916335->-47087366#2,veh_passenger,180.0
-10628442#2->-405382146#0,veh_passenger,357.0
12247568#1->654297633,veh_passenger,324.0
39920505#8->1322916760#2,veh_passenger,507.0
521705695->-40140017#3,veh_passenger,217.0
1322916760#1->-40140017#3,veh_passenger,252.0
178699054->1254816453#1,veh_passenger,400.0
-687878722#0->-1335304373#1,bus_bus,293.0
47224972#0->1068916335,veh_passenger,182.0
1273405490->-40138633#3,veh_passenger,111.0
39921025#4->1068916335,veh_passenger,192.0
381945551->-1125986375#0,veh_passenger,336.0
474143552#5->47087992#4,veh_passenger,433.0
-47267010->-39838657#1,veh_passenger,164.0
513272949->1226645410,veh_passenger,242.0
39366819#0->47225638#4,veh_passenger,426.0
521708587#1->-1125986378#0,veh_passenger,441.0
1272548721->1211151635#0,veh_passenger,198.0
8887999#0->240666069#1,veh_passenger,492.0
-40139504#0->856175963,veh_passenger,159.0
511187808#1->1332638391#2,veh_passenger,153.0
478286980#1->-50323229#11,veh_passenger,570.0
490474063#5->1326094888,veh_passenger,785.0
40297885#2->428730818#2,veh_passenger,179.0
1298335703->47087993#5,veh_passenger,144.0
422842976->-1214520079,veh_passenger,26.0
40035325#0->838061038,veh_passenger,394.0
1326094888->515123442#4,veh_passenger,296.0
1323097578->488788626#1,veh_passenger,159.0
240666069#1->515124965#2,veh_passenger,199.0
9374529#1->-1125986377#2,veh_passenger,190.0
509524226->10629474#0,veh_passenger,232.0
521701860->-1125986406#0,veh_passenger,677.0
24577522#3->-40035325#2,veh_passenger,215.0
13909444#5->-654297636,bus_bus,282.0
-257421487#0->515126304,veh_passenger,385.0
-654297634->1068916338,veh_passenger,240.0
39920011#3->1064476619,veh_passenger,434.0
47267007#1->1327579142,veh_passenger,408.0
40140141#6->335802664,veh_passenger,397.0
-1332638391#0->1323097580#1,veh_passenger,208.0
238219443->-10628442#0,veh_passenger,272.0
1068144847->515126385#4,truck_truck,165.0
654297629#5->24576913#1,veh_passenger,76.0
1125986385#1->-40140017#2,veh_passenger,117.0
-1260485929#3->515126302,veh_passenger,176.0
475044040#0->474143552#6,veh_passenger,168.0
-50323229#13->1322916760#1,veh_passenger,426.0
39838691#9->511404873#0,veh_passenger,206.0
1214520079->475044040#2,veh_passenger,225.0
1204070283#1->-449565665#1,veh_passenger,903.0
-1067928305#2->428730813#0,veh_passenger,289.0
39921673#0->-33683346#0,bus_bus,355.0
47087993#0->513082638,veh_passenger,277.0
-653860562->1272337500,veh_passenger,2276.0
1074409256#2->474143552#0,veh_passenger,2364.0
-437445539#0->-50323226,bus_bus,559.0
-40035325#1->-39838657#1,truck_truck,379.0
-40297715#0->-116831467,bus_bus,211.0
40138941#0->-474143552#1,veh_passenger,201.0
1067928307#0->39920505#8,veh_passenger,338.0
654297635#1->39921192#0,veh_passenger,237.0
511185049->-1326094888,veh_passenger,440.0
50323229#7->24576922#1,truck_truck,527.0
1075505400#1->515123438,veh_passenger,458.0
1068144845#3->40138941#2,veh_passenger,339.0
-1125986379#0->437445541#1,veh_passenger,592.0
513272950#1->-238219441#0,veh_passenger,259.0
-39366819#1->40140141#11,veh_passenger,206.0
40036009#1->-12247569,veh_passenger,525.0
1074409255#2->-10748045#0,veh_passenger,344.0
1067928305#1->39838657#2,veh_passenger,223.0
-39838751#1->40297715#2,veh_passenger,566.0
1273251152->-1297720367,veh_passenger,204.0
-40140017#0->-1067928307#0,bus_bus,604.0
475044040#2->511404873#1,truck_truck,248.0
-240666072#2->1323097579#2,veh_passenger,304.0
-1335304386#1->437445539#0,veh_passenger,635.0
-1068144848#1->1273251151,veh_passenger,429.0
11631594#1->1292578260,veh_passenger,410.0
511187811->1297720376#1,bus_bus,462.0
40139504#1->1064476619,veh_passenger,120.0
178702243#0->-1255099069,veh_passenger,366.0
-40140017#0->-856175964,veh_passenger,163.0
-1254816454->515124965#2,veh_passenger,284.0
1260481153->1068144845#1,veh_passenger,181.0
1234244926->10250021#4,veh_passenger,432.0
666886086#3->-224146621,veh_passenger,272.0
1118804257->1015424648,veh_passenger,334.0
-1125986377#2->1068434204,veh_passenger,134.0
178583144->-39838691#3,veh_passenger,256.0
488788630#2->654297636,veh_passenger,324.0
10628442#2->40138239#1,veh_passenger,291.0
687878722#0->-479863106#2,veh_passenger,377.0
14924729#1->39838691#7,veh_passenger,289.0
428730818#2->-50323229#6,veh_passenger,387.0
1335304375->513082640,veh_passenger,309.0
856175964->509646056,veh_passenger,190.0
39920011#3->1067852461,veh_passenger,294.0
1100626097->1260481153,veh_passenger,306.0
488788637#0->11631594#0,bus_bus,343.0
515124965#2->1064476622#0,veh_passenger,361.0
1067928305#2->856175962,veh_passenger,328.0
-39838691#1->178702253,veh_passenger,2778.0
-654297637#0->-147711065#1,truck_truck,173.0
40036009#2->39920684#5,veh_passenger,224.0
40297647#1->1068434202,veh_passenger,2634.0
-39921672->1290439817#1,veh_passenger,162.0
1214520078->1337646270,veh_passenger,173.0
-39838751#1->511187808#2,veh_passenger,731.0
-1338361263->72157792,bus_bus,2651.0
238219443->-39921673#1,veh_passenger,137.0
178583145->10250021#3,bus_bus,255.0
967985512->-654297629#0,veh_passenger,480.0
-39838657#0->-856175964,veh_passenger,228.0
666886081->-39838691#5,veh_passenger,631.0
-39920222->178699054,veh_passenger,123.0
1068144847->1214520076,veh_passenger,118.0
178441748#2->-40109290#3,veh_passenger,206.0
40109290#0->509646057#2,veh_passenger,317.0
-40035904#2->-573632774,veh_passenger,253.0
1326094888->856175964,veh_passenger,294.0
-39921531->564273553#4,veh_passenger,798.0
1214520068->-40036009#2,veh_passenger,3458.0
-10749498->1068434204,veh_passenger,232.0
515126302->-479863106#2,truck_truck,344.0
47224972#1->-488788637#1,bus_bus,251.0
13909444#5->-451728952#1,veh_passenger,144.0
428730793#1->900279886,veh_passenger,256.0
-1237953494->513082635#0,veh_passenger,418.0
405382146#1->515130026#0,veh_passenger,211.0
10628444#1->-1068144847,veh_passenger,184.0
12262310#0-AddedOffRampEdge->178702239#0-AddedOnRampEdge,veh_passenger,62.0
1074409255#0->40139708,veh_passenger,272.0
47224972#1->513272951#1,truck_truck,190.0
1254816455->40109239,veh_passenger,269.0
24576922#2->-1323097580#1,veh_passenger,122.0
1125986377#2->-40035325#0,veh_passenger,194.0
-50323229#15->654297630,veh_passenger,254.0
-1068434202->-10250021#3,veh_passenger,85.0
50323229#7->1323097575#1,veh_passenger,87.0
-1326193810->1297720376#1,veh_passenger,2681.0
509647506->1125986406#0,veh_passenger,223.0
39920684#4->-1326193809,veh_passenger,260.0
511409188#0->-1326193810,veh_passenger,211.0
1226645407->511187808#4,bus_bus,275.0
178702258#0->511409188#1,veh_passenger,73.0
1068434205->381945549#0,veh_passenger,280.0
-521705694#0->666886084#0,veh_passenger,508.0
1222181935->39838657#1,truck_truck,186.0
-1335304371->-1214520079,veh_passenger,335.0
509524230->1260485929#0,veh_passenger,348.0
39920011#2->-40035606#1,bus_bus,145.0
654297634->967985513#3,veh_passenger,399.0
40035606#1->-654297631,veh_passenger,134.0
1125986385#1->39838630#3,veh_passenger,758.0
40036062#0->-33683346#2,veh_passenger,112.0
511187808#2->439836130#0,veh_passenger,862.0
1335304386#1->1234244925#2,bus_bus,406.0
83563455->1234244925#2,veh_passenger,268.0
40297715#2->1260481154,veh_passenger,282.0
1118804257->1273405490,veh_passenger,540.0
515123442#4->-39920222,veh_passenger,271.0
-1254633077#0->1075505400#3,veh_passenger,724.0
11635095->1064476618#1,veh_passenger,316.0
-40036009#1->-50323229#13,veh_passenger,21.0
-8887999#0->687878725,veh_passenger,205.0
1068074793->521708587#1,veh_passenger,504.0
39920011#3->12247569,veh_passenger,637.0
-479863106#0->1323097576,veh_passenger,296.0
-428730813#3->178702253,veh_passenger,546.0
-1074771160->968332513#0,veh_passenger,2953.0
1204070281->178699058,veh_passenger,266.0
1226645409->1335304373#1,veh_passenger,234.0
-33683346#3->10628444#0,veh_passenger,222.0
40035325#1->40036062#1,veh_passenger,120.0
40035325#0->1068074792,veh_passenger,133.0
39763700#6->499566577#1,bus_bus,2966.0
-12247568#0->1068434208#0,veh_passenger,215.0
-50323229#14->40109290#4,bus_bus,59.0
-1125986378#1->50323229#5,veh_passenger,336.0
1064476623->488788636#1,veh_passenger,413.0
178441748#0->1260481155,veh_passenger,491.0
1326193809->10748045#0,veh_passenger,160.0
-39838630#2->-39838691#1,veh_passenger,67.0
654297633->515138054,veh_passenger,470.0
-47224972#1->-474143552#0,bus_bus,389.0
-39920593#3->-50323229#9,veh_passenger,90.0
1118804250->9374529#1,veh_passenger,460.0
13909444#6->240666069#0,veh_passenger,288.0
40138941#2->451728952#3,veh_passenger,390.0
178702253->515136607,veh_passenger,580.0
39366819#1->509524227#0,veh_passenger,165.0
1421367508->47087993#1,veh_passenger,257.0
-40138239#3->-1260485929#1,bus_bus,302.0
-39838751#1->-428730813#1,veh_passenger,416.0
509646055->-40109290#4,veh_passenger,317.0
1231065644->521701860,veh_passenger,306.0
-1273405490->499566577#0,veh_passenger,206.0
474143552#5->142741729#0,veh_passenger,129.0
-1068916338->49224804#1,veh_passenger,183.0
-401226926#1->10628429,veh_passenger,340.0
39920505#8->515124966,veh_passenger,416.0
147711065#0->11631594#2,veh_passenger,276.0
50323229#7->1068144845#1,veh_passenger,454.0
1100626103#1->-40109290#0,veh_passenger,102.0
15420532->654297631,veh_passenger,337.0
178699049->451728952#4,veh_passenger,246.0
479863106#0->666886082#0,veh_passenger,962.0
511404872->178699058,bus_bus,1105.0
-428730813#2->-1335304373#0,veh_passenger,336.0
40297715#0->666886082#0,bus_bus,595.0
856175964->-1335304386#1,veh_passenger,119.0
47087992#3->-1131969257,veh_passenger,865.0
1068144849#2->1125986377#1,veh_passenger,285.0
428730818#3->24576913#2,veh_passenger,467.0
521705694#0->1323097580#1,veh_passenger,293.0
-1335304377->24576913#1,veh_passenger,363.0
490474063#4->515123442#3,veh_passenger,287.0
47225638#3->521708587#1,veh_passenger,204.0
-1332638391#0->509646144,veh_passenger,190.0
513082635#0->-39838691#9,veh_passenger,446.0
24577455#2->1254816454,veh_passenger,134.0
1332638391#2->-14924729#1,veh_passenger,42.0
1322916760#1->1064476623,veh_passenger,786.0
1323097575#1->40035325#0,veh_passenger,57.0
-1125986377#1->1068916339,veh_passenger,105.0
-1292541108->40109290#1,veh_passenger,286.0
-10250021#4->1234244925#2,bus_bus,426.0
10749498->40140141#11,veh_passenger,328.0
-438516309->515126385#1,veh_passenger,382.0
47087993#5->460316444,veh_passenger,302.0
-50323229#15->511187815,veh_passenger,339.0
178699056#1->50323229#10,veh_passenger,2873.0
-1260485929#2->509646057#1,veh_passenger,116.0
40035606#3->1235501861#0,bus_bus,281.0
-488788633#2->-509646052,veh_passenger,177.0
1222703383->521704036,veh_passenger,653.0
654297632#0->666886085#0,veh_passenger,277.0
-687878722#1->-1254816455,veh_passenger,313.0
511404873#1->9704194#2,veh_passenger,680.0
-474143552#4->515130026#1,veh_passenger,309.0
511187821->900287035,truck_truck,440.0
-1067928307#2->-499566577#0,veh_passenger,272.0
68574202->-413789558#0,veh_passenger,237.0
1125986373#1->1064476623,veh_passenger,547.0
515126385#0->178583140#1,veh_passenger,286.0
-1323097580#1->-39920593#4,veh_passenger,159.0
511404880#1->50323229#5,veh_passenger,542.0
-40036009#1->654297628,truck_truck,599.0
-39838691#5->10629709#1,veh_passenger,2544.0
1323097575#1->33683458#0,veh_passenger,97.0
521704053->10628442#3,veh_passenger,2236.0
39920593#5->451728952#1,veh_passenger,383.0
499566574#1->-1067928305#2,veh_passenger,540.0
40138633#2->1125986385#0,veh_passenger,310.0
8887999#0->1074771170,veh_passenger,174.0
490474063#5->-1254816454,bus_bus,106.0
-39366819#1->509646054,veh_passenger,171.0
8887999#1->1260481153,veh_passenger,269.0
1204070282->40035325#0,veh_passenger,88.0
238219443->-8758061,bus_bus,558.0
-1211151638->-1260481154,veh_passenger,143.0
24621218#3->975216742,veh_passenger,231.0
39920011#3->654297629#0,bus_bus,290.0
1074409255#1->654297629#0,truck_truck,232.0
1125986373#0->1196008691#1,veh_passenger,376.0
-1125986378#1->-178723097#0,veh_passenger,515.0
39920684#5->521708587#1,bus_bus,432.0
40138633#0->1335304373#0,veh_passenger,100.0
40297647#1->10628444#2,veh_passenger,251.0
-1068144848#1->428730818#3,truck_truck,387.0
10628429->475044040#1,veh_passenger,251.0
40035325#1->238219446#1,veh_passenger,91.0
900279869->1068434208#0-AddedOffRampEdge,veh_passenger,67.0
1214520074#4->24621218#4,veh_passenger,313.0
511185049->-437445540,veh_passenger,366.0
39921025#2->39920593#3,veh_passenger,132.0
1254816442->39920593#0,veh_passenger,358.0
1235501861#2->521704040,veh_passenger,179.0
509524226->1100626103#1,veh_passenger,102.0
-240666072#1->968332513#1,veh_passenger,458.0
511187809->1068144845#0,veh_passenger,187.0
39920550#6->1335304371,veh_passenger,228.0
900279869->-1254633077#1,veh_passenger,376.0
-257421487#0->1064476618#0,veh_passenger,459.0
-1335304377->-1273251152,veh_passenger,258.0
1335304373#2->856175964,veh_passenger,164.0
1335304376#1->39838691#9,veh_passenger,322.0
47088302#1->381945551,bus_bus,511.0
1204070283#1->1068434201,veh_passenger,267.0
1327579131->1254816442,veh_passenger,3049.0
-142741729#1->39921192#0,veh_passenger,91.0
1323097575#2->511187809,veh_passenger,235.0
515040940#1->10748045#1,veh_passenger,193.0
-39838751#0->47087992#1,veh_passenger,558.0
10628444#2->47087993#3,veh_passenger,400.0
-39838691#8->40140141#9,veh_passenger,301.0
39921025#6->8758061,veh_passenger,388.0
-1074409256#0->1323097577,veh_passenger,3406.0
482569917#0->511404877,truck_truck,363.0
488788633#2->1005394020,truck_truck,247.0
-968332509->401226926#1,veh_passenger,226.0
428730813#2->-1068916335,veh_passenger,304.0
1254633077#0->1335304385,veh_passenger,189.0
-1068144845#3->1068916335,veh_passenger,263.0
39838691#5->1125986373#3,veh_passenger,2426.0
1327579142->-224146621,veh_passenger,378.0
511404880#1->511187821,truck_truck,74.0
-1332638391#2->509646063#0,veh_passenger,175.0
460316444->-405382146#1,veh_passenger,120.0
-47267007#0->1214520077,veh_passenger,150.0
39920550#5->-654297635#0,veh_passenger,332.0
428730813#2->1298335702,veh_passenger,122.0
509646057#1->474143552#5,veh_passenger,237.0
475044040#2->39920550#11,veh_passenger,184.0
-1125986374->1214520079,bus_bus,182.0
1323097575#1->-479863106#2,veh_passenger,203.0
515136603->-1254816452,veh_passenger,345.0
178702260->515130027,veh_passenger,326.0
-40035606#1->40036009#0,veh_passenger,126.0
509524230->178441748#2,veh_passenger,265.0
47267011#0->-178723097#0,truck_truck,286.0
39921025#0->40036009#0,bus_bus,351.0
39920011#1->1214520074#6,veh_passenger,629.0
1068074792->1254633077#1,veh_passenger,158.0
1222181935->1125986377#2,veh_passenger,55.0
1236283454->178583148#0,veh_passenger,252.0
1125986379#1->-40035325#0,veh_passenger,191.0
238219441#1->490474063#1,veh_passenger,371.0
-1323097577->33683346#2,veh_passenger,83.0
1068144844->488788633#1,veh_passenger,275.0
47053612->10748036,veh_passenger,356.0
761486028#0->1332638368#0,veh_passenger,104.0
1064476623->-515126385#1,bus_bus,211.0
10628430->-1068074793,veh_passenger,3806.0
1297720376#1->-1273251151,bus_bus,352.0
39920505#12->335802664,veh_passenger,461.0
-654297632#2->50323229#6,veh_passenger,210.0
39838691#7->900279886,veh_passenger,2157.0
437445541#1->-564273553#3,veh_passenger,77.0
-39838530->-232920701,veh_passenger,555.0
24576913#1->1211151639,veh_passenger,88.0
1068434206->509524225,veh_passenger,261.0
422842976->178699051#0,bus_bus,591.0
-1254633077#1->-474143552#0,veh_passenger,260.0
1254633077#0->39920505#7,veh_passenger,222.0
178699051#0->1260485931#1,veh_passenger,3388.0
1068144845#3->1074771163#1,veh_passenger,524.0
-1068144845#2->40138941#2,veh_passenger,355.0
654530820#1->654297629#1,veh_passenger,178.0
-39838751#1->-83563455,veh_passenger,266.0
1204070282->1204070281,veh_passenger,3528.0
474143552#5->-47267007#1,veh_passenger,763.0
11635146#0->666886085#0,veh_passenger,153.0
1068434203->1234244925#2,veh_passenger,155.0
-50323229#15->499566574#1,truck_truck,280.0
1292541108->178702250,veh_passenger,337.0
-40297715#2->511187808#4,veh_passenger,307.0
1290439817#1->1068144845#3,truck_truck,169.0
-39920593#1->-238219441#2,veh_passenger,258.0
24577455#2->1335304372,veh_passenger,185.0
47267011#2->-654297629#1,veh_passenger,132.0
654297631->40109290#1,veh_passenger,144.0
-40297715#1->856175963,veh_passenger,214.0
39838657#1->1272548721,veh_passenger,492.0
12247568#1->50323229#14,veh_passenger,416.0
1211151635#1->521701858,veh_passenger,143.0
666886084#0->-1074771160,veh_passenger,827.0
39920550#11->-1332638368#1,veh_passenger,331.0
40140017#0->24576922#0,veh_passenger,943.0
509524270->39920593#6,veh_passenger,200.0
521701858->39838882,veh_passenger,124.0
39920505#0->-761486028#1,veh_passenger,439.0
-413789558#1->985133430,veh_passenger,1029.0
654297633->413789557,veh_passenger,340.0
-39838691#8->-1338361263,veh_passenger,910.0
1237953493->178702261,veh_passenger,501.0
-1068916336->-1125986386,veh_passenger,770.0
-1118804250->-40109239,veh_passenger,423.0
12247569->509646057#1,veh_passenger,127.0
-488788629->515123442#3,veh_passenger,181.0
1368740247->1214520067,veh_passenger,830.0
-654530820#1->515040937,veh_passenger,366.0
488788626#0->39920593#1,veh_passenger,457.0
68574206->1125986377#2,veh_passenger,261.0
71269779->488788626#1,veh_passenger,3528.0
1290439818->511404875,veh_passenger,771.0
1297720367->-1323097580#0,bus_bus,155.0
39838691#10->1068434200#0,veh_passenger,125.0
513082635#0-AddedOffRampEdge->654297632#0,veh_passenger,331.0
515136604->-147711065#0,veh_passenger,1445.0
1272337500->-1068916335,veh_passenger,168.0
654530820#0->985675139,bus_bus,411.0
822782498->381945549#1,veh_passenger,323.0
-1335304386#0->1075505400#3,veh_passenger,845.0
39921672->813852683-AddedOnRampEdge,veh_passenger,358.0
513082635#0-AddedOffRampEdge->47087993#1,veh_passenger,256.0
475044040#1->-509646056,truck_truck,265.0
142741729#0->856175963,veh_passenger,161.0
490474063#8->50323229#15,veh_passenger,243.0
1222181934->-10748045#2,veh_passenger,274.0
666886086#2->1237953493,veh_passenger,3391.0
50323226->488788626#3,veh_passenger,146.0
-40035904#1->39838657#3,veh_passenger,1038.0
-730912750->-1332638368#1,veh_passenger,316.0
1214520067->967985512,veh_passenger,324.0
1233759524->-39920593#6,veh_passenger,447.0
40036009#2->40036009#2,veh_passenger,3.0
-33683346#0->40297715#0,veh_passenger,99.0
1222703382->-39921672,veh_passenger,52.0
-1255099069->488788630#0,veh_passenger,773.0
1125986379#0->40140141#9,veh_passenger,425.0
515136607->-40140017#1,bus_bus,389.0
50323229#0->178702239#0-AddedOnRampEdge,bus_bus,570.0
474143552#4->1068434208#0,veh_passenger,225.0
-39838691#6->1068434256#0,veh_passenger,85.0
178702258#1->39838530,bus_bus,387.0
-1068144848#0->-450616334#1,truck_truck,276.0
-47224972#0->1226645408,veh_passenger,247.0
654297630->1322916760#2,veh_passenger,377.0
1273405490->-10629474#0,veh_passenger,133.0
421846558#1->-39920222,veh_passenger,3130.0
1214520074#5->1235501861#2,veh_passenger,243.0
511404880#0->509524270,veh_passenger,29.0
178699051#1->1068144848#0,veh_passenger,503.0
509646057#0->40036009#1,veh_passenger,324.0
654297629#4->1272337500,bus_bus,2387.0
-838061037->-1332638368#0,veh_passenger,289.0
-50323229#5->666886084#1,veh_passenger,331.0
422842976->-761486028#1,veh_passenger,190.0
511404873#1->515130026#0,veh_passenger,727.0
654297635#0->515040937,veh_passenger,342.0
50323229#15->47087992#2,veh_passenger,394.0
822782498->10629474#0,truck_truck,150.0
488788637#1->437445539#0,veh_passenger,471.0
1254816453#0->-687878722#1,veh_passenger,672.0
-761486028#1->654297637#2,bus_bus,295.0
39920505#9->511187808#1,bus_bus,418.0
40109290#3->13909444#1,veh_passenger,499.0
11631594#0->40035904#2,veh_passenger,268.0
-1068144845#3->511404872,veh_passenger,792.0
654297629#5->83563455,veh_passenger,217.0
-39838751#0->1214520074#6,veh_passenger,470.0
437445541#0->564273553#2,veh_passenger,141.0
1068916339->511404878,truck_truck,328.0
39838657#3->515136607,veh_passenger,404.0
11635146#0->1335304373#0,bus_bus,160.0
39920550#11->488788626#1,veh_passenger,136.0
47225638#1->1064476620#3,veh_passenger,344.0
515130028#0->9833223,veh_passenger,260.0
1272337500->39921025#8,veh_passenger,373.0
1067928307#2->40035325#0,bus_bus,409.0
-1322916760#2->-40036009#3,veh_passenger,508.0
511404874#0->-405382146#1,veh_passenger,109.0
1118804250->33683346#3,veh_passenger,566.0
-838061038->40036009#3,veh_passenger,491.0
24576922#0->24577455#1,veh_passenger,112.0
488788626#1->15420801#2,bus_bus,339.0
40115810#1->-40138239#4,veh_passenger,461.0
-10628442#1->856175963,veh_passenger,61.0
653860562->-40035904#2,veh_passenger,3851.0
39838520#1->1068144844,veh_passenger,308.0
515123439->1068434202,veh_passenger,222.0
1326193809->1335304373#2,veh_passenger,169.0
1064476624->838061038,bus_bus,301.0
1064476622#0->-1131969257,veh_passenger,1138.0
521705694#0->39920505#7,veh_passenger,506.0
-33683346#2->40140141#6,veh_passenger,453.0
83428923#0->178702250,veh_passenger,319.0
39366819#0->47087992#0,veh_passenger,264.0
240666069#2->-856175964,veh_passenger,318.0
-564273553#3->39920593#6,veh_passenger,4381.0
511187808#0->33683346#0,veh_passenger,437.0
1254633077#0->9832326#1,veh_passenger,251.0
1125986373#2->40140141#10,veh_passenger,238.0
1064476625->-8887999#0,veh_passenger,457.0
421846558#0->654297629#3,veh_passenger,937.0
509646056->511405572,veh_passenger,250.0
39921192#0->1214520072,veh_passenger,198.0
-1335304373#1->1074771163#0,veh_passenger,1213.0
-33683458#1->1335304372,veh_passenger,121.0
1068434257->428730807,veh_passenger,200.0
-8887999#1->1068434199,veh_passenger,370.0
14924729#1->1207401652#1,bus_bus,255.0
-405382146#1->83428923#0,veh_passenger,189.0
-838061037->40140017#0,veh_passenger,359.0
1211151640->40138633#0,veh_passenger,4603.0
116831467->1211151639,veh_passenger,1354.0
10628429->515123442#4,veh_passenger,311.0
9704194#0->39920505#1,bus_bus,356.0
509524226->-40035904#1,veh_passenger,280.0
40035325#2->-40035992,veh_passenger,118.0
488788633#2->39838520#0,veh_passenger,145.0
-1278784167#1->47087993#3,veh_passenger,327.0
1323097576->-40035325#1,veh_passenger,108.0
-1335304373#1->39920593#4,veh_passenger,77.0
-405382146#1->1074409232#1,bus_bus,270.0
15419875#1->1064476624,veh_passenger,127.0
-12247569->-33683346#1,veh_passenger,1977.0
437445541#0->-451728952#4,bus_bus,245.0
-40035606#2->511187808#4,veh_passenger,470.0
39920550#2->1273251150#1,veh_passenger,333.0
-1297720376#1->509524226,veh_passenger,341.0
47224972#0->1064476619,veh_passenger,272.0
-437445542->-428730813#0,veh_passenger,64.0
39921025#4->515123439,veh_passenger,392.0
-1125986385#0->-39838657#2,veh_passenger,543.0
1323097575#2->178702258#0,veh_passenger,252.0
1125986406#1->666886084#0,veh_passenger,743.0
178723097#0->-488788630#0,veh_passenger,342.0
-1273251152->513272951#0,truck_truck,3351.0
511187823->-1332638368#0,veh_passenger,322.0
1272548721->39921025#3,veh_passenger,125.0
-1068144849#2->40035606#0,veh_passenger,412.0
39920505#12->39920550#1,veh_passenger,17.0
-428730813#0->1214520070,veh_passenger,154.0
1222703384#1->40035904#1,bus_bus,205.0
232920697->1226645410,veh_passenger,462.0
1237953494->1234244927#1,veh_passenger,283.0
39838520#0->8887999#2,veh_passenger,97.0
488788633#2->513272950#0,truck_truck,2096.0
1323097575#3->40109290#3,veh_passenger,130.0
-240666072#2->-449565665#3,veh_passenger,1329.0
-39838530->-1335304371,veh_passenger,431.0
-1125986377#1->10748045#2,veh_passenger,308.0
-147711065#0->564273553#0,veh_passenger,1656.0
513082632->-39838691#3,veh_passenger,663.0
-257421487#1->-40139504#0,veh_passenger,165.0
-856175964->1075505400#1,veh_passenger,1769.0
-653860562->-39366819#0,veh_passenger,1224.0
1337646274->654297628,veh_passenger,686.0
967985512->178583140#0,truck_truck,581.0
509646144->-40109290#4,veh_passenger,428.0
-178723097#1->1234244927#0,veh_passenger,281.0
-687878725->-1297720376#0,veh_passenger,284.0
-1204070283#1->-10628444#0,veh_passenger,76.0
24577522#0->-511404874#0,bus_bus,261.0
-1068074793->856175964,veh_passenger,172.0
838061037->-40297715#2,truck_truck,388.0
15525299->-10628442#1,veh_passenger,236.0
511404880#0->-14924729#3,veh_passenger,250.0
1067928307#0->-116783847,veh_passenger,344.0
-1323097580#1->730912750,bus_bus,1427.0
72157794->-9374529#1,truck_truck,288.0
-40138633#2->13909444#4,veh_passenger,620.0
-1214520068->40138941#2,veh_passenger,4688.0
-39838657#2->515130028#1,veh_passenger,368.0
1067953239#0->24577522#3,veh_passenger,312.0
-564273553#2->40138941#1,veh_passenger,4677.0
511187808#4->-479863106#1,veh_passenger,207.0
24576913#2->-47267007#0,veh_passenger,153.0
1332638368#0->40140141#7,veh_passenger,96.0
1068434204->160077493,veh_passenger,770.0
1068144849#0->40036009#0,veh_passenger,489.0
-40138239#4->-40035904#0,veh_passenger,184.0
-40035606#2->15420801#3,bus_bus,261.0
40035904#1->1214520073#0,veh_passenger,252.0
499566574#0->-564273553#2,veh_passenger,1199.0
1068144845#0->-39838630#2,veh_passenger,263.0
499566574#1->1323097575#3,bus_bus,109.0
511187812->240666069#2,veh_passenger,1577.0
1337646274->-240666072#1,veh_passenger,392.0
511404874#1->83428923#1,veh_passenger,312.0
1237953497->39838691#5,veh_passenger,254.0
1125986377#1->39921025#9,veh_passenger,315.0
-1067928307#2->-238219441#2,veh_passenger,295.0
822782498->513082632,veh_passenger,385.0
437445540->33683458#1,veh_passenger,373.0
1292541108->-50323229#5,veh_passenger,524.0
-40109290#0->50323229#7,veh_passenger,52.0
479863106#0->509646063#0,veh_passenger,128.0
1322916760#1->-1068144846#2,veh_passenger,325.0
1332638368#2->515040940#0,veh_passenger,630.0
1214520071->1131969257,veh_passenger,970.0
15420525->1233759524,veh_passenger,259.0
654297629#1->39920011#3,veh_passenger,4288.0
-39838691#2->1067928305#2,veh_passenger,205.0
1335304374->39838751#0,veh_passenger,605.0
1068144845#1->-479863106#1,veh_passenger,154.0
900399276->511185049,veh_passenger,339.0
488788636#1->-33683458#2,veh_passenger,1419.0
1254633078#1->515136608,veh_passenger,619.0
509646052->39920550#7,veh_passenger,246.0
-654297635#1->50323229#3,bus_bus,180.0
-413789558#0->1335304373#1,veh_passenger,4277.0
39921025#7->499566574#1,veh_passenger,339.0
1068434202->-1254633077#0,veh_passenger,340.0
33683346#1->-142741729#1,veh_passenger,225.0
401226925#1->1327579142,bus_bus,279.0
-1125986378#0->-14924729#1,veh_passenger,104.0
-39838691#0->-47224972#0,veh_passenger,246.0
-39838691#7->-1260485931#0,veh_passenger,4943.0
1327579142->1332638368#0,veh_passenger,410.0
515123439->1226645411,veh_passenger,377.0
401226926#1->822782498,veh_passenger,476.0
-224146621->1254633077#0,truck_truck,499.0
-142741729#0->39920505#7,veh_passenger,114.0
654297637#1->50323229#14,veh_passenger,156.0
-1323097580#1->11631594#2,veh_passenger,83.0
381945551->47267011#2,veh_passenger,166.0
1233759524->451728952#4,veh_passenger,788.0
424580476->335802680,veh_passenger,462.0
50323229#5->39921025#8,veh_passenger,342.0
15420537#1->1118804256#0,bus_bus,172.0
40297715#3->1068434200#0,truck_truck,417.0
437445542->39920684#6,veh_passenger,328.0
15420537#2->-1326193809,bus_bus,545.0
1226645407->47087993#6,veh_passenger,137.0
39920593#1->-40035606#2,veh_passenger,121.0
39838630#3->-9374529#1,veh_passenger,673.0
10748036->33683346#3,veh_passenger,392.0
-1125986406#1->-1068144845#2,veh_passenger,305.0
-50323229#5->-83428923#1,veh_passenger,292.0
-654297632#2->490474063#2,veh_passenger,173.0
-40138239#1->-1236283454,veh_passenger,105.0
12262310#0->1222703384#1,veh_passenger,154.0
-1297720376#1->513272949,veh_passenger,3578.0
515123442#1->-10748036,veh_passenger,339.0
513082640->1125986373#0,veh_passenger,368.0
-10629474#0->488788637#0,veh_passenger,155.0
-50323229#11->521701857,veh_passenger,473.0
39838691#5->515130028#1-AddedOnRampEdge,bus_bus,2429.0
521704031#0->1327579131,bus_bus,210.0
-511187807->488788630#1,veh_passenger,197.0
-10628444#0->10629474#1,veh_passenger,95.0
1273251151->509646057#2,veh_passenger,314.0
1278784167#0->511187808#3,veh_passenger,203.0
428730813#3->521701857,veh_passenger,121.0
1298335704#0->511404872,veh_passenger,635.0
-1278784167#1->-1125986386,veh_passenger,848.0
-1254633077#0->1235754993#1,veh_passenger,402.0
39920684#1->40140017#1,veh_passenger,363.0
475044040#0->1125986377#0,veh_passenger,223.0
47225638#0->1222181934,veh_passenger,108.0
1068434201->967993112#0,veh_passenger,204.0
-238219441#2->-14924729#2,veh_passenger,363.0
-1125986406#0->513082641#2,veh_passenger,405.0
40109290#1->-1068144846#1,veh_passenger,568.0
654297634->-1323097577,veh_passenger,236.0
511409187->511187815,bus_bus,56.0
515136604->-40036009#2,veh_passenger,358.0
1075505400#2->11631594#2,veh_passenger,3375.0
1067928305#1->1255099069,veh_passenger,357.0
1075505400#2->-521701857,veh_passenger,588.0
-39838630#3->975216744,veh_passenger,140.0
1226645408->9792174#1,veh_passenger,510.0
1015424648->-40035606#2,veh_passenger,444.0
1075505400#0->39920505#5,veh_passenger,3529.0
39920550#5->-405382146#0,veh_passenger,927.0
178699054->1068144845#2,veh_passenger,251.0
509646059->1254816453#1,veh_passenger,397.0
40140017#0->39920593#3,veh_passenger,290.0
1214520074#6->40035606#0,veh_passenger,289.0
564273553#4->39920684#2,veh_passenger,4619.0
40109290#1->515123442#0,veh_passenger,280.0
9704194#0->-238219441#0,veh_passenger,202.0
-40109290#0->10628430,bus_bus,2533.0
40109290#5->1260485929#0,veh_passenger,298.0
1214520071->-900279869,veh_passenger,86.0
147711065#2->1067928306#2,veh_passenger,343.0
178441748#0->40297715#2,truck_truck,261.0
39838657#0->1064476620#1,veh_passenger,5106.0
39838530->1064398309#0,veh_passenger,563.0
654297629#5->-24576913#0,truck_truck,1228.0
15419971#1->521708587#1,veh_passenger,319.0
1292578228->-39920593#2,bus_bus,29.0
47267011#1->39920550#12,veh_passenger,311.0
421846558#0->482569917#1,veh_passenger,681.0
515123442#1->515123442#2,veh_passenger,8.0
40139504#0->730912750,veh_passenger,703.0
437445539#0->654530820#1,veh_passenger,61.0
-654297629#3->178702248,veh_passenger,3981.0
-1226645407->11631594#2,veh_passenger,253.0
-39920593#2->-24576913#2,veh_passenger,1511.0
1323097575#2->1260485929#0,veh_passenger,185.0
499566574#0->1125986375#1,veh_passenger,207.0
1074409255#2->-564273553#1,veh_passenger,1588.0
147711065#2->-654297635#0,veh_passenger,225.0
499566574#2->-39920593#6,veh_passenger,157.0
1207401652#1->240666069#2,truck_truck,597.0
1068144845#1->1332638368#0,veh_passenger,110.0
1064476622#1->-449565665#3,veh_passenger,822.0
1326094888->490474063#5,bus_bus,303.0
50323229#10->-1297720376#0,veh_passenger,219.0
178702260->985133430,bus_bus,183.0
1335304373#1->-39838691#1,veh_passenger,1683.0
1064476618#0->-1332638391#2,veh_passenger,357.0
-39838630#2->1067953239#0,veh_passenger,290.0
1237953497->-178723097#1,bus_bus,908.0
12090453#0->654297629#1,bus_bus,370.0
474143552#1->-449565665#1,veh_passenger,974.0
-488788637#1->499566577#0,veh_passenger,96.0
-47087366#1->1068074793,veh_passenger,394.0
-39838691#3->475044040#1,veh_passenger,3716.0
474143552#2->-39920593#3,veh_passenger,125.0
1214520078->1327579131,veh_passenger,2747.0
15419971#1->564273552,bus_bus,1225.0
428730813#2->39921025#4,truck_truck,266.0
-1211151635#0->-39920593#3,bus_bus,3751.0
178699056#0->1064476624,veh_passenger,2882.0
515123442#1->39838691#8,veh_passenger,304.0
47267007#0->40140141#8,veh_passenger,294.0
33683346#2->1421367508,truck_truck,765.0
39838691#0->1118804256#1,veh_passenger,365.0
-1068916336->488786523,veh_passenger,399.0
-1237953493->515123442#1,veh_passenger,284.0
47087993#5->421846558#0,veh_passenger,393.0
-1118804250->1074409256#0,veh_passenger,448.0
39920593#0->1222703384#1,veh_passenger,96.0
-83428923#0->-24576913#1,bus_bus,2603.0
1332638368#2->8887999#1,veh_passenger,263.0
24621218#0->-654297629#3,veh_passenger,421.0
1125986379#1->-1260485929#2,truck_truck,218.0
1068916339->24576922#1,veh_passenger,331.0
-1125986377#1->-40035904#1,veh_passenger,226.0
-687878722#0->-967985513#3,bus_bus,345.0
178702258#0->515130026#0,veh_passenger,160.0
-1338361263->240666072#1,veh_passenger,3064.0
39920684#5->40140141#7,veh_passenger,362.0
-33683458#1->238219446#1,veh_passenger,248.0
-10250021#2->564273553#1,truck_truck,600.0
654297629#5->1100626088,veh_passenger,954.0
-654297632#2->40140017#0,veh_passenger,37.0
1338361263->428730813#1,veh_passenger,711.0
511404873#0->511187818,veh_passenger,2121.0
-178723097#1->-654297637#1,veh_passenger,2874.0
-488788630#2->1323097575#2,veh_passenger,308.0
-1335304373#2->-12247568#1,veh_passenger,1779.0
475044040#3->40140017#2,veh_passenger,147.0
-521705694#1->1214520073#1,veh_passenger,185.0
1254816453#0->654297629#1,veh_passenger,354.0
-1222703384#1->39838882,veh_passenger,640.0
24577455#0->9704194#1,veh_passenger,2645.0
1323097577->428730818#0,veh_passenger,1984.0
1201484855->1214520074#4,veh_passenger,1498.0
50323229#3->1421564739,veh_passenger,1446.0
424580475->1272548721,veh_passenger,481.0
39838520#0->240666069#2,veh_passenger,163.0
-449565665#2->511404874#0,veh_passenger,1903.0
-1332638368#2->1068144846#0,veh_passenger,63.0
654297629#1->-405382146#0,veh_passenger,145.0
1290439818->1260485931#1,veh_passenger,255.0
-654297629#5->238219441#1,veh_passenger,3186.0
1068434200#0->510107701,truck_truck,122.0
967985513#2->488788636#0,veh_passenger,517.0
1226645410->238219449,veh_passenger,313.0
515124965#1->-33683458#0,veh_passenger,197.0
1100626103#2->513082627,veh_passenger,332.0
24577522#0->-116831467,veh_passenger,365.0
-761486028#1->-240666072#2,veh_passenger,147.0
1260485929#3->511405572,veh_passenger,310.0
178723097#0->509524230,veh_passenger,1202.0
-142741729#0->-40138239#3,veh_passenger,145.0
513272950#0->1260481154,veh_passenger,198.0
40297647#1->437445541#1,veh_passenger,662.0
40138633#1->238219446#1,veh_passenger,283.0
-1125986386->-687878722#0,veh_passenger,1885.0
1118804248->1064476618#1,veh_passenger,560.0
511187811->-1068144848#0,veh_passenger,192.0
1074771160->1337646276,veh_passenger,2739.0
39763700#1->47087993#6,veh_passenger,2605.0
-654297637#2->47267007#1,bus_bus,767.0
12247569->1068434257,veh_passenger,164.0
15420537#2->15419875#1,bus_bus,354.0
178702243#1->-450616334#0,veh_passenger,322.0
1207401652#1->-240666072#2,veh_passenger,154.0
-1068144845#2->474143552#4,veh_passenger,291.0
515040937->428730818#2,veh_passenger,375.0
39763700#1->1125986377#2,veh_passenger,2801.0
1068434258->488788626#3,veh_passenger,406.0
1211151637->1068434208#0-AddedOffRampEdge,veh_passenger,209.0
47225638#0->1323097577,veh_passenger,440.0
39920593#0->1074409232#0,truck_truck,395.0
1222181936->1327579131,veh_passenger,173.0
-1211151638->238219441#1,veh_passenger,351.0
39920222->511404880#1,veh_passenger,395.0
-488788633#0->813852683,veh_passenger,2712.0
511404873#0->50323229#13,veh_passenger,2327.0
-450616334#0->10629709#2,veh_passenger,3364.0
488788629->381945551,veh_passenger,326.0
511187808#4-AddedOnRampEdge->1068434205,veh_passenger,300.0
11635146#0-AddedOffRampEdge->50323229#7,veh_passenger,240.0
9832326#0->1214520076,veh_passenger,2821.0
50323229#13->1064476622#1,veh_passenger,129.0
1235501861#1->1064476620#3,bus_bus,377.0
39763700#5->515136608,veh_passenger,2091.0
11631594#3->975216742,veh_passenger,563.0
178583141->72157792,veh_passenger,451.0
573632774->1326193809,veh_passenger,143.0
1222181936->-40138633#0,veh_passenger,307.0
40140141#4->381945549#1,veh_passenger,515.0
1222181935->-1323097576,veh_passenger,216.0
-39920593#6->-761486028#0,veh_passenger,347.0
-413789558#1->40035606#3,bus_bus,374.0
1332638368#1->-39366819#0,veh_passenger,575.0
178699051#0->-50323229#5,bus_bus,320.0
1214520075->1067928306#2,truck_truck,140.0
68574202->1068434206,veh_passenger,155.0
142741729#1->1068434199,bus_bus,582.0
1272337498#0->-654297632#2,veh_passenger,150.0
1254633077#1->1226645408,veh_passenger,418.0
1068144848#1->1222703384#0,truck_truck,302.0
83428923#0->11631594#3,veh_passenger,275.0
730912750->39921192#0,veh_passenger,326.0
1335304385->1234244925#1,veh_passenger,766.0
1222181936->-521705694#1,veh_passenger,355.0
511187815->-33683346#0,veh_passenger,740.0
-1068074793->40109290#3,veh_passenger,208.0
460316444->-1125986377#2,bus_bus,372.0
39920550#10->-654297630,bus_bus,2655.0
479863106#2->1125986369,bus_bus,259.0
39838984#0->-474143552#0,veh_passenger,361.0
47267007#1->1068144845#2,veh_passenger,378.0
-1100626103#1->1323097579#2,bus_bus,109.0
40140141#11->-564273553#0,veh_passenger,175.0
1214520074#6->-1125986386,veh_passenger,593.0
13909444#2->-1125986386,veh_passenger,373.0
178725446#2->511404875,bus_bus,101.0
1125986374->-40297715#0,veh_passenger,248.0
654297630->39921673#0,truck_truck,104.0
39921531->10749498,veh_passenger,340.0
47267011#0->39920550#0,veh_passenger,280.0
39920505#0->-10250021#2,veh_passenger,308.0
-39838657#1->1231065653,truck_truck,228.0
1335304373#1->1125986377#2,veh_passenger,204.0
-1290439817#0->-1074409256#2,veh_passenger,278.0
-33683458#1->-47267007#2,veh_passenger,516.0
178699058->10629474#1,veh_passenger,367.0
39920505#11->490474063#5,bus_bus,303.0
39366819#1->1068144845#0,veh_passenger,233.0
169562956->1234244925#2,veh_passenger,442.0
1272337501->654297632#2,veh_passenger,135.0
1335304372->449565665#2,veh_passenger,526.0
1323097575#2->515130027,veh_passenger,326.0
967985513#2->10748045#2,veh_passenger,347.0
-1226645410->1292578260,veh_passenger,522.0
-1211151635#1->39920505#11,veh_passenger,2595.0
39838691#3->475044040#3,veh_passenger,2591.0
1074409256#0->-39838751#2,veh_passenger,1318.0
405382146#0->40109290#1,bus_bus,460.0
451728952#5->178583145,veh_passenger,342.0
968332509->47267011#1,veh_passenger,485.0
1236283454->9832326#0,veh_passenger,153.0
856175962->-1015424648,veh_passenger,465.0
488788637#0->50323229#6,veh_passenger,335.0
515136605->1272337500,veh_passenger,498.0
-178723097#1->-653860562,veh_passenger,77.0
-1273251151->-654297637#0,veh_passenger,131.0
515123442#2->40138941#2,veh_passenger,418.0
40138633#1->-479863106#1,veh_passenger,316.0
47087992#1->40138239#1,veh_passenger,378.0
50323229#3->39921025#5,veh_passenger,404.0
39838691#5->40140141#5,veh_passenger,1760.0
-687878722#1->178702251,veh_passenger,286.0
-1326094888->-1226645407,veh_passenger,120.0
-1068916335->-12247568#0,veh_passenger,706.0
1231065644->1260485930#1,veh_passenger,232.0
1337646274->1235754993#1,bus_bus,232.0
-50323229#6->10628444#2,veh_passenger,257.0
1125986374->-1332638368#1,veh_passenger,413.0
-654297633->178702239#0,veh_passenger,677.0
-10628442#0->-451728952#3,veh_passenger,274.0
-50323229#14->-1068144845#4,veh_passenger,459.0
-1322916760#1->238219446#1,veh_passenger,273.0
-1068144849#1->437445539#0,veh_passenger,269.0
178702258#0->40035606#2,veh_passenger,390.0
-83563455->238219441#1,veh_passenger,373.0
-460316444->50323229#0,veh_passenger,434.0
-39838657#2->521705695,veh_passenger,191.0
1323097579#0->490474063#0,veh_passenger,275.0
1204070283#1->479863106#2,veh_passenger,155.0
10629709#1->521713925,veh_passenger,499.0
10748045#1->-1214520076,veh_passenger,252.0
-1211151635#1->654297634,veh_passenger,389.0
10748045#0->654297632#2,veh_passenger,168.0
1254816455->1068074793,veh_passenger,225.0
24621218#0->39838691#6,veh_passenger,293.0
900279886->1234244925#2,veh_passenger,339.0
900399276->1322916760#1,bus_bus,574.0
654297634->47225638#0,veh_passenger,331.0
421846558#0->71310791,veh_passenger,2394.0
1068916339->-450616334#0,veh_passenger,233.0
509646057#1->-1254816452,veh_passenger,310.0
39921025#6->975216744,veh_passenger,506.0
1068434256#0->-1222703382,veh_passenger,2396.0
-1214520068->-40035325#1,veh_passenger,2564.0
39920550#2->-10629474#1,veh_passenger,282.0
1272337501->475044040#1,veh_passenger,107.0
39838520#1->47087992#3,veh_passenger,366.0
730912750->39838520#3,veh_passenger,127.0
39838657#2->240666072#2,veh_passenger,365.0
10629709#0->515136603,veh_passenger,641.0
-47267007#0->515138054,veh_passenger,201.0
-238219441#2->654297631,veh_passenger,66.0
-451728952#3->238219468,veh_passenger,317.0
24576922#1->39921673#1,veh_passenger,258.0
335802675->900399275,veh_passenger,36.0
-1260481154->475044040#1,veh_passenger,339.0
1068144846#0->39921673#1,bus_bus,359.0
509646054->511187808#3,bus_bus,240.0
50323229#9->511187823,veh_passenger,268.0
1231065653->-451728952#4,veh_passenger,265.0
39763700#1->1068434258,veh_passenger,1066.0
47088302#0->-39921673#1,veh_passenger,324.0
521713925->-1125986378#0,veh_passenger,2686.0
47225638#3->1273251150#1,veh_passenger,406.0
1068074792->178583167#1,truck_truck,409.0
511404872->-1100626088,bus_bus,114.0
-1322916760#1->1322916760#1,veh_passenger,57.0
-40138239#1->1068144849#1,veh_passenger,576.0
687878722#1->450616334#1,veh_passenger,369.0
-654297629#1->428730818#0,veh_passenger,248.0
428730807->-474143552#2,veh_passenger,234.0
1074409232#1->240666072#1,veh_passenger,293.0
39839093->-761486028#1,veh_passenger,405.0
1100626103#3->1064398309#1,bus_bus,258.0
475044040#4->-1226645407,veh_passenger,398.0
-654297632#0->-1125986406#0,veh_passenger,129.0
-1125986378#1->-50323229#10,veh_passenger,301.0
24576922#0->47087993#0,veh_passenger,241.0
-10748045#1->1068434200#0,veh_passenger,545.0
-10628429->-50323229#2,veh_passenger,299.0
428730800->178702258#0,veh_passenger,986.0
-1074409256#0->-24576913#0,veh_passenger,276.0
1067928306#2->1204070281,veh_passenger,534.0
47225638#1->-449565665#3,veh_passenger,770.0
509646052->521701858-AddedOffRampEdge,veh_passenger,254.0
40035904#1->147711065#0,veh_passenger,2009.0
47267007#1->10748045#2,veh_passenger,397.0
1064476625->-451728952#1,veh_passenger,304.0
-413789558#0->-1068144846#2,veh_passenger,284.0
1235754993#1->488788637#0,veh_passenger,2636.0
1068144849#2->1254633077#1,veh_passenger,489.0
160077494->475044040#1,veh_passenger,203.0
1068144849#1->515040940#0,veh_passenger,479.0
39763700#3->-437445542,veh_passenger,212.0
-513272949->39838691#10,veh_passenger,85.0
1226645411->-40109290#3,veh_passenger,410.0
511187815->1214520074#0,veh_passenger,131.0
1068074792->1214520073#1,veh_passenger,1065.0
1214520074#5->521708587#2,veh_passenger,155.0
985133427->985133427,veh_passenger,14.0
1235501861#2->24576913#0,truck_truck,341.0
1335304373#2->10250021#2,veh_passenger,179.0
-47267007#0->-460316444,veh_passenger,52.0
-1074409256#0->-39921672,veh_passenger,1773.0
-1015424648->1064476620#2,truck_truck,490.0
521701859->9833223-AddedOnRampEdge,bus_bus,250.0
1260481151->-654297629#6,veh_passenger,576.0
1297720367->1222703384#0,veh_passenger,141.0
515126385#1->39838520#2,truck_truck,733.0
1068144846#0->515123442#1,veh_passenger,181.0
-47087366#2->-40140017#0,veh_passenger,388.0
1125986378#1->-1272337500,veh_passenger,428.0
488788633#0->39920593#4,veh_passenger,350.0
-10250021#0->1292578260,veh_passenger,1193.0
490474063#2->40035904#1,veh_passenger,109.0
1068916338->-1214520068,veh_passenger,320.0
39921025#5->178702249,veh_passenger,711.0
10628442#0->40140017#0,veh_passenger,115.0
-1260485930#1->-1125986375#1,veh_passenger,148.0
39920011#1->474143552#3,veh_passenger,162.0
13909444#0->449565665#1,veh_passenger,302.0
-1068144846#0->39921673#0,veh_passenger,423.0
39920550#8->-1254816452,veh_passenger,319.0
413789558#0->1222181936,bus_bus,272.0
-1222703384#1->13909444#2,veh_passenger,597.0
513082635#0->-1254816452,veh_passenger,399.0
39920593#5->40115810#1,veh_passenger,569.0
1068144845#3->-654297629#2,veh_passenger,422.0
47267007#2->460316444,veh_passenger,82.0
40140141#8->1292541108,veh_passenger,77.0
1125986375#1->-1297720376#1,veh_passenger,213.0
511404872->1226645410,bus_bus,177.0
509646063#1->838061038,veh_passenger,365.0
47225638#4->1214520079,veh_passenger,153.0
1260481150->83563455,bus_bus,815.0
13909444#6->47087366#2,veh_passenger,161.0
40036062#0->40140141#9,veh_passenger,363.0
515136607->-10628444#1,veh_passenger,217.0
-856175964->449565665#3,veh_passenger,1264.0
475044040#2->-40138633#1,truck_truck,83.0
10748045#0->178702239#0,veh_passenger,564.0
40138239#0->439836129,bus_bus,584.0
-39838984#0->13909444#4,bus_bus,59.0
900287035->-515040940#0,bus_bus,2347.0
-50323229#10->-47267010,veh_passenger,423.0
-10629474#0->490474063#4,veh_passenger,183.0
39920550#0->1323097575#0,veh_passenger,258.0
-40035325#2->1214520074#2,veh_passenger,265.0
232920701->654297630,veh_passenger,443.0
40109290#2->-479863106#1,veh_passenger,257.0
169562956->1068916335,veh_passenger,203.0
1323097575#0->33683458#1,veh_passenger,39.0
-147711065#2->335802680,veh_passenger,903.0
10628442#1->-10628442#3,veh_passenger,32.0
509646052->1421564739,veh_passenger,417.0
666886085#1->511404880#1,veh_passenger,84.0
654297631->900399275,veh_passenger,637.0
131671623->515130026#1,truck_truck,329.0
9374529#1->-474143552#1,veh_passenger,211.0
39920011#3->13909444#5,veh_passenger,568.0
-39920593#4->-1254633077#0,veh_passenger,69.0
-1125986379#1->474143552#2,bus_bus,299.0
-401226925#0->-1272337500,bus_bus,60.0
-1332638391#2->39838520#2,bus_bus,483.0
475044040#2->513082635#0-AddedOffRampEdge,veh_passenger,619.0
1214520076->47267007#1,veh_passenger,298.0
39920550#2->-1260485929#2,veh_passenger,184.0
1068144848#0->1075505400#0,veh_passenger,909.0
-39366819#1->-39920222,veh_passenger,1484.0
666886084#0->1074409255#0,veh_passenger,818.0
1231065643->40036009#1,veh_passenger,331.0
1273251150#1->40138633#1,veh_passenger,110.0
1204070282->-405382146#0,veh_passenger,547.0
1067953247#0->50323229#11,veh_passenger,462.0
-1222703384#1->14924729#1,veh_passenger,229.0
39838520#3->1234244927#1,veh_passenger,574.0
50323229#7->10748036,veh_passenger,387.0
-1068144847->474143552#2,veh_passenger,362.0
39763700#5->-33683458#0,veh_passenger,2586.0
-39920593#6->564273552,veh_passenger,764.0
1260485930#1->178702248,veh_passenger,431.0
515123442#2->-1335304371,veh_passenger,317.0
1222703384#1->-40036009#2,veh_passenger,265.0
1214520068->666886082#1,veh_passenger,139.0
1332638368#1->-428730813#2,veh_passenger,323.0
511187807->1214520074#1,veh_passenger,87.0
1323097577->-1260485929#0,veh_passenger,291.0
39921025#8->515126385#4,bus_bus,537.0
-40297715#1->-654297636,veh_passenger,207.0
-499566577#1->1335304374,veh_passenger,164.0
521704050->-40035904#1,veh_passenger,446.0
-10748036->40109239,veh_passenger,383.0
-14924729#2->47087993#1,veh_passenger,165.0
-515130026#0->-515136607,bus_bus,24.0
47087993#1->47087993#2,veh_passenger,10.0
-39920593#0->50323226,veh_passenger,116.0
-428730813#2->232920701,veh_passenger,239.0
1064476618#0->-521705694#0,veh_passenger,409.0
-499566577#0->-10748045#2,veh_passenger,104.0
1214520074#2->488788637#1,veh_passenger,320.0
1255099064->-488788633#0,truck_truck,742.0
50323229#14->-40138239#3,veh_passenger,44.0
475044040#1->-449565665#2,veh_passenger,924.0
178699051#0->15419875#0,veh_passenger,2422.0
-39838657#3->-1254816452,veh_passenger,1518.0
-1335304377->449565665#2,veh_passenger,1274.0
-39838691#2->39920684#4,veh_passenger,3336.0
-687878722#1->13909444#0,veh_passenger,241.0
-39838691#8->-1323097576,veh_passenger,805.0
1068916335->1260485932,veh_passenger,255.0
1211151638->-1278784167#0,veh_passenger,175.0
511187818->33683346#1,bus_bus,305.0
-1260485929#1->813852683-AddedOnRampEdge,veh_passenger,480.0
15419906#1->521701858,veh_passenger,368.0
-238219441#1->178583140#0,veh_passenger,442.0
40140141#1->515126385#1,veh_passenger,139.0
1337646271#0->40036009#0,veh_passenger,412.0
1273251152->521701858-AddedOffRampEdge,veh_passenger,346.0
1074771163#1->-449565665#3,veh_passenger,129.0
-474143552#6->178583148#2-AddedOnRampEdge,veh_passenger,98.0
460316444->39921673#0,veh_passenger,225.0
490474063#1->39920550#1,veh_passenger,77.0
39920684#5->-50323229#5,truck_truck,134.0
1068434203->1211151638,veh_passenger,98.0
178583149->47267011#1,bus_bus,501.0
666886084#0->1074409232#0,veh_passenger,629.0
-40035904#2->1125986373#2,veh_passenger,246.0
1335304377->1292578260,veh_passenger,964.0
1290439820->-1272337500,veh_passenger,342.0
40036062#0->439836132,veh_passenger,343.0
238219449->437445539#0,veh_passenger,461.0
428730793#0->460316444,veh_passenger,14.0
-1068144845#1->-142741729#0,veh_passenger,315.0
1211151638->1068144847,veh_passenger,251.0
24577455#1->14924729#2,veh_passenger,2433.0
1278784167#0->-1254816454,veh_passenger,155.0
40109290#0->509646052,veh_passenger,287.0
474143552#3->1068434199,veh_passenger,780.0
-10629474#1->-240666072#2,veh_passenger,386.0
-50323229#0->1068074793,veh_passenger,158.0
1067928306#1->178441748#1,veh_passenger,351.0
975216740->511187808#1,veh_passenger,165.0
39838520#1->-12247569,veh_passenger,86.0
1222181934->24576913#0,veh_passenger,892.0
515124965#1->1068144847,veh_passenger,139.0
39921025#2->-488788637#1,veh_passenger,374.0
490474063#6->449565665#1,truck_truck,412.0
40109290#0->39921673#0,veh_passenger,201.0
-10629474#0->479863106#1,bus_bus,302.0
178702248->-39838530,veh_passenger,2311.0
10628444#1->39920505#2,veh_passenger,127.0
11635146#0->240666069#3,veh_passenger,859.0
509524270->-40138633#2,veh_passenger,447.0
-47224972#1->-1068144849#0,truck_truck,196.0
40139504#1->1067928307#3,veh_passenger,593.0
40109290#2->40322293,veh_passenger,542.0
513082641#2->1068434206,veh_passenger,222.0
-40139708->72157794,veh_passenger,243.0
-40140017#3->1214520077,veh_passenger,298.0
39920684#0->-50323229#11,veh_passenger,364.0
131671623->1335304376#0,veh_passenger,3225.0
-1260485929#0->178699049,veh_passenger,517.0
-654297635#1->40036009#3,veh_passenger,142.0
1074409256#0->-654297637#1,veh_passenger,1701.0
39838691#9->1074409256#2,truck_truck,619.0
10725667-AddedOffRampEdge->1068144844,veh_passenger,1046.0
1255099064->-10628442#1,veh_passenger,144.0
-438516309->-178723097#1,veh_passenger,852.0
515130026#1->39920684#3,veh_passenger,177.0
-39920593#2->-474143552#1,veh_passenger,130.0
509646063#1->1326193809,veh_passenger,293.0
-1131969257->39920550#10,veh_passenger,2742.0
39838530->1214520074#0,bus_bus,137.0
-488788633#1->1125986373#0,veh_passenger,385.0
-654297632#0->1323097576,truck_truck,174.0
-147711065#0->178583140#0,veh_passenger,353.0
1337646276->428730818#0,veh_passenger,85.0
856175962->40109290#5,veh_passenger,336.0
1074409256#2->39366819#0,veh_passenger,317.0
1068434199->178725446#2,bus_bus,269.0
-40035606#3->-474143552#1,veh_passenger,289.0
513082641#0-AddedOffRampEdge->488786523,veh_passenger,477.0
39366819#1->490474063#3,veh_passenger,733.0
515123442#4->39920593#6,bus_bus,408.0
900279869->39920505#8,veh_passenger,278.0
40140141#6->-654297632#0,veh_passenger,173.0
24621218#4->-40035904#0,veh_passenger,100.0
451728952#1->15419875#0,veh_passenger,303.0
-515126385#0->509646053#1,bus_bus,192.0
39839521->24621218#1,veh_passenger,59.0
178702250->-437445542,veh_passenger,506.0
449565665#3->521713925,veh_passenger,144.0
-1125986375#0->538432099,veh_passenger,339.0
509646057#0->1074409255#0,veh_passenger,306.0
449565665#1->-40109290#0,veh_passenger,2901.0
40035606#2->401226926#1,veh_passenger,39.0
39839521->-521705694#0,veh_passenger,415.0
856175963->1214520074#3,veh_passenger,224.0
13909444#1->1332638391#1,veh_passenger,65.0
-40138633#1->1255099064,veh_passenger,221.0
511404877->-1260485929#2,veh_passenger,303.0
39838691#3->513082627,veh_passenger,3199.0
1297720376#1->-40035992,veh_passenger,164.0
1222703382->-1125986377#0,veh_passenger,117.0
-40297715#3->-654297636,veh_passenger,266.0
40297647#1->1068144849#2,veh_passenger,281.0
-10749498->490474063#8,veh_passenger,63.0
1337115429->413789558#0,veh_passenger,168.0
-40138633#0->1226645409,veh_passenger,599.0
-449565665#1->1323097577,veh_passenger,2576.0
654297630->856175964,veh_passenger,163.0
-449565665#1->-1067928305#2,veh_passenger,186.0
11635095->1332638391#2,veh_passenger,196.0
47225638#0->-1297720367,veh_passenger,320.0
509646061->-1260485931#1,truck_truck,285.0
40297715#1->-83428923#1,veh_passenger,262.0
50323229#15->654297629#2,veh_passenger,366.0
1064476620#1->1260485929#3,veh_passenger,337.0
450616334#1->499566577#1,veh_passenger,325.0
178702258#0->-451728952#1,veh_passenger,208.0
515136608->40322293,veh_passenger,201.0
40140141#3->39224566,veh_passenger,451.0
521701859->1214520074#2,veh_passenger,124.0
474143552#6->-1068144845#4,veh_passenger,336.0
39838984#0->47225638#3,veh_passenger,75.0
521704050->1207401652#1,veh_passenger,236.0
1273405490->-509646056,bus_bus,348.0
509524270->-1067928305#1,veh_passenger,164.0
-40140017#0->511404872,veh_passenger,1107.0
422842976->-654297629#5,veh_passenger,218.0
1332638391#2->564273553#1,veh_passenger,301.0
-437445539#1->-12247568#1,veh_passenger,48.0
40109290#1->39920505#4,veh_passenger,205.0
40297715#2->-1327579142,veh_passenger,132.0
8887999#2->39920505#11,bus_bus,272.0
1214520074#0->1068144846#2,veh_passenger,124.0
24576922#1->515130026#1,veh_passenger,197.0
1254633077#0->-761486028#0,veh_passenger,298.0
437445542->654297628,veh_passenger,157.0
-10250021#2->-1260485929#2,veh_passenger,140.0
-40035606#2->1226645407,bus_bus,677.0
11635146#0->381945549#1,veh_passenger,402.0
1074771163#1->1235501862,veh_passenger,34.0
-687878722#1->1068144844,veh_passenger,235.0
9704194#0->499566574#0,veh_passenger,203.0
1298335705->515130025,bus_bus,196.0
240666072#1->9704194#4,veh_passenger,111.0
47087992#5->39920505#3,veh_passenger,311.0
-1332638391#2->335802664,veh_passenger,596.0
39838657#0->511409188#1,veh_passenger,160.0
-856175964->1273251152,veh_passenger,335.0
-83563455->515130028#0,veh_passenger,191.0
178699051#0->178702239#0,bus_bus,473.0
12262310#0-AddedOffRampEdge->39838751#1,truck_truck,418.0
83428923#0->39920593#0,veh_passenger,310.0
1335304373#1->-654297630,truck_truck,193.0
178699051#0->39920593#2,veh_passenger,2415.0
1064476622#1->-1068144848#1,veh_passenger,716.0
1292578260->1125986377#0,veh_passenger,2339.0
1323097576->39921025#7,veh_passenger,189.0
116831467->10628444#0,veh_passenger,211.0
39920505#4->564273553#2,veh_passenger,446.0
513272950#1->-39838984#1,veh_passenger,128.0
521708587#2->1254816452,veh_passenger,3637.0
-1125986406#1->24577522#3,bus_bus,361.0
-8887999#0->1075505400#2,bus_bus,1445.0
-14924729#1->178699056#2,veh_passenger,1407.0
-1125986379#1->-1074409256#0,veh_passenger,1948.0
1222703382->39838691#6,veh_passenger,286.0
654297631->39920684#3,veh_passenger,197.0
-521705694#0->39838520#3,veh_passenger,864.0
1260485931#0->49224804#0,veh_passenger,329.0
178702253->-1254816452,veh_passenger,2507.0
985675139->499566574#1,veh_passenger,209.0
10629474#0->40138239#4,veh_passenger,192.0
178583160->513082640,veh_passenger,88.0
1068434258->1260481154,veh_passenger,167.0
40138239#1->-47087366#1,veh_passenger,377.0
-10628442#3->33683458#0,veh_passenger,285.0
147711065#0->-437445540,veh_passenger,480.0
14924729#0->238219446#1,veh_passenger,133.0
24576913#0->-1125986374,veh_passenger,1844.0
10749498->24577522#1,veh_passenger,335.0
39920550#1->-10628442#1,truck_truck,248.0
68574202->490474063#7,veh_passenger,251.0
-451728952#4->401226926#1,truck_truck,506.0
-142741729#1->1278784167#1,veh_passenger,297.0
515124965#2->-39366819#1,veh_passenger,110.0
564273553#1->9704194#2,veh_passenger,223.0
538432100->515130028#0,veh_passenger,149.0
968332513#1->47087366#2,veh_passenger,393.0
-1068144844->1125986375#0,veh_passenger,301.0
1322916760#1->147711065#0,veh_passenger,1757.0
381945551->515126385#4,bus_bus,155.0
-40138633#2->1260485929#1,veh_passenger,225.0
521701859->1068916338,veh_passenger,1342.0
-451728952#5->-39920593#4,veh_passenger,286.0
39920684#3->428730800,bus_bus,668.0
1201484855->511187809,veh_passenger,847.0
1204070282->1068144846#2,veh_passenger,609.0
33683458#0->1214520074#6,veh_passenger,340.0
-1260485931#0->-39838751#1,veh_passenger,827.0
116783847->40297647#2,veh_passenger,201.0
39839521->654297637#2,veh_passenger,2687.0
-39838657#2->488786523,veh_passenger,335.0
40297647#2->-1332638368#2,veh_passenger,262.0
39920550#7->40140017#0,bus_bus,379.0
439836128#0-AddedOffRampEdge->47088302#0,truck_truck,323.0
1290439817#1->-39920593#6,veh_passenger,144.0
-1332638368#1->1254633077#0,veh_passenger,330.0
511187808#1->515136604,veh_passenger,398.0
1068074793->39921025#7,veh_passenger,365.0
509646059->975216743,veh_passenger,65.0
39921192#0->-687878722#1,veh_passenger,773.0
490474063#1->1125986387,veh_passenger,475.0
1335304386#0->1273251152,veh_passenger,171.0
-39838691#2->449565665#2,veh_passenger,58.0
47087366#1->-50323229#11,veh_passenger,344.0
654297633->509646053#0,veh_passenger,193.0
160077494->509647506,veh_passenger,237.0
654297629#1->1260481154,veh_passenger,2923.0
240666069#2->488788636#0,veh_passenger,71.0
50323229#11->1335304376#0,veh_passenger,177.0
1125986406#0->511187808#4-AddedOnRampEdge,veh_passenger,272.0
147711065#0->-1204070283#0,truck_truck,55.0
475044040#3->14924729#3,veh_passenger,252.0
-428730813#0->666886085#0,veh_passenger,708.0
1273251152->-40109290#5,veh_passenger,95.0
1125986385#1->40035325#0,veh_passenger,277.0
900399276->1068434208#0,veh_passenger,289.0
39920011#0->509524225,bus_bus,446.0
564273553#2->47087993#1,veh_passenger,382.0
-143546557->-1226645410,veh_passenger,671.0
421846558#0->1067928306#0,veh_passenger,511.0
40140141#0->-40109290#0,veh_passenger,445.0
509646061->40140141#10,veh_passenger,144.0
-40138239#4->1067928305#2,veh_passenger,716.0
437445542->1327579131,veh_passenger,1592.0
1067852461->-39920593#6,veh_passenger,140.0
-10250021#2->-1236283454,veh_passenger,351.0
511187808#0->490474063#1,veh_passenger,402.0
-1327579142->-1332638368#0,veh_passenger,389.0
428730813#0->654297632#0,veh_passenger,382.0
511187808#0->1214520071,veh_passenger,191.0
40138633#0->1323097579#2,veh_passenger,290.0
15419971#1->1064398309#1,veh_passenger,220.0
-169562956->1234244927#0,truck_truck,400.0
50323229#10->-488788629,veh_passenger,286.0
-40297715#2->72157792,truck_truck,292.0
39838691#2->10628442#1,bus_bus,420.0
-39838657#3->654297637#2,veh_passenger,2056.0
967993112#1->39920593#1,veh_passenger,306.0
40140141#11->-1323097577,bus_bus,343.0
10628442#1->39920550#2,veh_passenger,146.0
178723097#0->1335304375,veh_passenger,3062.0
40036009#0->513082635#0,veh_passenger,553.0
-39838530->9833223,veh_passenger,409.0
-1322916760#2->1332638391#2,veh_passenger,162.0
450616334#0->39920593#3,veh_passenger,4082.0
-39838751#0->178441748#1,veh_passenger,575.0
1214520071->178583145,veh_passenger,465.0
143546557->856175963,bus_bus,226.0
488788636#1->1332638391#1,veh_passenger,115.0
83563455->39838691#7,veh_passenger,273.0
-654297636->511185049,truck_truck,201.0
40140017#1->475044040#2,veh_passenger,140.0
-428730813#1->47053612,veh_passenger,968.0
-39838691#0->40139504#1,veh_passenger,3871.0
511187823->-40297715#3,veh_passenger,458.0
-900279869->428730813#3,bus_bus,420.0
39920684#0->13909444#6,veh_passenger,259.0
-488788637#1->1125986373#3,veh_passenger,58.0
39838520#0->33683346#3,bus_bus,853.0
479863106#1->-39366819#1,veh_passenger,186.0
-39838657#3->39838691#0,veh_passenger,95.0
1125986406#0->-33683458#0,veh_passenger,321.0
-39838751#2->401226926#1,veh_passenger,431.0
40109290#2->413789558#0,veh_passenger,920.0
428730818#3->479863106#1,veh_passenger,321.0
39920011#2->1237953495,veh_passenger,315.0
488788637#0->-1068144845#4,veh_passenger,291.0
40138633#2->1204070281,bus_bus,3126.0
13909444#0->521701857,bus_bus,372.0
1214520077->-10748045#2,veh_passenger,451.0
511187821->39920550#1,veh_passenger,425.0
490474063#2->1278784167#1,bus_bus,282.0
-422842976->178702239#0,veh_passenger,326.0
12262310#0->178702250,bus_bus,710.0
-10628444#2->142741729#0,veh_passenger,58.0
-1211151638->413789558#0,veh_passenger,61.0
1068144846#0->-178702258#1,bus_bus,201.0
11631594#2->515123442#3,veh_passenger,1097.0
967985512->1074409255#3,veh_passenger,691.0
40115810#0->511404880#0,veh_passenger,121.0
178441748#0->-479863106#2,veh_passenger,297.0
1332638368#2->15420801#2,veh_passenger,133.0
47225638#3->39920593#1,veh_passenger,324.0
1235501860->654297629#1,veh_passenger,1011.0
-1068144847->238219449,veh_passenger,477.0
509646063#1->-10749498,veh_passenger,357.0
178723097#0->1272337498#0,veh_passenger,2356.0
1214520074#3->-1322916760#1,veh_passenger,259.0
654297636->14924729#3,veh_passenger,346.0
-687878724->1234244927#0,veh_passenger,273.0
1292541108->1272548721,veh_passenger,1554.0
39874516->178702252,veh_passenger,897.0
1260481153->240666069#2,veh_passenger,362.0
1125986373#1->1074409232#0,veh_passenger,1141.0
449565665#2->1214520067,veh_passenger,707.0
40036062#0->178583140#0,veh_passenger,296.0
68574202->33683346#3,veh_passenger,346.0
1068144845#4->511187818,veh_passenger,113.0
-39838630#1->-232920701,veh_passenger,285.0
1233759524->509524225,veh_passenger,1413.0
968332513#1->488788626#1,veh_passenger,167.0
1237953493->-1068144849#2,veh_passenger,303.0
-1260485929#3->428730813#1,veh_passenger,350.0
40138239#1->11635146#0-AddedOffRampEdge,veh_passenger,834.0
-564273553#0->39920505#4,veh_passenger,2734.0
761486028#1->511187808#4,bus_bus,227.0
39920550#11->50323226,veh_passenger,349.0
1068434199->-1332638368#1,veh_passenger,154.0
39920593#5->9704194#4,truck_truck,353.0
488788626#2->1068434204,veh_passenger,2765.0
39920505#9->428730813#1,veh_passenger,1401.0
-33683346#1->1067953239#1,veh_passenger,41.0
1323097575#3->-39838657#1,veh_passenger,273.0
40140017#1->40138941#1,veh_passenger,127.0
-654297629#0->-1332638391#0,veh_passenger,2113.0
-14924729#2->564273553#1,veh_passenger,342.0
50323229#14->178583167#1,truck_truck,290.0
83428923#1->1196008691#0,veh_passenger,354.0
178583160->-1254816454,veh_passenger,377.0
40109290#0->-451728952#3,veh_passenger,836.0
1421367925->985133427,veh_passenger,180.0
450616334#0->513272951#1,veh_passenger,3514.0
-50323226->439836130#1,veh_passenger,803.0
1204070281->515130028#1-AddedOnRampEdge,veh_passenger,481.0
1335304371->-1323097577,veh_passenger,58.0
15419875#0->-50323229#6,veh_passenger,169.0
511404874#1->-50323229#7,veh_passenger,425.0
1068144846#1->50323229#0,veh_passenger,414.0
1337646271#0->10628442#2,veh_passenger,328.0
1234244927#1->509646057#2,veh_passenger,838.0
515123442#4->-40138633#2,veh_passenger,404.0
-654297629#2->513082627,veh_passenger,2417.0
40036009#0->482569917#0,veh_passenger,804.0
40138941#1->967985513#0,bus_bus,326.0
513082640->49224804#0,veh_passenger,326.0
1235501861#0->39920550#7,bus_bus,149.0
654297635#0->-401226926#1,veh_passenger,301.0
-39838630#1->449565665#3,veh_passenger,689.0
488788637#0->654297632#2,bus_bus,47.0
-654297629#3->-488788630#0,veh_passenger,1241.0
654297637#0->1211151638,veh_passenger,434.0
10628430->40035325#2,veh_passenger,3639.0
654297637#1->1222181937,veh_passenger,380.0
405382146#0->1323097580#1,veh_passenger,350.0
1074409256#0->47267007#2,bus_bus,256.0
11635095-AddedOffRampEdge->-240666072#0,veh_passenger,283.0
-1273251152->509646056,veh_passenger,300.0
-1067928307#2->143546557,bus_bus,317.0
178583167#0->488788626#3,veh_passenger,99.0
513272950#1->40138239#2,veh_passenger,372.0
33683458#0->826496637,veh_passenger,338.0
-654297636->39366819#0,veh_passenger,493.0
428730793#0->232920701,veh_passenger,297.0
-1125986377#1->1214520073#0,veh_passenger,168.0
428730818#1->515130026#1,veh_passenger,161.0
39920550#13->47225638#4,veh_passenger,961.0
1323097578->39920684#3,veh_passenger,164.0
-40036009#2->39920550#7,veh_passenger,249.0
-40109290#4->178702253,veh_passenger,813.0
1231065654->1196008691#0,veh_passenger,368.0
-654297634->39920011#1,truck_truck,320.0
-900279886->1231065654,veh_passenger,171.0
1125801626->-10628442#0,veh_passenger,301.0
-10629474#0->11635146#0-AddedOffRampEdge,veh_passenger,656.0
10749498->900287035,veh_passenger,135.0
515138054->-654297637#0,veh_passenger,384.0
1327579142->1214520068,veh_passenger,1173.0
1125986369->-142741729#1,veh_passenger,324.0
1067928306#0->-488788630#2,veh_passenger,382.0
422842976->1204070281,veh_passenger,1383.0
-40109290#2->-47087366#2,veh_passenger,245.0
-40036009#2->-39838657#0,veh_passenger,621.0
-499566577#1->1068144845#2,veh_passenger,403.0
-1254633077#0->515138054,veh_passenger,977.0
-47224972#0->40140017#1,veh_passenger,149.0
39838751#1->-511187818,veh_passenger,129.0
1125801626->1237953497,veh_passenger,312.0
-428730813#0->490474063#5,veh_passenger,334.0
1323097575#0->-838061037,truck_truck,541.0
1337646271#0->-413789558#0,veh_passenger,141.0
-654297635#0->50323226,veh_passenger,163.0
-1332638391#1->-1204070283#1,veh_passenger,112.0
1421367508->-40035904#1,veh_passenger,384.0
47087366#0->15419875#0,truck_truck,323.0
1222181936->1068144846#0,veh_passenger,128.0
1074771163#0->1323097580#0,veh_passenger,124.0
-47224972#0->-437445542,veh_passenger,333.0
511409188#0->813852683,veh_passenger,592.0
-488788630#0->-1226645410,bus_bus,100.0
1067953247#0->1235501861#2,veh_passenger,385.0
-50323229#3->-24576913#0,veh_passenger,1445.0
-147711065#1->-50323229#6,bus_bus,290.0
39838691#0->10628442#1,truck_truck,232.0
509524228->-40109290#2,veh_passenger,375.0
178583141->521701859,bus_bus,181.0
499566574#1->513087670,veh_passenger,577.0
39838657#3->-1254816454,veh_passenger,3781.0
499566573->-515136609,bus_bus,1031.0
-1068144849#2->513082641#2-AddedOnRampEdge,bus_bus,257.0
1068144845#2->10250021#3,veh_passenger,161.0
1064476624->1332638368#0,veh_passenger,282.0
-40138633#1->-39838630#1,bus_bus,1231.0
40035606#1->687878722#2,veh_passenger,1191.0
40140017#2->1068434258,veh_passenger,360.0
1067953247#1->509524228,veh_passenger,965.0
10628430->39838691#8,veh_passenger,2198.0
-428730800->1327579131,veh_passenger,1138.0
1226645411->1068434208#0,veh_passenger,196.0
40109290#5->-1211151638,veh_passenger,1409.0
424580476->1237953497,veh_passenger,368.0
-511409187->515138054,bus_bus,1152.0
-1290439817#0->1064476620#0,truck_truck,236.0
-47267010->40297885#1,veh_passenger,127.0
-224146621->1254816453#0,veh_passenger,519.0
515136607->39920550#3,veh_passenger,170.0
1211151638->178441748#1,veh_passenger,3126.0
509646053#0->1211151636,veh_passenger,448.0
147711065#1->24577455#2,veh_passenger,1165.0
515130028#1->-142741729#1,veh_passenger,263.0
-564273553#4->-1290439817#0,veh_passenger,2389.0
475044040#3->428730813#1,bus_bus,1060.0
10629709#0->1117667177,veh_passenger,294.0
-1068144846#0->-40036009#0,veh_passenger,449.0
39920550#10->178702260,bus_bus,588.0
40297715#0->240666069#0,veh_passenger,1390.0
474143552#1->39920505#12,veh_passenger,44.0
451728952#1->-654297635#0,veh_passenger,447.0
1100626087->437445541#2,veh_passenger,939.0
39920593#2->488788630#0,veh_passenger,1564.0
-39838691#10->438354815,veh_passenger,270.0
39920505#9->1297720367,truck_truck,3592.0
13909444#2->39920505#2,veh_passenger,380.0
513082627->511187808#4-AddedOnRampEdge,veh_passenger,220.0
-33683458#0->24577522#2,veh_passenger,269.0
40140141#10->521701858-AddedOffRampEdge,veh_passenger,210.0
515130026#1->900279869,veh_passenger,224.0
39920505#3->-479863106#2,veh_passenger,303.0
1235754993#1->40140141#11,veh_passenger,3140.0
-40109290#2->-499566577#1,veh_passenger,176.0
39086240->1068434257,veh_passenger,82.0
39838657#2->-1335304377,veh_passenger,4145.0
-488788630#1->1323097575#0,veh_passenger,395.0
1125986379#0->1068144845#2,veh_passenger,375.0
488788633#1->40138633#2,veh_passenger,492.0
-1335304385->-1067928307#0,veh_passenger,384.0
-654297636->50323229#13,veh_passenger,136.0
-437445539#0->666886085#0,veh_passenger,401.0
1204070283#1->515123439,veh_passenger,356.0
-654297637#0->47087993#1,veh_passenger,552.0
428730813#0->1214520074#2,veh_passenger,246.0
1233759524->666886082#0,veh_passenger,1279.0
-40139708->-1125986406#0,veh_passenger,187.0
-40035904#2->9792174#0,veh_passenger,1156.0
15420525->11631594#0,veh_passenger,396.0
474143552#2->1273251152,veh_passenger,223.0
-50323229#9->1214520073#1,veh_passenger,751.0
475044040#1->-428730813#0,veh_passenger,1390.0
499566574#2->-50323229#0,veh_passenger,140.0
1234244925#0->13909444#4,veh_passenger,959.0
511187818->9792174#1-AddedOnRampEdge,veh_passenger,577.0
-39838691#3->654530820#1,bus_bus,301.0
47224972#0->1214520075,veh_passenger,273.0
39763700#6->39920593#1,veh_passenger,2044.0
515123442#2->1260485930#1,veh_passenger,343.0
40138633#0->-1254633077#1,truck_truck,132.0
1125986377#2->47267007#1,veh_passenger,441.0
1131969257->-10628444#0,veh_passenger,4020.0
-1273251150#1->-730912750,veh_passenger,1266.0
475044040#0->40115810#0,veh_passenger,326.0
-1222703384#1->499566574#0,veh_passenger,192.0
439836128#0-AddedOffRampEdge->1207401652#1,veh_passenger,307.0
47224973->-14924729#3,veh_passenger,176.0
490474063#4->-50323229#11,veh_passenger,188.0
33683346#0->1231065652-AddedOnRampEdge,veh_passenger,1265.0
40140141#7->1222703384#0,veh_passenger,274.0
-401226926#0->-40297715#1,veh_passenger,161.0
-1260485929#1->-1260485931#0,veh_passenger,158.0
900399276->13909444#0,veh_passenger,1447.0
40297715#3->-40035325#0,bus_bus,64.0
39838691#1->-39366819#1,veh_passenger,55.0
71310798->-39838691#6,bus_bus,1281.0
-1125986385#1->178702261,veh_passenger,447.0
515126385#0->-1335304371,veh_passenger,240.0
1290456019->39838630#1,veh_passenger,974.0
1260481151->-40109290#4,veh_passenger,113.0
33683458#1->511409187,veh_passenger,3528.0
-428730807->-428730813#0,veh_passenger,259.0
1332638391#1->428730793#0,veh_passenger,250.0
-515136608->40115810#0,truck_truck,426.0
521705694#0->521708587#0,veh_passenger,30.0
10250021#3->1298335703,bus_bus,430.0
232920701->-1338361263,veh_passenger,1622.0
515136607->-1068144848#1,veh_passenger,112.0
428730818#2->-24576913#1,veh_passenger,2014.0
-1323097580#1->147711065#0,truck_truck,3457.0
1015424648->1196008691#1,bus_bus,581.0
-654297635#1->-1323097576,veh_passenger,227.0
39921025#1->513272950#0,veh_passenger,1153.0
1068144845#1->-50323229#11,veh_passenger,487.0
1067928307#2->1421367508,veh_passenger,167.0
465144361->513272950#0,veh_passenger,919.0
-1222703383->40109290#3,veh_passenger,192.0
40109290#0->-39838657#3,veh_passenger,566.0
24621218#3->511187807,veh_passenger,1356.0
178699051#0->511404874#0,veh_passenger,713.0
15419906#2->421846558#0,veh_passenger,310.0
-39920593#4->39838691#7,veh_passenger,270.0
1226645407->-474143552#4,truck_truck,288.0
40138633#1->-424580476,veh_passenger,1344.0
499566577#0->-1100626088,veh_passenger,1128.0
40297715#0->1125986387,veh_passenger,398.0
68574202->-14924729#3,veh_passenger,281.0
1273251150#1->488788630#1,truck_truck,1631.0
1207401652#1->1068434208#0,veh_passenger,56.0
499566574#3->-147711065#1,veh_passenger,243.0
509524225->-39920593#2,veh_passenger,230.0
488788630#1->33683458#0,veh_passenger,340.0
-449565665#2->40139504#1,veh_passenger,703.0
83563455->-142741729#0,veh_passenger,355.0
1068074793->499566574#2,veh_passenger,140.0
15419971#1->39366819#1,veh_passenger,1249.0
15525299->160078084-AddedOnRampEdge,veh_passenger,37.0
1292578228->1196008691#1,bus_bus,149.0
40139504#0->-1273251152,veh_passenger,120.0
-573632774->-437445539#0,veh_passenger,1615.0
428730818#3->1204070281,veh_passenger,473.0
178441748#1->47087993#1,veh_passenger,1213.0
178583140#0->-39838984#0,truck_truck,711.0
1214520070->39224566,veh_passenger,410.0
-654297632#2->521701857,veh_passenger,400.0
39838691#9->509646062,bus_bus,4402.0
838061038->-40138239#0,veh_passenger,665.0
1074409255#0->-40035992,veh_passenger,332.0
-40035325#1->39920550#5,veh_passenger,166.0
488788636#0->39920505#1,veh_passenger,3345.0
10628444#2->-1332638368#2,veh_passenger,146.0
-40035606#1->39920684#6,veh_passenger,228.0
521704042#0->-12247569,veh_passenger,87.0
1100626103#1->-147711065#2,veh_passenger,223.0
39920011#2->-1125986385#0,veh_passenger,411.0
513082635#0-AddedOffRampEdge->1207401652#1,veh_passenger,313.0
39920550#0->-50323229#7,veh_passenger,322.0
1335304386#1->47087993#2,veh_passenger,1073.0
1323097577->-1255099069,veh_passenger,225.0
513082641#2->50323229#13,veh_passenger,342.0
1125986375#1->513082627,veh_passenger,1196.0
-238219441#0->-143546557,veh_passenger,331.0
40140141#6->474143552#3,veh_passenger,237.0
654297634->1211151640,bus_bus,472.0
12090453#0->-1335304371,bus_bus,388.0
-39838984#0->761486028#1,veh_passenger,149.0
1064476622#1->513272949,veh_passenger,3696.0
-178723097#1->1068916338,veh_passenger,3428.0
240666069#3->1233759524,veh_passenger,255.0
238219472#3->40109290#5,veh_passenger,250.0
-1068434202->83428923#0,veh_passenger,172.0
654530820#1->-10748045#1,bus_bus,321.0
39920505#8->-654297632#2,veh_passenger,284.0
-39838657#1->1235501860,bus_bus,685.0
39920550#7->-1272337500,veh_passenger,173.0
1214520079->39838520#3,veh_passenger,1517.0
-240666072#1->-40138633#0,veh_passenger,453.0
50323229#0->-1222703383,veh_passenger,219.0
1323097579#1->178702258#0,veh_passenger,542.0
1226645411->1335304385,veh_passenger,298.0
178699056#0->509524224,veh_passenger,103.0
40138633#3->178699056#1,veh_passenger,838.0
515123442#3->33683458#2,veh_passenger,444.0
-40035904#1->1421367508,veh_passenger,1211.0
511187808#0->47087993#0,truck_truck,380.0
-40035606#0->-422842976,veh_passenger,200.0
515136608->-654297629#5,veh_passenger,278.0
-1335304372->39921025#4,bus_bus,227.0
150928465->900399275,bus_bus,172.0
654530820#0->510107701,bus_bus,303.0
50323229#0->-401226926#0,veh_passenger,117.0
1131969257->-1322916760#1,veh_passenger,864.0
437445541#1->40138941#2,veh_passenger,371.0
-1335304386#0->1222703382,veh_passenger,51.0
47225638#0->401226926#0,veh_passenger,247.0
509647506->8758061,veh_passenger,360.0
1064476620#3->-40036009#1,veh_passenger,253.0
1131969257->-1255099069,veh_passenger,3543.0
-10748036->10250021#3,veh_passenger,121.0
-1292541108->-1273405490,veh_passenger,312.0
-422842976->-240666072#1,bus_bus,134.0
1067928306#1->-39920593#6,veh_passenger,398.0
900287035->47267007#0,veh_passenger,889.0
654297633->-10628444#1,veh_passenger,119.0
1074409232#1->437445541#2,veh_passenger,1179.0
40138633#2->-47267007#2,veh_passenger,725.0
11631594#3->40138633#3,veh_passenger,370.0
-238219441#0->-178723097#0,veh_passenger,1419.0
-1290439817#0->33683458#0,veh_passenger,202.0
14924729#2->9374529#1,veh_passenger,266.0
178702243#1->509646057#2,veh_passenger,247.0
975216740->653860562,veh_passenger,1321.0
-1297720367->428730793#1,veh_passenger,1778.0
515040937->-428730813#1,veh_passenger,1591.0
178583167#1->-654530820#1,veh_passenger,1135.0
1100626103#0->381945549#0,veh_passenger,977.0
1100626103#3->511185049,veh_passenger,457.0
-39838630#2->-488788630#1,veh_passenger,276.0
24576913#1->401226926#0,truck_truck,679.0
-40036062#0->8887999#1,veh_passenger,300.0
509646057#0->-1068916336,veh_passenger,237.0
1125986373#2->1064398309#0,veh_passenger,183.0
-1335304372->40297715#0,veh_passenger,128.0
1068434199->39920505#11,veh_passenger,284.0
509524226->513082627,veh_passenger,428.0
1234244927#1->-39921673#1,veh_passenger,731.0
1214520074#1->-451728952#3,veh_passenger,195.0
1234244926->39838520#3,veh_passenger,1368.0
1064476625->-40035606#2,veh_passenger,156.0
238219472#3->730912750,veh_passenger,602.0
490474063#3->1298335704#0,veh_passenger,308.0
10748036->1125986375#0,veh_passenger,116.0
-564273553#4->39921673#1,veh_passenger,1498.0
511187808#1->521704053,veh_passenger,19.0
1234244925#0->40109290#5,veh_passenger,620.0
12090453#1->-479863106#0,veh_passenger,132.0
40109290#0->513087668,veh_passenger,1148.0
1068916336->1125986387,bus_bus,357.0
10629709#2->178583148#2-AddedOnRampEdge,veh_passenger,334.0
10748045#2->474143552#2,veh_passenger,194.0
1118804250->450616334#0,truck_truck,442.0
513082641#2-AddedOnRampEdge->488788637#1,veh_passenger,222.0
178583149->33683458#0,truck_truck,84.0
490474063#0->515136604,bus_bus,1357.0
513082640->-10748036,veh_passenger,468.0
1075505400#3->-39920593#3,veh_passenger,3212.0
-50323229#13->-50323229#10,truck_truck,8.0
-1326094888->428730813#0,veh_passenger,38.0
488788630#0->-40035606#0,veh_passenger,321.0
521701860->538432098,veh_passenger,40.0
-1332638391#0->513272950#0,bus_bus,1177.0
10629474#1->1125986377#2,veh_passenger,186.0
-1260481154->1231065652,veh_passenger,1321.0
40138239#3->178699051#0,veh_passenger,1182.0
-40109290#3->822782498,veh_passenger,292.0
24576913#0->1297720367,veh_passenger,4639.0
511187808#4->1214520075,veh_passenger,170.0
47087992#1->-47224972#0,veh_passenger,94.0
428730813#1->-142741729#1,veh_passenger,402.0
511409856#1->40035606#2,veh_passenger,181.0
11635095-AddedOffRampEdge->40035606#2,veh_passenger,196.0
39920505#4->654297628,veh_passenger,366.0
-1125986386->488788637#1,veh_passenger,3102.0
1292578228-AddedOnRampEdge->39920505#12,veh_passenger,164.0
1290456019->515040940#0,veh_passenger,413.0
509647506->687878722#0,truck_truck,502.0
1323097575#1->40036062#1,veh_passenger,41.0
10628444#2->-1125986375#1,veh_passenger,130.0
-1260485929#1->1222181935,veh_passenger,85.0
-71269782->474143552#6,bus_bus,3279.0
1335304376#1->488788633#2,veh_passenger,351.0
39920505#11->-1068144846#1,veh_passenger,1189.0
1201484855->1068434235,veh_passenger,3763.0
513082623->39920550#1,veh_passenger,288.0
-40109290#3->40138239#1,veh_passenger,64.0
509524230->1235501861#1,bus_bus,474.0
1290439820->-1335304371,veh_passenger,207.0
47225638#0->-1326193809,veh_passenger,345.0
39921673#0->10250021#4,veh_passenger,124.0
428730813#3->428730818#3,veh_passenger,32.0
47087993#0->-83563455,veh_passenger,327.0
131671623->-1214520076,veh_passenger,151.0
238219441#1->10628430,veh_passenger,2611.0
39763700#4->1068434256#1,veh_passenger,91.0
1237953497->-1068916339,truck_truck,111.0
-1211151638->-10628430,veh_passenger,4120.0
10250021#2->24576922#0,veh_passenger,1310.0
-33683346#0->178583153-AddedOnRampEdge,bus_bus,303.0
-1125986379#1->-449565665#2,veh_passenger,1564.0
39366819#0->-1297720368,veh_passenger,3202.0
-1290439817#0->39921025#0,veh_passenger,120.0
381945551->-1273251150#1,veh_passenger,454.0
511187818->-240666072#0,veh_passenger,86.0
-40035904#1->39838691#8,veh_passenger,451.0
131671623->-761486028#1,veh_passenger,390.0
-47224972#0->-478286980#0,bus_bus,212.0
-405382146#1->160077493,veh_passenger,1060.0
40138941#0->1234244925#2,veh_passenger,760.0
-1335304373#0->1068434200#0,veh_passenger,467.0
14924729#1->-10628429,veh_passenger,130.0
1125986373#0->40109290#4,veh_passenger,198.0
-10250021#3->654297629#3,veh_passenger,1058.0
10725667->1068434205,veh_passenger,317.0
-1125986386->1068434201,veh_passenger,662.0
838061038->240666069#2,veh_passenger,100.0
-39838530->1332638368#2,veh_passenger,617.0
428730813#0->-654297631,veh_passenger,404.0
238219472#0->-1068144846#1,bus_bus,526.0
515126385#0->10748045#2,veh_passenger,262.0
39838984#0->-1323097576,veh_passenger,291.0
24621218#3->178583153,veh_passenger,78.0
24577455#0->1068434208#0-AddedOffRampEdge,bus_bus,3424.0
-40109239->1214520074#4,veh_passenger,411.0
1211151636->-10629474#0,veh_passenger,244.0
511187815->1067928306#2,bus_bus,259.0
39920505#9->428730793#0,bus_bus,1407.0
83563455->1222181937,veh_passenger,217.0
39763700#3->12247569,veh_passenger,73.0
1125986377#2->1235754993#0,veh_passenger,358.0
1272548721->1201484855,veh_passenger,45.0
-39838630#3->1260485931#0,veh_passenger,207.0
-1260485931#1->1211151635#1,veh_passenger,442.0
50323229#14->-1332638391#2,veh_passenger,322.0
-39838751#1->-39366819#0,bus_bus,116.0
968332513#1->654297634,veh_passenger,275.0
83563432->-1335304385,veh_passenger,219.0
24576922#1->511187808#3,veh_passenger,710.0
-900279869->509646054,veh_passenger,36.0
-451728952#4->-178723097#1,veh_passenger,827.0
116831467->-1068144846#1,veh_passenger,1408.0
1273405490->-39921673#1,veh_passenger,283.0
422842976->1074771163#1-AddedOffRampEdge,veh_passenger,1379.0
439836128#0-AddedOffRampEdge->1337646276,veh_passenger,935.0
150928465->47087992#5,veh_passenger,195.0
1337646271#0->511409188#0,veh_passenger,222.0
-39838630#1->838061037,veh_passenger,104.0
-14924729#0->39920550#0,veh_passenger,180.0
521708587#2->-1335304386#0,veh_passenger,5025.0
-24576913#2->39920593#6,veh_passenger,3265.0
178699051#1->666886085#0,veh_passenger,16.0
-10250021#4->511187808#2,bus_bus,268.0
40109290#4->39920505#9,veh_passenger,262.0
-1067928307#2->490474063#8,veh_passenger,291.0
1235501861#0->-40297715#0,veh_passenger,245.0
40035606#2->1254816452,veh_passenger,226.0
-1067928307#3->47267007#1,bus_bus,43.0
49224804#0->40139504#0,veh_passenger,148.0
428730818#0->439836130#0-AddedOffRampEdge,veh_passenger,1054.0
50323226->47087992#2,veh_passenger,1497.0
1074771163#0->40035325#0,truck_truck,293.0
490474063#3->50323226,veh_passenger,118.0
1068434203->-40035606#1,veh_passenger,406.0
-1332638368#1->-40297715#3,veh_passenger,713.0
-50323229#0->967985513#0,veh_passenger,380.0
-240666072#2->-40140017#2,veh_passenger,329.0
511187812->-437445540,veh_passenger,1646.0
-1211151638->967985513#2,veh_passenger,3101.0
1196008692#1->654297631,veh_passenger,589.0
39838520#3->39920505#2,veh_passenger,691.0
24621218#1->-1068916336,veh_passenger,161.0
-474143552#1->-1335304371,veh_passenger,177.0
-1273405490->40036009#3,veh_passenger,60.0
143546557->1254816452,veh_passenger,229.0
428730813#2->-39838691#10,veh_passenger,169.0
-451728952#5->1298335704#1,veh_passenger,346.0
12262310#0-AddedOffRampEdge->-1068074793,veh_passenger,299.0
39838691#3->33683458#0,veh_passenger,5038.0
40109290#3->1067953246,veh_passenger,1233.0
10748045#0->1226645410,bus_bus,1388.0
-654297629#4->515130026#0,veh_passenger,339.0
511187807->1235754993#1,veh_passenger,968.0
39838691#0->-856175964,veh_passenger,268.0
8887999#2->178702258#2,veh_passenger,1103.0
39838984#0->9374529#1,veh_passenger,306.0
160077494->-654297632#0,veh_passenger,209.0
-1292541108->1204070282,veh_passenger,244.0
1214520078->-401226926#1,truck_truck,408.0
1335304373#1->1125986377#0,veh_passenger,158.0
-515126385#1->-40138239#2,bus_bus,411.0
428730813#1->-10628444#0,veh_passenger,402.0
-1237953493->449565665#3,bus_bus,798.0
-10629474#1->509524228,veh_passenger,1287.0
515123442#1->-1332638391#2,veh_passenger,216.0
39838630#1->-1068916335,truck_truck,253.0
428730813#1->564273553#2,veh_passenger,162.0
509524227#1->1211151640,veh_passenger,237.0
666886084#1->1332638391#0,veh_passenger,58.0
1235501861#1->178723097#1,veh_passenger,43.0
488788626#0->39920505#6,veh_passenger,1278.0
1335304375->449565665#2,veh_passenger,555.0
-40138239#4->-1204070283#0,bus_bus,284.0
-451728952#1->-1068916339,veh_passenger,189.0
-422842976->-10629474#0,veh_passenger,235.0
421846558#1->-10628444#2,veh_passenger,3411.0
40138239#1->11635146#1,veh_passenger,1477.0
238219472#3->-39838657#3,veh_passenger,445.0
1015424648->1326094888,veh_passenger,163.0
1064398309#1->39838657#1,veh_passenger,600.0
-1272337500->72157794,veh_passenger,271.0
-1254633077#1->-40138239#2,veh_passenger,65.0
515040940#0->47224972#1,veh_passenger,1134.0
-1068144847->1421367925,veh_passenger,218.0
39920505#1->39838691#2,bus_bus,1170.0
1204070281->509646063#1,veh_passenger,641.0
178583155->838061038,veh_passenger,1109.0
47087992#4->39920593#1,veh_passenger,371.0
-39838691#1->-474143552#3,veh_passenger,5138.0
47224972#1->474143552#3,veh_passenger,384.0
39920011#3->-1068144849#2,bus_bus,529.0
515124965#2->1067928307#2,veh_passenger,399.0
515130028#0->490474063#1,veh_passenger,302.0
666886085#0->240666069#2,veh_passenger,3700.0
24576913#2->1204070282,veh_passenger,4668.0
1332638391#1->-1068144846#2,veh_passenger,337.0
1125986374->-1260485931#1,veh_passenger,83.0
39920684#1->-838061038,veh_passenger,892.0
40297715#2->654297635#0,veh_passenger,240.0
1231065643->439836130#0,truck_truck,1213.0
428730818#3->1335304376#1,veh_passenger,221.0
39920550#10->11631594#1,veh_passenger,99.0
1214520070->178702258#2,truck_truck,276.0
1068916338->-50323229#10,veh_passenger,275.0
11635095-AddedOffRampEdge->39838984#1,veh_passenger,168.0
39763700#2->-33683346#0,veh_passenger,1818.0
39920505#8->47087993#5,veh_passenger,1264.0
654297633->-1125986377#2,bus_bus,133.0
-40140017#3->515136603,veh_passenger,572.0
-147711065#2->10628444#2,veh_passenger,116.0
1068916336->1204070283#0,veh_passenger,69.0
-39920593#4->513082627,veh_passenger,1222.0
40138633#2->521708587#1,veh_passenger,527.0
-451728952#1->-40139504#1,veh_passenger,274.0
178699049->1067928306#0,veh_passenger,297.0
-509646056->1064476624,bus_bus,512.0
-1068916335->39920505#12,truck_truck,215.0
1254633078#1->39838691#9,veh_passenger,562.0
50323226->39920505#4,veh_passenger,208.0
1068434206->-10629474#1,veh_passenger,170.0
-1074409256#0->-405382146#0,veh_passenger,208.0
1338361263->-8887999#2,veh_passenger,1155.0
1068434236->475044040#3,veh_passenger,204.0
654297629#5->24577522#3,veh_passenger,5251.0
238219449->1064476619,veh_passenger,99.0
509647505->1064476624,veh_passenger,1135.0
40109290#0->1273251151,veh_passenger,31.0
-40035904#1->511405572,veh_passenger,375.0
564273553#2->1338361263,veh_passenger,2360.0
975216739->1231065654,veh_passenger,144.0
24576922#2->1067928305#2,veh_passenger,253.0
1260481150->24576913#2,veh_passenger,771.0
47087366#1->1335304371,bus_bus,341.0
666886084#1->1100626103#1,veh_passenger,374.0
33683346#2->-1074771160,veh_passenger,465.0
1068144849#2->479863106#1,veh_passenger,338.0
1214520075->515126384,veh_passenger,133.0
40140141#9->10628442#1,veh_passenger,110.0
437445540->499566574#0,veh_passenger,330.0
482569917#1->1337115429,veh_passenger,200.0
10628442#1->654297629#6,veh_passenger,577.0
-10748045#0->1064476623,veh_passenger,812.0
13909444#6->1214520074#5,veh_passenger,403.0
1297720367->-39838657#2,truck_truck,689.0
178699056#3->178583140#0,veh_passenger,3530.0
687878722#0->9792174#0,veh_passenger,759.0
47224972#0->-39366819#0,veh_passenger,295.0
1100626103#3->1231065652,veh_passenger,1099.0
1324405519->39838520#0,veh_passenger,527.0
515123439->1233759524,veh_passenger,277.0
-147711065#2->1323097580#1,bus_bus,381.0
40035606#1->1254633077#1,veh_passenger,143.0
-40036009#3->1298335705,veh_passenger,1210.0
-1204070283#1->1196008691#0,truck_truck,153.0
1272337500->39838882,veh_passenger,707.0
1335304385->1236283454,bus_bus,232.0
-39838657#0->511404874#0,veh_passenger,111.0
39838751#1->178699054,veh_passenger,2349.0
39920011#1->511187812,veh_passenger,286.0
1273251150#1->12247568#1,veh_passenger,1042.0
521701860->-1125986377#0,veh_passenger,289.0
10629709#1->1214520070,veh_passenger,519.0
1064476618#0->509646057#2,veh_passenger,310.0
-474143552#4->-1290439817#0,veh_passenger,111.0
240666069#1->-147711065#1,veh_passenger,723.0
-142741729#0->488788630#0,veh_passenger,840.0
50323229#11->488788630#0,veh_passenger,876.0
-39920593#0->515126384,bus_bus,1147.0
-39838630#1->-40138633#3,veh_passenger,363.0
39366819#0->1214520071,veh_passenger,285.0
47088302#0->-515040940#0,bus_bus,1480.0
47087993#0->511404873#0,bus_bus,407.0
509646059->83563455,veh_passenger,326.0
-14924729#1->-479863106#0,veh_passenger,164.0
1067928307#2->-1322916760#1,veh_passenger,212.0
1272337501->11631594#2,bus_bus,260.0
12247568#0->1074771163#1,veh_passenger,1927.0
-838061037->474143552#2,veh_passenger,307.0
10628444#1->-401226926#0,veh_passenger,142.0
39920550#5->900287035,veh_passenger,261.0
9704194#1->521701859,veh_passenger,445.0
515126385#1->1125986387,veh_passenger,352.0
-40138239#4->11635146#1,veh_passenger,1243.0
8887999#1->9792174#1,veh_passenger,789.0
-50323229#7->-900279869,veh_passenger,289.0
1260481155->-39366819#0,veh_passenger,320.0
-474143552#4->474143552#3,veh_passenger,73.0
-1323097580#0->1236283454,veh_passenger,173.0
511404874#0->142741729#0,veh_passenger,233.0
1125986379#1->900279869,veh_passenger,247.0
-1067928307#0->-488788637#1,veh_passenger,294.0
511187808#4-AddedOnRampEdge->-1273251150#1,veh_passenger,579.0
178699056#3->1068434200#0,veh_passenger,472.0
11635146#0->1068434200#0,veh_passenger,869.0
10250021#3->-40138633#1,veh_passenger,384.0
39920011#3->-1260485929#1,veh_passenger,506.0
39920505#12->-39921673#1,veh_passenger,238.0
511187808#3->47087366#1,veh_passenger,297.0
-488788630#1->1068916336,truck_truck,339.0
-1254816454->-142741729#1,veh_passenger,153.0
39920550#6->1272337501,veh_passenger,258.0
515130025->-1260481154,bus_bus,306.0
-39838751#0->1292541108,truck_truck,621.0
72157792->-12247568#1,bus_bus,501.0
451728952#3->1196008691#0,truck_truck,273.0
-39921673#0->-1335304372,veh_passenger,63.0
240666072#2->1332638391#1,veh_passenger,99.0
-437445542->-1068916338,veh_passenger,302.0
-1338361263->499566577#1,veh_passenger,3853.0
856175962->-1226645407,veh_passenger,404.0
1237953493->40035606#0,veh_passenger,260.0
39920505#0->72157794,veh_passenger,253.0
-14924729#2->1068434256#0,veh_passenger,544.0
1068434235->428730800,veh_passenger,470.0
515138054->-50323229#0,veh_passenger,389.0
-39838984#0->1290456019,veh_passenger,522.0
975216739->-83428923#1,veh_passenger,111.0
1335304376#1->-654297631,veh_passenger,50.0
-39838691#9->1254633077#0,bus_bus,5631.0
15420532->1335304374,veh_passenger,322.0
-1273251151->24621218#1,bus_bus,360.0
13866211->-1214520068,veh_passenger,349.0
1068144845#4->515136607,veh_passenger,241.0
488788630#0->449565665#3,veh_passenger,2759.0
-238219441#1->666886084#0,veh_passenger,621.0
47087993#5->511187815,veh_passenger,168.0
-1067928305#2->1323097576,veh_passenger,278.0
1068144849#2->1273251150#1,veh_passenger,503.0
-1068074793->515126385#1,veh_passenger,1520.0
900279886->511187812,veh_passenger,171.0
1100626103#0->1064476620#3,veh_passenger,356.0
513272950#1->1211151640,veh_passenger,109.0
-900279886->40035325#0,veh_passenger,126.0
428730813#0->8887999#1,veh_passenger,167.0
1260485931#0->509524228,veh_passenger,1605.0
15419906#0->-40138239#2,veh_passenger,267.0
39920550#2->-39920593#2,veh_passenger,187.0
1231065654->1067928306#0,veh_passenger,458.0
1068144845#3->428730818#2,veh_passenger,266.0
83563432->1337115429,veh_passenger,107.0
975216740->509524271,veh_passenger,307.0
47224972#1->-437445539#0,veh_passenger,557.0
-8887999#2->-1273405490,veh_passenger,359.0
24621218#2->856175962,veh_passenger,352.0
-687878722#0->-1297720376#0,truck_truck,409.0
-1235501861#0->-654297637#0,bus_bus,472.0
490474063#7->178723097#1,veh_passenger,342.0
178699056#0->1335304373#2,veh_passenger,3817.0
564273553#4->39920505#13,veh_passenger,3671.0
68574206->15420801#0,veh_passenger,241.0
39366819#0->1237953495,veh_passenger,203.0
257421487#0->428730813#3,veh_passenger,478.0
-1100626088->-968332509,veh_passenger,538.0
39839131->83428923#0,veh_passenger,288.0
1068144848#1->-1125986378#0,veh_passenger,245.0
1222703384#0->-1068916336,veh_passenger,26.0
40140141#0->1214520068,veh_passenger,532.0
511404873#0->499566577#0,veh_passenger,2557.0
474143552#4->1064476622#0,veh_passenger,227.0
-451728952#3->687878722#2,veh_passenger,316.0
985675139->1100626103#3,truck_truck,265.0
178723097#0->490474063#8,veh_passenger,2482.0
475044040#1->1226645408,veh_passenger,1554.0
1068144844->1068144849#1,veh_passenger,131.0
-450616334#1->39839107,veh_passenger,5542.0
1068434236->240666072#1,veh_passenger,135.0
-1260485929#1->-428730813#3,veh_passenger,512.0
513082627->40035325#0,veh_passenger,333.0
39838751#0->451728952#5,bus_bus,250.0
39921673#0->-47224972#0,veh_passenger,159.0
1068434199->654297629#6,veh_passenger,114.0
-240666072#1->40036009#1,veh_passenger,411.0
13909444#0->1235501861#0,bus_bus,471.0
413789557->490474063#4,veh_passenger,4666.0
-40036009#2->-1323097580#1,veh_passenger,238.0
-654530820#1->1100626103#3,veh_passenger,264.0
-654297629#5->178583148#0,veh_passenger,5668.0
-1125986377#2->1064398309#1,veh_passenger,294.0
-1335304373#2->488788630#2,veh_passenger,1019.0
15419971#1->240666069#3,veh_passenger,893.0
-147711065#0->428730813#3,veh_passenger,647.0
24576922#1->-1335304371,bus_bus,449.0
490474063#6->-437445539#0,veh_passenger,856.0
40138633#0->-474143552#6,bus_bus,276.0
1323097580#0->1074409255#0,veh_passenger,92.0
-39838984#1->1255099069,veh_passenger,205.0
39920505#2->1074409255#3,veh_passenger,116.0
-1297720376#1->-50323229#0,veh_passenger,285.0
1234244925#2->-50323229#10,bus_bus,229.0
178702258#1->39838691#9,veh_passenger,235.0
40035606#1->509646063#1,bus_bus,415.0
178702258#0->1067928305#2,veh_passenger,161.0
40115810#0->1323097579#0,veh_passenger,666.0
1214520076->-10628442#1,veh_passenger,170.0
1290439817#1->-1214520076,veh_passenger,168.0
1068074793->-1323097580#1,veh_passenger,276.0
1064398309#1->511187823,veh_passenger,345.0
40297715#3->1337646276,bus_bus,1475.0
-40139504#1->-449565665#2,veh_passenger,1042.0
178583149->11635146#0,veh_passenger,276.0
479863106#0->-1068074793,veh_passenger,404.0
515126302->1260485931#0,veh_passenger,510.0
1335304374->-50323229#3,veh_passenger,157.0
-1226645410->437445541#1,veh_passenger,192.0
1326193809->40036062#0,veh_passenger,162.0
-1335304385->-474143552#1,veh_passenger,154.0
1260481150->-1222703382,veh_passenger,144.0
1068144845#1->1064476620#3,veh_passenger,489.0
40035606#0->515123439,veh_passenger,1448.0
40139708->1298335704#0,veh_passenger,343.0
499566573->40035606#0,veh_passenger,165.0
1235501860->654297637#0,veh_passenger,4247.0
1272548721->838061037,veh_passenger,571.0
1231065654->83563455,veh_passenger,478.0
1234244925#1->-1068916336,veh_passenger,138.0
654297629#5->-33683458#1,veh_passenger,6112.0
1125986374->-654297629#1,veh_passenger,1755.0
-1214520079->509524225,veh_passenger,335.0
1335304372->39921025#0,veh_passenger,168.0
12090453#1->-1332638368#0,bus_bus,334.0
178702243#0->71310791,veh_passenger,407.0
515126385#0->335802680,veh_passenger,745.0
14924729#0->1075505400#0,veh_passenger,639.0
1214520074#2->39920505#9,bus_bus,290.0
-900279886->564273553#3,veh_passenger,1019.0
-33683458#2->1222181934,veh_passenger,262.0
39920593#5->72157794,veh_passenger,219.0
499566574#1->-1326193809,bus_bus,125.0
39838630#3->39920684#2,veh_passenger,620.0
654530820#1->-47224972#0,truck_truck,319.0
513082641#0-AddedOffRampEdge->1234244925#2,veh_passenger,1548.0
413789557->-564273553#4,veh_passenger,48.0
-39838691#0->1068434256#1,veh_passenger,105.0
451728952#5->1068144845#0,veh_passenger,137.0
1125986374->511187811,veh_passenger,188.0
-1068144845#3->178583148#0,truck_truck,834.0
39920550#11->-40138633#2,veh_passenger,304.0
460316444->381945551,veh_passenger,50.0
33683458#1->513272951#0,veh_passenger,1494.0
967985513#1->50323226,veh_passenger,344.0
10748036->40140141#9,veh_passenger,190.0
-10748045#2->1421367508,veh_passenger,1595.0
39920550#2->428730818#1,veh_passenger,1251.0
-1237953494->39920550#6,veh_passenger,248.0
-437445539#1->428730793#1,veh_passenger,41.0
475044040#1->515126385#4,veh_passenger,1567.0
1337646271#1->1100626103#1,veh_passenger,267.0
-1067928305#0->1068144845#0,veh_passenger,315.0
47267010->10628444#2,veh_passenger,242.0
521704031#1->-1235501862,bus_bus,334.0
-40109290#5->49224804#0,veh_passenger,102.0
515123438->451728952#3,veh_passenger,157.0
39920505#12->428730813#0,veh_passenger,1158.0
-40035325#1->513272951#1,veh_passenger,3678.0
-1125986385#1->511187808#3,veh_passenger,208.0
-40109290#1->-1335304373#2,veh_passenger,204.0
-1332638391#0->413789557,bus_bus,232.0
-437445539#0->499566574#3,veh_passenger,408.0
178702260->178583148#2,bus_bus,114.0
39921025#8->511187808#4,veh_passenger,1037.0
39838691#6->39921531,veh_passenger,5856.0
-1068144845#4->-40035606#3,truck_truck,381.0
509646057#0->-1260485931#1,veh_passenger,193.0
-40035606#1->1337646275,veh_passenger,1233.0
1298335704#0->39920593#1,veh_passenger,296.0
39086240-AddedOffRampEdge->-240666072#1,veh_passenger,208.0
1273251151->178702258#2,veh_passenger,404.0
39920593#6->-474143552#0,veh_passenger,153.0
-653860562->-1125986377#0,veh_passenger,3748.0
39921025#3->511187808#3,veh_passenger,556.0
1297720368->405382146#0,veh_passenger,401.0
1125986377#0->1222703383,veh_passenger,168.0
40138633#0->1211151640,veh_passenger,378.0
1231065644->-1254633077#1,veh_passenger,257.0
1211151639->40138239#2,veh_passenger,470.0
482569917#0->178441748#2,bus_bus,269.0
-50323229#10->-1214520068,veh_passenger,1236.0
-50323229#9->39838657#1,veh_passenger,1216.0
-1255099069->1235501861#0,veh_passenger,153.0
1323097575#2->1064476623,veh_passenger,507.0
564273553#2->1337646271#0,veh_passenger,92.0
39920550#3->-1015424648,veh_passenger,863.0
24621218#1->-1214520068,veh_passenger,894.0
-1131969257->-1125986378#0,veh_passenger,4091.0
-178723097#0->1226645411,veh_passenger,507.0
1234244927#1->1231065653,veh_passenger,756.0
511409856#1->1254816442,veh_passenger,786.0
967985512->490474063#1,veh_passenger,330.0
238219443->-47224972#0,veh_passenger,284.0
413789558#1->564273552,veh_passenger,79.0
10628444#0->967993112#0,veh_passenger,470.0
39920505#5->450616334#1,truck_truck,758.0
40109290#1->-238219441#0,veh_passenger,144.0
238219446#1->511187808#4-AddedOnRampEdge,veh_passenger,165.0
515136604->39920505#12,veh_passenger,258.0
10250021#4->-1125986378#1,veh_passenger,70.0
654297630->538432098,veh_passenger,210.0
-654297629#0->1068434201,veh_passenger,112.0
1272337498#0->428730818#0,veh_passenger,1170.0
1067928305#0->9792174#1-AddedOnRampEdge,bus_bus,1222.0
39920505#3->47267011#0,truck_truck,935.0
1068144846#0->1235501860,bus_bus,816.0
1118804250->40297715#1,veh_passenger,506.0
488788633#1->515126302,veh_passenger,321.0
232920697->1323097575#2,veh_passenger,288.0
178702243#0->-39838751#2,veh_passenger,304.0
1067928307#2->-240666072#1,bus_bus,304.0
1214520074#2->-1222703384#0,veh_passenger,222.0
39921025#1->437445541#0,veh_passenger,774.0
-1335304373#0->1337646276,veh_passenger,1358.0
-39920593#6->437445541#1,veh_passenger,788.0
1298335703->521705694#0,veh_passenger,251.0
1074771163#1-AddedOffRampEdge->-8758061,veh_passenger,238.0
39838520#0->-50323229#0,veh_passenger,3244.0
511187808#4->39838530,veh_passenger,720.0
39920684#3->1297720376#0,bus_bus,1618.0
1068434235->39920550#0,bus_bus,318.0
490474063#7->826496637,truck_truck,201.0
-654297635#0->-224146621,veh_passenger,1337.0
838061038->-1068144846#2,veh_passenger,191.0
-169562956->654297629#5,veh_passenger,544.0
1074771163#0->439836132,bus_bus,99.0
83428923#0->-1273251150#1,veh_passenger,345.0
238219449->564273553#3,veh_passenger,601.0
1068144845#1->511187808#0,veh_passenger,220.0
1064476620#2->-47267007#0,veh_passenger,501.0
1074409232#1->-50323229#3,veh_passenger,401.0
1067953239#1->-257421487#0,veh_passenger,419.0
240666069#3->1068434208#0,bus_bus,266.0
-12247568#0->-521701857,veh_passenger,173.0
-687878722#0->1254816452,veh_passenger,534.0
40138941#2->515124965#1,veh_passenger,1348.0
437445541#0->515123442#1,veh_passenger,171.0
-1222703382->47224972#0,veh_passenger,261.0
39920550#8->513082641#2-AddedOnRampEdge,veh_passenger,348.0
437445541#0->-240666072#2,truck_truck,416.0
40297715#3->-1068144846#1,veh_passenger,1362.0
39920505#3->1236283454,veh_passenger,313.0
490474063#3->-39920593#2,veh_passenger,52.0
666886086#1->1125986373#1,veh_passenger,3782.0
-654530820#1->40138941#2,veh_passenger,459.0
-1260481154->513082632,veh_passenger,467.0
-1100626088->13909444#3,veh_passenger,339.0
-1278784167#1->-39838657#0,veh_passenger,205.0
-147711065#0->509646053#1,bus_bus,298.0
-1211151635#1->47087993#0,veh_passenger,308.0
474143552#5->232920697,veh_passenger,248.0
564273553#3->1323097575#2,veh_passenger,6081.0
-39838751#0->178699058,veh_passenger,1177.0
975216740->-1067928307#3,veh_passenger,297.0
-1335304386#0->1064476624,veh_passenger,1086.0
511187809->40035606#1,veh_passenger,382.0
-1335304386#1->-8758061,veh_passenger,1256.0
449565665#0->1068144848#0,veh_passenger,3444.0
40036062#1->1235754993#0,veh_passenger,396.0
33683346#2->1323097580#0,veh_passenger,296.0
-24576913#0->1337115429,veh_passenger,181.0
10629474#1->-474143552#0,veh_passenger,229.0
178699056#1->488786523,bus_bus,296.0
1100626103#3->39920550#5,veh_passenger,329.0
40140141#4->490474063#7,veh_passenger,352.0
-451728952#3->1254633078#1,veh_passenger,396.0
1211151635#0->40297885#1,veh_passenger,82.0
-1214520076->515130026#0,veh_passenger,266.0
40035325#1->1297720376#1,veh_passenger,1412.0
-428730800->-1125986385#0,veh_passenger,363.0
-488788630#0->11631594#1,veh_passenger,256.0
40297885#1->428730818#1,veh_passenger,127.0
515123439->538432098,veh_passenger,164.0
39920593#2->47087993#5,veh_passenger,1377.0
1234244927#0->-39838751#2,veh_passenger,467.0
-1125986385#0->-474143552#3,veh_passenger,219.0
178583144->1100626103#0,veh_passenger,199.0
-39366819#0->-1273405490,veh_passenger,382.0
-1211151635#1->1068144845#3,veh_passenger,222.0
-654297637#1->178583153-AddedOnRampEdge,veh_passenger,391.0
521705695->-39838691#3,veh_passenger,133.0
-10748045#2->10628444#2,veh_passenger,275.0
-1323097580#0->10629474#0,veh_passenger,261.0
381945549#1->1335304376#1,veh_passenger,255.0
68574206->1214520074#1,truck_truck,214.0
1068144849#2->39921673#0,truck_truck,335.0
1067928305#1->39920550#2,veh_passenger,369.0
521708587#0->-1273251150#1,veh_passenger,4559.0
900279869->40138239#3,veh_passenger,313.0
521708587#1->-1335304373#2,veh_passenger,5727.0
488788633#1->39224566,veh_passenger,113.0
-654297631->1067928305#0,veh_passenger,471.0
511187809->24576913#0,veh_passenger,72.0
-422842976->47087993#0,veh_passenger,119.0
515130027->490474063#3,veh_passenger,290.0
-39838751#2->900287035,veh_passenger,429.0
-50323229#11->40140141#6,veh_passenger,486.0
-39838657#0->39921025#2,truck_truck,1046.0
40140017#3->-1273251152,truck_truck,207.0
-428730813#3->1236283454,veh_passenger,353.0
1125986373#3->521704040,veh_passenger,502.0
-450616334#1->11631594#1,veh_passenger,5502.0
-513272949->33683346#2,veh_passenger,834.0
-1068144849#2->39366819#0,veh_passenger,368.0
1204070283#1->50323229#6,veh_passenger,425.0
-39838630#1->232920701,veh_passenger,247.0
-39920593#4->1068916336,veh_passenger,107.0
-178723097#1->-1068144849#2,truck_truck,618.0
-1067953246->488788626#3,veh_passenger,300.0
39920011#3->515126302,veh_passenger,1215.0
10748045#2->509524224,veh_passenger,375.0
-1125986375#0->40035904#2,veh_passenger,203.0
654297631->47267010,veh_passenger,564.0
39838657#2->-1068434202,bus_bus,477.0
40035606#3->10628442#1,bus_bus,300.0
39921025#6->511187821,veh_passenger,367.0
50323229#15->-10748045#0,veh_passenger,80.0
-1290439817#0->1260481153,veh_passenger,181.0
1237953494->1235501861#0,veh_passenger,400.0
1226645409->9792174#1-AddedOnRampEdge,veh_passenger,1755.0
-1125986378#0->40297647#2,veh_passenger,223.0
-1226645410->40140141#8,veh_passenger,217.0
509646057#1->15420801#1,veh_passenger,53.0
147711065#1->-40109290#3,veh_passenger,369.0
666886085#1->1100626103#0,veh_passenger,1177.0
515136607->-1068144849#2,veh_passenger,160.0
509646053#1->-499566577#1,veh_passenger,332.0
-654297637#0->178583153,veh_passenger,380.0
-83563455->-83428923#1,veh_passenger,252.0
1075505400#1->-39921672,bus_bus,1378.0
1068074792->1068144849#1,veh_passenger,1454.0
238219441#1->232920701,veh_passenger,423.0
1068916335->11631594#0,veh_passenger,230.0
1068144846#1->-10628442#2,bus_bus,308.0
-12247568#1->654297634,veh_passenger,340.0
1298335703->8887999#1,veh_passenger,203.0
178699049->666886083,veh_passenger,869.0
-1290439817#0->654297630,veh_passenger,140.0
424580476->511404873#1,bus_bus,922.0
1068434200#0->-1254633077#0,veh_passenger,350.0
240666072#1->39838751#0,veh_passenger,1103.0
39921025#7->511187818,veh_passenger,286.0
13909444#4->-564273553#4,veh_passenger,285.0
1068144846#0->1235754993#0,veh_passenger,1784.0
10250021#2->509646052,veh_passenger,146.0
15419875#1->1255099064,veh_passenger,161.0
1125801626->40297715#0,veh_passenger,339.0
40297715#0->1201484855,veh_passenger,231.0
-39838984#0->-856175964,veh_passenger,100.0
33683346#0->1260485931#0,veh_passenger,140.0
169562956->47225638#1,veh_passenger,122.0
39366819#0->-1297720367,veh_passenger,992.0
1231065643->238219441#0,veh_passenger,170.0
13909444#3->47267011#0,veh_passenger,312.0
-1290439817#1->47267011#2,veh_passenger,1172.0
381945549#0->490474063#0,veh_passenger,328.0
-1125986385#0->654297628,veh_passenger,345.0
1254816453#0->1297720376#1,veh_passenger,517.0
10748036->40140017#1,bus_bus,180.0
39763700#2->-1074409256#2,bus_bus,362.0
39920011#3->11635146#0,veh_passenger,1408.0
513082638->1125986377#0,veh_passenger,223.0
1222181937->39920550#12,veh_passenger,394.0
509524226->8887999#1,bus_bus,802.0
40035904#1->39838691#7,truck_truck,449.0
-39838657#1->39838751#1,veh_passenger,514.0
1226645411->428730813#1,veh_passenger,315.0
40139504#1->-33683346#1,veh_passenger,127.0
-39921673#1->39838630#2,veh_passenger,528.0
1211151639->1068144847,bus_bus,304.0
666886082#0->-1323097580#1,veh_passenger,638.0
1260485929#2->1222703384#0,veh_passenger,139.0
15419906#2->1015424648,veh_passenger,878.0
238219446#0->178583167#1,veh_passenger,363.0
1196008692#1->-10628442#1,truck_truck,4339.0
-1292541108->-1204070283#0,bus_bus,141.0
511187812->1207401652#1,veh_passenger,781.0
-33683458#1->968332513#0,truck_truck,143.0
1323097575#2->47087366#0,veh_passenger,1425.0
-1322916760#1->1231065654,veh_passenger,240.0
39838520#2->-1125986379#0,veh_passenger,1569.0
-50323229#6->1338361263,veh_passenger,384.0
-39920593#4->49224804#0,veh_passenger,76.0
-8887999#1->178702239#0,veh_passenger,233.0
521713925->-1338361263,veh_passenger,3438.0
39920505#2->1272548721,veh_passenger,853.0
-654297629#6->47087993#3,veh_passenger,357.0
-39838691#8->-428730800,veh_passenger,167.0
1335304375->509524227#1,veh_passenger,1336.0
-147711065#0->47223733,truck_truck,150.0
509646062->33683346#0,truck_truck,302.0
-413789558#0->178723097#1,veh_passenger,3121.0
511404873#0->521705695,veh_passenger,228.0
39920550#2->47267011#2,veh_passenger,672.0
1125986378#0->1273251152,veh_passenger,363.0
-1074771160->33683346#1,veh_passenger,3763.0
1260485930#1->509524270,veh_passenger,196.0
-513272949->437445542,veh_passenger,675.0
39838630#1->-40109290#0,veh_passenger,499.0
50323226->-39838630#2,veh_passenger,335.0
653860562->-40109290#2,veh_passenger,3960.0
1064476624->1323097579#0,veh_passenger,212.0
515124965#2->515126385#3,veh_passenger,240.0
515126385#3->1118804256#1,veh_passenger,258.0
-1067953246->-33683458#1,veh_passenger,301.0
-24576913#1->-499566577#0,veh_passenger,2893.0
521701857->39920550#2,veh_passenger,378.0
1068434206->-40297715#2,veh_passenger,164.0
-39920593#1->-474143552#4,veh_passenger,109.0
14924729#1->509524227#0,veh_passenger,67.0
240666069#1->509646062,veh_passenger,197.0
-488788629->14924729#2,veh_passenger,174.0
509524227#1->451728952#1,veh_passenger,123.0
-142741729#0->1064476618#1,veh_passenger,174.0
1067928306#2->-224146621,veh_passenger,80.0
40138239#3->39838657#3,veh_passenger,1007.0
488788630#0->513082640,veh_passenger,1937.0
47225638#3->1100626097,truck_truck,190.0
10628442#2->511409856#1,veh_passenger,743.0
11631594#1->39920550#0,veh_passenger,287.0
654297635#0->-1335304377,veh_passenger,275.0
-1292541108->479863106#0,veh_passenger,93.0
449565665#0->1068434205,veh_passenger,2977.0
11631594#3->-39838691#8,bus_bus,694.0
478286980#1->-10628442#2,veh_passenger,174.0
-654297629#3->1332638391#1,veh_passenger,6415.0
1335304373#2->428730818#1,veh_passenger,1123.0
1235501861#0->1131969257,truck_truck,113.0
-33683346#2->10628442#0,veh_passenger,248.0
24577522#2->460316444,veh_passenger,939.0
1260481151->1237953493,veh_passenger,152.0
131671623->509524228,veh_passenger,1903.0
-8887999#0->511404878,veh_passenger,162.0
40109290#4->47087993#2,truck_truck,1584.0
1067928305#2->-654297630,veh_passenger,596.0
178699051#0->39920011#2,veh_passenger,4369.0
1068434201->564273552,veh_passenger,149.0
521705695->39920684#5,veh_passenger,287.0
39920550#13->-654297633,bus_bus,361.0
1067928307#3->10748045#1,veh_passenger,378.0
39920222->1290456019,bus_bus,304.0
1368740247-AddedOffRampEdge->10628442#3,veh_passenger,186.0
401226926#1->47087993#0,veh_passenger,1456.0
39838691#5->1421564739,veh_passenger,221.0
-900279886->-40035606#2,veh_passenger,156.0
428730793#0->178699056#2,veh_passenger,1383.0
475044040#0->1068434205,veh_passenger,198.0
1064476620#3->1068434200#1,veh_passenger,587.0
40297715#2->1068916338,veh_passenger,257.0
47157282#0->40140017#1,veh_passenger,247.0
1064476622#1->521705694#0,veh_passenger,382.0
967985513#2->240666069#1,veh_passenger,590.0
1075505400#2->-488788633#2,veh_passenger,766.0
39838751#1->-10628444#0,veh_passenger,217.0
-39838657#1->178583153,veh_passenger,2193.0
-257421487#1->1118804256#0,veh_passenger,303.0
-10250021#4->-1255099069,veh_passenger,190.0
1068434205->1214520067,veh_passenger,81.0
232920701->428730813#0,veh_passenger,359.0
509524270->39920593#4,veh_passenger,261.0
-474143552#0->654297637#0,veh_passenger,371.0
40138633#0->509646063#0,veh_passenger,373.0
687878722#1->178583148#0,veh_passenger,428.0
654297637#2->515136603,veh_passenger,1585.0
-1074409256#0->1125986379#0,veh_passenger,4635.0
83563432->1068434258,veh_passenger,200.0
39920550#8->1292541108,bus_bus,294.0
13909444#0->24621218#0,veh_passenger,564.0
-39838691#0->-474143552#4,veh_passenger,6503.0
13866211->24576922#0,veh_passenger,870.0
1326094888->39920550#7,veh_passenger,268.0
1323097579#2->-1335304373#2,veh_passenger,246.0
1211151640->1125986373#0,veh_passenger,255.0
1074771163#1-AddedOffRampEdge->1214520073#0,veh_passenger,1123.0
39920505#4->-1125986379#0,bus_bus,268.0
1254816455->1214520074#4,veh_passenger,170.0
-1332638391#0->40139504#1,veh_passenger,112.0
488788637#1->428730813#2,veh_passenger,325.0
515136607->47087993#1,veh_passenger,110.0
1326193809->-40036009#2,veh_passenger,44.0
-521701857->1067928305#0,veh_passenger,291.0
653860562->511409188#0,veh_passenger,3153.0
967985513#1->1125986386,veh_passenger,1542.0
147711065#1->1125986377#1,veh_passenger,125.0
1254633078#1->515126385#1,veh_passenger,1560.0
-39838657#0->-10748045#2,veh_passenger,736.0
1214520075->-666886086#3,bus_bus,442.0
1125986385#1->24576913#0,bus_bus,263.0
-8887999#0->-1074409256#0,veh_passenger,1726.0
47053612->178583167#0,bus_bus,746.0
47087993#0->-8887999#0,veh_passenger,240.0
1237953493->654297629#2,veh_passenger,424.0
238219446#1->39838520#2,veh_passenger,601.0
-40138239#4->-474143552#3,veh_passenger,201.0
975216739->-39838691#3,veh_passenger,746.0
-14924729#3->761486028#0,truck_truck,98.0
1234244927#0->1068434256#0,veh_passenger,633.0
-39838691#5->-1125986375#1,veh_passenger,5813.0
654297633->39921025#8,veh_passenger,402.0
39366819#1->1074409232#0,veh_passenger,203.0
1222181936->24577455#2,veh_passenger,832.0
1064398309#0->-47087366#1,veh_passenger,398.0
-10628444#0->1005394020,bus_bus,245.0
47225638#3->-1226645410,veh_passenger,285.0
515130027->813852683-AddedOnRampEdge,veh_passenger,2149.0
1068434168->1068434256#1,veh_passenger,65.0
-515136605->1067928306#1,bus_bus,151.0
40138239#2->47224972#0,veh_passenger,343.0
-24576913#1->-1015424648,veh_passenger,789.0
1222703384#0->238219449,veh_passenger,279.0
515136607->10250021#2,veh_passenger,302.0
564273553#4->490474063#4,veh_passenger,5131.0
488788630#2->-449565665#3,veh_passenger,1976.0
-1067928307#3->509524225,veh_passenger,127.0
13909444#5->-1068144848#0,veh_passenger,94.0
40297715#3->10748036,veh_passenger,318.0
-39838691#2->437445541#1,veh_passenger,179.0
451728952#4->1226645409,veh_passenger,162.0
-240666072#1->513272949,veh_passenger,425.0
-240666072#2->40138239#1,veh_passenger,400.0
-511187818->488788630#0,veh_passenger,242.0
33683346#0->-1068144845#4,veh_passenger,298.0
33683346#0->-40035606#3,veh_passenger,160.0
12262310#0-AddedOffRampEdge->479863106#0,veh_passenger,5106.0
24576913#0->47087993#1,veh_passenger,3632.0
521708587#0->511187815,veh_passenger,4123.0
-147711065#1->1214520074#3,veh_passenger,242.0
509646061->50323229#11,truck_truck,373.0
39920550#6->-24576913#0,veh_passenger,466.0
178702252->515126385#2,veh_passenger,809.0
40140141#7->488788630#2,veh_passenger,350.0
10250021#4->-1323097580#0,veh_passenger,242.0
39366819#0->490474063#7,veh_passenger,3347.0
178702248->1326193810,veh_passenger,178.0
-474143552#0->-39838691#1,bus_bus,353.0
40109290#2->1337646276,veh_passenger,1641.0
-451728952#4->381945549#1,veh_passenger,240.0
422842976->478286980#1,veh_passenger,248.0
40138633#2->1254633077#1,truck_truck,72.0
-488788637#1->428730813#2,veh_passenger,337.0
131671623->405382146#0,veh_passenger,151.0
513082632->-1100626088,veh_passenger,662.0
-1273251150#1->40322293,veh_passenger,319.0
-1222703384#0->-224146621,veh_passenger,1514.0
-1322916760#1->-14924729#1,veh_passenger,100.0
-654297629#3->428730813#1,veh_passenger,1132.0
-39838751#1->11635146#0,veh_passenger,668.0
1324405519->488788633#2,veh_passenger,552.0
-1068144845#4->654297635#1,veh_passenger,395.0
160077494->511404872,veh_passenger,422.0
8758061->1214520074#2,veh_passenger,244.0
515130027->169562956,veh_passenger,271.0
515136604->1074409255#0,veh_passenger,419.0
-47224972#0->-40036009#2,veh_passenger,442.0
47087992#0->-654530820#0,veh_passenger,204.0
499566574#0->1226645410,veh_passenger,1359.0
150928465->-474143552#1,veh_passenger,92.0
178699056#3->178699056#3,bus_bus,9.0
-8887999#2->39920550#6,veh_passenger,336.0
39763700#2->1068144844,veh_passenger,2720.0
1332638391#0->-654297637#0,veh_passenger,261.0
1074409255#1->490474063#3,veh_passenger,285.0
-40138633#1->1100626103#3,bus_bus,326.0
47087993#1->-654297634,veh_passenger,448.0
8887999#0->-1335304373#1,veh_passenger,309.0
-1254816454->511187810,bus_bus,233.0
-1068916335->515130028#0,veh_passenger,931.0
178702258#1->-521705694#0,veh_passenger,281.0
39838691#2->564273553#4,veh_passenger,48.0
40138941#0->142741729#1,veh_passenger,237.0
1335304376#0->1214520071,veh_passenger,361.0
47267011#1->1074409256#0,veh_passenger,1437.0
39920505#3->-39920593#2,veh_passenger,185.0
147711065#2->-654297637#2,veh_passenger,168.0
1068074793->-511409187,veh_passenger,521.0
521701860->511187810,bus_bus,172.0
24576922#2->1204070282,veh_passenger,5036.0
428730813#2->-178699051#1,bus_bus,972.0
10628444#0->488788637#1,veh_passenger,42.0
-521705694#0->1125986406#1,veh_passenger,408.0
-10628444#0->428730813#2,bus_bus,507.0
-10628442#1->40109290#1,veh_passenger,344.0
-1226645410->1298335704#0,veh_passenger,172.0
-654297632#0->-1068144845#0,veh_passenger,464.0
-224146621->-50323229#3,veh_passenger,465.0
-1290439817#0->-40035904#0,veh_passenger,130.0
1368740247-AddedOffRampEdge->515123442#3,veh_passenger,772.0
178583155->1214520074#5,veh_passenger,305.0
-40035606#1->-1255099069,veh_passenger,221.0
39838751#2->50323229#9,truck_truck,494.0
50323229#3->-1068144849#2,veh_passenger,1051.0
39838691#1->39920011#2,veh_passenger,4234.0
-1125986375#1->1234244926,veh_passenger,338.0
-40036062#0->1117667177,veh_passenger,212.0
-39920593#2->39838520#3,veh_passenger,450.0
509646144->-39838691#9,veh_passenger,272.0
437445541#1->-40138239#0,veh_passenger,372.0
511404880#0->39921025#1,veh_passenger,131.0
1068144849#2->1074771163#1,veh_passenger,444.0
1067928307#2->1254633077#1,veh_passenger,349.0
490474063#6->1068144847,veh_passenger,801.0
1067928306#1->521713925,veh_passenger,370.0
47087993#0->257421487#1,veh_passenger,188.0
1298335704#0->1067852461,veh_passenger,592.0
521701858-AddedOffRampEdge->39920593#5,veh_passenger,5668.0
-178702258#1->-1068144846#0,bus_bus,165.0
178583149->1068434199,veh_passenger,486.0
-39921673#0->-401226926#0,veh_passenger,191.0
475044040#4->24577522#3,veh_passenger,229.0
33683458#0->-10748045#1,veh_passenger,57.0
1214520076->-730912750,veh_passenger,294.0
1067852461->475044040#3,bus_bus,155.0
169562956->1074409255#0,veh_passenger,355.0
-39920593#0->-39838530,veh_passenger,5073.0
1204070282->-40297715#3,veh_passenger,105.0
-40035606#1->1068434235,veh_passenger,553.0
10628442#0->50323229#0,veh_passenger,338.0
1326193809->488786523,veh_passenger,1027.0
39920593#1->1068916338,veh_passenger,227.0
10250021#4->490474063#0,truck_truck,320.0
515123442#3->-1211151635#1,veh_passenger,258.0
1125986385#1->1297720376#0,veh_passenger,170.0
178702243#1-AddedOnRampEdge->11635146#1,veh_passenger,249.0
511404878->-39838691#2,veh_passenger,57.0
178699051#1->39920550#4,veh_passenger,898.0
511404874#0->24577455#2,veh_passenger,397.0
39920505#5->1068434235,veh_passenger,602.0
178702243#0->-50323229#7,veh_passenger,428.0
178583141->39920593#2,veh_passenger,417.0
1207401652#1->1323097575#3,veh_passenger,299.0
1231065644->509646144,veh_passenger,118.0
-8887999#0->-147711065#0,veh_passenger,417.0
40139504#0->509646056,veh_passenger,284.0
509524271->687878724,veh_passenger,308.0
1068144849#2->15419875#1,veh_passenger,325.0
-488788633#1->178702250,veh_passenger,264.0
40322293->10629474#1,veh_passenger,443.0
499566574#3->482569917#1,bus_bus,742.0
39763700#6->-1068916339,veh_passenger,4058.0
509524225->-515040937,bus_bus,204.0
511187808#3->9792174#0,veh_passenger,684.0
1254633078#1->8758061,veh_passenger,661.0
-1125986377#0->-1068144845#2,bus_bus,647.0
413789558#1->83428923#0,truck_truck,605.0
24576922#2->666886081,veh_passenger,140.0
178702243#1-AddedOnRampEdge->1335304371,veh_passenger,343.0
10628442#1->1323097580#0,veh_passenger,269.0
511187815->564273553#3,veh_passenger,250.0
40036066->1211151636,bus_bus,496.0
-564273553#2->-10250021#4,veh_passenger,5820.0
1290456019->654297631,veh_passenger,627.0
-1222703383->39920011#1,veh_passenger,205.0
13909444#4->1254816454,veh_passenger,434.0
142741729#0->654297635#1,veh_passenger,164.0
9832326#0->1332638368#1,veh_passenger,5192.0
1255099069->10628442#2,veh_passenger,143.0
437445541#0->-10629474#1,veh_passenger,344.0
15420537#1->513272951#0,veh_passenger,417.0
39763700#5->1214520079,veh_passenger,2928.0
178723097#1->1337646271#1,bus_bus,245.0
-1125986379#1->401226926#0,veh_passenger,328.0
-687878722#2->521713925,veh_passenger,352.0
1214520076->509646053#1,veh_passenger,198.0
-405382146#0->1067928306#1,veh_passenger,65.0
1335304386#1->-257421487#0,veh_passenger,469.0
-1237953493->-1335304385,veh_passenger,261.0
1068144845#4->39838691#2,veh_passenger,609.0
-40138633#3->511404880#0,veh_passenger,898.0
8887999#2->1068434168,veh_passenger,679.0
-1068916338->515126303,veh_passenger,318.0
-687878722#1->39838691#3,veh_passenger,371.0
39920684#1->-1254816452,veh_passenger,237.0
-1332638391#1->488788633#0,veh_passenger,554.0
-10628442#1->1068144849#1,veh_passenger,427.0
509646057#2->1068434203,veh_passenger,287.0
509524226->39920505#12,veh_passenger,171.0
1332638391#0->240666072#2,veh_passenger,125.0
15419875#1->509524224,veh_passenger,741.0
178441748#0->1326437250,truck_truck,526.0
-1068144844->509646053#1,veh_passenger,327.0
1260485929#3->39838751#2,veh_passenger,133.0
10250021#0->511187808#2,truck_truck,303.0
10748045#2->232920697,veh_passenger,265.0
437445541#1->-24576913#0,veh_passenger,1927.0
1332638391#0->1323097575#2,veh_passenger,420.0
1100626103#2->39920505#11,veh_passenger,182.0
40109290#1->-900279886,veh_passenger,196.0
488788633#2->482569917#1,veh_passenger,142.0
488788630#0->-1125986375#1,veh_passenger,427.0
509524227#0->-10250021#4,veh_passenger,308.0
50323229#2->-1125986374,veh_passenger,180.0
24576922#2->11631594#1,veh_passenger,122.0
47267011#2->40036009#0,veh_passenger,584.0
-10628444#0->1233759524,veh_passenger,112.0
838061038->50323229#13,veh_passenger,519.0
-437445539#1->257421487#0,veh_passenger,326.0
654297635#1->509524229,veh_passenger,640.0
1100626103#1->-1068144849#1,veh_passenger,616.0
-40139504#1->488788633#0,veh_passenger,963.0
-10748045#2->40138633#2,veh_passenger,168.0
1237953497->428730800,truck_truck,557.0
511409188#0->1068434256#0,veh_passenger,741.0
511409188#1->449565665#0,veh_passenger,550.0
-10629474#0->1226645410,veh_passenger,913.0
178441748#0->-488788629,veh_passenger,279.0
47087993#2->-83563455,veh_passenger,244.0
1068144846#0->1297720376#1,veh_passenger,174.0
-39838691#0->1125986385#0,veh_passenger,5622.0
1074771163#1-AddedOffRampEdge->39921673#1,veh_passenger,155.0
-10250021#0->-39921673#1,veh_passenger,75.0
40140017#0->490474063#2,bus_bus,261.0
47267011#2->-499566577#1,veh_passenger,427.0
40297647#0->-654297633,veh_passenger,421.0
238219449->1254633077#0,veh_passenger,195.0
1074409256#0->-40297715#1,veh_passenger,4081.0
9832326#1->39838984#0,veh_passenger,626.0
40138941#0->515136605,veh_passenger,544.0
515126384->13909444#2,veh_passenger,179.0
-437445540->-1068144846#2,veh_passenger,234.0
40297885#1->-1323097576,veh_passenger,523.0
-405382146#1->-39920593#0,veh_passenger,424.0
-438516309->513272951#1,veh_passenger,410.0
47087366#1->1074409232#0,veh_passenger,882.0
1068434202->-50323229#7,veh_passenger,431.0
-1335304373#0->1125986387,veh_passenger,721.0
-1332638391#0->428730793#0,veh_passenger,507.0
83563455->1068144848#0,veh_passenger,180.0
-479863106#0->40138633#0,veh_passenger,379.0
1337646274->509524225,veh_passenger,381.0
116831467->24621218#1,veh_passenger,339.0
-47224972#0->8887999#0,veh_passenger,218.0
515126384->-449565665#2,veh_passenger,505.0
1214520074#2->509524230,veh_passenger,294.0
-40035904#2->428730818#2,veh_passenger,690.0
47087366#0->488788630#1,veh_passenger,223.0
-1068916338->1421367925,veh_passenger,257.0
-142741729#1->521704031#1,veh_passenger,343.0
-437445540->-39920222,veh_passenger,393.0
-687878722#0->11631594#3,veh_passenger,314.0
488788626#3->-509524271,bus_bus,343.0
666886085#0->1214520075,veh_passenger,283.0
521704053->515123438,veh_passenger,278.0
10748045#0->50323229#13,veh_passenger,129.0
-178723097#0->1064398309#0,veh_passenger,5130.0
-654297629#3->515126303,veh_passenger,4434.0
1278784167#0->-401226926#1,veh_passenger,281.0
-654297632#0->40035904#2,veh_passenger,251.0
40035325#2->-143546557,veh_passenger,74.0
513082641#1->1068074792,veh_passenger,277.0
-39838984#1->-437445542,bus_bus,340.0
488788630#2->1273405490,veh_passenger,407.0
40109290#0->178702261,veh_passenger,664.0
515126384->1068434205,bus_bus,548.0
-40140017#2->439836129,veh_passenger,712.0
-39838984#0->-437445539#0,veh_passenger,180.0
10725667->1297720367,veh_passenger,4884.0
381945551->449565665#1,veh_passenger,204.0
47087993#2->515126385#3,veh_passenger,264.0
47087993#0->1068144845#0,veh_passenger,106.0
39839131->-40138633#1,bus_bus,290.0
10748045#0->39920550#3,veh_passenger,195.0
451728952#1->1298335704#1,bus_bus,233.0
-488788630#1->488788626#0,truck_truck,301.0
1292578228->-1297720376#1,veh_passenger,167.0
515138054->39920505#5,veh_passenger,234.0
238219446#0->1204070283#1,veh_passenger,160.0
1234244926->1064476619,veh_passenger,233.0
50323229#9->12090453#0,veh_passenger,645.0
24577522#1->15420801#1,veh_passenger,4628.0
-1260485931#0->1332638391#1,veh_passenger,307.0
1067953247#1->856175964,veh_passenger,484.0
1298335703->40036009#2,veh_passenger,372.0
10629709#2->-33683458#2,veh_passenger,121.0
39921025#1->-40035606#1,veh_passenger,158.0
1273405490->-1273251152,veh_passenger,28.0
-10749498->72157792,veh_passenger,264.0
-40109290#3->1332638368#2,bus_bus,805.0
1272548721->-116831467,veh_passenger,145.0
475044040#0->-1332638368#2,veh_passenger,652.0
1332638368#2->1125986385#1,veh_passenger,135.0
-1335304377->-39838657#3,veh_passenger,391.0
-474143552#1->-1332638368#1,veh_passenger,452.0
39921531->509524230,veh_passenger,281.0
513082632->47087992#2,veh_passenger,545.0
428730813#0->24577522#2,veh_passenger,373.0
47087992#0->1125986406#0,veh_passenger,360.0
1234244925#1->1214520072,veh_passenger,399.0
257421487#0->1125986373#1,veh_passenger,147.0
488788637#0->422842976,veh_passenger,214.0
9374529#1->-1290439817#1,veh_passenger,77.0
401226926#0->1100626097,veh_passenger,750.0
-1335304373#1->421846558#0,veh_passenger,148.0
-451728952#3->39838520#0,veh_passenger,1005.0
1260485930#1->11631594#2,veh_passenger,289.0
47267007#1->967985513#3,veh_passenger,279.0
437445540->47267007#0,veh_passenger,48.0
-1131969257->-10629474#1,veh_passenger,4945.0
-50323229#14->39366819#0,veh_passenger,451.0
-654297636->-1323097576,veh_passenger,196.0
-1067928305#1->1068434207,veh_passenger,352.0
-488788630#0->1254633077#1,veh_passenger,423.0
33683346#2->511187818,bus_bus,281.0
513272951#1->40036009#2,veh_passenger,266.0
1231065654->521708587#1,bus_bus,352.0
687878722#1->1214520076,veh_passenger,359.0
24577522#0->-47087366#0,veh_passenger,310.0
1297720368->-1074771160,veh_passenger,803.0
40035606#3->-654297630,veh_passenger,213.0
1290456019->-24576913#1,veh_passenger,979.0
40115810#1->10628442#3,truck_truck,334.0
1231065654->-1068144847,veh_passenger,194.0
1074771163#1->654297629#5,veh_passenger,360.0
-654297630->488788626#2,veh_passenger,155.0
39920593#6->509524227#0,veh_passenger,601.0
8887999#1->1068434206,veh_passenger,106.0
1323097576->1075505400#2,veh_passenger,626.0
451728952#5->-39838691#6,veh_passenger,586.0
10250021#0->-654297636,bus_bus,177.0
10748045#1->513087670,truck_truck,487.0
1211151635#1->654297628,veh_passenger,97.0
-1118804250->437445540,veh_passenger,308.0
1125986373#3->-1068144845#1,veh_passenger,332.0
1231065653->-40109290#5,veh_passenger,501.0
39763700#2->15420801#0,bus_bus,4705.0
12090453#0->50323229#0,veh_passenger,517.0
1327579131->1125986378#1,veh_passenger,4600.0
-1297720376#0->-564273553#3,veh_passenger,696.0
451728952#1->1254816442,veh_passenger,208.0
10628442#0->8758061,veh_passenger,317.0
40109290#3->521704031#0,veh_passenger,670.0
509646063#0->-413789558#1,truck_truck,781.0
1067928307#2->499566577#0,veh_passenger,387.0
-83428923#1->39839107,veh_passenger,476.0
-257421487#1->-449565665#2,veh_passenger,255.0
666886081->-83428923#0,veh_passenger,277.0
499566577#0->509524270,veh_passenger,326.0
490474063#8->428730800,veh_passenger,649.0
1074409255#2->730912750,veh_passenger,765.0
-564273553#1->521708587#2,veh_passenger,65.0
240666072#2->439836130#0,bus_bus,739.0
-479863106#0->9704194#0,veh_passenger,115.0
-687878722#0->1074771163#1,veh_passenger,412.0
-654297629#5->8887999#1,veh_passenger,5773.0
40138633#0->47087992#2,veh_passenger,688.0
11635095->-39921673#0,veh_passenger,329.0
1421367508->511187809,veh_passenger,265.0
413789557->1260485932,bus_bus,5491.0
509524226->1237953495,veh_passenger,289.0
1074409256#0->47087992#4,veh_passenger,3639.0
39921025#6->10628429,veh_passenger,232.0
1222181936->-1068144845#3,veh_passenger,228.0
-10629474#0->666886084#1,truck_truck,340.0
-1214520076->1326437250,bus_bus,226.0
-10748036->511187808#3,veh_passenger,167.0
511187812->488788633#1,veh_passenger,578.0
-1260485929#3->511187818,bus_bus,70.0
381945549#0->-39920593#6,bus_bus,432.0
-1100626088->967985513#3,veh_passenger,3641.0
24576913#0->39920011#1,veh_passenger,2316.0
24577455#1->-509646052,veh_passenger,3519.0
50323226->24621218#0,veh_passenger,238.0
39920684#6->-761486028#0,veh_passenger,201.0
10628430->-47267007#2,veh_passenger,1813.0
-654297629#6->1421367925,veh_passenger,4349.0
1338361263->10748045#1,truck_truck,2314.0
-838061038->1068144845#0,veh_passenger,337.0
8887999#2->39920011#1,veh_passenger,392.0
509646061->-1335304377,veh_passenger,139.0
50323229#15->-1326094888,truck_truck,1131.0
1068434257->39839275,veh_passenger,485.0
10628442#3->39921025#5,veh_passenger,327.0
-450616334#1->39920505#3,veh_passenger,5874.0
-1326094888->40297715#3,truck_truck,350.0
39763700#2->1125986377#0,veh_passenger,3245.0
413789557->666886082#0,veh_passenger,110.0
83428923#0->39838882,veh_passenger,280.0
1068434201->39921192#0,veh_passenger,262.0
-1068144847->8887999#1,veh_passenger,251.0
1211151640->511187823,veh_passenger,173.0
1235754993#1->39839275,veh_passenger,4281.0
71269779->47087992#0,veh_passenger,196.0
-488788629->40138239#2,veh_passenger,324.0
-1332638391#1->1125986406#1,veh_passenger,120.0
499566577#1->1260485931#0,veh_passenger,184.0
421846558#0->1214520075,veh_passenger,233.0
511187815->511187808#0,veh_passenger,113.0
-50323229#14->-1068144845#2,veh_passenger,391.0
-1068916339->39838691#3,veh_passenger,303.0
39838984#1->39838630#3,veh_passenger,178.0
232920697->-40297715#3,veh_passenger,274.0
1332638391#1->478286980#1,truck_truck,74.0
1204070283#0->39920550#2,veh_passenger,218.0
-10628442#2->-10748036,veh_passenger,78.0
1324405519->1254633078#1,bus_bus,221.0
-1067928305#2->10748045#0,veh_passenger,425.0
515040940#0->1234244925#0,bus_bus,170.0
1335304386#1->-238219441#1,veh_passenger,141.0
10628442#2->1234244927#0,bus_bus,421.0
1068434257->-1254633077#0,veh_passenger,470.0
-14924729#3->515040937,veh_passenger,311.0
654297629#2->521713925,veh_passenger,187.0
39920505#1->178441748#0,veh_passenger,96.0
1064476622#0->1260485931#1,bus_bus,138.0
428730813#3->513272951#1,veh_passenger,229.0
1290439820->813852683,veh_passenger,146.0
-50323226->975216744,veh_passenger,363.0
-40109290#1->47225638#4,veh_passenger,355.0
40035904#1->39920505#5,truck_truck,279.0
-1214520079->50323229#13,bus_bus,404.0
1290439818->-654297632#0,veh_passenger,199.0
515123442#1->-474143552#5,veh_passenger,215.0
-39838984#1->39838657#0,veh_passenger,297.0
-40109290#4->1125986406#0,veh_passenger,249.0
-1236283454->1226645408,bus_bus,668.0
1068434205->178441748#2,veh_passenger,373.0
1235754993#0->40109290#0,veh_passenger,3025.0
40140141#1->1421367508,veh_passenger,148.0
39920505#2->1235501861#2,veh_passenger,143.0
-838061037->1067928306#2,veh_passenger,93.0
1068434236->1067928305#1,veh_passenger,283.0
521705694#1->-40297715#1,veh_passenger,406.0
-40035325#0->1064476622#0,veh_passenger,98.0
-40140017#1->515136608,veh_passenger,402.0
-1201484855->-240666072#1,veh_passenger,3437.0
1332638391#2->-654297631,veh_passenger,145.0
24577522#2->39838530,veh_passenger,3050.0
-39838630#1->-39921672,veh_passenger,191.0
475044040#3->8887999#0,veh_passenger,310.0
-1335304386#0->39920505#11,veh_passenger,173.0
-1335304372->-50323229#14,truck_truck,191.0
-838061037->40297647#0,veh_passenger,312.0
521704040->-40036062#1,veh_passenger,350.0
-1260485929#3->1226645411,veh_passenger,323.0
1260481151->474143552#5,veh_passenger,202.0
1068434257->-654297637#0,veh_passenger,458.0
131671623->1074409256#0,veh_passenger,988.0
47087992#2->1125986377#2,veh_passenger,288.0
428730813#1->439836130#0,bus_bus,1095.0
488788636#0->178441748#0,veh_passenger,4070.0
47157282#1->475044040#1,veh_passenger,91.0
1254816452->515040940#0,veh_passenger,3038.0
11631594#0->1067928305#0,veh_passenger,679.0
1323097579#2->-401226926#1,bus_bus,173.0
-1068144848#0->1324405519,veh_passenger,382.0
515130026#0->509646056,veh_passenger,118.0
50323229#15->-1254633077#0,veh_passenger,19.0
-1211151638->-474143552#2,veh_passenger,4798.0
335802695->521701858,veh_passenger,831.0
511409188#0->-40140017#2,veh_passenger,514.0
-515123442#4->12247568#0,bus_bus,167.0
-33683458#1->47225638#3,veh_passenger,436.0
475044040#2->-479863106#2,veh_passenger,364.0
40109290#4->232920697,veh_passenger,325.0
-730912750->437445541#0,veh_passenger,95.0
654297635#0->-40036062#0,veh_passenger,301.0
1292568612->178583140#1,veh_passenger,40.0
39920505#8->178699056#1,veh_passenger,563.0
511187823->1327579142,veh_passenger,223.0
335802695->1074409255#0,veh_passenger,498.0
40297715#0->1067928305#1,veh_passenger,447.0
-564273553#3->-1260485931#1,veh_passenger,4278.0
-8887999#0->50323229#2,veh_passenger,419.0
1222703382->449565665#1,veh_passenger,701.0
428730818#3->9832326#2,veh_passenger,284.0
178723097#0->24576922#0,veh_passenger,45.0
1214520074#1->50323229#11,veh_passenger,463.0
10748045#0->521704031#0,veh_passenger,422.0
10725667-AddedOffRampEdge->-1255099069,veh_passenger,174.0
12247568#1->1337646270,bus_bus,164.0
-474143552#0->39920684#2,veh_passenger,195.0
-50323229#5->10628444#2,veh_passenger,250.0
-654297632#0->40109239,veh_passenger,149.0
47225638#0->1068434207,veh_passenger,117.0
39838751#0->1323097577,veh_passenger,379.0
428730818#0->40115810#1,veh_passenger,384.0
-1226645410->-509646056,veh_passenger,100.0
1075505400#0->1068144848#0,veh_passenger,306.0
1222181934->39838630#2,veh_passenger,351.0
-40036009#1->-40036009#1,veh_passenger,5.0
24576922#0->24576913#2,veh_passenger,173.0
-39920593#5->-12247569,bus_bus,550.0
413789557->-474143552#6,bus_bus,3613.0
-83563455->40297885#1,veh_passenger,397.0
15419875#1->-511187807,veh_passenger,303.0
509646056->47267014,veh_passenger,311.0
1214520074#1->-1335304386#1,veh_passenger,296.0
1273251150#1->-1125986377#2,veh_passenger,240.0
12262310#0-AddedOffRampEdge->-39838691#1,veh_passenger,1010.0
-1332638391#1->-449565665#0,veh_passenger,233.0
-1254816454->1237953493,veh_passenger,87.0
39838751#0->-451728952#5,veh_passenger,199.0
838061037->-1222703383,veh_passenger,287.0
381945549#0->178699056#1,veh_passenger,247.0
40035904#0->39920550#10,veh_passenger,268.0
-40139504#1->1075505400#2,veh_passenger,421.0
1278784167#0->521704031#0,veh_passenger,361.0
24621218#3->47087366#2,veh_passenger,521.0
-39921673#0->1067928305#0,veh_passenger,471.0
449565665#0->-40109290#3,veh_passenger,2569.0
-451728952#4->488788636#1,veh_passenger,205.0
178702258#1->-654297635#0,veh_passenger,335.0
-40035606#3->10749498,bus_bus,291.0
47267011#2->47267007#2,veh_passenger,85.0
521708587#1->50323226,bus_bus,4077.0
1068144849#1->40138239#4,bus_bus,537.0
-654297636->10628442#2,veh_passenger,192.0
1255099069->39920011#1,veh_passenger,152.0
-50323229#13->1131969257,veh_passenger,566.0
-488788637#0->1332638368#2,veh_passenger,265.0
-1015424648->451728952#1,veh_passenger,227.0
-1068916336->-488788630#0,veh_passenger,523.0
-40036009#3->511187808#4,veh_passenger,483.0
40036009#0->1068144845#4,truck_truck,499.0
-257421487#1->-1322916760#1,veh_passenger,279.0
511187810->-238219441#1,veh_passenger,270.0
1332638368#1->465144361,truck_truck,993.0
1254816453#0->1067928306#1,veh_passenger,564.0
513272949->47225638#4,veh_passenger,206.0
240666072#0->1323097575#2,truck_truck,435.0
-40035606#3->-40035606#1,veh_passenger,11.0
-1235501861#1->-1327579142,bus_bus,219.0
-479863106#1->40297647#1,veh_passenger,117.0
-1335304386#0->515126303,bus_bus,705.0
1068144845#4->240666069#3,bus_bus,345.0
178699054->178441748#1,veh_passenger,478.0
1068144845#0->24577455#2,veh_passenger,618.0
8758061->47087993#2,veh_passenger,151.0
178702253->1222181937,veh_passenger,2789.0
1226645409->47087992#1,veh_passenger,184.0
47157282#1->39838751#1,bus_bus,325.0
1298335704#1->511187812,veh_passenger,223.0
1214520077->838061038,veh_passenger,208.0
-1273251150#1->515126385#4,veh_passenger,769.0
39920505#2->1125986369,veh_passenger,594.0
10250021#3->654297629#3,veh_passenger,260.0
1068434200#0->511187808#4-AddedOnRampEdge,veh_passenger,55.0
11635146#0->-143546557,veh_passenger,117.0
1234244925#2->1214520071,veh_passenger,249.0
-178723097#0->-654297629#6,veh_passenger,169.0
47087366#1->474143552#3,veh_passenger,304.0
515126385#0->511405572,bus_bus,135.0
437445539#0->1074409232#1,truck_truck,330.0
10628430->1117667177,veh_passenger,1841.0
39763700#2->11631594#0,veh_passenger,2775.0
1298335703->-40109290#4,veh_passenger,391.0
1292568612->1068434207,veh_passenger,3309.0
1125986378#1->1067852461,veh_passenger,791.0
1125801626->488788636#0,veh_passenger,281.0
1337646271#1->511187812,veh_passenger,233.0
-40297715#1->515126385#1,veh_passenger,708.0
-40036062#1->71269779,veh_passenger,368.0
654297636->1332638368#2,veh_passenger,439.0
1067928305#0->-1068144846#2,veh_passenger,154.0
515130028#1->1332638368#2,veh_passenger,229.0
1068144845#1->-39921531,veh_passenger,359.0
1068434235->475044040#3,veh_passenger,301.0
1067928306#2->11631594#3,veh_passenger,321.0
428730818#3->1260485931#1,veh_passenger,376.0
47087993#1->-1260481154,veh_passenger,216.0
178441748#1->-422842976,veh_passenger,482.0
515130025->1260485929#0,veh_passenger,219.0
39920550#2->40036062#0,veh_passenger,307.0
-654530820#1->-33683458#0,truck_truck,358.0
40138941#0->39920222,bus_bus,361.0
-1327579142->-654297632#0,veh_passenger,264.0
238219446#0->-10628442#2,veh_passenger,65.0
40036009#1->50323226,veh_passenger,81.0
-39838691#6->1068434205,bus_bus,196.0
1068434258->178702250,veh_passenger,374.0
1074409255#2->39921673#0,veh_passenger,222.0
1125986378#0->238219472#3,bus_bus,139.0
-1068144845#3->40139504#1,veh_passenger,409.0
-47224972#1->-488788633#2,veh_passenger,380.0
-1068074793->1254816442,veh_passenger,199.0
1067953239#1->-47224972#0,veh_passenger,315.0
381945549#1->238219441#2,veh_passenger,532.0
437445541#0->-1068144848#0,veh_passenger,243.0
515136608->1421367925,veh_passenger,216.0
1254816453#0->900399275,veh_passenger,596.0
1067953247#1->511409187,veh_passenger,619.0
1068434258->1323097580#1,veh_passenger,406.0
967985512->39920550#2,veh_passenger,537.0
-1272337500->39920505#8,veh_passenger,167.0
1125986369->513087670,veh_passenger,94.0
39921025#1->1068916336,veh_passenger,126.0
1235501862->10628444#0,veh_passenger,203.0
47223733->47087992#2,veh_passenger,604.0
39838751#1->428730813#3,veh_passenger,274.0
1335304371->238219472#3,veh_passenger,282.0
1273251152->39920684#3,veh_passenger,177.0
1125986386->10628442#3,bus_bus,1268.0
-479863106#2->1068144845#0,veh_passenger,141.0
40138239#1->-761486028#0,veh_passenger,384.0
39920550#7->-687878722#1,bus_bus,615.0
488788626#0->39920550#3,bus_bus,135.0
428730813#1->513082635#0-AddedOffRampEdge,veh_passenger,919.0
47224972#0->178583148#1,veh_passenger,183.0
1326094888->413789557,truck_truck,85.0
1100626088->47267010,bus_bus,208.0
39838657#1->666886084#1,veh_passenger,3551.0
10748045#0->15420801#1,veh_passenger,299.0
-40297715#3->13909444#2,veh_passenger,805.0
-428730807->-1068434202,veh_passenger,241.0
-1323097580#0->39920505#2,veh_passenger,96.0
-40140017#1->654297631,veh_passenger,32.0
1297720376#0->1290456019,veh_passenger,477.0
654297628->10628442#2,bus_bus,327.0
39920550#4->11631594#0,veh_passenger,51.0
488788633#1->-413789558#1,veh_passenger,38.0
428730793#1->39920550#10,veh_passenger,360.0
1235754993#1->-1068144846#2,veh_passenger,333.0
-238219441#2->-39838691#7,veh_passenger,561.0
479863106#0->1125986374,veh_passenger,166.0
178702253->8887999#2,veh_passenger,413.0
39763700#0->40140141#7,veh_passenger,3188.0
1211151636->1322916760#2,veh_passenger,128.0
47087992#3->238219472#0,veh_passenger,314.0
-50323229#7->1235501861#0,veh_passenger,351.0
40140141#6->1298335705,veh_passenger,640.0
-83428923#1->-50323229#2,veh_passenger,354.0
178702248->1068144847,veh_passenger,876.0
40297647#1->-33683458#2,veh_passenger,255.0
654297636->509646052,veh_passenger,201.0
1068144845#3->564273553#0,veh_passenger,852.0
490474063#0->-1332638391#2,veh_passenger,270.0
15420537#1->1234244927#0,truck_truck,946.0
47087993#2->-474143552#3,veh_passenger,353.0
482569917#1->511405572,veh_passenger,152.0
1125986373#0->-39838751#2,veh_passenger,315.0
1273251151->-10628442#3,veh_passenger,241.0
1074409232#0->1074409255#0,bus_bus,67.0
-33683346#3->12247568#1,veh_passenger,561.0
1068074792->985675139,veh_passenger,227.0
-1332638391#2->9704194#4,veh_passenger,83.0
1064398309#0->-142741729#0,truck_truck,145.0
666886082#1->10628442#1,veh_passenger,215.0
50323229#10->-1068144845#3,veh_passenger,448.0
1332638368#2->381945549#0,veh_passenger,309.0
1068074792->178702258#0,bus_bus,667.0
-437445539#0->-488788637#1,truck_truck,431.0
478286980#0->509647505,veh_passenger,555.0
513082635#0-AddedOffRampEdge->-224146621,veh_passenger,207.0
15419906#0->-40036062#0,veh_passenger,163.0
1068144846#0->39838691#3,veh_passenger,203.0
39920684#2->1338361263,bus_bus,277.0
-39920593#1->-654297636,veh_passenger,273.0
238219441#1->47087992#2,veh_passenger,730.0
513082641#2-AddedOnRampEdge->-428730807,veh_passenger,693.0
-40109290#5->1335304386#0,veh_passenger,234.0
509646144->-451728952#5,veh_passenger,125.0
451728952#4->-1226645410,veh_passenger,280.0
-1067928307#3->515126385#1,veh_passenger,202.0
654297632#2->-50323229#7,veh_passenger,132.0
1260481155->1214520074#4,veh_passenger,447.0
488788626#0->1214520074#6,veh_passenger,388.0
1074409255#0->515123442#1,veh_passenger,255.0
1260485931#1->513087670,veh_passenger,628.0
1237953494->510107701,veh_passenger,385.0
-413789558#1->-1067928307#2,truck_truck,59.0
39920505#1->1068434256#0,veh_passenger,363.0
-1327579142->538432098,veh_passenger,666.0
1214520077->515123439,veh_passenger,164.0
-47087366#2->-422842976,veh_passenger,91.0
515126385#1->-39838657#2,veh_passenger,221.0
-451728952#3->-509646052,truck_truck,199.0
39920550#10->1125986379#1,veh_passenger,219.0
-687878725->-238219441#2,veh_passenger,443.0
478286980#0->475044040#2,veh_passenger,715.0
178702252->-39838657#2,veh_passenger,374.0
-654297629#4->-40139708,bus_bus,4947.0
240666069#1->654297629#6,veh_passenger,132.0
1068434236->238219446#1,veh_passenger,97.0
475044040#1->-40109290#2,veh_passenger,116.0
515130028#1->-9374529#1,veh_passenger,339.0
10629474#1->381945551,veh_passenger,900.0
490474063#8->413789557,bus_bus,483.0
450616334#1->-39838691#2,veh_passenger,180.0
-39920593#4->-10748045#2,veh_passenger,147.0
-40297715#1->521704031#1,veh_passenger,537.0
1214520073#0->1332638368#1,veh_passenger,792.0
1207401652#1->-116783847,veh_passenger,186.0
160078084-AddedOnRampEdge->-39838691#7,veh_passenger,325.0
-1260485930#1->509646052,bus_bus,105.0
-509646052->1290439817#0,veh_passenger,78.0
381945549#1->9792174#0,veh_passenger,773.0
1068144849#2->1298335704#1,veh_passenger,353.0
178583161->39920684#0,veh_passenger,138.0
967985513#2->511187812,veh_passenger,376.0
-488788633#2->39838657#2,veh_passenger,192.0
515123438->-761486028#0,veh_passenger,172.0
-40140017#1->-474143552#5,bus_bus,356.0
39920593#6->14924729#3,veh_passenger,311.0
238219472#0->513272951#1,veh_passenger,306.0
-178699051#1->1332638368#1,bus_bus,3011.0
521705694#1->1074771163#1,veh_passenger,206.0
488788629->1332638368#2,veh_passenger,193.0
1323097576->439836130#1,veh_passenger,383.0
-1322916760#2->-1335304373#0,veh_passenger,363.0
160078084->47087992#1,truck_truck,865.0
1231065653->39920593#4,veh_passenger,318.0
-1335304373#2->465144361,bus_bus,156.0
147711065#1->-1237953494,veh_passenger,196.0
-14924729#2->-50323229#9,veh_passenger,367.0
-12247568#1->12247568#1,veh_passenger,16.0
838061038->-1125986406#0,veh_passenger,1116.0
238219472#0->1272337500,veh_passenger,306.0
513082641#0->-654297630,truck_truck,2969.0
1068434201->-511409187,veh_passenger,779.0
1125986385#1->39920505#12,veh_passenger,245.0
1211151638->-450616334#1,veh_passenger,38.0
-10748045#2->513082635#0,veh_passenger,556.0
967993112#1->-1322916760#1,veh_passenger,222.0
1125986378#1->-513272949,veh_passenger,170.0
15419906#0->488788629,veh_passenger,181.0
-240666072#1->1323097577,veh_passenger,530.0
-39920593#5->50323229#11,veh_passenger,78.0
654297629#4->-1015424648,veh_passenger,115.0
15525299->10628442#0,truck_truck,257.0
439836128#0-AddedOffRampEdge->-40035606#3,veh_passenger,172.0
1067928307#2->515130026#1,veh_passenger,153.0
761486028#1->-39838657#0,veh_passenger,289.0
-499566577#0->-39838691#1,bus_bus,393.0
-437445539#0->39920593#2,veh_passenger,482.0
39920593#5->10749498,veh_passenger,331.0
985133427->-451728952#3,veh_passenger,274.0
1068144846#1->1254633078#1,veh_passenger,301.0
856175962->515126302,veh_passenger,187.0
-50323229#10->-39838691#1,veh_passenger,548.0
-40036009#3->40115810#1,veh_passenger,717.0
10725667->8887999#2,veh_passenger,520.0
-238219441#2->178699054,veh_passenger,340.0
1324405519->1075505400#1,veh_passenger,447.0
-838061038->160077493,veh_passenger,1187.0
-1068144844->428730813#2,veh_passenger,303.0
521701858-AddedOffRampEdge->-1297720376#1,bus_bus,3531.0
666886082#0->-654297629#5,veh_passenger,192.0
-24576913#2->39920593#0,veh_passenger,3110.0
511187808#3->10628444#2,veh_passenger,291.0
1272548721->1332638368#0,veh_passenger,2746.0
1231065644->509646052,veh_passenger,56.0
1214520074#0->654297636,veh_passenger,395.0
1272337501->-1260485929#3,veh_passenger,147.0
1222703384#0->1204070282,bus_bus,54.0
10629474#0->47087993#5,veh_passenger,497.0
-40035606#3->1260481151,veh_passenger,202.0
509524229->-50323229#14,veh_passenger,399.0
47053612->488788637#1,veh_passenger,320.0
50323229#7->-1260485929#3,veh_passenger,293.0
39920550#3->1067953239#1,veh_passenger,235.0
515040940#0->-238219449,veh_passenger,211.0
47267007#2->39920505#5,veh_passenger,313.0
511405572->238219472#0,truck_truck,141.0
-40035606#3->511404872,veh_passenger,455.0
511404874#1->1335304372,truck_truck,264.0
1125801626->33683346#1,veh_passenger,469.0
475044040#0->465144361,veh_passenger,208.0
-654530820#1->13909444#3,veh_passenger,178.0
428730800->666886081,veh_passenger,301.0
1068144849#2->538432099,veh_passenger,375.0
515123439->-39838530,veh_passenger,341.0
515136609->-1125986406#1,veh_passenger,877.0
1100626103#0->474143552#6,veh_passenger,121.0
-10629474#1->-257421487#0,veh_passenger,334.0
654297635#1->1290456019,bus_bus,751.0
-1100626103#2->1068144845#1,bus_bus,451.0
515126302->1254816454,veh_passenger,1116.0
1297720376#1->1254816455,truck_truck,94.0
47157282#1->39921025#2,veh_passenger,114.0
511404875->39920684#3,veh_passenger,270.0
1125986377#1->39921025#7,veh_passenger,157.0
509646144->238219468,veh_passenger,137.0
-50323229#6->-147711065#1,veh_passenger,288.0
-10748045#2->515136605,veh_passenger,744.0
24577522#2->39920684#4,veh_passenger,225.0
1204070282->33683346#2,veh_passenger,209.0
1068144849#1->-147711065#0,veh_passenger,391.0
-8887999#1->479863106#0,veh_passenger,122.0
39920550#4->-509646056,bus_bus,234.0
-1338361263->521708587#1,veh_passenger,171.0
1231065653->39920011#2,veh_passenger,347.0
654297637#1->160077493,veh_passenger,614.0
178699056#3->1335304372,veh_passenger,2598.0
509524225->-509646052,veh_passenger,112.0
9704194#1->1204070281,veh_passenger,421.0
513082623->40109290#2,veh_passenger,408.0
39838691#8->47223733,veh_passenger,5237.0
-428730813#3->-1211151635#0,truck_truck,124.0
-14924729#0->47267011#0,veh_passenger,349.0
-1211151635#0->1323097575#0,veh_passenger,5379.0
1297720368->-39838751#0,veh_passenger,612.0
856175964->-654297635#1,veh_passenger,227.0
985675139->1260481150,veh_passenger,40.0
478286980#1->-40036066,bus_bus,452.0
-40138239#3->39839107,veh_passenger,678.0
1260481154->-116783847,veh_passenger,241.0
900287035->521701858-AddedOffRampEdge,veh_passenger,492.0
147711065#1->564273553#0,veh_passenger,373.0
150928465->654297635#1,veh_passenger,316.0
-143546557->488788636#1,veh_passenger,418.0
-654297637#2->178702239#0-AddedOnRampEdge,veh_passenger,641.0
490474063#6->1075505400#1,veh_passenger,275.0
654297629#1->-1323097576,veh_passenger,5200.0
-900279869->40140017#2,veh_passenger,169.0
488788637#0->39838691#8,veh_passenger,326.0
40109290#1->-39838657#0,truck_truck,665.0
513272950#0->1067928306#0,veh_passenger,101.0
482569917#0->428730793#0,veh_passenger,314.0
666886086#2->49224804#1,veh_passenger,117.0
39366819#1->72157794,veh_passenger,662.0
1235754993#0->9832326#1,veh_passenger,2740.0
490474063#2->509646063#0,veh_passenger,258.0
-8887999#1->40297647#0,veh_passenger,140.0
1214520074#5->1100626103#1,veh_passenger,276.0
687878722#0->666886085#0,veh_passenger,739.0
1074409256#2->39920505#8,veh_passenger,3562.0
515123442#3->451728952#1,veh_passenger,220.0
515126385#3->1233759524,veh_passenger,417.0
39763700#4->437445541#0,veh_passenger,284.0
1068434199->1335304385,veh_passenger,261.0
967985513#2->-1322916760#1,veh_passenger,515.0
1067928307#0->513082635#1,veh_passenger,872.0
50323229#11->-142741729#1,veh_passenger,291.0
509646061->-687878722#0,veh_passenger,385.0
1273405490->975216742,veh_passenger,370.0
178441748#0->1214520074#3,veh_passenger,259.0
40140141#7->39920222,veh_passenger,328.0
-238219441#2->24576922#0,veh_passenger,286.0
-1068144849#2->178723097#1,veh_passenger,458.0
1125986373#3->72157792,veh_passenger,111.0
178702243#1-AddedOnRampEdge->451728952#5,veh_passenger,295.0
513082627->1222181934,veh_passenger,290.0
-1214520068->39838630#3,veh_passenger,70.0
1100626088->-40036009#1,bus_bus,794.0
39086240-AddedOffRampEdge->509646053#1,veh_passenger,222.0
654297635#0->968332513#0,bus_bus,217.0
1118804249->488788636#1,veh_passenger,381.0
-1222703384#1->1100626103#0,veh_passenger,73.0
178723097#0->1323097575#0,veh_passenger,2786.0
687878722#0->1068434256#0,veh_passenger,374.0
-1125986377#2->178583167#1,veh_passenger,287.0
1237953497->-666886086#1,bus_bus,177.0
-50323229#7->39920505#8,veh_passenger,274.0
335802695->40297715#3,veh_passenger,152.0
654297631->1323097579#1,truck_truck,311.0
39838691#0->515123442#1,veh_passenger,253.0
40109239->-47087366#1,veh_passenger,376.0
1335304373#2->509524229,veh_passenger,316.0
12262310#0-AddedOffRampEdge->178699056#0,veh_passenger,281.0
1100626088->1260481154,veh_passenger,3052.0
-488788637#1->-1067928305#2,veh_passenger,311.0
-413789558#1->-413789558#0,veh_passenger,27.0
515130028#1->40138633#1,veh_passenger,447.0
-654297630->-1068144846#1,veh_passenger,335.0
40140141#2->238219441#1,veh_passenger,147.0
-488786523->47088302#1,veh_passenger,559.0
40140141#10->39920505#4,veh_passenger,217.0
968332513#1->-654297633,veh_passenger,268.0
967985513#2->-654297632#0,veh_passenger,375.0
761486028#1->488788637#1,bus_bus,213.0
40140017#1->1335304372,veh_passenger,154.0
13909444#5->10628442#2,bus_bus,514.0
1292578228->238219472#0,veh_passenger,222.0
1068434200#0->488788637#1,veh_passenger,250.0
1335304376#0->1254633078#1,veh_passenger,211.0
50323226->513082641#2,bus_bus,1064.0
499566574#0->47053612,bus_bus,886.0
666886084#0->-40138633#3,veh_passenger,214.0
1368740247-AddedOffRampEdge->1323097577,veh_passenger,278.0
967985512->474143552#1,veh_passenger,292.0
1290439819->438354815,veh_passenger,3139.0
509524225->813852683-AddedOnRampEdge,veh_passenger,845.0
178441748#2->40035606#0,veh_passenger,175.0
178702243#1-AddedOnRampEdge->178702249,veh_passenger,261.0
968332513#0->-488788637#0,veh_passenger,208.0
40138239#1->654297637#1,veh_passenger,217.0
-515126385#0->39838691#10,bus_bus,165.0
654297636->238219472#0,veh_passenger,133.0
654297636->-39920593#6,veh_passenger,201.0
39921531->-1254816452,veh_passenger,256.0
521704042#0->-147711065#2,veh_passenger,515.0
513082641#0->1204070281,veh_passenger,3374.0
39920684#5->47087366#1,veh_passenger,998.0
478286980#0->1260481151,bus_bus,575.0
39838691#2->511409856#1,veh_passenger,3971.0
511187808#0->1074409255#3,veh_passenger,682.0
654530820#0->1211151635#0,veh_passenger,206.0
1068434200#1->-10628442#2,veh_passenger,276.0
39920505#13->1335304376#0,veh_passenger,236.0
499566573->1214520075,truck_truck,454.0
1222181936->401226926#1,veh_passenger,226.0
15420537#0->428730800,veh_passenger,274.0
654297637#1->422842976,veh_passenger,349.0
-33683346#0->47087992#3,veh_passenger,902.0
521713925->40297715#3,veh_passenger,4832.0
-564273553#2->1064476624,veh_passenger,5377.0
413789557->-654297635#1,veh_passenger,336.0
1260485932->178583145,veh_passenger,408.0
50323226->1074771163#0,bus_bus,672.0
178441748#0->-39838657#3,veh_passenger,548.0
39921025#1->1074409232#1,veh_passenger,413.0
474143552#2->-39838691#2,bus_bus,441.0
511404873#1->-40035904#0,veh_passenger,2021.0
-1273251150#1->39838751#0,truck_truck,463.0
900287035->439836129,veh_passenger,633.0
1125986375#0->-33683346#2,veh_passenger,414.0
39838691#2->1214520073#0,bus_bus,1820.0
-449565665#3->9704194#0,veh_passenger,1960.0
-33683346#3->-1332638368#0,veh_passenger,445.0
40138633#3->178702251,veh_passenger,1137.0
900279869->39838520#0,veh_passenger,533.0
39920505#7->513272951#0,veh_passenger,3699.0
39921025#4->511409187,veh_passenger,3245.0
-1068144848#1->666886082#1,veh_passenger,1103.0
-39838984#1->1075505400#0,veh_passenger,501.0
-1067928307#2->666886084#0,veh_passenger,2997.0
509646057#2->24576913#2,veh_passenger,858.0
40138633#1->967993112#0,veh_passenger,848.0
1226645409->-71269782,bus_bus,1187.0
11631594#1->515130026#0,veh_passenger,856.0
-1214520068->40140017#0,veh_passenger,4592.0
131671623->-40138239#3,veh_passenger,5068.0
666886085#1->1068916338,veh_passenger,2333.0
39838691#8->1236283454,veh_passenger,4047.0
39920593#5->10628430,veh_passenger,1178.0
-1131969257->15420801#2,veh_passenger,2726.0
39366819#1->40297647#0,veh_passenger,2241.0
449565665#0->-33683458#0,veh_passenger,2536.0
39763700#1->1273405490,veh_passenger,3212.0
39763700#6->509646061,veh_passenger,2029.0
654297629#1->-499566577#0,veh_passenger,2672.0
39838691#10->499566574#1,veh_passenger,2229.0
-450616334#1->-33683346#2,truck_truck,2994.0
511404873#1->-40035325#0,veh_passenger,1262.0
-39838691#8->511404872,veh_passenger,1397.0
-654297629#6->1335304376#0,veh_passenger,1869.0
178723097#1->-1297720376#1,veh_passenger,1535.0
-437445540->1204070282,veh_passenger,1669.0
178583149->-257421487#0,veh_passenger,2512.0
40297647#0->10628442#3,veh_passenger,2111.0
24577522#1->479863106#0,veh_passenger,2055.0
39838691#10->1322916760#2,veh_passenger,2220.0
666886085#0->240666069#0,veh_passenger,2071.0
421846558#1->1233759524,bus_bus,1944.0
654297629#2->1068434208#0-AddedOffRampEdge,veh_passenger,1670.0
178583155->1068434235,veh_passenger,2116.0
488788626#0->-900279869,veh_passenger,1916.0
178699056#0->9704194#0,veh_passenger,1841.0
