vehID,routeKey,class,depart,arrival,travel_time,distance_m,on_express_s,admitted,denied
veh1374,39838691#0->509524230,veh_passenger,922.00,993.00,71.00,628.06,0.00,False,False
veh1374.1,39838691#0->509524230,veh_passenger,925.00,995.00,70.00,628.06,0.00,False,False
bus160,40140017#1->10629474#1,bus_bus,961.00,997.00,36.00,252.35,0.00,False,False
bus160.1,40140017#1->10629474#1,bus_bus,967.00,1003.00,36.00,252.35,0.00,False,False
veh1493,1196008692#1->178583167#0,veh_passenger,1002.00,1019.00,17.00,189.73,0.00,False,False
veh1411,11635067->335802672,veh_passenger,947.00,1026.00,79.00,1704.60,31.00,False,False
veh1500,40140141#2->-257421487#0,veh_passenger,1006.00,1071.00,65.00,609.40,0.00,False,False
veh1500.1,40140141#2->-257421487#0,veh_passenger,1009.00,1075.00,66.00,609.40,0.00,False,False
veh1563,-50323229#2->1273251150#1,veh_passenger,1049.00,1105.00,56.00,346.03,0.00,False,False
veh1587,240666069#0->428730800,veh_passenger,1065.00,1118.00,53.00,565.24,0.00,False,False
veh1573,40140141#6->-169562956,veh_passenger,1057.00,1121.00,64.00,687.13,0.00,False,False
veh1384,654297629#6->564273553#0,veh_passenger,1119.00,1126.00,7.00,22.74,0.00,False,False
veh1367,1337646271#0->515130026#0,veh_passenger,917.00,1127.00,210.00,1295.92,0.00,False,False
veh1384.1,654297629#6->564273553#0,veh_passenger,1122.00,1129.00,7.00,22.74,0.00,False,False
bus164,142741729#1->40139504#1,bus_bus,985.00,1140.00,155.00,568.58,0.00,False,False
bus164.1,142741729#1->40139504#1,bus_bus,990.00,1142.00,152.00,568.58,0.00,False,False
bus187,428730793#0->460316444,bus_bus,1123.00,1144.00,21.00,181.64,0.00,False,False
bus180,488788630#2->437445539#0,bus_bus,1083.00,1147.00,64.00,514.44,0.00,False,False
veh1693,-40109290#3->-50323229#13,veh_passenger,1136.00,1153.00,17.00,53.08,0.00,False,False
veh1566,40140141#0->-240666072#1,veh_passenger,1051.00,1187.00,136.00,654.14,0.00,False,False
veh1566.1,40140141#0->-240666072#1,veh_passenger,1054.00,1189.00,135.00,654.14,0.00,False,False
veh1420.1,-1068144845#4->47267010,veh_passenger,956.00,1229.00,273.00,2190.69,36.00,False,False
veh1420,-1068144845#4->47267010,veh_passenger,953.00,1231.00,278.00,2190.69,37.00,False,False
veh1471,11635095->-1067928307#2,veh_passenger,987.00,1231.00,244.00,2246.44,0.00,False,False
veh1610.1,1064476620#3->-654297637#1,veh_passenger,1083.00,1231.00,148.00,546.13,0.00,False,False
veh1811,-1254633077#1->-50323229#14,veh_passenger,1215.00,1233.00,18.00,86.80,0.00,False,False
veh1811.1,-1254633077#1->-50323229#14,veh_passenger,1218.00,1236.00,18.00,86.80,0.00,False,False
veh1424.1,1068144845#4->83563455,veh_passenger,963.00,1250.00,287.00,2781.37,32.00,False,False
veh1776,-33683346#0->1326193809,veh_passenger,1191.00,1257.00,66.00,470.56,0.00,False,False
veh1424,1068144845#4->83563455,veh_passenger,956.00,1259.00,303.00,2781.37,38.00,False,False
veh1776.1,-33683346#0->1326193809,veh_passenger,1194.00,1260.00,66.00,470.56,0.00,False,False
veh1649,39763700#0->39838657#2,veh_passenger,1106.00,1266.00,160.00,790.81,0.00,False,False
truck95,1214520074#5->-12247568#1,truck_truck,1141.00,1282.00,141.00,1159.71,0.00,False,False
truck95.1,1214520074#5->-12247568#1,truck_truck,1146.00,1285.00,139.00,1159.71,0.00,False,False
veh1740.1,-1125986406#0->967985513#2,veh_passenger,1170.00,1292.00,122.00,1175.09,0.00,False,False
veh1878,1235754993#1->1201484855,veh_passenger,1260.00,1294.00,34.00,430.39,0.00,False,False
veh1830,-169562956->-1260485931#0,veh_passenger,1228.00,1296.00,68.00,726.42,0.00,False,False
veh1740,-1125986406#0->967985513#2,veh_passenger,1167.00,1298.00,131.00,1175.09,0.00,False,False
veh1525,475044040#4->-238219449,veh_passenger,1023.00,1304.00,281.00,484.27,0.00,False,False
veh1538.1,47087992#0->240666069#2,veh_passenger,1035.00,1306.00,271.00,2242.99,11.00,False,False
truck84,1214520075->1074771170,truck_truck,1094.00,1310.00,216.00,983.71,0.00,False,False
veh1527,654297632#2->-40109239,veh_passenger,1025.00,1310.00,285.00,950.94,7.00,False,False
veh1538,47087992#0->240666069#2,veh_passenger,1032.00,1314.00,282.00,2242.99,11.00,False,False
veh1610,1064476620#3->-654297637#1,veh_passenger,1080.00,1320.00,240.00,546.13,0.00,False,False
veh1510,-1332638368#2->1421367508,veh_passenger,1013.00,1333.00,320.00,862.54,0.00,False,False
veh1510.1,-1332638368#2->1421367508,veh_passenger,1016.00,1339.00,323.00,862.54,0.00,False,False
veh1820,47224972#1->1118804256#0,veh_passenger,1221.00,1343.00,122.00,1669.72,45.00,False,False
veh1383,24577455#0->465144361,veh_passenger,928.00,1354.00,426.00,288.87,0.00,False,False
veh2034,465144361->1235754993#1,veh_passenger,1364.00,1379.00,15.00,209.69,0.00,False,False
veh1656,515124966->-450616334#0,veh_passenger,1205.00,1382.00,177.00,1136.71,0.00,False,False
truck84.1,1214520075->1074771170,truck_truck,1099.00,1384.00,285.00,983.71,0.00,False,False
veh1773,-224146621->-47267007#2,veh_passenger,1189.00,1396.00,207.00,2084.20,10.00,False,False
veh2075,-39838691#10->-39838691#8,veh_passenger,1392.00,1402.00,10.00,71.68,0.00,False,False
veh2075.1,-39838691#10->-39838691#8,veh_passenger,1395.00,1404.00,9.00,71.68,0.00,False,False
veh1467,1332638368#2->47087992#3,veh_passenger,984.00,1410.00,426.00,1452.81,0.00,False,False
veh2121,39366819#0->39838691#5,veh_passenger,1423.00,1460.00,37.00,326.94,0.00,False,False
veh2117,513082635#0->515123442#4,veh_passenger,1420.00,1471.00,51.00,710.95,15.00,False,False
veh2202,15419971#0->15419971#1,veh_passenger,1477.00,1487.00,10.00,94.37,0.00,False,False
veh2202.1,15419971#0->15419971#1,veh_passenger,1480.00,1490.00,10.00,94.37,0.00,False,False
veh1545,509524228->178702248,veh_passenger,1037.00,1494.00,457.00,1877.49,29.00,False,False
veh1505,1335304375->-474143552#6,veh_passenger,1010.00,1505.00,495.00,361.30,8.00,False,False
veh1996,515138054->178702239#0,veh_passenger,1339.00,1507.00,168.00,2368.66,29.00,False,False
veh1517,-1125986386->511187808#3,veh_passenger,1018.00,1510.00,492.00,695.04,0.00,False,False
veh1927,1068144848#1->1100626097,veh_passenger,1293.00,1538.00,245.00,1320.35,7.00,False,False
veh1347,-47224972#1->-1068144849#2,veh_passenger,904.00,1549.00,645.00,1728.44,98.00,False,False
veh1913,47053612->-1322916760#1,veh_passenger,1283.00,1550.00,267.00,2431.23,52.00,False,False
veh1574,381945551->-428730813#3,veh_passenger,1056.00,1554.00,498.00,631.55,0.00,False,False
veh1913.1,47053612->-1322916760#1,veh_passenger,1286.00,1555.00,269.00,2431.23,54.00,False,False
veh1574.1,381945551->-428730813#3,veh_passenger,1059.00,1558.00,499.00,631.55,0.00,False,False
veh2101,-40139504#1->1064476618#0,veh_passenger,1409.00,1560.00,151.00,568.87,0.00,False,False
veh1903,1067928305#0->1015424648,veh_passenger,1279.00,1566.00,287.00,945.68,0.00,False,False
veh1903.1,1067928305#0->1015424648,veh_passenger,1282.00,1569.00,287.00,945.68,0.00,False,False
veh1482.1,1075505400#0->515130027,veh_passenger,997.00,1571.00,574.00,2058.08,0.00,False,False
veh2093,-238219441#2->1260485931#1,veh_passenger,1404.00,1590.00,186.00,795.79,0.00,False,False
bus180.1,488788630#2->437445539#0,bus_bus,1536.00,1593.00,57.00,514.44,0.00,False,False
veh2093.1,-238219441#2->1260485931#1,veh_passenger,1407.00,1596.00,189.00,795.79,0.00,False,False
veh1377,1211151635#0->1214520074#2,veh_passenger,927.00,1610.00,683.00,1272.53,0.00,False,False
bus196,515123438->428730793#1,bus_bus,1177.00,1612.00,435.00,1756.48,0.00,False,False
veh1927.1,1068144848#1->1100626097,veh_passenger,1296.00,1628.00,332.00,1320.35,8.00,False,False
veh2363,-238219441#2->-40140017#1,veh_passenger,1585.00,1644.00,59.00,325.19,0.00,False,False
veh1664,8887999#1->47225638#0,veh_passenger,1116.00,1645.00,529.00,957.11,0.00,False,False
veh1664.1,8887999#1->47225638#0,veh_passenger,1119.00,1651.00,532.00,957.11,0.00,False,False
bus252,40140141#3->822782498,bus_bus,1513.00,1656.00,143.00,790.34,0.00,False,False
veh1482,1075505400#0->515130027,veh_passenger,994.00,1665.00,671.00,2058.08,0.00,False,False
bus155,9374529#1->142741729#1,bus_bus,931.00,1676.00,745.00,724.11,0.00,False,False
veh2379,511404877->-1067928305#1,veh_passenger,1595.00,1691.00,96.00,1104.60,0.00,False,False
veh1879,-39921672->72157794,veh_passenger,1260.00,1692.00,432.00,521.96,0.00,False,False
veh1727,1214520073#1->1337646275,veh_passenger,1159.00,1705.00,546.00,2947.45,33.00,False,False
veh2397,-451728952#1->-1068144848#1,veh_passenger,1607.00,1717.00,110.00,569.92,3.00,False,False
veh2397.1,-451728952#1->-1068144848#1,veh_passenger,1610.00,1718.00,108.00,569.92,3.00,False,False
veh2170,515130027->482569917#1,veh_passenger,1455.00,1746.00,291.00,1568.23,0.00,False,False
veh2170.1,515130027->482569917#1,veh_passenger,1457.00,1747.00,290.00,1568.23,0.00,False,False
veh2493,-451728952#3->488786523,veh_passenger,1672.00,1747.00,75.00,627.21,0.00,False,False
veh2338.1,1337646270->12247568#1,veh_passenger,1569.00,1752.00,183.00,1047.27,0.00,False,False
veh2338,1337646270->12247568#1,veh_passenger,1568.00,1756.00,188.00,1047.27,0.00,False,False
veh2529,1298335703->47087993#5,veh_passenger,1696.00,1789.00,93.00,1158.76,1.00,False,False
bus201,-654297633->1064476620#0,bus_bus,1207.00,1806.00,599.00,665.67,0.00,False,False
veh1423,-687878722#0->488788636#0,veh_passenger,955.00,1808.00,853.00,954.49,0.00,False,False
veh2493.1,-451728952#3->488786523,veh_passenger,1675.00,1808.00,133.00,627.21,0.00,False,False
veh2633.1,12262310#0-AddedOffRampEdge->178702239#0-AddedOnRampEdge,veh_passenger,1769.00,1823.00,54.00,1175.27,51.00,False,False
veh2633,12262310#0-AddedOffRampEdge->178702239#0-AddedOnRampEdge,veh_passenger,1766.00,1832.00,66.00,1175.27,64.00,False,False
veh1372,488788630#1->-39838630#3,veh_passenger,921.00,1848.00,927.00,1861.80,0.00,False,False
veh2529.1,1298335703->47087993#5,veh_passenger,1699.00,1880.00,181.00,1158.76,2.00,False,False
bus175,1214520075->178702251,bus_bus,1446.00,1902.00,456.00,2262.59,59.00,False,False
truck142.1,1068144847->515126385#4,truck_truck,1709.00,1905.00,196.00,849.30,0.00,False,False
truck142,1068144847->515126385#4,truck_truck,1705.00,1906.00,201.00,849.30,0.00,False,False
veh1835.1,47087992#3->460316444,veh_passenger,1233.00,1916.00,683.00,2882.21,11.00,False,False
veh1835,47087992#3->460316444,veh_passenger,1231.00,1919.00,688.00,2882.21,11.00,False,False
veh1088,490474063#3->1254816453#1,veh_passenger,1205.00,1923.00,718.00,853.40,322.00,False,False
bus196.1,515123438->428730793#1,bus_bus,1178.00,1924.00,746.00,1756.48,0.00,False,False
veh1629,1421367508->11635146#0-AddedOffRampEdge,veh_passenger,1093.00,1930.00,837.00,1850.94,15.00,False,False
veh2892,40036009#2->40036009#2,veh_passenger,1939.00,1942.00,3.00,13.29,0.00,False,False
veh2668,-438516309->515126385#1,veh_passenger,1789.00,1972.00,183.00,1572.88,42.00,False,False
veh1558,178699058->-1015424648,veh_passenger,1045.00,1985.00,940.00,2377.45,46.00,False,False
veh1558.1,178699058->-1015424648,veh_passenger,1048.00,2001.00,953.00,2377.45,46.00,False,False
veh1807,40138633#1->-40109290#1,veh_passenger,1212.00,2009.00,797.00,617.61,0.00,False,False
veh1807.1,40138633#1->-40109290#1,veh_passenger,1215.00,2012.00,797.00,617.61,0.00,False,False
veh2649,13909444#6->240666069#0,veh_passenger,1776.00,2022.00,246.00,2363.27,11.00,False,False
veh2700,68574202->-413789558#0,veh_passenger,1810.00,2041.00,231.00,1815.52,0.00,False,False
veh2848,513082635#0-AddedOffRampEdge->47087993#1,veh_passenger,1910.00,2054.00,144.00,1562.08,0.00,False,False
veh1355,-8887999#1->1297720367,veh_passenger,909.00,2064.00,1155.00,977.45,0.00,False,False
veh1502,-47224972#0->-47224972#0,veh_passenger,2084.00,2085.00,1.00,5.85,0.00,False,False
veh2784,1068144844->488788633#1,veh_passenger,1867.00,2099.00,232.00,1977.59,35.00,False,False
veh3121,515123442#1->515123442#2,veh_passenger,2093.00,2101.00,8.00,57.99,0.00,False,False
veh2720,8887999#0->1074771170,veh_passenger,1824.00,2102.00,278.00,1027.74,0.00,False,False
veh2649.1,13909444#6->240666069#0,veh_passenger,1779.00,2111.00,332.00,2363.27,9.00,False,False
veh2670,178699049->451728952#4,veh_passenger,1790.00,2141.00,351.00,2505.83,36.00,False,False
veh3114,437445539#0->654530820#1,veh_passenger,2088.00,2148.00,60.00,632.87,0.00,False,False
veh3114.1,437445539#0->654530820#1,veh_passenger,2091.00,2154.00,63.00,632.87,0.00,False,False
veh1985,-39838630#3->-521705694#0,veh_passenger,1331.00,2206.00,875.00,524.57,0.00,False,False
veh2617,13909444#5->-451728952#1,veh_passenger,1755.00,2208.00,453.00,750.59,0.00,False,False
veh2617.1,13909444#5->-451728952#1,veh_passenger,1758.00,2210.00,452.00,750.59,0.00,False,False
veh2095,178441748#0->-474143552#0,veh_passenger,1405.00,2216.00,811.00,532.90,0.00,False,False
veh2264.1,40138239#1->1064398309#1,veh_passenger,1521.00,2227.00,706.00,687.49,0.00,False,False
veh1933.1,1297720376#1->-10628444#1,veh_passenger,1300.00,2240.00,940.00,343.25,0.00,False,False
veh3307,335802675->900399275,veh_passenger,2217.00,2256.00,39.00,698.34,37.00,False,False
veh3307.1,335802675->900399275,veh_passenger,2220.00,2257.00,37.00,698.34,36.00,False,False
veh2107,1196008692#1->900399275,veh_passenger,1413.00,2276.00,863.00,2072.92,58.00,False,False
veh3314,-1322916760#1->1322916760#1,veh_passenger,2282.00,2286.00,4.00,0.22,2.00,False,False
truck128.1,-39838691#7->-24576913#0,truck_truck,1541.00,2293.00,752.00,462.49,0.00,False,False
truck132,1332638368#1->515136604,truck_truck,1585.00,2303.00,718.00,2168.59,0.00,False,False
veh3432,47087993#1->47087993#2,veh_passenger,2301.00,2310.00,9.00,74.39,0.00,False,False
veh2374.1,-488788630#0->428730813#3,veh_passenger,1595.00,2323.00,728.00,344.52,0.00,False,False
bus383,-515130026#0->-515136607,bus_bus,2299.00,2323.00,24.00,267.43,0.00,False,False
veh3462,428730793#0->460316444,veh_passenger,2321.00,2337.00,16.00,181.64,0.00,False,False
veh3349,13909444#6->47087366#2,veh_passenger,2245.00,2356.00,111.00,1425.57,9.00,False,False
veh3349.1,13909444#6->47087366#2,veh_passenger,2248.00,2361.00,113.00,1425.57,11.00,False,False
veh2468,8887999#0->240666069#1,veh_passenger,1655.00,2378.00,723.00,1602.07,0.00,False,False
veh2156,147711065#1->1214520073#1,veh_passenger,1447.00,2396.00,949.00,838.18,0.00,False,False
veh2156.1,147711065#1->1214520073#1,veh_passenger,1450.00,2403.00,953.00,838.18,0.00,False,False
veh3429,40140141#1->515126385#1,veh_passenger,2299.00,2416.00,117.00,948.81,0.00,False,False
veh3429.1,40140141#1->515126385#1,veh_passenger,2302.00,2418.00,116.00,948.81,0.00,False,False
veh3541,-437445539#1->-12247568#1,veh_passenger,2374.00,2423.00,49.00,474.86,0.00,False,False
veh3541.1,-437445539#1->-12247568#1,veh_passenger,2377.00,2425.00,48.00,474.86,0.00,False,False
veh1457,-1214520076->511187809,veh_passenger,978.00,2444.00,1466.00,184.76,0.00,False,False
bus235,421846558#0->-178702258#0,bus_bus,1411.00,2450.00,1039.00,563.60,0.00,False,False
bus263,1068144846#2->513082638,bus_bus,1579.00,2458.00,879.00,566.20,0.00,False,False
veh1478.1,499566574#2->1067953239#0,veh_passenger,995.00,2463.00,1468.00,605.28,0.00,False,False
bus377,-39838984#0->13909444#4,bus_bus,2263.00,2475.00,212.00,602.42,0.00,False,False
veh3580,178583160->513082640,veh_passenger,2400.00,2490.00,90.00,1827.17,47.00,False,False
veh3630,240666069#2->488788636#0,veh_passenger,2434.00,2505.00,71.00,831.40,0.00,False,False
veh2234,513272950#1->1118804256#0,veh_passenger,1498.00,2515.00,1017.00,1623.90,0.00,False,False
veh1985.1,-39838630#3->-521705694#0,veh_passenger,1334.00,2522.00,1188.00,524.57,0.00,False,False
veh1906,-428730813#3->-1068144848#0,veh_passenger,1279.00,2549.00,1270.00,1294.94,18.00,False,False
veh1464.1,39838751#1->-10628430,veh_passenger,985.00,2558.00,1573.00,364.15,0.00,False,False
bus235.1,421846558#0->-178702258#0,bus_bus,1412.00,2566.00,1154.00,563.60,0.00,False,False
veh2331,1273251150#1->475044040#0,veh_passenger,1563.00,2569.00,1006.00,855.74,19.00,False,False
veh2266,39366819#1->1074771170,veh_passenger,1520.00,2573.00,1053.00,1371.26,0.00,False,False
veh2557.1,654297629#5->24576913#1,veh_passenger,1718.00,2573.00,855.00,367.77,0.00,False,False
veh1907,40297715#2->39920593#5,veh_passenger,1279.00,2583.00,1304.00,180.06,0.00,False,False
veh1907.1,40297715#2->39920593#5,veh_passenger,1282.00,2584.00,1302.00,180.06,0.00,False,False
veh2787,39838657#1->1272548721,veh_passenger,1869.00,2595.00,726.00,1098.38,0.00,False,False
bus194.1,238219446#1->666886084#1,bus_bus,1171.00,2609.00,1438.00,1128.08,0.00,False,False
veh1548.1,509646059->511187808#3,veh_passenger,1042.00,2618.00,1576.00,554.79,0.00,False,False
veh2344.1,47223733->1297720367,veh_passenger,1575.00,2619.00,1044.00,820.26,0.00,False,False
veh2266.1,39366819#1->1074771170,veh_passenger,1523.00,2642.00,1119.00,1371.26,0.00,False,False
veh2114,39838657#1->-564273553#3,veh_passenger,1418.00,2650.00,1232.00,413.26,0.00,False,False
veh3449,-50323229#0->1068074793,veh_passenger,2510.00,2658.00,148.00,521.70,0.00,False,False
veh1879.1,-39921672->72157794,veh_passenger,1263.00,2659.00,1396.00,521.96,0.00,False,False
veh3449.1,-50323229#0->1068074793,veh_passenger,2532.00,2661.00,129.00,521.70,0.00,False,False
truck132.1,1332638368#1->515136604,truck_truck,1590.00,2664.00,1074.00,2168.59,0.00,False,False
veh3912,15525299->160078084-AddedOnRampEdge,veh_passenger,2623.00,2664.00,41.00,711.23,41.00,False,False
veh2496,39920684#2->-1125986379#1,veh_passenger,1674.00,2665.00,991.00,886.69,0.00,False,False
veh3912.1,15525299->160078084-AddedOnRampEdge,veh_passenger,2626.00,2670.00,44.00,711.23,43.00,False,False
veh2886,1222703382->-39921672,veh_passenger,1935.00,2728.00,793.00,532.28,0.00,False,False
veh2360,509646063#1->10628444#1,veh_passenger,1583.00,2731.00,1148.00,612.92,0.00,False,False
veh2369,-1323097580#0->-39921531,veh_passenger,1589.00,2734.00,1145.00,990.02,0.00,False,False
veh2039,40297715#0->968332509,veh_passenger,1368.00,2736.00,1368.00,1043.97,0.00,False,False
veh3785,1337646271#0->-413789558#0,veh_passenger,2537.00,2738.00,201.00,1737.20,0.00,False,False
veh1346.1,39920550#6->33683346#0,veh_passenger,906.00,2741.00,1835.00,1043.86,0.00,False,False
veh3785.1,1337646271#0->-413789558#0,veh_passenger,2540.00,2741.00,201.00,1737.20,0.00,False,False
veh3250,-39838657#2->521705695,veh_passenger,2182.00,2754.00,572.00,314.64,0.00,False,False
veh2560,1118804257->1015424648,veh_passenger,1717.00,2755.00,1038.00,1735.86,93.00,False,False
veh1622.1,178699051#0->-1067928305#2,veh_passenger,1098.00,2756.00,1658.00,1949.56,0.00,False,False
veh1370,449565665#1->-40139504#1,veh_passenger,919.00,2758.00,1839.00,1192.50,0.00,False,False
veh2563,1067928305#1->39838657#2,veh_passenger,1719.00,2762.00,1043.00,962.87,0.00,False,False
veh1531,1125986375#0->-1068916338,veh_passenger,1027.00,2767.00,1740.00,926.02,0.00,False,False
bus178.1,-1290439818->1335304373#1,bus_bus,1075.00,2769.00,1694.00,949.70,0.00,False,False
veh1698.1,1290439818->178699051#1,veh_passenger,1142.00,2774.00,1632.00,594.25,0.00,False,False
veh2891.1,-39838691#6->1068434256#0,veh_passenger,1941.00,2774.00,833.00,387.67,0.00,False,False
veh1954,478286980#1->985133427,veh_passenger,1335.00,2806.00,1471.00,843.79,0.00,False,False
bus263.1,1068144846#2->513082638,bus_bus,1585.00,2817.00,1232.00,566.20,0.00,False,False
veh1961.1,50323229#10->-33683458#2,veh_passenger,1318.00,2823.00,1505.00,385.99,0.00,False,False
veh1557,1335304376#1->39920550#2,veh_passenger,1045.00,2833.00,1788.00,598.42,0.00,False,False
veh1604,39920593#4->1231065643,veh_passenger,1076.00,2844.00,1768.00,1415.05,0.00,False,False
veh2454,240666069#1->564273552,veh_passenger,1646.00,2844.00,1198.00,1630.31,0.00,False,False
veh1837,-1068916335->-24576913#1,veh_passenger,1232.00,2868.00,1636.00,900.74,0.00,False,False
veh1756,1323097580#0->1323097580#0,veh_passenger,1219.00,2871.00,1652.00,49.61,0.00,False,False
veh1961,50323229#10->-33683458#2,veh_passenger,1315.00,2875.00,1560.00,385.99,0.00,False,False
veh1519,1125986374->1254816452,veh_passenger,1019.00,2876.00,1857.00,508.07,0.00,False,False
veh2419.1,515136608->40140141#9,veh_passenger,1625.00,2877.00,1252.00,2151.94,614.00,False,False
veh3397,1273251150#1->40138633#1,veh_passenger,2277.00,2891.00,614.00,282.70,0.00,False,False
veh1756.1,1323097580#0->1323097580#0,veh_passenger,1656.00,2892.00,1236.00,49.61,0.00,False,False
bus265.1,-10629474#1->666886082#1,bus_bus,1597.00,2892.00,1295.00,1046.32,0.00,False,False
veh3397.1,1273251150#1->40138633#1,veh_passenger,2280.00,2894.00,614.00,282.70,0.00,False,False
veh2491,-50323229#10->47088302#0,veh_passenger,1670.00,2897.00,1227.00,553.61,0.00,False,False
veh1336.1,654297632#2->-401226926#1,veh_passenger,900.00,2901.00,2001.00,758.24,0.00,False,False
veh2647.1,178702258#0->511409188#1,veh_passenger,1882.00,2902.00,1020.00,163.59,0.00,False,False
veh2319,511187810->511404880#1,veh_passenger,1555.00,2918.00,1363.00,726.32,0.00,False,False
veh3050,1074409256#0->-39838751#2,veh_passenger,2045.00,2918.00,873.00,898.74,0.00,False,False
veh1799,-687878722#2->1068144846#0,veh_passenger,1208.00,2919.00,1711.00,626.49,0.00,False,False
veh4162,1214520075->515126384,veh_passenger,2790.00,2926.00,136.00,983.51,0.00,False,False
bus168,10629474#1->509646057#0,bus_bus,1009.00,2929.00,1920.00,884.10,0.00,False,False
bus158,71269782->-654297629#1,bus_bus,949.00,2956.00,2007.00,424.28,0.00,False,False
bus272,413789557->1067928307#3,bus_bus,1633.00,2964.00,1331.00,596.95,0.00,False,False
veh2234.1,513272950#1->1118804256#0,veh_passenger,1501.00,2967.00,1466.00,1623.90,0.00,False,False
bus191,-515126384->509646057#0,bus_bus,1147.00,2969.00,1822.00,1151.87,0.00,False,False
veh4117,-1068144847->1421367925,veh_passenger,2760.00,2972.00,212.00,1240.77,35.00,False,False
veh4375,-437445539#1->428730793#1,veh_passenger,2933.00,2973.00,40.00,505.98,0.00,False,False
veh4365,460316444->381945551,veh_passenger,2926.00,2974.00,48.00,532.07,0.00,False,False
veh2114.1,39838657#1->-564273553#3,veh_passenger,1421.00,2976.00,1555.00,413.26,0.00,False,False
veh4365.1,460316444->381945551,veh_passenger,2928.00,2976.00,48.00,532.07,0.00,False,False
veh4375.1,-437445539#1->428730793#1,veh_passenger,2936.00,2977.00,41.00,505.98,0.00,False,False
veh2551,1125986385#1->39838630#3,veh_passenger,1711.00,2978.00,1267.00,1131.63,0.00,False,False
veh1752.1,-488788630#1->-428730813#3,veh_passenger,1178.00,2983.00,1805.00,459.46,0.00,False,False
veh4162.1,1214520075->515126384,veh_passenger,2793.00,2990.00,197.00,983.51,0.00,False,False
bus152,-1068144848#1->-428730807,bus_bus,913.00,3000.00,2087.00,1143.03,36.00,False,False
bus152.1,-1068144848#1->-428730807,bus_bus,919.00,3004.00,2085.00,1143.03,37.00,False,False
veh3050.1,1074409256#0->-39838751#2,veh_passenger,2048.00,3007.00,959.00,898.74,0.00,False,False
veh4284,1068144844->1068144849#1,veh_passenger,2872.00,3007.00,135.00,842.21,119.00,False,False
bus182,-449565665#2->-1068144849#0,bus_bus,1794.00,3008.00,1214.00,2499.37,39.00,False,False
bus336.1,499566574#1->1323097575#3,bus_bus,2023.00,3008.00,985.00,428.77,0.00,False,False
veh2203,-232920701->428730793#1,veh_passenger,1478.00,3010.00,1532.00,2975.61,37.00,False,False
veh2551.1,1125986385#1->39838630#3,veh_passenger,1714.00,3043.00,1329.00,1131.63,0.00,False,False
bus165,40297715#3->39920550#4,bus_bus,991.00,3044.00,2053.00,290.50,0.00,False,False
bus231,-33683346#0->39920550#2,bus_bus,1387.00,3061.00,1674.00,749.42,0.00,False,False
veh3555.1,1074771163#1->1235501862,veh_passenger,2386.00,3067.00,681.00,498.32,0.00,False,False
bus168.1,10629474#1->509646057#0,bus_bus,1041.00,3069.00,2028.00,884.10,0.00,False,False
truck151,-1068144848#1->428730818#3,truck_truck,1813.00,3078.00,1265.00,2460.18,35.00,False,False
bus176,1260485929#1->515126385#0,bus_bus,1057.00,3079.00,2022.00,1084.66,0.00,False,False
bus260,1100626103#1->-1068916338,bus_bus,1561.00,3081.00,1520.00,1350.54,0.00,False,False
truck87.1,1231065653->10628444#2,truck_truck,1049.00,3086.00,2037.00,1026.50,0.00,False,False
veh2998,-1204070283#1->-10628444#0,veh_passenger,2010.00,3099.00,1089.00,240.86,0.00,False,False
veh1864,40035325#2->-40140017#1,veh_passenger,1968.00,3103.00,1135.00,628.88,9.00,False,False
truck87,1231065653->10628444#2,truck_truck,1045.00,3135.00,2090.00,1026.50,0.00,False,False
truck91.1,985133430->509646052,truck_truck,1094.00,3135.00,2041.00,681.47,0.00,False,False
veh4143,1125986374->-1260485931#1,veh_passenger,2777.00,3137.00,360.00,465.79,0.00,False,False
veh1708,-10628442#0->-654297632#2,veh_passenger,1146.00,3154.00,2008.00,927.78,0.00,False,False
veh3665,-39838630#1->449565665#3,veh_passenger,2645.00,3154.00,509.00,426.92,0.00,False,False
bus525,178699056#3->178699056#3,bus_bus,3151.00,3160.00,9.00,51.31,0.00,False,False
bus525.1,178699056#3->178699056#3,bus_bus,3156.00,3165.00,9.00,51.31,0.00,False,False
veh4506,515136607->-1068144849#2,veh_passenger,3021.00,3167.00,146.00,1402.29,34.00,False,False
veh4544,515126385#3->1118804256#1,veh_passenger,3046.00,3168.00,122.00,905.51,0.00,False,False
veh1837.1,-1068916335->-24576913#1,veh_passenger,1235.00,3175.00,1940.00,900.74,0.00,False,False
truck125,39920505#8->-10628444#0,truck_truck,2233.00,3175.00,942.00,727.75,0.00,False,False
veh4651,13909444#5->-1068144848#0,veh_passenger,3118.00,3175.00,57.00,688.14,8.00,False,False
veh4651.1,13909444#5->-1068144848#0,veh_passenger,3121.00,3180.00,59.00,688.14,8.00,False,False
veh2824,437445541#1->-564273553#3,veh_passenger,1894.00,3186.00,1292.00,998.50,0.00,False,False
veh1378,1068916335->10628442#3,veh_passenger,925.00,3195.00,2270.00,631.10,0.00,False,False
veh1799.1,-687878722#2->1068144846#0,veh_passenger,1213.00,3196.00,1983.00,626.49,0.00,False,False
veh1542,-1335304373#2->39920593#5,veh_passenger,1592.00,3200.00,1608.00,415.55,0.00,False,False
veh3391,10628442#1->-10628442#3,veh_passenger,2600.00,3200.00,600.00,292.01,0.00,False,False
veh2491.1,-50323229#10->47088302#0,veh_passenger,1673.00,3202.00,1529.00,553.61,0.00,False,False
veh3391.1,10628442#1->-10628442#3,veh_passenger,2905.00,3202.00,297.00,292.01,0.00,False,False
veh1659,178441748#0->-10628442#3,veh_passenger,1113.00,3205.00,2092.00,1436.27,0.00,False,False
veh1599,1100626087->39921025#6,veh_passenger,1090.00,3206.00,2116.00,1160.04,0.00,False,False
veh2262,-474143552#5->1100626103#3,veh_passenger,1517.00,3206.00,1689.00,828.50,0.00,False,False
bus202.1,147711065#1->-39838691#10,bus_bus,1219.00,3221.00,2002.00,701.20,0.00,False,False
veh1663,169562956->40138941#1,veh_passenger,1116.00,3222.00,2106.00,1350.28,0.00,False,False
veh4629,515136607->47087993#1,veh_passenger,3103.00,3228.00,125.00,1057.55,0.00,False,False
veh4629.1,515136607->47087993#1,veh_passenger,3104.00,3232.00,128.00,1057.55,0.00,False,False
bus214,1222703382->-1068916339,bus_bus,1285.00,3249.00,1964.00,730.95,1360.00,False,False
bus271.1,13909444#0->1214520074#1,bus_bus,1633.00,3251.00,1618.00,527.48,0.00,False,False
veh1853.1,39921025#3->39920684#0,veh_passenger,1246.00,3252.00,2006.00,770.38,0.00,False,False
veh2667,-40036009#1->-50323229#13,veh_passenger,1788.00,3252.00,1464.00,90.67,0.00,False,False
bus158.1,71269782->-654297629#1,bus_bus,954.00,3264.00,2310.00,424.28,0.00,False,False
truck233,-1204070283#1->1196008691#0,truck_truck,2797.00,3275.00,478.00,1004.08,0.00,False,False
veh4296,1222703384#0->-1068916336,veh_passenger,2880.00,3282.00,402.00,146.36,0.00,False,False
veh1875.1,-39838691#2->240666069#1,veh_passenger,1260.00,3295.00,2035.00,1495.93,0.00,False,False
bus422,-1068144849#2->513082641#2-AddedOnRampEdge,bus_bus,2533.00,3311.00,778.00,1871.66,106.00,False,False
veh3879,39838691#1->-39366819#1,veh_passenger,2804.00,3318.00,514.00,241.06,0.00,False,False
veh2463.1,-169562956->1335304385,veh_passenger,1655.00,3324.00,1669.00,1333.27,0.00,False,False
veh3005,1332638368#0->40140141#7,veh_passenger,2015.00,3326.00,1311.00,1032.03,0.00,False,False
bus325,11635146#0->1335304373#0,bus_bus,1951.00,3327.00,1376.00,1307.14,322.00,False,False
veh2124.1,178583145->-474143552#4,veh_passenger,1428.00,3334.00,1906.00,918.83,0.00,False,False
veh2889.1,11631594#0->40035904#2,veh_passenger,1938.00,3334.00,1396.00,981.47,0.00,False,False
veh4892,9374529#1->-1290439817#1,veh_passenger,3279.00,3337.00,58.00,161.11,0.00,False,False
bus329.1,437445541#0->-451728952#4,bus_bus,1980.00,3338.00,1358.00,1443.07,13.00,False,False
veh4892.1,9374529#1->-1290439817#1,veh_passenger,3282.00,3339.00,57.00,161.11,0.00,False,False
veh1699,1067852461->-1255099069,veh_passenger,2945.00,3342.00,397.00,590.16,0.00,False,False
veh1952,-40035606#1->1335304374,veh_passenger,1309.00,3344.00,2035.00,753.55,0.00,False,False
veh1575,564273553#0->1214520070,veh_passenger,1057.00,3345.00,2288.00,898.34,0.00,False,False
veh2745.1,40138633#0->1335304373#0,veh_passenger,1844.00,3346.00,1502.00,991.70,0.00,False,False
bus424,-488788630#0->-1226645410,bus_bus,2545.00,3347.00,802.00,498.80,0.00,False,False
bus456,-1067928307#3->47267007#1,bus_bus,2737.00,3351.00,614.00,379.02,0.00,False,False
bus456.1,-1067928307#3->47267007#1,bus_bus,2743.00,3355.00,612.00,379.02,0.00,False,False
veh2094,-1068144847->-479863106#1,veh_passenger,1404.00,3360.00,1956.00,1505.15,44.00,False,False
veh1968,1068434168->1068434256#0,veh_passenger,1320.00,3369.00,2049.00,158.43,0.00,False,False
veh2126.1,479863106#0->511404874#1,veh_passenger,1429.00,3372.00,1943.00,321.78,0.00,False,False
veh3959,-10748036->10250021#3,veh_passenger,2654.00,3404.00,750.00,386.02,0.00,False,False
veh2998.1,-1204070283#1->-10628444#0,veh_passenger,2013.00,3405.00,1392.00,240.86,0.00,False,False
veh3767,178583167#0->488788626#3,veh_passenger,2525.00,3405.00,880.00,669.51,0.00,False,False
veh4010,521701860->538432098,veh_passenger,2688.00,3405.00,717.00,479.42,0.00,False,False
veh2461,1273251150#1->-40138633#2,veh_passenger,1650.00,3413.00,1763.00,211.75,0.00,False,False
veh2461.1,1273251150#1->-40138633#2,veh_passenger,1653.00,3415.00,1762.00,211.75,0.00,False,False
veh1615,428730800->511404880#0,veh_passenger,1084.00,3418.00,2334.00,693.44,0.00,False,False
veh1419,10250021#2->1222703384#1,veh_passenger,952.00,3421.00,2469.00,868.17,0.00,False,False
veh3924,-39838984#0->761486028#1,veh_passenger,2631.00,3430.00,799.00,591.60,0.00,False,False
veh3907,1207401652#1->1068434208#0,veh_passenger,2619.00,3431.00,812.00,209.91,0.00,False,False
bus162.1,-515130026#1->40115810#0,bus_bus,979.00,3432.00,2453.00,1329.99,0.00,False,False
veh2935,-10628442#1->856175963,veh_passenger,1968.00,3442.00,1474.00,190.62,0.00,False,False
truck103.1,-1222703384#1->24577455#2,truck_truck,1243.00,3446.00,2203.00,746.85,0.00,False,False
veh1744,39920505#8->1125986379#0,veh_passenger,1170.00,3458.00,2288.00,1038.48,0.00,False,False
veh2108,-142741729#0->1068434202,veh_passenger,1414.00,3458.00,2044.00,935.44,0.00,False,False
veh2530,1323097578->488788626#1,veh_passenger,1697.00,3459.00,1762.00,623.75,0.00,False,False
bus271,13909444#0->1214520074#1,bus_bus,1627.00,3459.00,1832.00,527.48,0.00,False,False
veh2812,-1323097577->33683346#2,veh_passenger,1886.00,3460.00,1574.00,341.42,0.00,False,False
veh2787.1,39838657#1->1272548721,veh_passenger,1872.00,3462.00,1590.00,1098.38,0.00,False,False
veh5055,47267011#2->47267007#2,veh_passenger,3388.00,3464.00,76.00,1035.01,0.00,False,False
truck164,654297629#5->-24576913#0,truck_truck,2836.00,3465.00,629.00,332.88,0.00,False,False
veh2062,39920505#6->33683346#3,veh_passenger,1465.00,3472.00,2007.00,828.94,0.00,False,False
veh2987,-1068074793->856175964,veh_passenger,2003.00,3491.00,1488.00,1181.61,0.00,False,False
veh4645,451728952#4->1226645409,veh_passenger,3114.00,3497.00,383.00,1215.69,0.00,False,False
veh4645.1,451728952#4->1226645409,veh_passenger,3117.00,3499.00,382.00,1215.69,0.00,False,False
truck174,1125986379#1->-1260485929#2,truck_truck,2733.00,3504.00,771.00,496.26,0.00,False,False
veh2959,15419875#1->1064476624,veh_passenger,2200.00,3509.00,1309.00,378.07,51.00,False,False
veh1350,1068144847->1214520074#2,veh_passenger,906.00,3514.00,2608.00,1376.73,0.00,False,False
veh1744.1,39920505#8->1125986379#0,veh_passenger,1173.00,3521.00,2348.00,1038.48,0.00,False,False
truck166,72157794->-9374529#1,truck_truck,1993.00,3522.00,1529.00,986.43,0.00,False,False
veh1572.1,-39920593#0->40297647#1,veh_passenger,1058.00,3526.00,2468.00,862.95,249.00,False,False
veh2665,1326193809->10748045#0,veh_passenger,1787.00,3533.00,1746.00,570.14,0.00,False,False
veh3359.1,-10629474#0->490474063#4,veh_passenger,2255.00,3538.00,1283.00,670.19,0.00,False,False
veh2621.1,509647506->1125986406#0,veh_passenger,1761.00,3542.00,1781.00,1121.38,0.00,False,False
truck224,-50323229#13->-50323229#10,truck_truck,2689.00,3553.00,864.00,1.78,0.00,False,False
veh2118.1,490474063#1->-1068916339,veh_passenger,2132.00,3554.00,1422.00,879.34,775.00,False,False
veh2667.1,-40036009#1->-50323229#13,veh_passenger,1791.00,3555.00,1764.00,90.67,0.00,False,False
veh3547,116831467->10628444#0,veh_passenger,2378.00,3568.00,1190.00,1031.37,0.00,False,False
veh2588,40139504#1->1064476619,veh_passenger,1735.00,3581.00,1846.00,870.87,0.00,False,False
veh1656.1,515124966->-450616334#0,veh_passenger,1655.00,3583.00,1928.00,1136.71,0.00,False,False
veh3118,1068144845#1->1332638368#0,veh_passenger,2091.00,3593.00,1502.00,772.87,882.00,False,False
veh3551,240666072#1->9704194#4,veh_passenger,2381.00,3595.00,1214.00,797.22,0.00,False,False
veh1572,-39920593#0->40297647#1,veh_passenger,1055.00,3600.00,2545.00,862.95,9.00,False,False
veh2439.1,1204070283#1->-449565665#1,veh_passenger,1641.00,3602.00,1961.00,622.75,0.00,False,False
veh1640.1,1337646276->1226645410,veh_passenger,1101.00,3606.00,2505.00,754.64,0.00,False,False
veh4253,1335304376#1->-654297631,veh_passenger,2851.00,3611.00,760.00,405.77,0.00,False,False
veh3054,-1323097580#1->11631594#2,veh_passenger,2616.00,3615.00,999.00,269.69,0.00,False,False
veh3353,40140141#8->1292541108,veh_passenger,2248.00,3621.00,1373.00,641.10,0.00,False,False
veh5367,-413789558#1->-413789558#0,veh_passenger,3597.00,3625.00,28.00,313.46,0.00,False,False
veh5367.1,-413789558#1->-413789558#0,veh_passenger,3600.00,3632.00,32.00,313.46,0.00,False,False
veh3996.1,511187808#4->1214520075,veh_passenger,3040.00,3633.00,593.00,307.13,0.00,False,False
bus588,1222703384#0->1204070282,bus_bus,3529.00,3637.00,108.00,524.35,0.00,False,False
truck79,488788630#0->-449565665#1,truck_truck,952.00,3645.00,2693.00,1901.76,0.00,False,False
bus588.1,1222703384#0->1204070282,bus_bus,3534.00,3646.00,112.00,524.35,0.00,False,False
bus239,666886086#2->1125986385#1,bus_bus,1435.00,3657.00,2222.00,1479.71,0.00,False,False
veh1362.1,490474063#6->1231065652,veh_passenger,917.00,3659.00,2742.00,2318.95,131.00,False,False
truck123,50323229#6->40139504#0,truck_truck,1477.00,3660.00,2183.00,981.20,0.00,False,False
veh3300,-238219441#2->654297631,veh_passenger,2212.00,3661.00,1449.00,407.45,0.00,False,False
veh1440,238219441#0->-449565665#0,veh_passenger,966.00,3664.00,2698.00,993.83,0.00,False,False
veh2439,1204070283#1->-449565665#1,veh_passenger,1636.00,3668.00,2032.00,622.75,0.00,False,False
bus422.1,-1068144849#2->513082641#2-AddedOnRampEdge,bus_bus,2539.00,3669.00,1130.00,1871.66,105.00,False,False
veh3379,39920550#2->-1260485929#2,veh_passenger,2265.00,3671.00,1406.00,1125.18,0.00,False,False
veh3545.1,39838657#0->511409188#1,veh_passenger,2380.00,3671.00,1291.00,867.09,0.00,False,False
veh1893,39920505#13->-40140017#1,veh_passenger,1270.00,3676.00,2406.00,1164.33,0.00,False,False
veh1893.1,39920505#13->-40140017#1,veh_passenger,1273.00,3679.00,2406.00,1164.33,0.00,False,False
veh2552,1125986385#1->-40140017#2,veh_passenger,1717.00,3683.00,1966.00,380.76,0.00,False,False
bus368.1,40138239#0->439836129,bus_bus,2209.00,3683.00,1474.00,2687.10,52.00,False,False
veh3291,-1074409256#0->-24576913#0,veh_passenger,3096.00,3688.00,592.00,42.63,0.00,False,False
veh2610,1068144847->1214520076,veh_passenger,1750.00,3689.00,1939.00,994.21,0.00,False,False
veh1929.1,1254816455->1125986379#1,veh_passenger,1297.00,3700.00,2403.00,404.89,0.00,False,False
bus344.1,12090453#0->654297629#1,bus_bus,2071.00,3708.00,1637.00,1526.97,0.00,False,False
veh2349,47223733->1298335704#0,veh_passenger,1578.00,3712.00,2134.00,389.89,0.00,False,False
veh1555,1260485929#1->511187815,veh_passenger,1043.00,3718.00,2675.00,415.38,0.00,False,False
bus182.1,-449565665#2->-1068144849#0,bus_bus,1800.00,3720.00,1920.00,2499.37,33.00,False,False
veh3431.1,-1211151638->-10628430,veh_passenger,2594.00,3728.00,1134.00,700.49,0.00,False,False
veh4157,1068916336->1204070283#0,veh_passenger,2787.00,3728.00,941.00,327.59,0.00,False,False
veh3126.1,178702258#0->515130026#0,veh_passenger,2164.00,3735.00,1571.00,1351.12,0.00,False,False
veh5051,-40036009#1->-40036009#1,veh_passenger,3386.00,3742.00,356.00,25.60,0.00,False,False
veh1380,47267010->39838691#1,veh_passenger,926.00,3745.00,2819.00,709.40,0.00,False,False
veh2935.1,-10628442#1->856175963,veh_passenger,1971.00,3745.00,1774.00,190.62,0.00,False,False
veh2402,511187808#0->-39838691#1,veh_passenger,1611.00,3746.00,2135.00,332.43,0.00,False,False
truck89,1255099069->511404873#1,truck_truck,1069.00,3756.00,2687.00,1097.06,0.00,False,False
bus230,-1068144846#0->-39921672,bus_bus,1381.00,3757.00,2376.00,1713.40,0.00,False,False
veh2108.1,-142741729#0->1068434202,veh_passenger,1417.00,3761.00,2344.00,935.44,0.00,False,False
truck113.1,-474143552#2->40297647#0,truck_truck,1361.00,3772.00,2411.00,502.63,0.00,False,False
bus176.1,1260485929#1->515126385#0,bus_bus,1063.00,3776.00,2713.00,1084.66,0.00,False,False
veh3381,-40140017#0->511404872,veh_passenger,2267.00,3777.00,1510.00,990.60,0.00,False,False
veh3412,40036062#0->439836132,veh_passenger,2288.00,3784.00,1496.00,2258.28,60.00,False,False
veh2697,856175964->-1335304386#1,veh_passenger,1808.00,3787.00,1979.00,867.54,0.00,False,False
veh3180,50323229#13->1064476622#1,veh_passenger,2621.00,3787.00,1166.00,544.20,0.00,False,False
veh1397,40109239->-1335304386#0,veh_passenger,937.00,3788.00,2851.00,1376.88,301.00,False,False
veh2125,-39838984#1->178583148#2,veh_passenger,1425.00,3789.00,2364.00,2107.62,0.00,False,False
veh2724,40140017#0->24576922#0,veh_passenger,1827.00,3790.00,1963.00,880.46,0.00,False,False
veh2396,-50323229#10->1064398309#1,veh_passenger,1607.00,3804.00,2197.00,468.67,0.00,False,False
truck164.1,654297629#5->-24576913#0,truck_truck,2841.00,3810.00,969.00,332.88,0.00,False,False
veh2262.1,-474143552#5->1100626103#3,veh_passenger,1520.00,3820.00,2300.00,828.50,0.00,False,False
veh3126,178702258#0->515130026#0,veh_passenger,2161.00,3826.00,1665.00,1351.12,0.00,False,False
veh3521,509524270->-1067928305#1,veh_passenger,2404.00,3830.00,1426.00,1068.59,0.00,False,False
truck139,-1273251152->513272951#0,truck_truck,1669.00,3832.00,2163.00,1637.79,312.00,False,False
veh2910,39366819#0->47087992#0,veh_passenger,1951.00,3832.00,1881.00,1555.55,0.00,False,False
bus340,15420537#1->1118804256#0,bus_bus,2041.00,3832.00,1791.00,1601.07,1049.00,False,False
veh1399,499566577#1->10250021#3,veh_passenger,939.00,3836.00,2897.00,615.17,0.00,False,False
veh3303,654297631->900399275,veh_passenger,2215.00,3842.00,1627.00,2634.82,69.00,False,False
veh1392,1074409255#0->-573632774,veh_passenger,934.00,3845.00,2911.00,1997.27,310.00,False,False
veh4380,-1255099069->1235501861#0,veh_passenger,2936.00,3846.00,910.00,572.24,0.00,False,False
veh1736.1,-1237953494->1125986406#0,veh_passenger,1267.00,3847.00,2580.00,887.95,0.00,False,False
veh3441.1,-474143552#6->178583148#2-AddedOnRampEdge,veh_passenger,2310.00,3849.00,1539.00,942.58,0.00,False,False
truck224.1,-50323229#13->-50323229#10,truck_truck,3549.00,3862.00,313.00,1.78,0.00,False,False
veh5121,1125986369->513087670,veh_passenger,3452.00,3862.00,410.00,401.13,0.00,False,False
veh3763,428730818#1->515130026#1,veh_passenger,2523.00,3864.00,1341.00,533.03,0.00,False,False
veh2194,40036009#0->335802675,veh_passenger,1471.00,3868.00,2397.00,2057.02,37.00,False,False
veh5121.1,1125986369->513087670,veh_passenger,3459.00,3869.00,410.00,401.13,0.00,False,False
veh3879.1,39838691#1->-39366819#1,veh_passenger,3107.00,3878.00,771.00,241.06,0.00,False,False
veh4009,-1326094888->428730813#0,veh_passenger,2688.00,3878.00,1190.00,397.58,0.00,False,False
veh2259,-33683346#0->-40035325#2,veh_passenger,1515.00,3883.00,2368.00,503.78,0.00,False,False
veh2795,1125986379#1->-40035325#0,veh_passenger,1874.00,3889.00,2015.00,663.58,0.00,False,False
veh1646.1,499566574#1->967985513#3,veh_passenger,1107.00,3890.00,2783.00,1597.77,0.00,False,False
bus214.1,1222703382->-1068916339,bus_bus,1291.00,3908.00,2617.00,730.95,2014.00,False,False
veh1801,422842976->511187810,veh_passenger,1208.00,3914.00,2706.00,512.27,0.00,False,False
veh1473,-449565665#2->39921672,veh_passenger,988.00,3917.00,2929.00,630.71,0.00,False,False
veh3194,39920505#0->-10250021#2,veh_passenger,2141.00,3926.00,1785.00,1455.37,0.00,False,False
veh3353.1,40140141#8->1292541108,veh_passenger,2251.00,3926.00,1675.00,641.10,0.00,False,False
veh3729.1,40140017#1->40138941#1,veh_passenger,2503.00,3926.00,1423.00,881.42,0.00,False,False
veh2449,-1222703383->474143552#6,veh_passenger,1647.00,3930.00,2283.00,512.26,0.00,False,False
veh822,474143552#2->232920697,veh_passenger,1036.00,3931.00,2895.00,1279.15,0.00,False,False
truck199,39920550#1->-10628442#1,truck_truck,2571.00,3931.00,1360.00,1076.51,0.00,False,False
bus359,-1100626103#1->1323097579#2,bus_bus,2155.00,3933.00,1778.00,433.00,0.00,False,False
bus255,1222181937->40297647#0,bus_bus,1531.00,3955.00,2424.00,1176.93,0.00,False,False
truck145,-654297637#0->-147711065#1,truck_truck,1741.00,3955.00,2214.00,955.24,0.00,False,False
bus244,-238219449->968332509,bus_bus,1465.00,3957.00,2492.00,1195.38,0.00,False,False
veh2945.1,-33683458#1->1335304372,veh_passenger,1978.00,3965.00,1987.00,599.29,0.00,False,False
bus273,40035606#3->-654297632#2,bus_bus,1639.00,3966.00,2327.00,787.18,7.00,False,False
veh3291.1,-1074409256#0->-24576913#0,veh_passenger,3153.00,3967.00,814.00,42.63,0.00,False,False
truck105,-40036062#1->761486028#0,truck_truck,1261.00,3973.00,2712.00,1332.16,0.00,False,False
veh3054.1,-1323097580#1->11631594#2,veh_passenger,2927.00,3975.00,1048.00,269.69,0.00,False,False
veh1372.1,488788630#1->-39838630#3,veh_passenger,924.00,3976.00,3052.00,1861.80,0.00,False,False
veh1926,15419875#0->39920222,veh_passenger,1292.00,3977.00,2685.00,964.62,58.00,False,False
veh2525,240666069#1->515124965#2,veh_passenger,1693.00,3978.00,2285.00,998.45,0.00,False,False
veh3180.1,50323229#13->1064476622#1,veh_passenger,3130.00,3978.00,848.00,544.20,0.00,False,False
truck254,-33683458#1->968332513#0,truck_truck,3049.00,3980.00,931.00,512.09,0.00,False,False
veh3102,50323229#10->-1297720376#0,veh_passenger,2619.00,3987.00,1368.00,1232.43,0.00,False,False
bus415,40138941#1->967985513#0,bus_bus,2491.00,3987.00,1496.00,1703.59,0.00,False,False
bus326,9704194#0->39920505#1,bus_bus,1957.00,3991.00,2034.00,2275.95,0.00,False,False
veh4487,-39921673#1->39838630#2,veh_passenger,3008.00,3995.00,987.00,868.00,0.00,False,False
veh3328,24576913#0->1297720367,veh_passenger,2253.00,3996.00,1743.00,526.80,0.00,False,False
veh2810,761486028#0->1332638368#0,veh_passenger,1884.00,4000.00,2116.00,812.98,0.00,False,False
veh2173,1204070283#1->475044040#4,veh_passenger,1457.00,4004.00,2547.00,1104.27,1017.00,False,False
bus283,511187811->1297720376#1,bus_bus,1820.00,4004.00,2184.00,679.39,0.00,False,False
bus351,1235501861#1->1064476620#3,bus_bus,2545.00,4004.00,1459.00,1373.26,0.00,False,False
veh1418.1,39920505#1->39921673#0,veh_passenger,955.00,4007.00,3052.00,1199.36,0.00,False,False
veh3338,-1260485930#1->-1125986375#1,veh_passenger,2238.00,4008.00,1770.00,568.99,0.00,False,False
veh2458,40115810#1->-39838691#10,veh_passenger,1648.00,4010.00,2362.00,1795.96,0.00,False,False
bus570,1125986378#0->238219472#3,bus_bus,3421.00,4011.00,590.00,423.03,0.00,False,False
veh3615,50323229#11->1335304376#0,veh_passenger,2424.00,4012.00,1588.00,1021.63,0.00,False,False
veh5235,-12247568#1->12247568#1,veh_passenger,3509.00,4014.00,505.00,105.80,0.00,False,False
truck85.1,511187811->-654297635#1,truck_truck,1087.00,4015.00,2928.00,1071.66,0.00,False,False
truck133,509646056->-1332638391#1,truck_truck,3274.00,4016.00,742.00,266.12,0.00,False,False
veh5235.1,-12247568#1->12247568#1,veh_passenger,3511.00,4017.00,506.00,105.80,0.00,False,False
bus570.1,1125986378#0->238219472#3,bus_bus,3427.00,4018.00,591.00,423.03,0.00,False,False
veh2134,1255099069->654297629#4,veh_passenger,1431.00,4019.00,2588.00,978.45,0.00,False,False
veh4485,10628442#2->511409856#1,veh_passenger,3006.00,4021.00,1015.00,670.57,0.00,False,False
veh1774,1231065644->-40035325#2,veh_passenger,1190.00,4024.00,2834.00,1400.59,21.00,False,False
bus207,178702253->40035606#0,bus_bus,1243.00,4027.00,2784.00,1192.95,0.00,False,False
bus230.1,-1068144846#0->-39921672,bus_bus,1387.00,4033.00,2646.00,1713.40,0.00,False,False
veh5064,8758061->47087993#2,veh_passenger,3394.00,4044.00,650.00,862.81,0.00,False,False
bus250,39763700#6->499566577#1,bus_bus,1501.00,4049.00,2548.00,1150.06,0.00,False,False
truck154.1,488788633#2->1005394020,truck_truck,1854.00,4058.00,2204.00,1441.35,97.00,False,False
veh1346,39920550#6->33683346#0,veh_passenger,903.00,4062.00,3159.00,1043.86,0.00,False,False
bus361,1337646274->1235754993#1,bus_bus,2167.00,4062.00,1895.00,2322.95,813.00,False,False
veh2177,1231065644->1068144848#0,veh_passenger,1460.00,4063.00,2603.00,2067.48,76.00,False,False
veh3118.1,1068144845#1->1332638368#0,veh_passenger,2094.00,4065.00,1971.00,772.87,1391.00,False,False
veh2225,475044040#4->39920505#5,veh_passenger,1492.00,4066.00,2574.00,772.81,203.00,False,False
truck172,178441748#0->40297715#2,truck_truck,2283.00,4066.00,1783.00,667.59,0.00,False,False
veh3691,33683346#0->1231065652-AddedOnRampEdge,veh_passenger,2474.00,4072.00,1598.00,2635.36,71.00,False,False
veh4086,-474143552#1->-1335304371,veh_passenger,2739.00,4076.00,1337.00,869.67,0.00,False,False
veh2005.1,39366819#1->1068434236,veh_passenger,1348.00,4077.00,2729.00,515.03,0.00,False,False
veh1969,39838691#2->-1125986379#0,veh_passenger,1321.00,4078.00,2757.00,1108.36,0.00,False,False
veh3392,-39920593#4->-1254633077#0,veh_passenger,2274.00,4078.00,1804.00,593.21,0.00,False,False
veh4902.1,437445540->47267007#0,veh_passenger,3287.00,4079.00,792.00,564.98,0.00,False,False
veh3262,-1260481154->475044040#1,veh_passenger,2187.00,4080.00,1893.00,1444.95,0.00,False,False
veh3685.1,1214520074#3->-1322916760#1,veh_passenger,2473.00,4084.00,1611.00,1522.47,1330.00,False,False
veh3685,1214520074#3->-1322916760#1,veh_passenger,2470.00,4086.00,1616.00,1522.47,1297.00,False,False
veh4961,1290439820->813852683,veh_passenger,3325.00,4086.00,761.00,1888.00,73.00,False,False
bus440,150928465->900399275,bus_bus,2641.00,4088.00,1447.00,1947.09,74.00,False,False
veh1797.1,10628442#2->40035325#2,veh_passenger,1208.00,4091.00,2883.00,1218.56,0.00,False,False
veh1945,12247569->511187808#4-AddedOnRampEdge,veh_passenger,1305.00,4092.00,2787.00,634.58,0.00,False,False
bus181,39920550#11->-488788637#0,bus_bus,1087.00,4093.00,3006.00,1394.18,0.00,False,False
veh3978,10748036->1125986375#0,veh_passenger,2667.00,4097.00,1430.00,673.87,0.00,False,False
truck73,-511187818->515136604,truck_truck,903.00,4102.00,3199.00,1961.38,0.00,False,False
veh1948,-1204070283#0->178441748#1,veh_passenger,1313.00,4102.00,2789.00,1167.33,0.00,False,False
veh3978.1,10748036->1125986375#0,veh_passenger,2670.00,4102.00,1432.00,673.87,0.00,False,False
veh2614,10628444#1->-1068144847,veh_passenger,1753.00,4116.00,2363.00,1901.44,0.00,False,False
veh2415.1,1254816453#1->1335304373#0,veh_passenger,1623.00,4118.00,2495.00,972.75,0.00,False,False
veh2847,521701858->39838882,veh_passenger,1909.00,4118.00,2209.00,652.33,0.00,False,False
veh2966,-1335304373#1->39920593#4,veh_passenger,1989.00,4118.00,2129.00,375.56,0.00,False,False
veh2847.1,521701858->39838882,veh_passenger,1912.00,4121.00,2209.00,652.33,0.00,False,False
veh4022,-1260485929#1->1222181935,veh_passenger,2696.00,4122.00,1426.00,346.15,0.00,False,False
veh2940,1201484855->1214520074#4,veh_passenger,1971.00,4124.00,2153.00,1025.12,0.00,False,False
veh3951,50323229#0->-401226926#0,veh_passenger,2649.00,4131.00,1482.00,812.17,0.00,False,False
veh3710,-1211151638->413789558#0,veh_passenger,2887.00,4133.00,1246.00,639.30,0.00,False,False
veh3837,-40035325#1->513272951#1,veh_passenger,2572.00,4138.00,1566.00,1535.85,0.00,False,False
veh2472,-33683458#1->-39920593#1,veh_passenger,1658.00,4139.00,2481.00,389.32,0.00,False,False
bus366,509646054->511187808#3,bus_bus,2197.00,4140.00,1943.00,601.86,0.00,False,False
bus336,499566574#1->1323097575#3,bus_bus,2017.00,4142.00,2125.00,428.77,0.00,False,False
veh3551.1,240666072#1->9704194#4,veh_passenger,2384.00,4142.00,1758.00,797.22,0.00,False,False
veh2605.1,238219443->-39921673#1,veh_passenger,1750.00,4144.00,2394.00,669.55,0.00,False,False
veh2925.1,10628429->515123442#4,veh_passenger,1964.00,4144.00,2180.00,1007.21,0.00,False,False
veh4098,10628442#1->654297629#6,veh_passenger,2932.00,4145.00,1213.00,923.75,0.00,False,False
bus289,178583145->10250021#3,bus_bus,1735.00,4147.00,2412.00,1563.64,0.00,False,False
bus212.1,15419906#0->24577455#1,bus_bus,1278.00,4151.00,2873.00,1031.92,0.00,False,False
veh1522,-428730813#1->1214520075,veh_passenger,1021.00,4152.00,3131.00,1749.96,0.00,False,False
veh2754,-1068916336->-1125986386,veh_passenger,2315.00,4163.00,1848.00,824.40,0.00,False,False
veh3713,968332513#1->488788626#1,veh_passenger,2489.00,4175.00,1686.00,1120.15,0.00,False,False
veh3924.1,-39838984#0->761486028#1,veh_passenger,2634.00,4175.00,1541.00,591.60,0.00,False,False
veh2381,39921025#7->761486028#1,veh_passenger,1597.00,4181.00,2584.00,1930.62,0.00,False,False
veh2725,10628429->475044040#1,veh_passenger,1827.00,4182.00,2355.00,1135.30,0.00,False,False
veh1841,-654297635#1->-1332638391#2,veh_passenger,1235.00,4183.00,2948.00,1317.42,0.00,False,False
veh2333,-422842976->13909444#5,veh_passenger,1565.00,4193.00,2628.00,1520.06,0.00,False,False
veh2708,8887999#1->1260481153,veh_passenger,1816.00,4197.00,2381.00,854.09,0.00,False,False
veh4866,131671623->1074409256#0,veh_passenger,3312.00,4201.00,889.00,295.54,0.00,False,False
veh3729,40140017#1->40138941#1,veh_passenger,2500.00,4212.00,1712.00,881.42,0.00,False,False
veh2714,1332638391#2->-14924729#1,veh_passenger,1820.00,4217.00,2397.00,646.72,0.00,False,False
bus202,147711065#1->-39838691#10,bus_bus,1213.00,4218.00,3005.00,701.20,0.00,False,False
veh2741,666886084#0->-1074771160,veh_passenger,1838.00,4223.00,2385.00,571.90,0.00,False,False
veh2389,437445542->428730813#3,veh_passenger,1602.00,4228.00,2626.00,421.34,0.00,False,False
veh3844,39086240->1068434257,veh_passenger,2577.00,4229.00,1652.00,860.23,317.00,False,False
veh4010.1,521701860->538432098,veh_passenger,2690.00,4231.00,1541.00,479.42,0.00,False,False
veh3635,-50323226->439836130#1,veh_passenger,2437.00,4234.00,1797.00,2319.23,38.00,False,False
bus206,1211151640->515130026#0,bus_bus,1237.00,4239.00,3002.00,1683.62,0.00,False,False
veh1455,1335304386#1->511409187,veh_passenger,1272.00,4247.00,2975.00,823.86,0.00,False,False
veh3346,47225638#4->1214520079,veh_passenger,2243.00,4255.00,2012.00,897.52,0.00,False,False
veh2079,-654297633->-1260485930#1,veh_passenger,1394.00,4260.00,2866.00,895.16,0.00,False,False
veh2251,499566573->654297633,veh_passenger,1510.00,4263.00,2753.00,377.95,0.00,False,False
veh2640,-8887999#0->687878725,veh_passenger,2974.00,4265.00,1291.00,804.19,0.00,False,False
veh1489,39920505#3->-1125986375#0,veh_passenger,1109.00,4268.00,3159.00,1717.52,0.00,False,False
truck105.1,-40036062#1->761486028#0,truck_truck,1265.00,4269.00,3004.00,1332.16,0.00,False,False
veh1440.1,238219441#0->-449565665#0,veh_passenger,969.00,4279.00,3310.00,993.83,0.00,False,False
bus340.1,15420537#1->1118804256#0,bus_bus,2047.00,4282.00,2235.00,1601.07,1564.00,False,False
veh2386.1,1074409256#2->1015424648,veh_passenger,1908.00,4283.00,2375.00,654.45,0.00,False,False
veh1763,-422842976->72157792,veh_passenger,1183.00,4284.00,3101.00,855.90,0.00,False,False
veh2435,1214520074#4->39838984#0,veh_passenger,1633.00,4284.00,2651.00,1160.99,0.00,False,False
veh3381.1,-40140017#0->511404872,veh_passenger,2270.00,4284.00,2014.00,990.60,0.00,False,False
veh2153,1214520078->-1125986378#1,veh_passenger,1444.00,4287.00,2843.00,739.82,0.00,False,False
bus261.1,509646053#0->-40140017#1,bus_bus,1573.00,4289.00,2716.00,864.87,0.00,False,False
bus236,488788633#0->813852683,bus_bus,1421.00,4290.00,2869.00,3750.24,65.00,False,False
veh1847,515136603->1337115429,veh_passenger,1239.00,4300.00,3061.00,2524.80,0.00,False,False
veh1497,39920550#6->10250021#4,veh_passenger,1004.00,4302.00,3298.00,1581.23,0.00,False,False
veh1847.1,515136603->1337115429,veh_passenger,1242.00,4303.00,3061.00,2524.80,0.00,False,False
veh2959.1,15419875#1->1064476624,veh_passenger,2207.00,4313.00,2106.00,378.07,44.00,False,False
veh2735,1204070282->40035325#0,veh_passenger,1834.00,4314.00,2480.00,910.56,0.00,False,False
bus468.1,39920684#3->1297720376#0,bus_bus,2815.00,4314.00,1499.00,1322.65,0.00,False,False
bus581,-1260485930#1->509646052,bus_bus,3487.00,4316.00,829.00,585.27,0.00,False,False
veh1342,-573632774->-1201484855,veh_passenger,901.00,4317.00,3416.00,1703.17,0.00,False,False
veh2475,-142741729#1->509647506,veh_passenger,1660.00,4320.00,2660.00,1026.23,0.00,False,False
bus503,39763700#2->-1074409256#2,bus_bus,3019.00,4320.00,1301.00,373.94,0.00,False,False
bus295,39920011#2->-40035606#1,bus_bus,1771.00,4321.00,2550.00,970.85,0.00,False,False
veh1915.1,39920505#9->515040940#0,veh_passenger,1326.00,4325.00,2999.00,1199.80,0.00,False,False
bus505.1,1211151639->1068144847,bus_bus,3032.00,4325.00,1293.00,2107.49,13.00,False,False
veh1925,39838984#0->178702258#1,veh_passenger,1291.00,4328.00,3037.00,903.53,0.00,False,False
bus254,142741729#1->1290439817#1,bus_bus,1525.00,4331.00,2806.00,1523.96,0.00,False,False
veh3199,-1290439817#0->-1074409256#2,veh_passenger,2145.00,4331.00,2186.00,1169.76,0.00,False,False
veh4569.1,-39920593#1->-474143552#4,veh_passenger,3066.00,4331.00,1265.00,709.97,0.00,False,False
veh1354.1,11631594#0->1260485929#0,veh_passenger,910.00,4334.00,3424.00,2190.34,0.00,False,False
veh2543,-1260485929#3->515126302,veh_passenger,1705.00,4339.00,2634.00,1381.37,0.00,False,False
bus558,1323097579#2->-401226926#1,bus_bus,3349.00,4340.00,991.00,665.06,0.00,False,False
veh3563,10629474#0->40138239#4,veh_passenger,2389.00,4342.00,1953.00,896.78,0.00,False,False
veh3995,-39920593#0->-39838530,veh_passenger,2688.00,4346.00,1658.00,1278.10,0.00,False,False
truck76,-488788633#2->-39838691#3,truck_truck,913.00,4350.00,3437.00,1234.36,0.00,False,False
truck76.1,-488788633#2->-39838691#3,truck_truck,918.00,4355.00,3437.00,1234.36,0.00,False,False
veh2098,-39920593#2->40138239#4,veh_passenger,1407.00,4356.00,2949.00,583.80,0.00,False,False
veh2098.1,-39920593#2->40138239#4,veh_passenger,1410.00,4359.00,2949.00,583.80,0.00,False,False
veh4485.1,10628442#2->511409856#1,veh_passenger,3009.00,4361.00,1352.00,670.57,0.00,False,False
veh4584,40297715#2->1068916338,veh_passenger,3073.00,4363.00,1290.00,1070.16,0.00,False,False
bus424.1,-488788630#0->-1226645410,bus_bus,2551.00,4365.00,1814.00,498.80,0.00,False,False
veh1912,-1068434202->1214520074#1,veh_passenger,2596.00,4366.00,1770.00,430.97,0.00,False,False
bus338.1,-654297635#1->50323229#3,bus_bus,2034.00,4376.00,2342.00,750.65,0.00,False,False
veh1499,50323229#15->-14924729#1,veh_passenger,1006.00,4380.00,3374.00,2254.12,308.00,False,False
veh4086.1,-474143552#1->-1335304371,veh_passenger,2742.00,4380.00,1638.00,869.67,0.00,False,False
veh3182.1,573632774->1326193809,veh_passenger,2136.00,4381.00,2245.00,675.87,0.00,False,False
veh3182,573632774->1326193809,veh_passenger,2133.00,4384.00,2251.00,675.87,0.00,False,False
veh2007,150928465->-1254816455,veh_passenger,1349.00,4385.00,3036.00,1192.53,0.00,False,False
veh4216,39920505#0->72157794,veh_passenger,2826.00,4385.00,1559.00,996.41,0.00,False,False
bus283.1,511187811->1297720376#1,bus_bus,1862.00,4387.00,2525.00,679.39,0.00,False,False
bus440.1,150928465->900399275,bus_bus,2647.00,4388.00,1741.00,1947.09,65.00,False,False
veh3147,-654297632#2->40140017#0,veh_passenger,2110.00,4394.00,2284.00,377.11,0.00,False,False
veh1861,-1214520076->488788626#2,veh_passenger,1379.00,4396.00,3017.00,899.89,0.00,False,False
veh3892,521705694#0->521708587#0,veh_passenger,4091.00,4398.00,307.00,53.47,0.00,False,False
veh1410,-39838530->-1074409256#2,veh_passenger,1116.00,4399.00,3283.00,224.91,0.00,False,False
bus554,1064476622#0->1260485931#1,bus_bus,3325.00,4400.00,1075.00,761.94,0.00,False,False
truck140,50323229#7->24576922#1,truck_truck,1681.00,4402.00,2721.00,2283.26,421.00,False,False
bus300,40035606#3->1235501861#0,bus_bus,1801.00,4403.00,2602.00,1122.09,924.00,False,False
veh3760,1125986375#1->513082627,veh_passenger,2521.00,4403.00,1882.00,1844.88,11.00,False,False
veh4022.1,-1260485929#1->1222181935,veh_passenger,2699.00,4412.00,1713.00,346.15,0.00,False,False
veh4455,-1125986385#0->-474143552#3,veh_passenger,3040.00,4414.00,1374.00,967.03,0.00,False,False
veh1986,967985513#0->475044040#0,veh_passenger,1336.00,4416.00,3080.00,1230.25,0.00,False,False
veh2492,39920550#2->10628442#3,veh_passenger,1707.00,4416.00,2709.00,1032.33,0.00,False,False
bus316,39920550#10->-654297630,bus_bus,1897.00,4418.00,2521.00,1090.07,0.00,False,False
veh2250,-39920593#5->513082635#0,veh_passenger,1509.00,4421.00,2912.00,1652.48,33.00,False,False
veh1551,83563455->-1204070283#1,veh_passenger,1041.00,4423.00,3382.00,2371.71,0.00,False,False
bus412,1068144846#0->-178702258#1,bus_bus,2473.00,4424.00,1951.00,1064.99,0.00,False,False
veh3077,47225638#0->1222181934,veh_passenger,2063.00,4427.00,2364.00,1154.33,0.00,False,False
veh3527.1,-687878722#1->1068144844,veh_passenger,2855.00,4428.00,1573.00,1425.90,37.00,False,False
veh4207.1,39920550#6->1272337501,veh_passenger,2823.00,4428.00,1605.00,1023.90,0.00,False,False
veh2673,1068144849#2->1125986377#1,veh_passenger,1792.00,4436.00,2644.00,2218.34,1224.00,False,False
veh1632.1,40138941#1->-40035992,veh_passenger,1098.00,4438.00,3340.00,1572.87,41.00,False,False
veh2047.1,1125986373#1->-39838984#0,veh_passenger,1376.00,4439.00,3063.00,1279.70,0.00,False,False
veh2462,24577522#2->499566574#2,veh_passenger,1651.00,4444.00,2793.00,1446.00,0.00,False,False
veh3263,-451728952#3->238219468,veh_passenger,2191.00,4444.00,2253.00,1848.94,0.00,False,False
bus289.1,178583145->10250021#3,bus_bus,1736.00,4452.00,2716.00,1563.64,0.00,False,False
veh3501,-449565665#1->-1067928305#2,veh_passenger,2347.00,4457.00,2110.00,1001.73,0.00,False,False
veh3501.1,-449565665#1->-1067928305#2,veh_passenger,2350.00,4459.00,2109.00,1001.73,0.00,False,False
veh3521.1,509524270->-1067928305#1,veh_passenger,2705.00,4461.00,1756.00,1068.59,0.00,False,False
veh1402.1,450616334#0->511409187,veh_passenger,945.00,4463.00,3518.00,971.78,0.00,False,False
bus195,40138239#1->1324405519,bus_bus,1171.00,4464.00,3293.00,1098.00,0.00,False,False
veh2857,1272337500->-1068916335,veh_passenger,1916.00,4466.00,2550.00,1025.68,0.00,False,False
veh5027,1292568612->178583140#1,veh_passenger,3370.00,4466.00,1096.00,474.63,0.00,False,False
veh1660.1,-1254816454->39921025#3,veh_passenger,1116.00,4467.00,3351.00,829.19,0.00,False,False
veh3377,-1260485929#1->813852683-AddedOnRampEdge,veh_passenger,2264.00,4471.00,2207.00,2716.11,55.00,False,False
veh2171,40140141#2->-39838530,veh_passenger,1456.00,4474.00,3018.00,1486.94,0.00,False,False
veh3837.1,-40035325#1->513272951#1,veh_passenger,2575.00,4478.00,1903.00,1535.85,0.00,False,False
bus553,515040940#0->1234244925#0,bus_bus,3319.00,4478.00,1159.00,1195.89,0.00,False,False
veh1794.1,-40036009#1->39920550#11,veh_passenger,1208.00,4483.00,3275.00,977.79,0.00,False,False
bus293.1,40297715#0->666886082#0,bus_bus,1765.00,4484.00,2719.00,1446.80,0.00,False,False
veh1370.1,449565665#1->-40139504#1,veh_passenger,922.00,4485.00,3563.00,1192.50,0.00,False,False
bus393,39920684#3->428730800,bus_bus,2359.00,4485.00,2126.00,2584.45,0.00,False,False
veh1667,1278784167#0->1074409255#0,veh_passenger,1118.00,4486.00,3368.00,1929.54,0.00,False,False
bus418.1,1235501861#0->39920550#7,bus_bus,2514.00,4487.00,1973.00,569.24,0.00,False,False
bus338,-654297635#1->50323229#3,bus_bus,2029.00,4492.00,2463.00,750.65,0.00,False,False
bus448,-1237953493->449565665#3,bus_bus,2689.00,4492.00,1803.00,1208.01,0.00,False,False
veh1508.1,515130026#1->509524271,veh_passenger,1013.00,4494.00,3481.00,775.83,0.00,False,False
veh3664,40140017#1->475044040#2,veh_passenger,2456.00,4496.00,2040.00,570.53,1318.00,False,False
veh2753.1,900279869->1068434208#0-AddedOffRampEdge,veh_passenger,2127.00,4499.00,2372.00,586.76,0.00,False,False
veh1356.1,-50323229#9->10250021#2,veh_passenger,913.00,4502.00,3589.00,1441.85,0.00,False,False
veh4672,178702253->1222181937,veh_passenger,3132.00,4508.00,1376.00,939.23,0.00,False,False
veh3571.1,39366819#0->-1297720368,veh_passenger,2397.00,4511.00,2114.00,1399.14,0.00,False,False
veh3507.1,1222703382->-1125986377#0,veh_passenger,2354.00,4515.00,2161.00,878.61,0.00,False,False
bus211,1211151638->428730813#3,bus_bus,1270.00,4516.00,3246.00,1245.13,0.00,False,False
veh2310,515136608->1068144845#2,veh_passenger,1549.00,4517.00,2968.00,1396.38,2856.00,False,False
veh1453,24576913#0->666886081,veh_passenger,975.00,4519.00,3544.00,1069.49,0.00,False,False
veh3801,1125986379#0->1068144845#2,veh_passenger,2548.00,4519.00,1971.00,1612.39,13.00,False,False
veh4962,-10628442#2->-10748036,veh_passenger,3326.00,4529.00,1203.00,432.06,0.00,False,False
veh1552,-50323229#2->39920505#13,veh_passenger,1041.00,4531.00,3490.00,949.36,0.00,False,False
veh4962.1,-10628442#2->-10748036,veh_passenger,3329.00,4531.00,1202.00,432.06,0.00,False,False
veh3417,-1260485929#0->178699049,veh_passenger,2291.00,4532.00,2241.00,1596.16,0.00,False,False
veh1605,437445541#0->509646057#2,veh_passenger,1077.00,4533.00,3456.00,1925.03,0.00,False,False
veh2882,-449565665#2->511404874#0,veh_passenger,1932.00,4534.00,2602.00,570.94,0.00,False,False
veh2741.1,666886084#0->-1074771160,veh_passenger,1839.00,4539.00,2700.00,571.90,0.00,False,False
veh3606,1125986385#1->40035325#0,veh_passenger,2418.00,4539.00,2121.00,1217.25,0.00,False,False
veh3571,39366819#0->-1297720368,veh_passenger,2394.00,4544.00,2150.00,1399.14,0.00,False,False
truck295.1,1297720376#1->1254816455,truck_truck,3546.00,4545.00,999.00,623.27,0.00,False,False
veh1953,10749498->1068144849#2,veh_passenger,1310.00,4548.00,3238.00,4108.18,393.00,False,False
veh2985,1068144845#0->-39838630#2,veh_passenger,2008.00,4552.00,2544.00,1970.53,315.00,False,False
veh2663.1,499566574#1->-1067928305#2,veh_passenger,1789.00,4557.00,2768.00,2274.68,0.00,False,False
veh1459,1222703383->238219441#0,veh_passenger,979.00,4560.00,3581.00,869.29,326.00,False,False
veh3081,-39838630#3->975216744,veh_passenger,2066.00,4561.00,2495.00,834.76,0.00,False,False
veh1704,1260485931#0->39838520#3,veh_passenger,1173.00,4563.00,3390.00,1447.12,0.00,False,False
veh1980,-40036062#1->-1332638391#0,veh_passenger,1328.00,4566.00,3238.00,1256.94,0.00,False,False
veh3996,511187808#4->1214520075,veh_passenger,2874.00,4574.00,1700.00,307.13,0.00,False,False
veh2504,1068916335->-47087366#2,veh_passenger,1679.00,4580.00,2901.00,1512.29,0.00,False,False
veh3312,475044040#2->513082635#0-AddedOffRampEdge,veh_passenger,2221.00,4582.00,2361.00,1871.44,34.00,False,False
veh3210.1,1335304373#1->1125986377#2,veh_passenger,2155.00,4589.00,2434.00,964.54,0.00,False,False
veh4503,1298335703->8887999#1,veh_passenger,3019.00,4590.00,1571.00,940.50,0.00,False,False
veh2476,39366819#0->47225638#4,veh_passenger,1660.00,4594.00,2934.00,1563.64,0.00,False,False
veh1752,-488788630#1->-428730813#3,veh_passenger,1175.00,4596.00,3421.00,459.46,0.00,False,False
veh4017,1196008692#1->654297631,veh_passenger,2693.00,4599.00,1906.00,1456.42,0.00,False,False
veh3341,490474063#2->40035904#1,veh_passenger,2438.00,4601.00,2163.00,552.97,304.00,False,False
truck128,-39838691#7->-24576913#0,truck_truck,1537.00,4602.00,3065.00,462.49,0.00,False,False
veh1713,178699051#0->-40140017#2,veh_passenger,1149.00,4608.00,3459.00,1173.49,0.00,False,False
truck131,39838751#0->-900279869,truck_truck,1573.00,4609.00,3036.00,643.19,0.00,False,False
veh2079.1,-654297633->-1260485930#1,veh_passenger,1397.00,4612.00,3215.00,895.16,0.00,False,False
veh3923,50323229#0->-1222703383,veh_passenger,2630.00,4615.00,1985.00,855.80,0.00,False,False
veh4052.1,-240666072#2->-40140017#2,veh_passenger,2719.00,4615.00,1896.00,1804.03,0.00,False,False
veh4357,-169562956->654297629#5,veh_passenger,2921.00,4621.00,1700.00,1502.06,0.00,False,False
veh3461.1,515124965#1->1068144847,veh_passenger,2323.00,4623.00,2300.00,1643.21,21.00,False,False
bus559,-515123442#4->12247568#0,bus_bus,3355.00,4625.00,1270.00,1164.13,0.00,False,False
bus301,39920684#5->521708587#1,bus_bus,1807.00,4629.00,2822.00,2035.05,363.00,False,False
veh3461,515124965#1->1068144847,veh_passenger,2320.00,4629.00,2309.00,1643.21,22.00,False,False
truck127,39920550#8->654297634,truck_truck,1525.00,4631.00,3106.00,1466.45,0.00,False,False
veh2126,479863106#0->511404874#1,veh_passenger,1426.00,4637.00,3211.00,321.78,0.00,False,False
veh2382.1,39921672->-1125986378#0,veh_passenger,1600.00,4639.00,3039.00,684.63,0.00,False,False
veh3902,-40035325#1->39920550#5,veh_passenger,2616.00,4639.00,2023.00,577.08,0.00,False,False
bus301.1,39920684#5->521708587#1,bus_bus,1813.00,4640.00,2827.00,2035.05,0.00,False,False
veh2918,521713925->-1125986378#0,veh_passenger,1957.00,4641.00,2684.00,1371.52,0.00,False,False
veh3417.1,-1260485929#0->178699049,veh_passenger,2294.00,4642.00,2348.00,1596.16,0.00,False,False
veh2134.1,1255099069->654297629#4,veh_passenger,1434.00,4644.00,3210.00,978.45,0.00,False,False
veh2382,39921672->-1125986378#0,veh_passenger,1597.00,4644.00,3047.00,684.63,0.00,False,False
truck117,-1260485931#1->1290439817#1,truck_truck,1405.00,4647.00,3242.00,1693.49,0.00,False,False
truck77,654297629#0->238219446#0,truck_truck,925.00,4649.00,3724.00,1285.63,0.00,False,False
veh3812,-449565665#2->40139504#1,veh_passenger,2556.00,4654.00,2098.00,956.52,0.00,False,False
truck117.1,-1260485931#1->1290439817#1,truck_truck,1410.00,4660.00,3250.00,1693.49,0.00,False,False
veh2795.1,1125986379#1->-40035325#0,veh_passenger,1893.00,4664.00,2771.00,663.58,0.00,False,False
veh4176,515126385#1->1125986387,veh_passenger,2799.00,4665.00,1866.00,1386.68,0.00,False,False
veh2716,-1323097580#1->-39920593#4,veh_passenger,1821.00,4669.00,2848.00,689.44,0.00,False,False
veh4798,1297720368->-1074771160,veh_passenger,3216.00,4669.00,1453.00,1095.78,0.00,False,False
veh3865.1,15419906#2->421846558#0,veh_passenger,2592.00,4675.00,2083.00,894.38,0.00,False,False
veh3865,15419906#2->421846558#0,veh_passenger,2591.00,4678.00,2087.00,894.38,0.00,False,False
veh4553.1,11631594#1->39920550#0,veh_passenger,3053.00,4680.00,1627.00,783.45,0.00,False,False
bus268,1292578260->47267011#1,bus_bus,1609.00,4682.00,3073.00,1458.08,0.00,False,False
veh3945,14924729#2->9374529#1,veh_passenger,2645.00,4684.00,2039.00,1778.50,0.00,False,False
veh1887.1,1260485930#1->1074409256#0,veh_passenger,1270.00,4685.00,3415.00,1056.78,0.00,False,False
veh4503.1,1298335703->8887999#1,veh_passenger,3022.00,4687.00,1665.00,940.50,0.00,False,False
bus567,515126385#0->511405572,bus_bus,3403.00,4692.00,1289.00,901.40,0.00,False,False
veh1861.1,-1214520076->488788626#2,veh_passenger,1416.00,4700.00,3284.00,899.89,0.00,False,False
veh3892.1,521705694#0->521708587#0,veh_passenger,4392.00,4700.00,308.00,53.47,0.00,False,False
truck140.1,50323229#7->24576922#1,truck_truck,1713.00,4701.00,2988.00,2283.26,0.00,False,False
veh2641,50323229#7->1323097575#1,veh_passenger,2629.00,4702.00,2073.00,342.86,0.00,False,False
veh4191.1,-474143552#4->-1290439817#0,veh_passenger,3286.00,4706.00,1420.00,475.16,0.00,False,False
bus262,-474143552#2->474143552#5,bus_bus,1777.00,4709.00,2932.00,265.44,0.00,False,False
veh2923.1,511404874#0->-405382146#1,veh_passenger,2093.00,4709.00,2616.00,1249.24,0.00,False,False
veh2570,10628442#2->40138239#1,veh_passenger,1723.00,4710.00,2987.00,1678.83,0.00,False,False
veh1410.1,-39838530->-1074409256#2,veh_passenger,2027.00,4711.00,2684.00,224.91,0.00,False,False
veh1949.1,-437445539#1->-147711065#0,veh_passenger,1310.00,4717.00,3407.00,2398.48,0.00,False,False
veh2802,-240666072#2->-449565665#3,veh_passenger,1879.00,4722.00,2843.00,1866.20,0.00,False,False
veh2090,654530820#0->564273553#2,veh_passenger,1402.00,4726.00,3324.00,1839.19,0.00,False,False
veh4739,-10628442#1->1068144849#1,veh_passenger,3177.00,4726.00,1549.00,2251.78,58.00,False,False
veh4261.1,513272950#1->1211151640,veh_passenger,2859.00,4728.00,1869.00,762.05,0.00,False,False
veh4066,-451728952#5->1298335704#1,veh_passenger,2726.00,4729.00,2003.00,1600.98,0.00,False,False
veh2038,1260485929#0->1214520074#1,veh_passenger,1367.00,4730.00,3363.00,771.31,0.00,False,False
veh2709.1,178699056#0->1064476624,veh_passenger,1820.00,4734.00,2914.00,940.92,0.00,False,False
veh4136,11635095-AddedOffRampEdge->39838984#1,veh_passenger,2773.00,4736.00,1963.00,1422.77,0.00,False,False
veh4261,513272950#1->1211151640,veh_passenger,2856.00,4744.00,1888.00,762.05,0.00,False,False
veh3635.1,-50323226->439836130#1,veh_passenger,2440.00,4745.00,2305.00,2319.23,31.00,False,False
veh4564,-142741729#0->1064476618#1,veh_passenger,3059.00,4745.00,1686.00,1254.20,0.00,False,False
bus559.1,-515123442#4->12247568#0,bus_bus,3361.00,4745.00,1384.00,1164.13,0.00,False,False
veh1940,-8887999#0->1234244925#0,veh_passenger,2608.00,4746.00,2138.00,180.46,0.00,False,False
veh3169,1222181936->-521705694#1,veh_passenger,2156.00,4748.00,2592.00,472.80,0.00,False,False
veh3040,1273251151->509646057#2,veh_passenger,2735.00,4749.00,2014.00,1569.88,0.00,False,False
veh4126.1,13909444#6->1214520074#5,veh_passenger,2769.00,4753.00,1984.00,2239.00,10.00,False,False
veh1445,-39838657#2->-838061037,veh_passenger,970.00,4754.00,3784.00,527.45,0.00,False,False
truck148,-40036009#1->654297628,truck_truck,1777.00,4760.00,2983.00,2184.98,0.00,False,False
veh3499,-1260485931#0->-39838751#1,veh_passenger,2346.00,4761.00,2415.00,1486.88,0.00,False,False
veh4001,511409856#1->40035606#2,veh_passenger,2682.00,4763.00,2081.00,1563.00,0.00,False,False
veh1418,39920505#1->39921673#0,veh_passenger,952.00,4767.00,3815.00,1199.36,0.00,False,False
veh1358,39920593#5->-1323097580#1,veh_passenger,1658.00,4774.00,3116.00,579.34,0.00,False,False
veh3666,-422842976->178702239#0,veh_passenger,2458.00,4774.00,2316.00,2553.72,29.00,False,False
veh2554,40138941#0->-474143552#1,veh_passenger,1713.00,4777.00,3064.00,1429.44,303.00,False,False
veh3088.1,9704194#0->-238219441#0,veh_passenger,2073.00,4780.00,2707.00,1260.54,0.00,False,False
veh4546,515124965#2->515126385#3,veh_passenger,3047.00,4780.00,1733.00,1186.61,0.00,False,False
veh2799.1,-1254633077#1->-474143552#0,veh_passenger,2404.00,4783.00,2379.00,1205.85,0.00,False,False
veh5304,1118804249->488788636#1,veh_passenger,3555.00,4783.00,1228.00,2115.19,113.00,False,False
veh3530,40297715#2->-1327579142,veh_passenger,2367.00,4784.00,2417.00,609.50,0.00,False,False
veh4737,1204070282->-40297715#3,veh_passenger,3176.00,4785.00,1609.00,897.05,0.00,False,False
veh2997,178723097#0->509524230,veh_passenger,2009.00,4786.00,2777.00,784.21,0.00,False,False
veh4484,-422842976->47087993#0,veh_passenger,3006.00,4786.00,1780.00,1773.40,44.00,False,False
bus265,-10629474#1->666886082#1,bus_bus,1591.00,4787.00,3196.00,1046.32,0.00,False,False
veh1474.1,39838657#3->-654297635#1,veh_passenger,992.00,4788.00,3796.00,1394.13,0.00,False,False
veh2473,178699054->1254816453#1,veh_passenger,1658.00,4789.00,3131.00,1364.85,1189.00,False,False
truck109,515040937->-654297633,truck_truck,1309.00,4790.00,3481.00,1472.24,0.00,False,False
bus319,1297720367->-1323097580#0,bus_bus,1915.00,4790.00,2875.00,938.67,0.00,False,False
bus564,-1235501861#1->-1327579142,bus_bus,3385.00,4791.00,1406.00,723.48,0.00,False,False
veh2423,-40035325#2->39920505#0,veh_passenger,1625.00,4792.00,3167.00,1003.45,219.00,False,False
veh2548,422842976->-1214520079,veh_passenger,2153.00,4794.00,2641.00,110.75,0.00,False,False
veh3342,10628442#0->40140017#0,veh_passenger,2241.00,4795.00,2554.00,559.32,0.00,False,False
veh3952,488788626#0->39920505#6,veh_passenger,2907.00,4795.00,1888.00,443.07,0.00,False,False
veh2092,-1067928307#0->40115810#0,veh_passenger,1403.00,4797.00,3394.00,1495.08,0.00,False,False
truck166.1,72157794->-9374529#1,truck_truck,1997.00,4797.00,2800.00,986.43,0.00,False,False
veh3952.1,488788626#0->39920505#6,veh_passenger,2910.00,4797.00,1887.00,443.07,0.00,False,False
bus515,1125986385#1->24576913#0,bus_bus,3091.00,4798.00,1707.00,749.92,0.00,False,False
veh1413,24576922#2->1100626103#3,veh_passenger,948.00,4800.00,3852.00,754.06,0.00,False,False
bus506,10748036->40140017#1,bus_bus,3037.00,4801.00,1764.00,650.17,0.00,False,False
veh3949,490474063#3->1298335704#0,veh_passenger,3207.00,4803.00,1596.00,1305.47,305.00,False,False
bus293,40297715#0->666886082#0,bus_bus,1759.00,4804.00,3045.00,1446.80,0.00,False,False
bus154.1,39838657#0->1131969257,bus_bus,931.00,4806.00,3875.00,1098.99,0.00,False,False
veh2063,-1067928305#0->47225638#4,veh_passenger,1384.00,4806.00,3422.00,1482.16,11.00,False,False
truck178,1214520075->1067928306#2,truck_truck,2148.00,4813.00,2665.00,1256.28,0.00,False,False
veh4866.1,131671623->1074409256#0,veh_passenger,3616.00,4814.00,1198.00,295.54,0.00,False,False
truck124.1,39086240-AddedOffRampEdge->9704194#3,truck_truck,1494.00,4815.00,3321.00,1327.44,169.00,False,False
bus442,-422842976->-240666072#1,bus_bus,2653.00,4817.00,2164.00,1185.55,0.00,False,False
veh2543.1,-1260485929#3->515126302,veh_passenger,1708.00,4818.00,3110.00,1381.37,0.00,False,False
veh5080,-238219441#2->-39838691#7,veh_passenger,3405.00,4818.00,1413.00,1295.96,0.00,False,False
veh1767,-40139504#1->509524226,veh_passenger,1185.00,4824.00,3639.00,2055.07,0.00,False,False
bus536,40140017#0->490474063#2,bus_bus,3217.00,4824.00,1607.00,718.35,0.00,False,False
veh5221,1125986378#1->-513272949,veh_passenger,3500.00,4825.00,1325.00,643.66,0.00,False,False
veh4882.1,-654297636->-1323097576,veh_passenger,3275.00,4828.00,1553.00,912.78,0.00,False,False
veh5014.1,178699054->178441748#1,veh_passenger,3362.00,4828.00,1466.00,690.50,0.00,False,False
veh1495,40036062#1->39838751#1,veh_passenger,1003.00,4832.00,3829.00,1686.27,301.00,False,False
veh1793,1068434202->1125986377#1,veh_passenger,1296.00,4835.00,3539.00,298.60,0.00,False,False
veh1769,39920550#2->-900279886,veh_passenger,1187.00,4836.00,3649.00,463.95,0.00,False,False
veh2657,1421367508->47087993#1,veh_passenger,1782.00,4843.00,3061.00,1515.96,0.00,False,False
bus296,-40138239#3->-1260485929#1,bus_bus,1777.00,4843.00,3066.00,1985.06,908.00,False,False
veh2999,39838691#5->40140141#5,veh_passenger,2822.00,4847.00,2025.00,1716.26,0.00,False,False
veh1729,488788629->39838520#0,veh_passenger,1161.00,4848.00,3687.00,579.98,0.00,False,False
veh2199,1234244927#1->178699054,veh_passenger,1475.00,4848.00,3373.00,753.45,0.00,False,False
bus284,511404872->178699058,bus_bus,1710.00,4850.00,3140.00,1067.15,6.00,False,False
veh2183,178583148#0->-10628442#1,veh_passenger,1464.00,4852.00,3388.00,1454.95,0.00,False,False
veh3396,1064476622#1->513272949,veh_passenger,2753.00,4853.00,2100.00,1448.45,0.00,False,False
bus366.1,509646054->511187808#3,bus_bus,2202.00,4860.00,2658.00,601.86,0.00,False,False
veh2181,39838630#1->-687878722#0,veh_passenger,1463.00,4863.00,3400.00,1621.90,0.00,False,False
veh1672,39838691#5->1237953494,veh_passenger,1122.00,4864.00,3742.00,1357.50,0.00,False,False
veh2908,511404880#0->509524270,veh_passenger,1950.00,4865.00,2915.00,304.64,0.00,False,False
veh4539,-8887999#1->178702239#0,veh_passenger,3043.00,4865.00,1822.00,1806.42,30.00,False,False
bus193,39920505#5->9704194#3,bus_bus,1159.00,4866.00,3707.00,1837.14,0.00,False,False
bus541.1,451728952#1->1298335704#1,bus_bus,3253.00,4868.00,1615.00,1434.92,0.00,False,False
veh2545,1234244926->10250021#4,veh_passenger,1707.00,4869.00,3162.00,908.91,0.00,False,False
veh4864.1,-83428923#1->39839107,veh_passenger,3263.00,4869.00,1606.00,1953.38,22.00,False,False
veh3038.1,39920684#1->40140017#1,veh_passenger,2040.00,4870.00,2830.00,1307.94,0.00,False,False
veh1775,39763700#1->-1125986377#0,veh_passenger,1191.00,4875.00,3684.00,1060.29,0.00,False,False
veh3821,-1260481154->1231065652,veh_passenger,2562.00,4875.00,2313.00,3176.85,80.00,False,False
veh2945,-33683458#1->1335304372,veh_passenger,1975.00,4876.00,2901.00,599.29,0.00,False,False
veh2914,39920550#11->488788626#1,veh_passenger,2085.00,4883.00,2798.00,478.66,0.00,False,False
bus156.1,654297629#1->-178702258#1,bus_bus,942.00,4884.00,3942.00,1196.83,0.00,False,False
veh2386,1074409256#2->1015424648,veh_passenger,1805.00,4892.00,3087.00,654.45,0.00,False,False
veh1439,-1100626088->40140017#3,veh_passenger,966.00,4896.00,3930.00,927.06,0.00,False,False
veh4132,666886084#1->1332638391#0,veh_passenger,2770.00,4896.00,2126.00,444.83,0.00,False,False
bus503.1,39763700#2->-1074409256#2,bus_bus,3025.00,4903.00,1878.00,373.94,0.00,False,False
veh5341,1068434200#0->488788637#1,veh_passenger,3580.00,4905.00,1325.00,980.29,0.00,False,False
veh5341.1,1068434200#0->488788637#1,veh_passenger,3581.00,4906.00,1325.00,980.29,0.00,False,False
bus273.1,40035606#3->-654297632#2,bus_bus,1645.00,4908.00,3263.00,787.18,454.00,False,False
veh2111,-1068144846#1->-654297634,veh_passenger,1416.00,4913.00,3497.00,2218.56,0.00,False,False
veh2261,39838630#2->142741729#1,veh_passenger,1516.00,4913.00,3397.00,1412.70,0.00,False,False
veh2275,39920684#3->169562956,veh_passenger,1527.00,4914.00,3387.00,1570.50,0.00,False,False
veh4347.1,47267010->10628444#2,veh_passenger,2917.00,4917.00,2000.00,1649.78,0.00,False,False
veh4537,39838691#8->47223733,veh_passenger,3121.00,4924.00,1803.00,1196.97,0.00,False,False
veh2579.1,39920011#3->12247569,veh_passenger,1733.00,4927.00,3194.00,2227.55,0.00,False,False
veh2417,-39920593#5->47087993#5,veh_passenger,2584.00,4929.00,2345.00,2891.41,487.00,False,False
veh2318.1,49224804#0->1125986373#3,veh_passenger,1558.00,4930.00,3372.00,1868.52,0.00,False,False
veh2445,24621218#0->1332638391#2,veh_passenger,1640.00,4933.00,3293.00,1556.98,0.00,False,False
veh3615.1,50323229#11->1335304376#0,veh_passenger,2427.00,4934.00,2507.00,1021.63,0.00,False,False
veh2441,39838691#5->1125986373#3,veh_passenger,1637.00,4935.00,3298.00,1234.65,0.00,False,False
veh4883,-1335304373#1->421846558#0,veh_passenger,3375.00,4938.00,1563.00,763.75,0.00,False,False
bus362,40138633#2->1204070281,bus_bus,2173.00,4953.00,2780.00,2397.55,0.00,False,False
veh3162,12247569->1068434257,veh_passenger,2290.00,4956.00,2666.00,671.64,0.00,False,False
veh5156,-40140017#1->654297631,veh_passenger,3978.00,4958.00,980.00,379.02,0.00,False,False
veh2753,900279869->1068434208#0-AddedOffRampEdge,veh_passenger,2124.00,4959.00,2835.00,586.76,0.00,False,False
bus428,10250021#3->1298335703,bus_bus,2569.00,4960.00,2391.00,1236.53,0.00,False,False
veh3350,-40035325#2->1214520074#2,veh_passenger,2246.00,4963.00,2717.00,1821.82,605.00,False,False
veh3787,-39838691#5->-1125986375#1,veh_passenger,2539.00,4964.00,2425.00,1607.00,0.00,False,False
veh4357.1,-169562956->654297629#5,veh_passenger,2924.00,4964.00,2040.00,1502.06,0.00,False,False
bus549,10628442#2->1234244927#0,bus_bus,3295.00,4964.00,1669.00,997.48,0.00,False,False
veh4223,-474143552#4->474143552#3,veh_passenger,3290.00,4966.00,1676.00,160.47,0.00,False,False
bus282,39921673#0->-33683346#0,bus_bus,1693.00,4967.00,3274.00,1474.08,0.00,False,False
veh3032,-1254633077#0->1235754993#1,veh_passenger,2033.00,4968.00,2935.00,1460.84,0.00,False,False
veh2584,-40140017#0->-856175964,veh_passenger,1733.00,4970.00,3237.00,609.50,0.00,False,False
veh2509,1326094888->515123442#4,veh_passenger,1683.00,4971.00,3288.00,1956.95,0.00,False,False
veh1591,761486028#0->856175964,veh_passenger,1067.00,4974.00,3907.00,396.85,0.00,False,False
bus330,15419971#1->564273552,bus_bus,1981.00,4974.00,2993.00,1792.29,0.00,False,False
veh3351,1322916760#1->147711065#0,veh_passenger,2286.00,4975.00,2689.00,1788.76,657.00,False,False
veh2961,1323097576->-40035325#1,veh_passenger,2158.00,4984.00,2826.00,378.05,0.00,False,False
veh2648,40036062#0->-33683346#2,veh_passenger,1776.00,4988.00,3212.00,590.91,0.00,False,False
bus299,-50323229#14->40109290#4,bus_bus,2826.00,4989.00,2163.00,170.39,0.00,False,False
veh2057,238219449->-1290439817#0,veh_passenger,1380.00,4992.00,3612.00,1230.83,0.00,False,False
veh2855.1,1118804250->33683346#3,veh_passenger,1917.00,4994.00,3077.00,3503.69,306.00,False,False
veh2679,-39838630#2->-39838691#1,veh_passenger,1796.00,4996.00,3200.00,649.03,0.00,False,False
veh3445,1068434203->1211151638,veh_passenger,2310.00,4996.00,2686.00,562.13,0.00,False,False
veh2057.1,238219449->-1290439817#0,veh_passenger,1383.00,4997.00,3614.00,1230.83,0.00,False,False
veh2839,68574206->1125986377#2,veh_passenger,1904.00,5004.00,3100.00,1515.06,0.00,False,False
veh933.1,-10628444#2->13909444#0,veh_passenger,1487.00,5006.00,3519.00,862.51,0.00,False,False
bus401,381945551->515126385#4,bus_bus,2407.00,5008.00,2601.00,1042.40,0.00,False,False
veh3917,521704042#0->-12247569,veh_passenger,2773.00,5009.00,2236.00,507.84,0.00,False,False
bus350.1,15420537#2->15419875#1,bus_bus,2107.00,5013.00,2906.00,2703.50,571.00,False,False
veh2909.1,437445541#0->564273553#2,veh_passenger,1954.00,5016.00,3062.00,1449.11,0.00,False,False
veh3650,-1322916760#2->1332638391#2,veh_passenger,2447.00,5017.00,2570.00,1150.55,1220.00,False,False
veh1846,654297637#1->40035606#3,veh_passenger,1238.00,5021.00,3783.00,1082.02,0.00,False,False
veh3895,-40035606#1->39920684#6,veh_passenger,2674.00,5021.00,2347.00,653.18,0.00,False,False
veh4066.1,-451728952#5->1298335704#1,veh_passenger,2729.00,5021.00,2292.00,1600.98,0.00,False,False
veh1586.1,521704042#0->-40297715#0,veh_passenger,1065.00,5026.00,3961.00,1489.35,0.00,False,False
veh3444,-40140017#3->1214520077,veh_passenger,2309.00,5026.00,2717.00,954.77,0.00,False,False
veh2302.1,490474063#0->47157282#0,veh_passenger,2135.00,5031.00,2896.00,572.75,767.00,False,False
bus514,39920505#4->-1125986379#0,bus_bus,3085.00,5034.00,1949.00,1010.57,0.00,False,False
veh2044,10628442#2->178699056#3,veh_passenger,1371.00,5038.00,3667.00,1564.57,0.00,False,False
veh4233.1,-8887999#2->-1273405490,veh_passenger,2841.00,5039.00,2198.00,1897.60,0.00,False,False
veh4378,232920697->1323097575#2,veh_passenger,2935.00,5041.00,2106.00,1457.63,0.00,False,False
veh2406,-687878722#1->1298335702,veh_passenger,1614.00,5045.00,3431.00,414.55,0.00,False,False
veh3027,1068144845#1->-479863106#1,veh_passenger,2030.00,5049.00,3019.00,1552.11,441.00,False,False
bus367,1100626103#3->1064398309#1,bus_bus,2203.00,5049.00,2846.00,1670.93,0.00,False,False
veh1634,-1204070283#1->654297629#2,veh_passenger,1096.00,5050.00,3954.00,701.73,0.00,False,False
veh1616.1,428730813#2->178702251-AddedOffRampEdge,veh_passenger,1086.00,5053.00,3967.00,3118.25,54.00,False,False
veh2065,-1125986377#2->178583148#0,veh_passenger,1385.00,5053.00,3668.00,1371.03,0.00,False,False
bus245,47087992#5->1068434201,bus_bus,1471.00,5054.00,3583.00,1655.67,14.00,False,False
veh3303.1,654297631->900399275,veh_passenger,2218.00,5055.00,2837.00,2634.82,70.00,False,False
truck122,11631594#0->-40036009#3,truck_truck,1465.00,5056.00,3591.00,1409.51,0.00,False,False
veh2310.1,515136608->1068144845#2,veh_passenger,1552.00,5058.00,3506.00,1396.38,3325.00,False,False
bus222.1,437445541#1->1100626103#1,bus_bus,1339.00,5061.00,3722.00,2421.95,0.00,False,False
veh2946,1235754993#1->488788637#0,veh_passenger,1975.00,5063.00,3088.00,830.41,0.00,False,False
veh1997,-1260485929#1->-40035992,veh_passenger,1339.00,5070.00,3731.00,1646.74,0.00,False,False
veh1474,39838657#3->-654297635#1,veh_passenger,989.00,5071.00,4082.00,1394.13,0.00,False,False
veh2475.1,-142741729#1->509647506,veh_passenger,1663.00,5071.00,3408.00,1026.23,0.00,False,False
veh4817,515126384->13909444#2,veh_passenger,3229.00,5072.00,1843.00,1314.35,0.00,False,False
veh3767.1,178583167#0->488788626#3,veh_passenger,2528.00,5073.00,2545.00,669.51,0.00,False,False
truck204.1,-654297636->511185049,truck_truck,2453.00,5076.00,2623.00,1055.53,0.00,False,False
veh4032,39763700#4->1068434256#1,veh_passenger,2703.00,5076.00,2373.00,581.95,0.00,False,False
veh1660,-1254816454->39921025#3,veh_passenger,1114.00,5079.00,3965.00,829.19,0.00,False,False
veh1997.1,-1260485929#1->-40035992,veh_passenger,1342.00,5085.00,3743.00,1646.74,0.00,False,False
veh2321,1214520070->1068434206,veh_passenger,1557.00,5086.00,3529.00,383.98,0.00,False,False
veh4673,-10628442#1->40109290#1,veh_passenger,3132.00,5087.00,1955.00,1630.50,0.00,False,False
veh4908,8887999#1->1068434206,veh_passenger,3290.00,5089.00,1799.00,668.81,0.00,False,False
veh3281,730912750->39838520#3,veh_passenger,2200.00,5092.00,2892.00,1262.74,0.00,False,False
veh1524,479863106#0->39920505#9,veh_passenger,1023.00,5094.00,4071.00,1160.69,0.00,False,False
truck199.1,39920550#1->-10628442#1,truck_truck,2875.00,5094.00,2219.00,1076.51,0.00,False,False
veh3082.1,1064476618#0->-1332638391#2,veh_passenger,2069.00,5095.00,3026.00,1620.23,0.00,False,False
veh4563.1,238219446#1->39838520#2,veh_passenger,3062.00,5095.00,2033.00,1181.63,0.00,False,False
veh2217,-1067928305#0->-47267007#0,veh_passenger,1487.00,5096.00,3609.00,1973.13,0.00,False,False
veh3409,1068916335->1260485932,veh_passenger,2286.00,5096.00,2810.00,1288.32,0.00,False,False
veh2509.1,1326094888->515123442#4,veh_passenger,1685.00,5099.00,3414.00,1956.95,0.00,False,False
veh3409.1,1068916335->1260485932,veh_passenger,2302.00,5099.00,2797.00,1288.32,0.00,False,False
veh2448,50323229#7->1260485931#0,veh_passenger,1642.00,5100.00,3458.00,798.61,0.00,False,False
bus597,761486028#1->488788637#1,bus_bus,3583.00,5100.00,1517.00,998.32,0.00,False,False
veh2083,1100626103#1->1068434208#1,veh_passenger,1397.00,5101.00,3704.00,2016.09,0.00,False,False
veh2736,-40035904#1->39838657#3,veh_passenger,1835.00,5105.00,3270.00,2052.25,0.00,False,False
bus245.1,47087992#5->1068434201,bus_bus,1472.00,5109.00,3637.00,1655.67,13.00,False,False
veh1949,-437445539#1->-147711065#0,veh_passenger,1307.00,5114.00,3807.00,2398.48,0.00,False,False
veh1801.1,422842976->511187810,veh_passenger,1211.00,5126.00,3915.00,512.27,0.00,False,False
veh1533,856175964->-39838691#10,veh_passenger,1029.00,5127.00,4098.00,981.90,0.00,False,False
veh3695.1,178583160->-1254816454,veh_passenger,2480.00,5127.00,2647.00,3547.86,51.00,False,False
bus253.1,-654297632#0->488788626#1,bus_bus,1529.00,5132.00,3603.00,954.22,0.00,False,False
veh2488,-10628430->-564273553#2,veh_passenger,1668.00,5132.00,3464.00,729.22,0.00,False,False
veh2190,509647506->39920684#6,veh_passenger,1469.00,5137.00,3668.00,1637.88,0.00,False,False
veh3426,39921025#2->-488788637#1,veh_passenger,2297.00,5145.00,2848.00,1474.29,0.00,False,False
veh2010,1326193809->-1335304386#1,veh_passenger,1348.00,5149.00,3801.00,859.81,303.00,False,False
bus287.1,488788637#0->11631594#0,bus_bus,1729.00,5150.00,3421.00,1416.21,0.00,False,False
veh2374,-488788630#0->428730813#3,veh_passenger,1592.00,5151.00,3559.00,344.52,0.00,False,False
veh1416,1064476620#0->12090453#1,veh_passenger,950.00,5152.00,4202.00,2265.72,0.00,False,False
veh2141,40035606#2->1323097579#0,veh_passenger,1436.00,5152.00,3716.00,906.50,0.00,False,False
veh4710,40322293->10629474#1,veh_passenger,3269.00,5152.00,1883.00,927.35,0.00,False,False
bus553.1,515040940#0->1234244925#0,bus_bus,3320.00,5153.00,1833.00,1195.89,0.00,False,False
veh3283,1272337501->475044040#1,veh_passenger,2201.00,5154.00,2953.00,416.96,2357.00,False,False
bus515.1,1125986385#1->24576913#0,bus_bus,3692.00,5160.00,1468.00,749.92,0.00,False,False
veh3964.1,1214520074#1->-451728952#3,veh_passenger,2658.00,5164.00,2506.00,914.97,0.00,False,False
veh1753,1125986378#0->40297647#2,veh_passenger,1176.00,5165.00,3989.00,1375.04,0.00,False,False
veh3900,40139504#0->-1273251152,veh_passenger,2614.00,5165.00,2551.00,765.46,0.00,False,False
veh2344,47223733->1297720367,veh_passenger,1572.00,5166.00,3594.00,820.26,0.00,False,False
veh1502.1,-47224972#0->-47224972#0,veh_passenger,5167.00,5168.00,1.00,5.85,0.00,False,False
veh4941,1204070283#0->39920550#2,veh_passenger,3312.00,5169.00,1857.00,759.11,0.00,False,False
veh5138,-449565665#3->9704194#0,veh_passenger,3444.00,5169.00,1725.00,1306.82,0.00,False,False
veh2528,9374529#1->-1125986377#2,veh_passenger,1695.00,5170.00,3475.00,702.26,0.00,False,False
veh2656,15420532->654297631,veh_passenger,1781.00,5170.00,3389.00,2592.79,1834.00,False,False
veh2673.1,1068144849#2->1125986377#1,veh_passenger,1795.00,5170.00,3375.00,2218.34,1531.00,False,False
veh3997,511187808#1->521704053,veh_passenger,2679.00,5173.00,2494.00,163.39,0.00,False,False
veh5221.1,1125986378#1->-513272949,veh_passenger,3506.00,5173.00,1667.00,643.66,0.00,False,False
veh3425,-499566577#0->-10748045#2,veh_passenger,2296.00,5176.00,2880.00,590.98,953.00,False,False
veh1690.1,654297637#1->1068144845#2,veh_passenger,1137.00,5177.00,4040.00,2103.79,7.00,False,False
veh3507,1222703382->-1125986377#0,veh_passenger,2351.00,5177.00,2826.00,878.61,0.00,False,False
veh3889,-238219441#0->-143546557,veh_passenger,2607.00,5177.00,2570.00,1109.89,0.00,False,False
veh3930.1,-1074409256#0->1125986379#0,veh_passenger,4265.00,5179.00,914.00,675.79,0.00,False,False
bus239.1,666886086#2->1125986385#1,bus_bus,1441.00,5180.00,3739.00,1479.71,0.00,False,False
veh2077.1,39920505#6->-451728952#5,veh_passenger,1477.00,5182.00,3705.00,2355.42,0.00,False,False
veh1897.1,39838691#7->-39921531,veh_passenger,1275.00,5183.00,3908.00,1274.25,0.00,False,False
veh3894,-405382146#1->160077493,veh_passenger,2610.00,5184.00,2574.00,2692.85,49.00,False,False
veh5011,-474143552#0->39920684#2,veh_passenger,3359.00,5184.00,1825.00,896.98,0.00,False,False
veh1458,-39838751#2->-47224972#1,veh_passenger,978.00,5188.00,4210.00,576.73,0.00,False,False
truck102,178583145->439836130#0-AddedOffRampEdge,truck_truck,1225.00,5188.00,3963.00,1804.79,30.00,False,False
veh2869,50323226->488788626#3,veh_passenger,1924.00,5189.00,3265.00,1392.61,0.00,False,False
veh1458.1,-39838751#2->-47224972#1,veh_passenger,981.00,5193.00,4212.00,576.73,0.00,False,False
veh1858,515124965#1->511409188#1,veh_passenger,1246.00,5194.00,3948.00,562.08,0.00,False,False
veh3926,-1068434202->83428923#0,veh_passenger,3595.00,5196.00,1601.00,464.37,0.00,False,False
veh1417,-401226926#0->238219446#1,veh_passenger,951.00,5197.00,4246.00,962.11,7.00,False,False
veh3137,40138633#1->238219446#1,veh_passenger,2103.00,5199.00,3096.00,1475.31,0.00,False,False
veh1869,39366819#0->-838061038,veh_passenger,1254.00,5200.00,3946.00,599.32,0.00,False,False
veh3115,-33683458#1->238219446#1,veh_passenger,2089.00,5202.00,3113.00,1057.92,0.00,False,False
veh2294,1204070283#1->10748045#1,veh_passenger,1551.00,5203.00,3652.00,922.83,0.00,False,False
veh1829,-856175964->1222703382,veh_passenger,1227.00,5204.00,3977.00,1249.21,0.00,False,False
veh2077,39920505#6->-451728952#5,veh_passenger,1468.00,5205.00,3737.00,2355.42,0.00,False,False
veh3470,509646057#0->1074409255#0,veh_passenger,2326.00,5206.00,2880.00,1271.57,0.00,False,False
bus534,-178699051#1->1332638368#1,bus_bus,3205.00,5206.00,2001.00,1880.34,0.00,False,False
veh5080.1,-238219441#2->-39838691#7,veh_passenger,3408.00,5206.00,1798.00,1295.96,0.00,False,False
veh1380.1,47267010->39838691#1,veh_passenger,929.00,5207.00,4278.00,709.40,0.00,False,False
bus368,40138239#0->439836129,bus_bus,2209.00,5207.00,2998.00,2687.10,52.00,False,False
veh5186,450616334#1->-39838691#2,veh_passenger,3476.00,5207.00,1731.00,1028.86,0.00,False,False
veh3821.1,-1260481154->1231065652,veh_passenger,2565.00,5211.00,2646.00,3176.85,69.00,False,False
veh1737,-1125986379#0->-474143552#4,veh_passenger,1805.00,5216.00,3411.00,965.26,0.00,False,False
veh4757.1,-1237953493->-1335304385,veh_passenger,3192.00,5217.00,2025.00,1271.62,0.00,False,False
veh3775,10749498->900287035,veh_passenger,2531.00,5226.00,2695.00,582.15,0.00,False,False
veh3775.1,10749498->900287035,veh_passenger,2534.00,5227.00,2693.00,582.15,0.00,False,False
bus166,1074409255#2->-1254633077#1,bus_bus,997.00,5228.00,4231.00,1335.12,2194.00,False,False
veh2021,-1260485929#3->1068144845#1,veh_passenger,1356.00,5229.00,3873.00,1197.90,4.00,False,False
veh4302,1214520076->-10628442#1,veh_passenger,2950.00,5230.00,2280.00,395.98,0.00,False,False
veh2102,47267011#2->39838630#2,veh_passenger,1410.00,5233.00,3823.00,1223.28,0.00,False,False
veh3972.1,-1335304372->40297715#0,veh_passenger,2668.00,5235.00,2567.00,444.99,0.00,False,False
veh3496,40297715#1->-83428923#1,veh_passenger,2344.00,5236.00,2892.00,1191.08,0.00,False,False
veh2469.1,-39838751#2->509646052,veh_passenger,1664.00,5238.00,3574.00,949.21,0.00,False,False
veh3673,654297636->14924729#3,veh_passenger,2462.00,5240.00,2778.00,1597.72,0.00,False,False
bus399,39920550#7->40140017#0,bus_bus,2395.00,5241.00,2846.00,1669.37,0.00,False,False
truck99.1,178699056#2->40297715#0,truck_truck,1193.00,5243.00,4050.00,1294.46,0.00,False,False
bus512,1214520075->-666886086#3,bus_bus,3376.00,5246.00,1870.00,1251.66,0.00,False,False
veh2444,-451728952#1->40297715#2,veh_passenger,1639.00,5247.00,3608.00,2158.87,0.00,False,False
veh3447.1,490474063#1->39920550#1,veh_passenger,2742.00,5247.00,2505.00,472.67,305.00,False,False
veh4519,15419875#1->1255099064,veh_passenger,3333.00,5254.00,1921.00,587.94,1664.00,False,False
veh2605,238219443->-39921673#1,veh_passenger,1747.00,5255.00,3508.00,669.55,0.00,False,False
veh1920,511187809->1068434258,veh_passenger,1288.00,5256.00,3968.00,974.08,0.00,False,False
veh2376,-40138633#1->1214520074#4,veh_passenger,1674.00,5256.00,3582.00,2428.34,1.00,False,False
veh3244.1,654297634->47225638#0,veh_passenger,2178.00,5256.00,3078.00,1850.16,0.00,False,False
bus362.1,40138633#2->1204070281,bus_bus,2179.00,5257.00,3078.00,2397.55,0.00,False,False
veh4241,-39921673#0->-1335304372,veh_passenger,2843.00,5257.00,2414.00,686.70,0.00,False,False
veh4241.1,-39921673#0->-1335304372,veh_passenger,2846.00,5259.00,2413.00,686.70,0.00,False,False
veh4004,509647505->1064476624,veh_passenger,2684.00,5265.00,2581.00,1702.28,0.00,False,False
veh4410,-1222703382->47224972#0,veh_passenger,2956.00,5266.00,2310.00,1064.32,0.00,False,False
veh2711,-1260485929#2->509646057#1,veh_passenger,3470.00,5267.00,1797.00,298.43,0.00,False,False
veh1532,39921673#1->509646054,veh_passenger,1028.00,5269.00,4241.00,769.59,0.00,False,False
bus210,509646056->666886086#3,bus_bus,2313.00,5269.00,2956.00,1652.07,0.00,False,False
veh2032,1068434201->975216743,veh_passenger,1363.00,5275.00,3912.00,1776.60,0.00,False,False
veh1477,24577455#1->-40138239#2,veh_passenger,991.00,5276.00,4285.00,1512.89,2255.00,False,False
veh1508,515130026#1->509524271,veh_passenger,1012.00,5276.00,4264.00,775.83,0.00,False,False
veh1421,47087992#0->-10628444#1,veh_passenger,954.00,5280.00,4326.00,2444.68,15.00,False,False
veh4053,1235501861#0->-40297715#0,veh_passenger,2843.00,5281.00,2438.00,732.82,0.00,False,False
veh4972,40140141#1->1421367508,veh_passenger,3333.00,5292.00,1959.00,858.93,0.00,False,False
veh3985,-39920593#4->513082627,veh_passenger,2671.00,5293.00,2622.00,1200.59,9.00,False,False
bus299.1,-50323229#14->40109290#4,bus_bus,3549.00,5297.00,1748.00,170.39,0.00,False,False
bus485,499566574#1->-1326193809,bus_bus,4440.00,5299.00,859.00,592.16,0.00,False,False
veh4320,1260481150->-1222703382,veh_passenger,3454.00,5302.00,1848.00,797.71,0.00,False,False
veh2376.1,-40138633#1->1214520074#4,veh_passenger,1980.00,5303.00,3323.00,2428.34,0.00,False,False
veh2600,-39921672->1290439817#1,veh_passenger,1743.00,5303.00,3560.00,874.11,0.00,False,False
bus309,39921025#0->40036009#0,bus_bus,1855.00,5305.00,3450.00,1271.01,0.00,False,False
veh4007,1290439820->-1335304371,veh_passenger,2686.00,5306.00,2620.00,970.20,0.00,False,False
bus203,-50323229#14->40035325#1,bus_bus,1219.00,5308.00,4089.00,729.93,0.00,False,False
veh2519,-40139504#0->856175963,veh_passenger,1689.00,5314.00,3625.00,659.09,0.00,False,False
veh3445.1,1068434203->1211151638,veh_passenger,2311.00,5314.00,3003.00,562.13,0.00,False,False
veh4379.1,178702243#0->-39838751#2,veh_passenger,2938.00,5314.00,2376.00,3509.92,72.00,False,False
bus311,-1125986374->1214520079,bus_bus,1867.00,5320.00,3453.00,718.49,0.00,False,False
bus428.1,10250021#3->1298335703,bus_bus,2575.00,5320.00,2745.00,1236.53,0.00,False,False
bus184,509524271->-1255099069,bus_bus,3261.00,5322.00,2061.00,926.96,0.00,False,False
veh2557,654297629#5->24576913#1,veh_passenger,1715.00,5322.00,3607.00,367.77,0.00,False,False
bus509,39920550#13->-654297633,bus_bus,3055.00,5327.00,2272.00,1612.18,0.00,False,False
veh3277,-47267007#0->515138054,veh_passenger,2197.00,5328.00,3131.00,1178.99,0.00,False,False
veh1345,1234244927#1->1067928306#1,veh_passenger,903.00,5333.00,4430.00,1748.21,0.00,False,False
veh1351,1332638368#2->39920593#4,veh_passenger,907.00,5333.00,4426.00,2285.16,0.00,False,False
veh4191,-474143552#4->-1290439817#0,veh_passenger,3283.00,5333.00,2050.00,475.16,0.00,False,False
veh4116,-451728952#1->-1068916339,veh_passenger,2759.00,5334.00,2575.00,1472.21,0.00,False,False
veh3351.1,1322916760#1->147711065#0,veh_passenger,2289.00,5335.00,3046.00,1788.76,1015.00,False,False
veh3041,-238219441#2->-14924729#2,veh_passenger,2039.00,5339.00,3300.00,1651.71,0.00,False,False
bus494,1074771163#0->439836132,bus_bus,2965.00,5341.00,2376.00,1633.30,56.00,False,False
truck148.1,-40036009#1->654297628,truck_truck,1782.00,5342.00,3560.00,2184.98,0.00,False,False
veh3331,488788626#2->1068434204,veh_passenger,3757.00,5345.00,1588.00,1305.07,0.00,False,False
bus204.1,40036009#1->-1234244927#1,bus_bus,1231.00,5346.00,4115.00,1807.22,17.00,False,False
veh3331.1,488788626#2->1068434204,veh_passenger,3760.00,5346.00,1586.00,1305.07,0.00,False,False
bus535.1,515126384->1068434205,bus_bus,3217.00,5346.00,2129.00,1673.54,0.00,False,False
bus408,13909444#0->521701857,bus_bus,2449.00,5348.00,2899.00,664.99,0.00,False,False
veh3701,1332638368#2->15420801#2,veh_passenger,3543.00,5350.00,1807.00,1453.97,0.00,False,False
veh4505,-1125986385#0->654297628,veh_passenger,4087.00,5350.00,1263.00,1001.45,0.00,False,False
bus535,515126384->1068434205,bus_bus,3211.00,5351.00,2140.00,1673.54,0.00,False,False
veh4882,-654297636->-1323097576,veh_passenger,3272.00,5351.00,2079.00,912.78,0.00,False,False
veh5251.1,1272337501->-1260485929#3,veh_passenger,3524.00,5351.00,1827.00,1206.96,0.00,False,False
veh5008.1,515130026#0->509646056,veh_passenger,3360.00,5352.00,1992.00,1207.14,0.00,False,False
veh3117,11631594#3->975216742,veh_passenger,2090.00,5353.00,3263.00,2227.59,12.00,False,False
veh1829.1,-856175964->1222703382,veh_passenger,1230.00,5355.00,4125.00,1249.21,0.00,False,False
veh2130.1,521701859->1068434205,veh_passenger,1432.00,5355.00,3923.00,769.36,0.00,False,False
truck169,33683346#2->1421367508,truck_truck,2029.00,5356.00,3327.00,2508.21,0.00,False,False
veh4348,451728952#5->1068144845#0,veh_passenger,2915.00,5360.00,2445.00,330.71,0.00,False,False
bus249,-1338361263->72157792,bus_bus,1495.00,5367.00,3872.00,941.14,0.00,False,False
veh5135,40297647#1->-33683458#2,veh_passenger,3442.00,5367.00,1925.00,1149.71,0.00,False,False
veh4369,-40109290#5->49224804#0,veh_passenger,2929.00,5370.00,2441.00,825.10,0.00,False,False
veh4026.1,1100626103#3->1231065652,veh_passenger,2700.00,5373.00,2673.00,2842.95,70.00,False,False
bus397,24577455#0->1068434208#0-AddedOffRampEdge,bus_bus,2383.00,5375.00,2992.00,1898.62,0.00,False,False
veh4341,1125986374->511187811,veh_passenger,2910.00,5377.00,2467.00,1117.15,0.00,False,False
veh5163,-10748045#2->513082635#0,veh_passenger,3461.00,5380.00,1919.00,1999.65,36.00,False,False
veh1698,1290439818->178699051#1,veh_passenger,1139.00,5385.00,4246.00,594.25,0.00,False,False
veh1353,-437445539#0->515040940#0,veh_passenger,908.00,5386.00,4478.00,2083.81,0.00,False,False
veh3743,-499566577#1->1068144845#2,veh_passenger,2509.00,5389.00,2880.00,1923.87,161.00,False,False
bus186,1298335702->-515040940#0,bus_bus,1145.00,5391.00,4246.00,1170.80,0.00,False,False
veh4130,24576913#0->47087993#1,veh_passenger,2849.00,5391.00,2542.00,2095.95,0.00,False,False
bus529,521701858-AddedOffRampEdge->-1297720376#1,bus_bus,3175.00,5391.00,2216.00,1392.23,0.00,False,False
veh4403,39366819#0->-1297720367,veh_passenger,2953.00,5392.00,2439.00,1069.00,0.00,False,False
truck188,475044040#2->-40138633#1,truck_truck,2257.00,5393.00,3136.00,560.21,1.00,False,False
veh1981,39838520#0->654297629#0,veh_passenger,1329.00,5394.00,4065.00,390.54,0.00,False,False
bus186.1,1298335702->-515040940#0,bus_bus,1152.00,5397.00,4245.00,1170.80,0.00,False,False
veh4673.1,-10628442#1->40109290#1,veh_passenger,3134.00,5402.00,2268.00,1630.50,0.00,False,False
veh5251,1272337501->-1260485929#3,veh_passenger,3521.00,5403.00,1882.00,1206.96,0.00,False,False
veh2041.1,1068074792->-50323229#14,veh_passenger,1372.00,5404.00,4032.00,911.74,0.00,False,False
veh3561,40109290#2->413789558#0,veh_passenger,2387.00,5411.00,3024.00,3239.12,0.00,False,False
veh3060,-1074409256#0->-39921672,veh_passenger,2436.00,5413.00,2977.00,738.22,0.00,False,False
veh3355.1,40109290#2->-479863106#1,veh_passenger,2252.00,5413.00,3161.00,1874.04,0.00,False,False
veh4468,39921025#6->511187821,veh_passenger,2995.00,5416.00,2421.00,1850.51,0.00,False,False
veh2899,39838520#1->1068144844,veh_passenger,1944.00,5421.00,3477.00,2374.10,37.00,False,False
veh2899.1,39838520#1->1068144844,veh_passenger,1947.00,5422.00,3475.00,2374.10,36.00,False,False
veh3502,1337115429->413789558#0,veh_passenger,2348.00,5423.00,3075.00,1189.43,0.00,False,False
veh1468.1,-1327579142->39838520#0,veh_passenger,988.00,5424.00,4436.00,1762.39,0.00,False,False
veh4052,-240666072#2->-40140017#2,veh_passenger,2716.00,5426.00,2710.00,1804.03,0.00,False,False
veh1981.1,39838520#0->654297629#0,veh_passenger,1332.00,5428.00,4096.00,390.54,0.00,False,False
veh3058,1278784167#0->511187808#3,veh_passenger,2050.00,5434.00,3384.00,1350.78,0.00,False,False
veh3625.1,449565665#2->1214520067,veh_passenger,3631.00,5436.00,1805.00,644.86,0.00,False,False
veh2190.1,509647506->39920684#6,veh_passenger,1472.00,5437.00,3965.00,1637.88,0.00,False,False
veh4126,13909444#6->1214520074#5,veh_passenger,2766.00,5442.00,2676.00,2239.00,11.00,False,False
veh1596,40139504#1->654297630,veh_passenger,1071.00,5443.00,4372.00,710.52,0.00,False,False
veh2365,1260481155->490474063#0,veh_passenger,1586.00,5443.00,3857.00,1669.14,0.00,False,False
veh4337,39838520#2->-1125986379#0,veh_passenger,2907.00,5444.00,2537.00,1014.04,0.00,False,False
veh1596.1,40139504#1->654297630,veh_passenger,1074.00,5445.00,4371.00,710.52,0.00,False,False
veh4263.1,1068144848#1->-1125986378#0,veh_passenger,2862.00,5445.00,2583.00,1451.54,8.00,False,False
veh2609,-39920222->178699054,veh_passenger,1750.00,5452.00,3702.00,883.27,0.00,False,False
veh2609.1,-39920222->178699054,veh_passenger,1753.00,5453.00,3700.00,883.27,0.00,False,False
veh4575,-474143552#0->654297637#0,veh_passenger,3067.00,5453.00,2386.00,1753.89,0.00,False,False
truck134,1234244925#0->10628444#0,truck_truck,1609.00,5455.00,3846.00,807.99,0.00,False,False
bus586.1,499566574#0->47053612,bus_bus,3522.00,5455.00,1933.00,1828.31,26.00,False,False
veh3319.1,40036062#0->40140141#9,veh_passenger,2228.00,5456.00,3228.00,2347.44,0.00,False,False
veh2833.1,1125986379#0->40140141#9,veh_passenger,1903.00,5457.00,3554.00,1496.58,0.00,False,False
veh2063.1,-1067928305#0->47225638#4,veh_passenger,1387.00,5465.00,4078.00,1482.16,10.00,False,False
veh1731,1260481154->-40297715#3,veh_passenger,1192.00,5472.00,4280.00,1422.63,0.00,False,False
veh2067,-50323229#13->-1204070283#1,veh_passenger,1386.00,5475.00,4089.00,1525.15,466.00,False,False
veh3852,10250021#2->24576922#0,veh_passenger,2784.00,5476.00,2692.00,688.88,0.00,False,False
truck218.1,511187808#0->47087993#0,truck_truck,2622.00,5480.00,2858.00,1960.91,0.00,False,False
veh4031,-1290439817#0->39921025#0,veh_passenger,2702.00,5485.00,2783.00,770.42,0.00,False,False
veh1446,488788630#1->47087992#2,veh_passenger,970.00,5487.00,4517.00,488.99,0.00,False,False
truck218,511187808#0->47087993#0,truck_truck,2617.00,5488.00,2871.00,1960.91,0.00,False,False
veh2920,1326193809->1335304373#2,veh_passenger,2115.00,5492.00,3377.00,573.59,0.00,False,False
bus217,1254816455->-33683346#2,bus_bus,1303.00,5493.00,4190.00,1483.08,0.00,False,False
veh3722,178699056#0->1335304373#2,veh_passenger,2495.00,5494.00,2999.00,1493.72,0.00,False,False
bus407,143546557->856175963,bus_bus,2443.00,5495.00,3052.00,1024.33,0.00,False,False
truck90,178583167#1->-1204070283#1,truck_truck,1081.00,5496.00,4415.00,992.31,0.00,False,False
veh2739.1,39920550#6->1335304371,veh_passenger,1840.00,5498.00,3658.00,957.14,0.00,False,False
veh2801.1,39920505#0->-761486028#1,veh_passenger,1881.00,5499.00,3618.00,2597.94,0.00,False,False
veh3479,-39920593#2->-474143552#1,veh_passenger,2332.00,5501.00,3169.00,913.90,0.00,False,False
veh1736,-1237953494->1125986406#0,veh_passenger,1179.00,5502.00,4323.00,887.95,0.00,False,False
veh4815,1067953247#1->856175964,veh_passenger,3228.00,5504.00,2276.00,1042.20,0.00,False,False
bus497.1,39838657#2->-1068434202,bus_bus,3441.00,5505.00,2064.00,989.95,0.00,False,False
bus413,71310798->-39838691#6,bus_bus,2479.00,5508.00,3029.00,1876.22,0.00,False,False
veh2571,1335304375->513082640,veh_passenger,1724.00,5510.00,3786.00,1936.24,257.00,False,False
veh5307,-238219441#2->24576922#0,veh_passenger,3557.00,5512.00,1955.00,989.82,0.00,False,False
veh2679.1,-39838630#2->-39838691#1,veh_passenger,1799.00,5516.00,3717.00,649.03,0.00,False,False
veh5155,39920550#4->11631594#0,veh_passenger,3748.00,5516.00,1768.00,463.38,0.00,False,False
bus319.1,1297720367->-1323097580#0,bus_bus,1921.00,5517.00,3596.00,938.67,0.00,False,False
veh3247,-1326094888->-1226645407,veh_passenger,2177.00,5519.00,3342.00,701.17,0.00,False,False
veh4491,-1125986378#0->40297647#2,veh_passenger,3010.00,5519.00,2509.00,1408.19,0.00,False,False
bus290,47224972#1->-488788637#1,bus_bus,1741.00,5522.00,3781.00,662.00,0.00,False,False
veh3012.1,1064476622#1->-449565665#3,veh_passenger,2448.00,5524.00,3076.00,1632.28,0.00,False,False
veh5155.1,39920550#4->11631594#0,veh_passenger,4356.00,5526.00,1170.00,463.38,0.00,False,False
veh3640,-1211151638->967985513#2,veh_passenger,2824.00,5527.00,2703.00,1815.51,0.00,False,False
veh4647,33683346#0->-40035606#3,veh_passenger,3115.00,5527.00,2412.00,796.71,0.00,False,False
veh1754.1,-33683346#1->-513272949,veh_passenger,1180.00,5528.00,4348.00,1539.05,0.00,False,False
veh1987,449565665#0->488788636#1,veh_passenger,1333.00,5528.00,4195.00,1774.18,0.00,False,False
veh3547.1,116831467->10628444#0,veh_passenger,2381.00,5529.00,3148.00,1031.37,0.00,False,False
veh3713.1,968332513#1->488788626#1,veh_passenger,2492.00,5529.00,3037.00,1120.15,301.00,False,False
veh4498,1068916335->11631594#0,veh_passenger,3015.00,5530.00,2515.00,895.72,0.00,False,False
veh2664,147711065#0->11631594#2,veh_passenger,1786.00,5535.00,3749.00,1267.57,0.00,False,False
veh4333.1,1234244925#1->-1068916336,veh_passenger,2908.00,5539.00,2631.00,1028.24,0.00,False,False
veh2140,40035606#1->1125986373#3,veh_passenger,1435.00,5545.00,4110.00,1701.43,0.00,False,False
veh1916,1068144848#1->-654297634,veh_passenger,1285.00,5548.00,4263.00,2091.24,7.00,False,False
veh1342.1,-573632774->-1201484855,veh_passenger,904.00,5549.00,4645.00,1703.17,0.00,False,False
bus513,39920550#8->1292541108,bus_bus,3300.00,5552.00,2252.00,1476.35,0.00,False,False
veh1652,178583140#0->1064398309#1,veh_passenger,1108.00,5558.00,4450.00,1567.28,0.00,False,False
veh2777,1064476622#0->-1131969257,veh_passenger,1862.00,5558.00,3696.00,1893.04,1668.00,False,False
veh4972.1,40140141#1->1421367508,veh_passenger,3336.00,5561.00,2225.00,858.93,0.00,False,False
truck159,475044040#1->-509646056,truck_truck,1909.00,5576.00,3667.00,1510.97,11.00,False,False
veh4675,39920505#5->1068434235,veh_passenger,3759.00,5577.00,1818.00,1104.97,0.00,False,False
veh2435.1,1214520074#4->39838984#0,veh_passenger,1636.00,5580.00,3944.00,1160.99,0.00,False,False
veh4895,39920505#7->513272951#0,veh_passenger,4073.00,5580.00,1507.00,1209.63,0.00,False,False
bus163,-10250021#2->521713925,bus_bus,979.00,5581.00,4602.00,1199.77,0.00,False,False
veh4929,-50323226->975216744,veh_passenger,3304.00,5582.00,2278.00,2159.06,0.00,False,False
bus303,39920011#3->654297629#0,bus_bus,1819.00,5583.00,3764.00,1325.76,0.00,False,False
truck153,482569917#0->511404877,truck_truck,1837.00,5591.00,3754.00,1929.57,0.00,False,False
veh5126,666886085#1->1068916338,veh_passenger,3655.00,5591.00,1936.00,382.01,0.00,False,False
veh2706,-1125986377#1->1068916339,veh_passenger,2162.00,5598.00,3436.00,189.24,0.00,False,False
veh4447,900279869->40138239#3,veh_passenger,3321.00,5598.00,2277.00,1844.72,0.00,False,False
veh2983,1125986377#1->39921025#9,veh_passenger,2434.00,5600.00,3166.00,1525.51,0.00,False,False
veh4519.1,15419875#1->1255099064,veh_passenger,3591.00,5600.00,2009.00,587.94,1776.00,False,False
bus566,40138941#0->39920222,bus_bus,3397.00,5604.00,2207.00,1825.13,0.00,False,False
veh3385,666886085#1->511404880#1,veh_passenger,2404.00,5607.00,3203.00,889.33,0.00,False,False
bus485.1,499566574#1->-1326193809,bus_bus,4446.00,5607.00,1161.00,592.16,0.00,False,False
veh4722,13909444#4->1254816454,veh_passenger,3165.00,5607.00,2442.00,1527.61,0.00,False,False
bus467,1272337501->11631594#2,bus_bus,2803.00,5615.00,2812.00,1143.18,0.00,False,False
veh4783,-438516309->513272951#1,veh_passenger,3206.00,5617.00,2411.00,2520.08,47.00,False,False
veh4306,39920505#2->1074409255#3,veh_passenger,2887.00,5618.00,2731.00,770.81,0.00,False,False
veh4987,1125986378#1->1067852461,veh_passenger,3343.00,5618.00,2275.00,1221.05,0.00,False,False
bus161,24576922#2->1332638391#0,bus_bus,967.00,5619.00,4652.00,1444.64,0.00,False,False
veh2762,1068144845#3->1074771163#1,veh_passenger,1852.00,5619.00,3767.00,2461.90,311.00,False,False
veh4783.1,-438516309->513272951#1,veh_passenger,3209.00,5622.00,2413.00,2520.08,47.00,False,False
bus592,13909444#5->10628442#2,bus_bus,3553.00,5625.00,2072.00,1654.74,0.00,False,False
veh4070,-900279869->509646054,veh_passenger,4281.00,5626.00,1345.00,60.93,0.00,False,False
bus210.1,509646056->666886086#3,bus_bus,2878.00,5627.00,2749.00,1652.07,0.00,False,False
bus311.1,-1125986374->1214520079,bus_bus,1873.00,5628.00,3755.00,718.49,0.00,False,False
bus212,15419906#0->24577455#1,bus_bus,1273.00,5630.00,4357.00,1031.92,0.00,False,False
veh2465,488788626#2->1235501860,veh_passenger,1923.00,5633.00,3710.00,276.28,0.00,False,False
veh2703.1,-240666072#1->968332513#1,veh_passenger,1816.00,5635.00,3819.00,2740.58,0.00,False,False
veh2067.1,-50323229#13->-1204070283#1,veh_passenger,1389.00,5636.00,4247.00,1525.15,1216.00,False,False
veh4307.1,-1335304386#0->1064476624,veh_passenger,2890.00,5638.00,2748.00,669.46,0.00,False,False
veh4938.1,499566577#1->1260485931#0,veh_passenger,3313.00,5640.00,2327.00,880.68,1608.00,False,False
veh4325,1235754993#1->39839275,veh_passenger,2899.00,5642.00,2743.00,2068.51,43.00,False,False
veh2503.1,40140141#6->335802664,veh_passenger,1682.00,5643.00,3961.00,2940.50,48.00,False,False
truck249,68574206->1214520074#1,truck_truck,2989.00,5647.00,2658.00,1098.83,0.00,False,False
truck220,1118804250->450616334#0,truck_truck,2641.00,5648.00,3007.00,2803.55,126.00,False,False
veh2735.1,1204070282->40035325#0,veh_passenger,1837.00,5649.00,3812.00,910.56,0.00,False,False
veh3482,-564273553#4->-1290439817#0,veh_passenger,3128.00,5652.00,2524.00,1216.40,0.00,False,False
veh1796,1234244925#0->1125986379#1,veh_passenger,1205.00,5655.00,4450.00,843.30,0.00,False,False
veh3458,24576913#2->1204070282,veh_passenger,3957.00,5655.00,1698.00,615.53,0.00,False,False
veh2506,47224972#0->1068916335,veh_passenger,1681.00,5659.00,3978.00,924.76,0.00,False,False
veh2505,39921025#4->1068916335,veh_passenger,2583.00,5661.00,3078.00,656.74,0.00,False,False
bus200.1,-1260485930#1->-730912750,bus_bus,1207.00,5662.00,4455.00,1953.40,0.00,False,False
veh4171,39763700#6->-1068916339,veh_passenger,4879.00,5662.00,783.00,562.03,0.00,False,False
veh2505.1,39921025#4->1068916335,veh_passenger,2888.00,5663.00,2775.00,656.74,0.00,False,False
veh1976,10628442#2->-33683346#2,veh_passenger,1325.00,5665.00,4340.00,1686.28,0.00,False,False
veh2291,475044040#3->1068916335,veh_passenger,1536.00,5665.00,4129.00,798.96,538.00,False,False
veh3256,39920550#2->-10629474#1,veh_passenger,2183.00,5668.00,3485.00,944.33,0.00,False,False
veh1398.1,511404874#1->-39838691#7,veh_passenger,942.00,5674.00,4732.00,1989.65,0.00,False,False
veh4561,-39920593#4->49224804#0,veh_passenger,3057.00,5676.00,2619.00,557.47,0.00,False,False
bus277.1,1290439817#0->40140141#11,bus_bus,1669.00,5680.00,4011.00,1828.40,0.00,False,False
veh3425.1,-499566577#0->-10748045#2,veh_passenger,2299.00,5681.00,3382.00,590.98,998.00,False,False
bus188.1,-142741729#1->1214520074#1,bus_bus,1135.00,5682.00,4547.00,1446.85,0.00,False,False
veh2878,1125986406#1->666886084#0,veh_passenger,2771.00,5682.00,2911.00,447.15,0.00,False,False
bus188,-142741729#1->1214520074#1,bus_bus,1129.00,5684.00,4555.00,1446.85,0.00,False,False
veh2085,1068144845#3->9704194#4,veh_passenger,1398.00,5689.00,4291.00,969.99,45.00,False,False
bus331,1222703384#1->40035904#1,bus_bus,1988.00,5689.00,3701.00,1036.63,0.00,False,False
veh4754,511404878->-39838691#2,veh_passenger,3312.00,5689.00,2377.00,373.99,0.00,False,False
bus398.1,39838520#0->33683346#3,bus_bus,2395.00,5690.00,3295.00,2192.97,0.00,False,False
veh4917,39920684#6->-761486028#0,veh_passenger,3296.00,5690.00,2394.00,1337.09,0.00,False,False
truck113,-474143552#2->40297647#0,truck_truck,1357.00,5692.00,4335.00,502.63,0.00,False,False
veh3929,509524226->513082627,veh_passenger,2634.00,5692.00,3058.00,1789.41,1904.00,False,False
bus331.1,1222703384#1->40035904#1,bus_bus,1994.00,5695.00,3701.00,1036.63,0.00,False,False
veh2471,24621218#1->1074409256#2,veh_passenger,2635.00,5696.00,3061.00,1369.20,0.00,False,False
veh3629.1,-39838691#2->449565665#2,veh_passenger,2505.00,5698.00,3193.00,476.01,0.00,False,False
veh3441,-474143552#6->178583148#2-AddedOnRampEdge,veh_passenger,2307.00,5699.00,3392.00,942.58,0.00,False,False
veh3190,-856175964->449565665#3,veh_passenger,2223.00,5703.00,3480.00,831.19,0.00,False,False
veh1394,515124965#1->-1068144846#0,veh_passenger,935.00,5705.00,4770.00,1458.94,0.00,False,False
bus222,437445541#1->1100626103#1,bus_bus,1333.00,5706.00,4373.00,2421.95,0.00,False,False
veh5158,513082635#0-AddedOffRampEdge->-224146621,veh_passenger,3457.00,5706.00,2249.00,1185.99,0.00,False,False
bus527,-178702258#1->-1068144846#0,bus_bus,3163.00,5712.00,2549.00,1147.37,0.00,False,False
bus398,39838520#0->33683346#3,bus_bus,2389.00,5716.00,3327.00,2192.97,0.00,False,False
veh4247.1,47087993#5->511187815,veh_passenger,2848.00,5716.00,2868.00,1419.20,308.00,False,False
veh3769,465144361->513272950#0,veh_passenger,2527.00,5718.00,3191.00,701.97,0.00,False,False
bus527.1,-178702258#1->-1068144846#0,bus_bus,3168.00,5718.00,2550.00,1147.37,0.00,False,False
veh3248,-10748045#1->1068434200#0,veh_passenger,2178.00,5721.00,3543.00,1621.10,0.00,False,False
veh2380,521713925->1260485930#1,veh_passenger,1596.00,5722.00,4126.00,1654.80,0.00,False,False
veh5171.1,1068144849#2->1298335704#1,veh_passenger,3469.00,5723.00,2254.00,1883.89,66.00,False,False
veh1989.1,40035606#3->1125986373#2,veh_passenger,1337.00,5724.00,4387.00,1567.14,0.00,False,False
veh2836,654297631->40109290#1,veh_passenger,1902.00,5724.00,3822.00,910.66,7.00,False,False
veh5049,47223733->47087992#2,veh_passenger,3384.00,5724.00,2340.00,1421.75,0.00,False,False
bus451,-39920593#0->515126384,bus_bus,2715.00,5725.00,3010.00,2669.44,0.00,False,False
veh4666,-39920593#2->39838520#3,veh_passenger,3128.00,5728.00,2600.00,1705.68,0.00,False,False
truck124,39086240-AddedOffRampEdge->9704194#3,truck_truck,1489.00,5730.00,4241.00,1327.44,82.00,False,False
veh3789,1234244926->39838520#3,veh_passenger,2540.00,5730.00,3190.00,655.83,0.00,False,False
veh3679.1,1067953247#1->509524228,veh_passenger,2469.00,5735.00,3266.00,3127.37,36.00,False,False
veh252,-147711065#0->47223733,veh_passenger,1419.00,5739.00,4320.00,767.77,0.00,False,False
veh4565,-33683346#2->10628442#0,veh_passenger,3060.00,5740.00,2680.00,1671.09,0.00,False,False
bus549.1,10628442#2->1234244927#0,bus_bus,3300.00,5743.00,2443.00,997.48,0.00,False,False
veh1895,424580475->515123442#2,veh_passenger,1271.00,5744.00,4473.00,2014.92,96.00,False,False
veh2690,654297632#0->666886085#0,veh_passenger,1804.00,5745.00,3941.00,1398.65,0.00,False,False
veh2967,-687878725->-1297720376#0,veh_passenger,1989.00,5745.00,3756.00,1837.68,0.00,False,False
bus402,39838691#2->10628442#1,bus_bus,2500.00,5745.00,3245.00,1120.37,0.00,False,False
veh3613,-39838530->9833223,veh_passenger,4387.00,5747.00,1360.00,1766.70,0.00,False,False
veh1969.1,39838691#2->-1125986379#0,veh_passenger,1324.00,5750.00,4426.00,1108.36,0.00,False,False
truck250,40140017#3->-1273251152,truck_truck,3001.00,5752.00,2751.00,829.73,0.00,False,False
veh5361,178441748#2->40035606#0,veh_passenger,4100.00,5752.00,1652.00,825.13,0.00,False,False
veh3544,1222703382->39838691#6,veh_passenger,2659.00,5755.00,3096.00,1652.37,0.00,False,False
truck211,39838691#0->10628442#1,truck_truck,2533.00,5756.00,3223.00,1181.29,0.00,False,False
veh4346,10748036->40140141#9,veh_passenger,2913.00,5756.00,2843.00,1507.40,0.00,False,False
veh2071,-39838691#3->-1297720376#1,veh_passenger,1389.00,5757.00,4368.00,1114.07,0.00,False,False
veh5093.1,40138239#1->-761486028#0,veh_passenger,3431.00,5757.00,2326.00,2073.55,0.00,False,False
veh4301.1,178702258#0->1067928305#2,veh_passenger,3178.00,5762.00,2584.00,1528.56,0.00,False,False
veh2206.1,653860562->9704194#2,veh_passenger,1483.00,5765.00,4282.00,1573.10,0.00,False,False
veh2621,509647506->1125986406#0,veh_passenger,1758.00,5766.00,4008.00,1121.38,0.00,False,False
truck189,-1323097580#1->147711065#0,truck_truck,3230.00,5770.00,2540.00,1303.56,0.00,False,False
bus322,-761486028#1->654297637#2,bus_bus,1933.00,5772.00,3839.00,1181.02,0.00,False,False
bus129.1,1214520072->-654297637#2,bus_bus,1107.00,5773.00,4666.00,1354.20,0.00,False,False
veh3427,40109290#0->509646052,veh_passenger,2298.00,5773.00,3475.00,1527.56,0.00,False,False
veh1933,1297720376#1->-10628444#1,veh_passenger,1297.00,5775.00,4478.00,343.25,0.00,False,False
veh5276,515126385#3->1233759524,veh_passenger,3536.00,5775.00,2239.00,1834.27,0.00,False,False
veh3234.1,-1068144849#1->437445539#0,veh_passenger,2171.00,5776.00,3605.00,2912.80,97.00,False,False
veh4930.1,232920697->-40297715#3,veh_passenger,3308.00,5777.00,2469.00,1260.28,0.00,False,False
veh5157,488788633#1->-413789558#1,veh_passenger,3457.00,5777.00,2320.00,417.36,0.00,False,False
veh3006.1,15420525->1233759524,veh_passenger,2019.00,5778.00,3759.00,1985.84,64.00,False,False
veh5240,1211151638->-450616334#1,veh_passenger,3739.00,5778.00,2039.00,548.61,0.00,False,False
veh1476,-39838691#0->1204070283#1,veh_passenger,990.00,5779.00,4789.00,1295.30,0.00,False,False
veh4428,1100626103#3->39920550#5,veh_passenger,2968.00,5780.00,2812.00,859.46,0.00,False,False
veh5157.1,488788633#1->-413789558#1,veh_passenger,3460.00,5780.00,2320.00,417.36,0.00,False,False
veh1436.1,39920550#4->40035606#0,veh_passenger,1078.00,5782.00,4704.00,691.30,0.00,False,False
veh3793.1,13909444#2->39920505#2,veh_passenger,2546.00,5782.00,3236.00,2213.06,0.00,False,False
veh3379.1,39920550#2->-1260485929#2,veh_passenger,2568.00,5783.00,3215.00,1125.18,0.00,False,False
bus418,1235501861#0->39920550#7,bus_bus,2509.00,5784.00,3275.00,569.24,0.00,False,False
veh2653,-401226926#1->10628429,veh_passenger,1779.00,5786.00,4007.00,1294.78,0.00,False,False
veh2387,-1335304386#1->39920550#3,veh_passenger,1601.00,5788.00,4187.00,454.71,0.00,False,False
veh4940,-40140017#1->515136608,veh_passenger,3311.00,5792.00,2481.00,2327.85,0.00,False,False
veh3765,1323097578->39920684#3,veh_passenger,2524.00,5794.00,3270.00,675.03,0.00,False,False
veh3352,47267007#2->460316444,veh_passenger,2247.00,5796.00,3549.00,1018.33,0.00,False,False
veh3369.1,9374529#1->-474143552#1,veh_passenger,2265.00,5796.00,3531.00,891.47,0.00,False,False
truck195,509646061->-1260485931#1,truck_truck,2341.00,5796.00,3455.00,1307.48,0.00,False,False
veh2783.1,475044040#2->39920550#11,veh_passenger,1869.00,5797.00,3928.00,819.21,2.00,False,False
bus198,-515123442#4->39838657#0,bus_bus,1189.00,5799.00,4610.00,975.03,0.00,False,False
veh4550,1064476624->1323097579#0,veh_passenger,3176.00,5803.00,2627.00,714.40,0.00,False,False
veh3765.1,1323097578->39920684#3,veh_passenger,2527.00,5804.00,3277.00,675.03,0.00,False,False
veh1645,15420537#1->9833223,veh_passenger,1104.00,5807.00,4703.00,2275.88,18.00,False,False
veh3060.1,-1074409256#0->-39921672,veh_passenger,2743.00,5809.00,3066.00,738.22,0.00,False,False
bus483,1075505400#1->-39921672,bus_bus,2899.00,5813.00,2914.00,1079.52,0.00,False,False
veh4699,169562956->1074409255#0,veh_passenger,3150.00,5813.00,2663.00,1489.05,0.00,False,False
bus281.1,13909444#5->-654297636,bus_bus,1693.00,5815.00,4122.00,2223.84,0.00,False,False
veh2036,47087366#0->564273553#1,veh_passenger,1366.00,5816.00,4450.00,1974.69,0.00,False,False
bus209,1118804248->-10628442#2,bus_bus,1255.00,5816.00,4561.00,2358.39,142.00,False,False
bus461,47087366#1->1335304371,bus_bus,2767.00,5817.00,3050.00,2004.34,0.00,False,False
truck222,1231065643->439836130#0,truck_truck,3506.00,5818.00,2312.00,1841.75,25.00,False,False
veh3910.1,39920505#8->-654297632#2,veh_passenger,3768.00,5819.00,2051.00,842.17,0.00,False,False
veh5114,238219446#0->-10628442#2,veh_passenger,3428.00,5819.00,2391.00,679.41,0.00,False,False
bus580,-499566577#0->-39838691#1,bus_bus,3481.00,5819.00,2338.00,1343.02,0.00,False,False
veh2612,-1335304371->-1214520079,veh_passenger,1752.00,5822.00,4070.00,1136.61,0.00,False,False
veh1708.1,-10628442#0->-654297632#2,veh_passenger,1149.00,5823.00,4674.00,927.78,0.00,False,False
veh2028,39920593#1->513272951#0,veh_passenger,3923.00,5824.00,1901.00,1301.91,0.00,False,False
veh2252,39921025#4->-39838691#5,veh_passenger,1667.00,5826.00,4159.00,1696.91,0.00,False,False
bus580.1,-499566577#0->-39838691#1,bus_bus,3487.00,5829.00,2342.00,1343.02,0.00,False,False
veh3540,1260485931#0->49224804#0,veh_passenger,2373.00,5837.00,3464.00,1293.35,0.00,False,False
veh2650,509646055->-40109290#4,veh_passenger,1777.00,5841.00,4064.00,1776.51,2353.00,False,False
veh2657.1,1421367508->47087993#1,veh_passenger,1784.00,5842.00,4058.00,1515.96,0.00,False,False
truck152.1,1074409255#1->654297629#0,truck_truck,1829.00,5846.00,4017.00,1272.66,0.00,False,False
veh3789.1,1234244926->39838520#3,veh_passenger,2543.00,5846.00,3303.00,655.83,0.00,False,False
veh5012,1214520074#1->-1335304386#1,veh_passenger,3360.00,5849.00,2489.00,2305.99,0.00,False,False
veh3910,39920505#8->-654297632#2,veh_passenger,3157.00,5854.00,2697.00,842.17,0.00,False,False
veh4693,521713925->40297715#3,veh_passenger,3146.00,5854.00,2708.00,1793.88,0.00,False,False
veh3341.1,490474063#2->40035904#1,veh_passenger,4732.00,5856.00,1124.00,552.97,605.00,False,False
veh4452,-1323097580#0->10629474#0,veh_passenger,2984.00,5857.00,2873.00,1272.79,0.00,False,False
veh1706,178702258#0->1125986378#1,veh_passenger,1145.00,5859.00,4714.00,696.11,0.00,False,False
veh5133.1,490474063#0->-1332638391#2,veh_passenger,3820.00,5861.00,2041.00,1479.23,303.00,False,False
veh3694,-39838630#1->-232920701,veh_passenger,4067.00,5865.00,1798.00,1735.48,0.00,False,False
veh3452,-40139708->72157794,veh_passenger,2314.00,5871.00,3557.00,699.51,0.00,False,False
veh4647.1,33683346#0->-40035606#3,veh_passenger,3118.00,5874.00,2756.00,796.71,0.00,False,False
veh1815,654297636->50323226,veh_passenger,1218.00,5875.00,4657.00,836.32,0.00,False,False
veh1815.1,654297636->50323226,veh_passenger,1230.00,5878.00,4648.00,836.32,0.00,False,False
veh4735.1,1125986385#1->1297720376#0,veh_passenger,3753.00,5878.00,2125.00,883.34,0.00,False,False
veh3437,50323229#14->-40138239#3,veh_passenger,2304.00,5879.00,3575.00,337.21,0.00,False,False
bus240,40115810#1->-1260485929#3,bus_bus,1441.00,5880.00,4439.00,564.68,0.00,False,False
veh3782,-654297635#0->50323226,veh_passenger,2694.00,5880.00,3186.00,784.15,0.00,False,False
bus303.1,39920011#3->654297629#0,bus_bus,1825.00,5881.00,4056.00,1325.76,0.00,False,False
bus179,39763700#2->1068144844,bus_bus,1075.00,5882.00,4807.00,2758.59,42.00,False,False
veh3437.1,50323229#14->-40138239#3,veh_passenger,2523.00,5884.00,3361.00,337.21,0.00,False,False
veh3883,515136607->-1068144848#1,veh_passenger,2603.00,5884.00,3281.00,755.29,3.00,False,False
bus287,488788637#0->11631594#0,bus_bus,1723.00,5885.00,4162.00,1416.21,0.00,False,False
veh1534,521704040->-238219449,veh_passenger,1029.00,5886.00,4857.00,1854.62,0.00,False,False
veh3359,-10629474#0->490474063#4,veh_passenger,2252.00,5888.00,3636.00,670.19,1015.00,False,False
veh4137,-1254633077#1->-40138239#2,veh_passenger,3994.00,5889.00,1895.00,273.06,0.00,False,False
veh1464,39838751#1->-10628430,veh_passenger,982.00,5890.00,4908.00,364.15,0.00,False,False
veh3155,-142741729#0->-40138239#3,veh_passenger,2115.00,5890.00,3775.00,908.05,3053.00,False,False
veh1819.1,-40036062#1->9833223,veh_passenger,1223.00,5891.00,4668.00,3208.47,2232.00,False,False
veh1414.1,-401226926#1->515126304,veh_passenger,952.00,5900.00,4948.00,2747.35,0.00,False,False
veh3727.1,513272950#1->40138239#2,veh_passenger,2500.00,5901.00,3401.00,2166.78,0.00,False,False
veh3044,-1125986378#0->-14924729#1,veh_passenger,2041.00,5902.00,3861.00,1038.90,0.00,False,False
veh2288.1,-40139708->47087993#3,veh_passenger,1537.00,5906.00,4369.00,2648.16,47.00,False,False
veh2288,-40139708->47087993#3,veh_passenger,1534.00,5907.00,4373.00,2648.16,47.00,False,False
truck190,39838691#9->1074409256#2,truck_truck,4340.00,5907.00,1567.00,246.60,0.00,False,False
veh4620,40297715#3->10748036,veh_passenger,3693.00,5908.00,2215.00,1551.13,0.00,False,False
veh3613.1,-39838530->9833223,veh_passenger,4391.00,5909.00,1518.00,1766.70,0.00,False,False
veh4528,33683346#0->1260485931#0,veh_passenger,3035.00,5910.00,2875.00,1095.10,0.00,False,False
veh2145,-10748036->47087992#4,veh_passenger,1439.00,5913.00,4474.00,2013.47,0.00,False,False
veh2497.1,39920011#3->1064476619,veh_passenger,1677.00,5914.00,4237.00,2188.39,0.00,False,False
veh5088,1068434200#0->511187808#4-AddedOnRampEdge,veh_passenger,3410.00,5915.00,2505.00,310.30,0.00,False,False
veh4389.1,238219446#1->511187808#4-AddedOnRampEdge,veh_passenger,2945.00,5917.00,2972.00,1402.10,0.00,False,False
veh3733.1,39921025#1->513272950#0,veh_passenger,2506.00,5925.00,3419.00,1105.45,0.00,False,False
veh3116,-1125986377#1->-40035904#1,veh_passenger,2800.00,5927.00,3127.00,1323.24,0.00,False,False
bus513.1,39920550#8->1292541108,bus_bus,3604.00,5930.00,2326.00,1476.35,0.00,False,False
veh2547.1,-1297720376#1->513272949,veh_passenger,1711.00,5937.00,4226.00,820.55,0.00,False,False
veh1542.1,-1335304373#2->39920593#5,veh_passenger,2769.00,5940.00,3171.00,415.55,0.00,False,False
veh3999,11635095-AddedOffRampEdge->40035606#2,veh_passenger,2681.00,5943.00,3262.00,2762.43,0.00,False,False
veh4743.1,10628442#1->1323097580#0,veh_passenger,3591.00,5943.00,2352.00,1444.92,0.00,False,False
veh1588.1,-39838657#3->1211151635#0,veh_passenger,1068.00,5945.00,4877.00,727.11,0.00,False,False
veh4408,1068144845#1->511187808#0,veh_passenger,2955.00,5947.00,2992.00,1727.76,662.00,False,False
veh1485,1214520076->-511187807,veh_passenger,996.00,5948.00,4952.00,289.43,0.00,False,False
veh4562,-488788629->14924729#2,veh_passenger,3058.00,5953.00,2895.00,1035.75,0.00,False,False
bus324,1064476624->838061038,bus_bus,1945.00,5955.00,4010.00,1532.02,0.00,False,False
bus435,1292578228->1196008691#1,bus_bus,4789.00,5955.00,1166.00,1098.87,0.00,False,False
bus334,15420537#2->-1326193809,bus_bus,2005.00,5956.00,3951.00,3029.55,1276.00,False,False
veh4887,499566577#0->509524270,veh_passenger,3276.00,5956.00,2680.00,1482.53,0.00,False,False
bus261,509646053#0->-40140017#1,bus_bus,1567.00,5964.00,4397.00,864.87,0.00,False,False
veh4707.1,1214520076->-730912750,veh_passenger,4281.00,5973.00,1692.00,1443.73,0.00,False,False
veh3369,9374529#1->-474143552#1,veh_passenger,2262.00,5974.00,3712.00,891.47,0.00,False,False
bus200,-1260485930#1->-730912750,bus_bus,1201.00,5975.00,4774.00,1953.40,0.00,False,False
truck299,-1273251150#1->39838751#0,truck_truck,3589.00,5977.00,2388.00,2154.60,0.00,False,False
truck227,1214520078->-401226926#1,truck_truck,2725.00,5980.00,3255.00,1739.49,0.00,False,False
veh1243,40035325#2->50323229#5,veh_passenger,1952.00,5981.00,4029.00,636.45,0.00,False,False
veh4085,178699051#1->666886085#0,veh_passenger,2783.00,5981.00,3198.00,216.14,0.00,False,False
bus238,10628444#1->39920593#5,bus_bus,1429.00,5982.00,4553.00,722.25,0.00,False,False
veh2465.1,488788626#2->1235501860,veh_passenger,3509.00,5989.00,2480.00,276.28,0.00,False,False
veh3506,39839521->24621218#1,veh_passenger,2351.00,5989.00,3638.00,174.30,0.00,False,False
veh3575.1,421846558#0->1067928306#0,veh_passenger,2398.00,5990.00,3592.00,1718.67,0.00,False,False
truck231,-1068916335->39920505#12,truck_truck,2773.00,5990.00,3217.00,488.11,0.00,False,False
veh3049,-142741729#0->39920505#7,veh_passenger,2044.00,5991.00,3947.00,750.56,1013.00,False,False
veh2446,-1237953494->178583148#1,veh_passenger,1640.00,5992.00,4352.00,1825.93,0.00,False,False
veh1626.1,761486028#1->1067928306#0,veh_passenger,1095.00,5993.00,4898.00,1964.37,0.00,False,False
veh2278,488788637#0->521708587#0,veh_passenger,1528.00,5994.00,4466.00,1079.71,0.00,False,False
bus379,-401226925#0->-1272337500,bus_bus,2275.00,5995.00,3720.00,504.97,0.00,False,False
veh4369.1,-40109290#5->49224804#0,veh_passenger,2932.00,5995.00,3063.00,825.10,0.00,False,False
veh5316,513272950#0->1067928306#0,veh_passenger,3563.00,5995.00,2432.00,1423.47,0.00,False,False
veh5233,1068144849#2->538432099,veh_passenger,3508.00,5999.00,2491.00,2339.01,39.00,False,False
veh1690,654297637#1->1068144845#2,veh_passenger,1134.00,6003.00,4869.00,2103.79,234.00,False,False
veh3762,-1125986377#1->1214520073#0,veh_passenger,4518.00,6003.00,1485.00,602.13,0.00,False,False
veh1869.1,39366819#0->-838061038,veh_passenger,1257.00,6006.00,4749.00,599.32,0.00,False,False
veh4533,-39838984#0->-856175964,veh_passenger,3039.00,6008.00,2969.00,657.86,0.00,False,False
bus575,39920684#2->1338361263,bus_bus,3451.00,6011.00,2560.00,704.12,0.00,False,False
bus392,8887999#2->39920505#11,bus_bus,2356.00,6014.00,3658.00,1557.90,0.00,False,False
veh4028.1,-40109290#3->40138239#1,veh_passenger,3557.00,6014.00,2457.00,401.94,0.00,False,False
veh3306,475044040#1->-449565665#2,veh_passenger,2217.00,6016.00,3799.00,1573.87,9.00,False,False
veh3845,-1222703384#1->499566574#0,veh_passenger,4468.00,6018.00,1550.00,731.20,0.00,False,False
veh3769.1,465144361->513272950#0,veh_passenger,2530.00,6021.00,3491.00,701.97,0.00,False,False
veh2625,40297715#2->1260481154,veh_passenger,1760.00,6022.00,4262.00,1430.02,0.00,False,False
veh2082,39920684#4->1234244925#2,veh_passenger,1396.00,6037.00,4641.00,1777.49,0.00,False,False
veh2799,-1254633077#1->-474143552#0,veh_passenger,2093.00,6037.00,3944.00,1205.85,392.00,False,False
veh2411,-40109290#5->-1273251150#0,veh_passenger,1617.00,6039.00,4422.00,533.66,0.00,False,False
veh2282.1,39763700#4->521704031#0,veh_passenger,1534.00,6040.00,4506.00,746.47,0.00,False,False
veh2178.1,47087992#2->1260485929#1,veh_passenger,1466.00,6041.00,4575.00,2062.56,789.00,False,False
veh2411.1,-40109290#5->-1273251150#0,veh_passenger,1620.00,6041.00,4421.00,533.66,0.00,False,False
veh4060,39763700#3->12247569,veh_passenger,2722.00,6043.00,3321.00,723.52,0.00,False,False
veh3102.1,50323229#10->-1297720376#0,veh_passenger,3231.00,6045.00,2814.00,1232.43,1141.00,False,False
veh2373,1254816453#1->39920011#1,veh_passenger,1591.00,6048.00,4457.00,1826.63,236.00,False,False
veh3221,39921025#6->975216744,veh_passenger,2160.00,6048.00,3888.00,1914.80,0.00,False,False
veh3413.1,511187807->1214520074#1,veh_passenger,2291.00,6051.00,3760.00,513.16,0.00,False,False
veh1990,-39838691#8->515126385#4,veh_passenger,1335.00,6054.00,4719.00,1476.25,0.00,False,False
bus420,488788637#0->654297632#2,bus_bus,3196.00,6055.00,2859.00,426.07,0.00,False,False
veh1855.1,178583144->-1125986379#0,veh_passenger,1247.00,6059.00,4812.00,1498.29,0.00,False,False
veh2957,40035325#2->-40035992,veh_passenger,2030.00,6059.00,4029.00,818.04,1731.00,False,False
bus479,1234244925#2->-50323229#10,bus_bus,2875.00,6060.00,3185.00,1872.67,0.00,False,False
veh5358,1260485932->178583145,veh_passenger,3591.00,6060.00,2469.00,1774.51,0.00,False,False
veh2849,1222181934->-10748045#2,veh_passenger,1910.00,6064.00,4154.00,1566.21,0.00,False,False
veh4364,509646057#0->-1260485931#1,veh_passenger,2925.00,6066.00,3141.00,1214.78,0.00,False,False
veh4489.1,-1125986375#0->40035904#2,veh_passenger,3012.00,6066.00,3054.00,1858.94,0.00,False,False
veh1636.1,1332638391#1->238219449,veh_passenger,1101.00,6067.00,4966.00,1351.53,0.00,False,False
veh2498,488788626#3->465144361,veh_passenger,3769.00,6067.00,2298.00,103.75,0.00,False,False
bus425,490474063#0->515136604,bus_bus,3046.00,6069.00,3023.00,2764.49,304.00,False,False
veh3836,-653860562->-1125986377#0,veh_passenger,2572.00,6070.00,3498.00,848.47,0.00,False,False
veh3862,-1260485929#1->-1260485931#0,veh_passenger,2589.00,6070.00,3481.00,923.57,0.00,False,False
veh3156.1,-39920593#6->-761486028#0,veh_passenger,2280.00,6071.00,3791.00,1359.43,0.00,False,False
truck195.1,509646061->-1260485931#1,truck_truck,2345.00,6074.00,3729.00,1307.48,0.00,False,False
veh4321,-33683458#2->1222181934,veh_passenger,2897.00,6079.00,3182.00,1627.41,0.00,False,False
veh3032.1,-1254633077#0->1235754993#1,veh_passenger,2036.00,6080.00,4044.00,1460.84,0.00,False,False
veh5039,1067953247#1->511409187,veh_passenger,3378.00,6083.00,2705.00,1341.34,0.00,False,False
veh2891,-39838691#6->1068434256#0,veh_passenger,1938.00,6084.00,4146.00,387.67,0.00,False,False
veh4144,39920550#10->11631594#1,veh_passenger,2778.00,6084.00,3306.00,380.02,0.00,False,False
veh4032.1,39763700#4->1068434256#1,veh_passenger,2706.00,6087.00,3381.00,581.95,0.00,False,False
veh3577,14924729#0->238219446#1,veh_passenger,4904.00,6091.00,1187.00,1189.59,0.00,False,False
bus355,405382146#0->40109290#1,bus_bus,2131.00,6100.00,3969.00,2448.71,0.00,False,False
bus528,1067852461->475044040#3,bus_bus,5084.00,6101.00,1017.00,785.15,0.00,False,False
veh2838,178699051#1->1068144848#0,veh_passenger,1903.00,6106.00,4203.00,2154.59,7.00,False,False
veh4004.1,509647505->1064476624,veh_passenger,2687.00,6109.00,3422.00,1702.28,0.00,False,False
veh1853,39921025#3->39920684#0,veh_passenger,1243.00,6110.00,4867.00,770.38,0.00,False,False
veh4130.1,24576913#0->47087993#1,veh_passenger,3150.00,6111.00,2961.00,2095.95,0.00,False,False
veh4446,490474063#3->-39920593#2,veh_passenger,5645.00,6111.00,466.00,190.92,305.00,False,False
bus478,40138633#0->-474143552#6,bus_bus,2869.00,6114.00,3245.00,1284.06,610.00,False,False
veh4326,-437445539#0->499566574#3,veh_passenger,2900.00,6119.00,3219.00,3167.39,0.00,False,False
veh4684,178583155->1214520074#5,veh_passenger,3140.00,6124.00,2984.00,1761.40,0.00,False,False
veh3228.1,1292578260->1125986377#0,veh_passenger,2167.00,6125.00,3958.00,1033.04,0.00,False,False
bus225,-1068144845#3->14924729#0,bus_bus,1351.00,6127.00,4776.00,1203.82,20.00,False,False
veh2172,-24576913#0->1260485931#0,veh_passenger,1792.00,6129.00,4337.00,1206.67,0.00,False,False
veh4526,513082638->1125986377#0,veh_passenger,3034.00,6131.00,3097.00,2509.52,347.00,False,False
veh2622,11635095->1064476618#1,veh_passenger,1758.00,6134.00,4376.00,2919.21,0.00,False,False
veh4271,1068144845#1->1064476620#3,veh_passenger,2863.00,6135.00,3272.00,3067.14,314.00,False,False
bus374.1,39921025#8->515126385#4,bus_bus,2251.00,6136.00,3885.00,2320.38,0.00,False,False
veh1779,47087993#6->39920550#0,veh_passenger,1193.00,6141.00,4948.00,2197.68,77.00,False,False
veh2442,-1323097580#1->39838984#1,veh_passenger,1638.00,6143.00,4505.00,2118.02,0.00,False,False
veh4192,856175962->-1226645407,veh_passenger,2810.00,6143.00,3333.00,1360.24,0.00,False,False
bus490,1068434235->39920550#0,bus_bus,2941.00,6144.00,3203.00,1575.31,0.00,False,False
veh4291.1,511409856#1->1254816442,veh_passenger,2879.00,6152.00,3273.00,943.94,0.00,False,False
truck241,654530820#1->-47224972#0,truck_truck,2893.00,6153.00,3260.00,2022.88,0.00,False,False
veh3411,1290439820->-1272337500,veh_passenger,2290.00,6154.00,3864.00,1432.23,0.00,False,False
veh5190,1207401652#1->-116783847,veh_passenger,3479.00,6156.00,2677.00,1691.80,0.00,False,False
bus573,488788626#0->39920550#3,bus_bus,4541.00,6159.00,1618.00,740.20,0.00,False,False
veh2925,10628429->515123442#4,veh_passenger,1961.00,6161.00,4200.00,1007.21,0.00,False,False
veh3088,9704194#0->-238219441#0,veh_passenger,2070.00,6162.00,4092.00,1260.54,0.00,False,False
veh4641.1,47087993#1->-654297634,veh_passenger,3112.00,6164.00,3052.00,2212.82,977.00,False,False
veh4646,-1067928307#3->509524225,veh_passenger,3114.00,6168.00,3054.00,1191.46,0.00,False,False
bus190,1335304374->-1131969257,bus_bus,1141.00,6169.00,5028.00,1390.85,456.00,False,False
veh4886.1,40035606#3->-654297630,veh_passenger,4280.00,6170.00,1890.00,1396.37,0.00,False,False
bus251.1,40036009#3->1222703383,bus_bus,1512.00,6174.00,4662.00,755.05,0.00,False,False
bus162,-515130026#1->40115810#0,bus_bus,973.00,6179.00,5206.00,1329.99,0.00,False,False
truck171,-10250021#2->564273553#1,truck_truck,4225.00,6179.00,1954.00,1115.03,0.00,False,False
veh5028,47225638#0->1068434207,veh_passenger,3370.00,6179.00,2809.00,1520.74,0.00,False,False
veh3439,-178723097#1->1068916338,veh_passenger,4300.00,6181.00,1881.00,505.44,0.00,False,False
veh2544,1074409255#2->-10748045#0,veh_passenger,1706.00,6182.00,4476.00,1319.80,0.00,False,False
veh4511,50323229#15->-10748045#0,veh_passenger,3368.00,6184.00,2816.00,489.74,0.00,False,False
veh2017,479863106#2->-1226645410,veh_passenger,1353.00,6189.00,4836.00,1405.43,0.00,False,False
veh4034.1,428730813#3->428730818#3,veh_passenger,2707.00,6190.00,3483.00,353.13,0.00,False,False
veh4403.1,39366819#0->-1297720367,veh_passenger,2956.00,6195.00,3239.00,1069.00,0.00,False,False
veh2965,-178723097#1->1234244927#0,veh_passenger,2460.00,6203.00,3743.00,775.06,0.00,False,False
veh3222.1,-687878722#1->178702251,veh_passenger,2164.00,6205.00,4041.00,2260.61,55.00,False,False
veh2120,39920550#10->-1326193810,veh_passenger,1422.00,6206.00,4784.00,1074.58,0.00,False,False
veh4028,-40109290#3->40138239#1,veh_passenger,2950.00,6206.00,3256.00,401.94,0.00,False,False
veh1540.1,39920684#1->1074771163#1-AddedOffRampEdge,veh_passenger,1036.00,6208.00,5172.00,1715.48,0.00,False,False
veh2120.1,39920550#10->-1326193810,veh_passenger,1444.00,6208.00,4764.00,1074.58,0.00,False,False
veh2348.1,-1211151638->1075505400#1,veh_passenger,1944.00,6211.00,4267.00,1246.18,0.00,False,False
veh3067,40140017#0->39920593#3,veh_passenger,2056.00,6212.00,4156.00,765.17,0.00,False,False
veh2348,-1211151638->1075505400#1,veh_passenger,1575.00,6215.00,4640.00,1246.18,0.00,False,False
veh1034,1335304386#1->1075505400#3,veh_passenger,968.00,6219.00,5251.00,1771.97,0.00,False,False
veh2540,1214520079->475044040#2,veh_passenger,2595.00,6219.00,3624.00,1236.16,0.00,False,False
veh2367,1326193809->488788626#3,veh_passenger,1587.00,6222.00,4635.00,1013.66,0.00,False,False
bus578,-40140017#1->-474143552#5,bus_bus,4289.00,6223.00,1934.00,1131.36,0.00,False,False
bus224,-515126385#3->-1273405490,bus_bus,1345.00,6225.00,4880.00,2337.53,0.00,False,False
veh2004,1335304376#1->178699056#0,veh_passenger,1344.00,6227.00,4883.00,1932.07,0.00,False,False
bus310,1297720376#1->-1273251151,bus_bus,1861.00,6227.00,4366.00,1090.62,0.00,False,False
veh4900,-654297630->488788626#2,veh_passenger,3284.00,6229.00,2945.00,607.96,0.00,False,False
bus454,-515126385#1->-40138239#2,bus_bus,2725.00,6231.00,3506.00,2631.03,0.00,False,False
veh1329,511187818->39920550#10,veh_passenger,903.00,6232.00,5329.00,1009.15,0.00,False,False
veh1535,12247568#0->-1125986406#0,veh_passenger,1030.00,6232.00,5202.00,1683.39,0.00,False,False
bus509.1,39920550#13->-654297633,bus_bus,3061.00,6232.00,3171.00,1612.18,0.00,False,False
veh1817,488788626#1->1064476620#0,veh_passenger,1219.00,6235.00,5016.00,1179.03,1571.00,False,False
veh4940.1,-40140017#1->515136608,veh_passenger,3314.00,6235.00,2921.00,2327.85,0.00,False,False
veh4058.1,521708587#0->511187815,veh_passenger,2723.00,6239.00,3516.00,1417.01,0.00,False,False
veh4050.1,1273251150#1->12247568#1,veh_passenger,2718.00,6241.00,3523.00,3109.31,0.00,False,False
veh1606,1064476620#2->509647506,veh_passenger,1078.00,6242.00,5164.00,1220.95,0.00,False,False
veh1478,499566574#2->1067953239#0,veh_passenger,992.00,6243.00,5251.00,605.28,0.00,False,False
veh2748,39921025#2->39920593#3,veh_passenger,1843.00,6249.00,4406.00,720.32,0.00,False,False
truck187.1,131671623->515130026#1,truck_truck,2249.00,6252.00,4003.00,1930.55,0.00,False,False
bus228,39838751#2->437445541#2,bus_bus,1369.00,6257.00,4888.00,1474.31,0.00,False,False
veh3138,475044040#3->40140017#2,veh_passenger,2104.00,6260.00,4156.00,626.39,0.00,False,False
veh2247,1335304386#1->-449565665#0,veh_passenger,2436.00,6261.00,3825.00,1132.83,0.00,False,False
veh2866,474143552#4->1068434208#0,veh_passenger,2296.00,6264.00,3968.00,1364.74,0.00,False,False
veh2276.1,856175964->451728952#3,veh_passenger,1529.00,6266.00,4737.00,1306.65,0.00,False,False
veh1943,40035325#0->1064476618#1,veh_passenger,1977.00,6271.00,4294.00,1203.10,0.00,False,False
veh4294,40139708->1298335704#0,veh_passenger,2878.00,6273.00,3395.00,1309.81,0.00,False,False
veh5329.1,39838691#0->515123442#1,veh_passenger,3575.00,6277.00,2702.00,784.72,0.00,False,False
veh1562.1,1125986379#0->-1214520076,veh_passenger,1051.00,6278.00,5227.00,698.59,0.00,False,False
veh4542,975216739->-39838691#3,veh_passenger,3045.00,6278.00,3233.00,1288.10,1681.00,False,False
truck160,-1068144848#0->-450616334#1,truck_truck,1921.00,6279.00,4358.00,1722.28,75.00,False,False
veh3382,1222703384#1->-40036009#2,veh_passenger,2267.00,6282.00,4015.00,1093.23,0.00,False,False
veh3687,40036062#0->178583140#0,veh_passenger,2472.00,6283.00,3811.00,1137.85,0.00,False,False
veh5062.1,1214520077->838061038,veh_passenger,3410.00,6283.00,2873.00,742.02,0.00,False,False
veh2071.1,-39838691#3->-1297720376#1,veh_passenger,1391.00,6285.00,4894.00,1114.07,0.00,False,False
truck160.1,-1068144848#0->-450616334#1,truck_truck,1926.00,6285.00,4359.00,1722.28,76.00,False,False
veh2154.1,1260485931#1->50323229#6,veh_passenger,1453.00,6289.00,4836.00,959.59,0.00,False,False
veh3845.1,-1222703384#1->499566574#0,veh_passenger,4473.00,6289.00,1816.00,731.20,0.00,False,False
veh1237,24576913#1->-40036009#0,veh_passenger,908.00,6290.00,5382.00,2046.93,0.00,False,False
veh2862,-1322916760#2->-40036009#3,veh_passenger,1919.00,6291.00,4372.00,2780.94,26.00,False,False
veh1390,33683458#2->40109290#5,veh_passenger,3118.00,6292.00,3174.00,466.41,0.00,False,False
veh2726,39920011#1->1214520074#6,veh_passenger,1828.00,6293.00,4465.00,2324.66,0.00,False,False
veh4430,33683346#2->1323097580#0,veh_passenger,2970.00,6294.00,3324.00,1586.50,0.00,False,False
veh2375,1100626087->39920505#12,veh_passenger,1593.00,6295.00,4702.00,1056.92,0.00,False,False
veh3158,1222181936->-40138633#0,veh_passenger,2117.00,6299.00,4182.00,1940.46,0.00,False,False
veh3256.1,39920550#2->-10629474#1,veh_passenger,2220.00,6299.00,4079.00,944.33,0.00,False,False
veh1950,10250021#2->40140141#9,veh_passenger,1308.00,6300.00,4992.00,1432.58,0.00,False,False
veh3427.1,40109290#0->509646052,veh_passenger,2301.00,6300.00,3999.00,1527.56,0.00,False,False
veh3628,511187808#0->1214520071,veh_passenger,2432.00,6300.00,3868.00,866.25,0.00,False,False
