vehID,routeKey,class,depart,arrival,travel_time,distance_m,on_express_s,admitted,denied
veh1384,654297629#6->564273553#0,veh_passenger,929.00,943.00,14.00,22.74,0.00,False,False
bus160,40140017#1->10629474#1,bus_bus,961.00,997.00,36.00,252.35,0.00,False,False
veh1383,24577455#0->465144361,veh_passenger,928.00,998.00,70.00,288.87,0.00,False,False
veh1493,1196008692#1->178583167#0,veh_passenger,1002.00,1021.00,19.00,189.73,0.00,False,False
veh1346,39920550#6->33683346#0,veh_passenger,903.00,1022.00,119.00,1043.86,0.00,False,False
veh1411,11635067->335802672,veh_passenger,947.00,1036.00,89.00,1704.60,0.00,False,False
veh957,511404874#0->515123439,veh_passenger,914.00,1041.00,127.00,859.10,0.00,False,False
veh1500,40140141#2->-257421487#0,veh_passenger,1006.00,1074.00,68.00,609.40,0.00,False,False
veh1390,33683458#2->40109290#5,veh_passenger,958.00,1094.00,136.00,483.86,0.00,False,False
veh1358,39920593#5->-1323097580#1,veh_passenger,911.00,1100.00,189.00,579.34,0.00,False,False
veh1563,-50323229#2->1273251150#1,veh_passenger,1049.00,1105.00,56.00,346.03,0.00,False,False
bus165,40297715#3->39920550#4,bus_bus,991.00,1107.00,116.00,290.50,0.00,False,False
veh1587,240666069#0->428730800,veh_passenger,1065.00,1109.00,44.00,565.24,0.00,False,False
veh1573,40140141#6->-169562956,veh_passenger,1055.00,1121.00,66.00,687.13,0.00,False,False
veh1367,1337646271#0->515130026#0,veh_passenger,917.00,1124.00,207.00,1295.03,0.00,False,False
bus164,142741729#1->40139504#1,bus_bus,985.00,1139.00,154.00,568.58,0.00,False,False
bus187,428730793#0->460316444,bus_bus,1123.00,1143.00,20.00,181.64,0.00,False,False
veh1693,-40109290#3->-50323229#13,veh_passenger,1136.00,1161.00,25.00,53.08,0.00,False,False
veh1366,515126385#1->40140141#7,veh_passenger,917.00,1166.00,249.00,2045.66,0.00,False,False
veh1649,39763700#0->39838657#2,veh_passenger,1106.00,1171.00,65.00,790.81,0.00,False,False
veh1566,40140141#0->-240666072#1,veh_passenger,1051.00,1186.00,135.00,654.14,0.00,False,False
veh1756,1323097580#0->1323097580#0,veh_passenger,1179.00,1186.00,7.00,49.61,0.00,False,False
bus152,-1068144848#1->-428730807,bus_bus,913.00,1187.00,274.00,1143.03,0.00,False,False
veh1664,8887999#1->47225638#0,veh_passenger,1116.00,1187.00,71.00,957.11,0.00,False,False
veh1542,-1335304373#2->39920593#5,veh_passenger,1035.00,1189.00,154.00,626.50,0.00,False,False
veh1464,39838751#1->-10628430,veh_passenger,982.00,1213.00,231.00,364.15,0.00,False,False
veh1438,1226645411->1211151635#1,veh_passenger,965.00,1222.00,257.00,2633.21,0.00,False,False
veh1420,-1068144845#4->47267010,veh_passenger,953.00,1225.00,272.00,2190.69,0.00,False,False
veh1811,-1254633077#1->-50323229#14,veh_passenger,1215.00,1229.00,14.00,86.80,0.00,False,False
veh1596,40139504#1->654297630,veh_passenger,1071.00,1235.00,164.00,710.52,0.00,False,False
veh1510,-1332638368#2->1421367508,veh_passenger,1013.00,1241.00,228.00,862.54,0.00,False,False
truck95,1214520074#5->-12247568#1,truck_truck,1141.00,1282.00,141.00,1159.71,0.00,False,False
truck76,-488788633#2->-39838691#3,truck_truck,913.00,1283.00,370.00,1234.36,0.00,False,False
veh1505,1335304375->-474143552#6,veh_passenger,1010.00,1283.00,273.00,493.31,0.00,False,False
veh1557,1335304376#1->39920550#2,veh_passenger,1045.00,1283.00,238.00,852.32,0.00,False,False
veh1656,515124966->-450616334#0,veh_passenger,1113.00,1285.00,172.00,1136.71,0.00,False,False
veh1740,-1125986406#0->967985513#2,veh_passenger,1167.00,1293.00,126.00,1175.09,0.00,False,False
veh1830,-169562956->-1260485931#0,veh_passenger,1228.00,1297.00,69.00,726.42,0.00,False,False
veh1525,475044040#4->-238219449,veh_passenger,1183.00,1300.00,117.00,484.27,0.00,False,False
veh1538,47087992#0->240666069#2,veh_passenger,1032.00,1306.00,274.00,2242.99,0.00,False,False
veh1547,39920011#1->-40036009#2,veh_passenger,1038.00,1307.00,269.00,1323.53,0.00,False,False
veh1776,-33683346#0->1326193809,veh_passenger,1191.00,1317.00,126.00,470.56,0.00,False,False
veh1467,1332638368#2->47087992#3,veh_passenger,984.00,1319.00,335.00,1452.81,0.00,False,False
veh1377,1211151635#0->1214520074#2,veh_passenger,926.00,1320.00,394.00,1239.98,0.00,False,False
veh1610,1064476620#3->-654297637#1,veh_passenger,1080.00,1321.00,241.00,546.13,0.00,False,False
veh1879,-39921672->72157794,veh_passenger,1260.00,1341.00,81.00,521.96,0.00,False,False
veh1820,47224972#1->1118804256#0,veh_passenger,1221.00,1347.00,126.00,1669.72,0.00,False,False
veh1423,-687878722#0->488788636#0,veh_passenger,955.00,1355.00,400.00,954.49,0.00,False,False
veh1903,1067928305#0->1015424648,veh_passenger,1277.00,1366.00,89.00,945.68,0.00,False,False
veh1907,40297715#2->39920593#5,veh_passenger,1279.00,1367.00,88.00,180.06,0.00,False,False
veh1558,178699058->-1015424648,veh_passenger,1045.00,1379.00,334.00,2377.45,0.00,False,False
truck84,1214520075->1074771170,truck_truck,1019.00,1385.00,366.00,983.71,0.00,False,False
veh1645,15420537#1->9833223,veh_passenger,1104.00,1391.00,287.00,2275.88,0.00,False,False
veh2034,465144361->1235754993#1,veh_passenger,1379.00,1399.00,20.00,209.69,0.00,False,False
veh2075,-39838691#10->-39838691#8,veh_passenger,1392.00,1402.00,10.00,71.68,0.00,False,False
veh1452,1298335703->511405572,veh_passenger,974.00,1419.00,445.00,917.29,0.00,False,False
veh1721,178699049->178583153-AddedOnRampEdge,veh_passenger,1155.00,1437.00,282.00,4114.60,0.00,False,False
veh2121,39366819#0->39838691#5,veh_passenger,1423.00,1458.00,35.00,326.94,0.00,False,False
veh2117,513082635#0->515123442#4,veh_passenger,1420.00,1462.00,42.00,710.95,0.00,False,False
veh1875,-39838691#2->240666069#1,veh_passenger,1258.00,1468.00,210.00,1495.93,0.00,False,False
veh2202,15419971#0->15419971#1,veh_passenger,1477.00,1487.00,10.00,94.37,0.00,False,False
veh1847,515136603->1337115429,veh_passenger,1239.00,1489.00,250.00,2524.80,0.00,False,False
veh1773,-224146621->-47267007#2,veh_passenger,1189.00,1495.00,306.00,2221.05,0.00,False,False
veh1948,-1204070283#0->178441748#1,veh_passenger,1310.00,1495.00,185.00,1167.33,0.00,False,False
veh2114,39838657#1->-564273553#3,veh_passenger,1418.00,1495.00,77.00,413.26,0.00,False,False
veh2062,39920505#6->33683346#3,veh_passenger,1383.00,1497.00,114.00,828.94,0.00,False,False
veh1417,-401226926#0->238219446#1,veh_passenger,951.00,1504.00,553.00,962.11,0.00,False,False
veh2107,1196008692#1->900399275,veh_passenger,1413.00,1510.00,97.00,2158.83,0.00,False,False
veh2098,-39920593#2->40138239#4,veh_passenger,1407.00,1514.00,107.00,583.80,0.00,False,False
veh1996,515138054->178702239#0,veh_passenger,1339.00,1515.00,176.00,2368.66,0.00,False,False
veh1927,1068144848#1->1100626097,veh_passenger,1293.00,1538.00,245.00,1320.35,0.00,False,False
veh1913,47053612->-1322916760#1,veh_passenger,1283.00,1550.00,267.00,2431.23,0.00,False,False
veh2079,-654297633->-1260485930#1,veh_passenger,1394.00,1551.00,157.00,895.16,0.00,False,False
veh2120,39920550#10->-1326193810,veh_passenger,1422.00,1554.00,132.00,1074.58,0.00,False,False
veh2101,-40139504#1->1064476618#0,veh_passenger,1409.00,1556.00,147.00,568.87,0.00,False,False
veh2095,178441748#0->-474143552#0,veh_passenger,1405.00,1558.00,153.00,532.90,0.00,False,False
veh2093,-238219441#2->1260485931#1,veh_passenger,1404.00,1590.00,186.00,795.79,0.00,False,False
veh2153,1214520078->-1125986378#1,veh_passenger,1444.00,1602.00,158.00,739.82,0.00,False,False
veh2251,499566573->654297633,veh_passenger,1510.00,1603.00,93.00,377.95,0.00,False,False
veh1698,1290439818->178699051#1,veh_passenger,1139.00,1640.00,501.00,594.25,0.00,False,False
veh2363,-238219441#2->-40140017#1,veh_passenger,1585.00,1646.00,61.00,325.19,0.00,False,False
bus263,1068144846#2->513082638,bus_bus,1579.00,1655.00,76.00,566.20,0.00,False,False
veh2159,1214520074#0->1068144845#2,veh_passenger,1448.00,1656.00,208.00,1884.14,0.00,False,False
veh2164,-240666072#2->47267007#1,veh_passenger,1451.00,1665.00,214.00,2061.32,0.00,False,False
bus206,1211151640->515130026#0,bus_bus,1237.00,1680.00,443.00,1498.36,0.00,False,False
veh2461,1273251150#1->-40138633#2,veh_passenger,1650.00,1682.00,32.00,211.75,0.00,False,False
veh1599,1100626087->39921025#6,veh_passenger,1073.00,1685.00,612.00,1147.35,0.00,False,False
veh2379,511404877->-1067928305#1,veh_passenger,1595.00,1687.00,92.00,1104.60,0.00,False,False
veh1471,11635095->-1067928307#2,veh_passenger,987.00,1709.00,722.00,2246.44,0.00,False,False
veh2397,-451728952#1->-1068144848#1,veh_passenger,1607.00,1711.00,104.00,569.92,0.00,False,False
veh1574,381945551->-428730813#3,veh_passenger,1056.00,1716.00,660.00,631.55,0.00,False,False
veh2472,-33683458#1->-39920593#1,veh_passenger,1658.00,1733.00,75.00,389.32,0.00,False,False
veh1708,-10628442#0->-654297632#2,veh_passenger,1146.00,1738.00,592.00,657.59,0.00,False,False
veh1878,1235754993#1->1201484855,veh_passenger,1260.00,1738.00,478.00,430.39,0.00,False,False
veh2493,-451728952#3->488786523,veh_passenger,1672.00,1739.00,67.00,627.21,0.00,False,False
veh2310,515136608->1068144845#2,veh_passenger,1549.00,1741.00,192.00,1396.38,0.00,False,False
veh2170,515130027->482569917#1,veh_passenger,1455.00,1747.00,292.00,1568.23,0.00,False,False
veh1424,1068144845#4->83563455,veh_passenger,956.00,1749.00,793.00,2781.37,0.00,False,False
veh1926,15419875#0->39920222,veh_passenger,1292.00,1751.00,459.00,964.62,0.00,False,False
veh1478,499566574#2->1067953239#0,veh_passenger,992.00,1752.00,760.00,605.28,0.00,False,False
bus180,488788630#2->437445539#0,bus_bus,1361.00,1752.00,391.00,514.44,0.00,False,False
veh2338,1337646270->12247568#1,veh_passenger,1570.00,1753.00,183.00,1047.27,0.00,False,False
veh1517,-1125986386->511187808#3,veh_passenger,1018.00,1781.00,763.00,695.04,0.00,False,False
bus184,509524271->-1255099069,bus_bus,1259.00,1795.00,536.00,926.96,0.00,False,False
veh2529,1298335703->47087993#5,veh_passenger,1696.00,1796.00,100.00,1158.76,0.00,False,False
veh1752,-488788630#1->-428730813#3,veh_passenger,1175.00,1825.00,650.00,459.46,0.00,False,False
veh2237,232920701->1211151638,veh_passenger,1500.00,1835.00,335.00,2519.72,0.00,False,False
veh1413,24576922#2->1100626103#3,veh_passenger,948.00,1837.00,889.00,754.06,0.00,False,False
veh1372,488788630#1->-39838630#3,veh_passenger,921.00,1845.00,924.00,1847.27,0.00,False,False
veh1519,1125986374->1254816452,veh_passenger,1019.00,1850.00,831.00,508.07,0.00,False,False
bus212,15419906#0->24577455#1,bus_bus,1273.00,1851.00,578.00,1031.92,0.00,False,False
veh2617,13909444#5->-451728952#1,veh_passenger,1755.00,1855.00,100.00,750.59,0.00,False,False
veh1687,178699054->178702239#0,veh_passenger,1151.00,1861.00,710.00,3102.33,0.00,False,False
veh2633,12262310#0-AddedOffRampEdge->178702239#0-AddedOnRampEdge,veh_passenger,1766.00,1875.00,109.00,1175.27,0.00,False,False
veh1508,515130026#1->509524271,veh_passenger,1012.00,1885.00,873.00,775.83,0.00,False,False
veh1581,39920550#13->687878725,veh_passenger,1061.00,1898.00,837.00,2334.50,0.00,False,False
veh1378,1068916335->10628442#3,veh_passenger,925.00,1900.00,975.00,631.10,0.00,False,False
veh1398,511404874#1->-39838691#7,veh_passenger,938.00,1901.00,963.00,1989.65,0.00,False,False
veh1588,-39838657#3->1211151635#0,veh_passenger,1065.00,1901.00,836.00,727.11,0.00,False,False
truck142,1068144847->515126385#4,truck_truck,1705.00,1905.00,200.00,849.30,0.00,False,False
veh1329,511187818->39920550#10,veh_passenger,912.00,1909.00,997.00,1009.15,0.00,False,False
veh1522,-428730813#1->1214520075,veh_passenger,1021.00,1910.00,889.00,1735.43,0.00,False,False
veh1660,-1254816454->39921025#3,veh_passenger,1114.00,1917.00,803.00,792.25,0.00,False,False
veh1968,1068434168->1068434256#0,veh_passenger,1325.00,1936.00,611.00,158.43,0.00,False,False
truck132,1332638368#1->515136604,truck_truck,1585.00,1940.00,355.00,2168.59,0.00,False,False
veh2892,40036009#2->40036009#2,veh_passenger,1939.00,1942.00,3.00,13.29,0.00,False,False
veh2126,479863106#0->511404874#1,veh_passenger,1426.00,1943.00,517.00,321.78,0.00,False,False
veh1453,24576913#0->666886081,veh_passenger,975.00,1990.00,1015.00,1058.31,0.00,False,False
bus156,654297629#1->-178702258#1,bus_bus,937.00,1996.00,1059.00,984.73,0.00,False,False
veh2109,-437445540->1337646271#0,veh_passenger,1415.00,2008.00,593.00,1768.50,0.00,False,False
veh2847,521701858->39838882,veh_passenger,1909.00,2010.00,101.00,652.33,0.00,False,False
bus155,9374529#1->142741729#1,bus_bus,931.00,2012.00,1081.00,724.11,0.00,False,False
veh1359,1075505400#2->178583148#2-AddedOnRampEdge,veh_passenger,912.00,2019.00,1107.00,1555.71,0.00,False,False
veh1368,479863106#1->39921673#0,veh_passenger,918.00,2021.00,1103.00,698.54,0.00,False,False
veh2812,-1323097577->33683346#2,veh_passenger,1886.00,2025.00,139.00,341.42,0.00,False,False
veh2648,40036062#0->-33683346#2,veh_passenger,1776.00,2029.00,253.00,590.91,0.00,False,False
veh1864,40035325#2->-40140017#1,veh_passenger,1250.00,2037.00,787.00,628.88,0.00,False,False
bus158,71269782->-654297629#1,bus_bus,949.00,2041.00,1092.00,424.28,0.00,False,False
veh2700,68574202->-413789558#0,veh_passenger,1810.00,2051.00,241.00,1815.52,0.00,False,False
veh2234,513272950#1->1118804256#0,veh_passenger,1498.00,2066.00,568.00,1623.01,0.00,False,False
veh2548,422842976->-1214520079,veh_passenger,1709.00,2077.00,368.00,110.75,0.00,False,False
veh1524,479863106#0->39920505#9,veh_passenger,1023.00,2087.00,1064.00,1160.69,0.00,False,False
veh1591,761486028#0->856175964,veh_passenger,1067.00,2099.00,1032.00,396.85,0.00,False,False
veh3121,515123442#1->515123442#2,veh_passenger,2093.00,2101.00,8.00,57.99,0.00,False,False
veh3054,-1323097580#1->11631594#2,veh_passenger,2048.00,2102.00,54.00,269.69,0.00,False,False
veh1482,1075505400#0->515130027,veh_passenger,994.00,2110.00,1116.00,2038.50,0.00,False,False
veh1882,142741729#1->40297715#3,veh_passenger,1262.00,2110.00,848.00,1088.78,0.00,False,False
veh1629,1421367508->11635146#0-AddedOffRampEdge,veh_passenger,1093.00,2113.00,1020.00,1850.94,0.00,False,False
veh2670,178699049->451728952#4,veh_passenger,1790.00,2118.00,328.00,3132.42,0.00,False,False
veh1579,509524227#0->24621218#1,veh_passenger,1161.00,2119.00,958.00,1850.14,0.00,False,False
truck73,-511187818->515136604,truck_truck,912.00,2122.00,1210.00,1959.42,0.00,False,False
veh1427,39921025#5->50323229#15,veh_passenger,958.00,2125.00,1167.00,1555.54,0.00,False,False
veh1769,39920550#2->-900279886,veh_passenger,1187.00,2135.00,948.00,463.95,0.00,False,False
veh3055,39920593#1->-40035606#2,veh_passenger,2048.00,2139.00,91.00,338.23,0.00,False,False
veh3114,437445539#0->654530820#1,veh_passenger,2088.00,2150.00,62.00,632.87,0.00,False,False
veh1552,-50323229#2->39920505#13,veh_passenger,1041.00,2168.00,1127.00,1110.90,0.00,False,False
veh1699,1067852461->-1255099069,veh_passenger,1500.00,2189.00,689.00,590.16,0.00,False,False
veh1938,178702243#1-AddedOnRampEdge->1214520073#0,veh_passenger,1300.00,2196.00,896.00,2713.31,0.00,False,False
veh1919,-1068916338->39920684#1,veh_passenger,1287.00,2197.00,910.00,878.78,0.00,False,False
veh2784,1068144844->488788633#1,veh_passenger,1867.00,2197.00,330.00,1977.59,0.00,False,False
veh2896,515130028#0->9833223,veh_passenger,1942.00,2198.00,256.00,1499.45,0.00,False,False
veh2064,1204070282->1068144845#2,veh_passenger,1384.00,2204.00,820.00,3278.38,0.00,False,False
veh2266,39366819#1->1074771170,veh_passenger,1520.00,2212.00,692.00,1367.12,0.00,False,False
veh1605,437445541#0->509646057#2,veh_passenger,1077.00,2227.00,1150.00,1910.50,0.00,False,False
bus262,-474143552#2->474143552#5,bus_bus,1573.00,2231.00,658.00,265.44,0.00,False,False
veh2848,513082635#0-AddedOffRampEdge->47087993#1,veh_passenger,1910.00,2234.00,324.00,1562.08,0.00,False,False
veh2668,-438516309->515126385#1,veh_passenger,1789.00,2236.00,447.00,1674.66,0.00,False,False
bus359,-1100626103#1->1323097579#2,bus_bus,2155.00,2241.00,86.00,433.00,0.00,False,False
veh2124,178583145->-474143552#4,veh_passenger,1425.00,2242.00,817.00,918.83,0.00,False,False
veh1615,428730800->511404880#0,veh_passenger,1084.00,2244.00,1160.00,693.44,0.00,False,False
veh2669,39366819#1->509524227#0,veh_passenger,1790.00,2246.00,456.00,1242.91,0.00,False,False
veh1575,564273553#0->1214520070,veh_passenger,1057.00,2253.00,1196.00,884.21,0.00,False,False
veh3343,985133427->985133427,veh_passenger,2241.00,2255.00,14.00,180.78,0.00,False,False
veh3307,335802675->900399275,veh_passenger,2217.00,2260.00,43.00,698.34,0.00,False,False
bus252,40140141#3->822782498,bus_bus,1513.00,2261.00,748.00,790.34,0.00,False,False
bus238,10628444#1->39920593#5,bus_bus,1429.00,2270.00,841.00,722.25,0.00,False,False
veh2321,1214520070->1068434206,veh_passenger,1557.00,2280.00,723.00,383.98,0.00,False,False
veh3314,-1322916760#1->1322916760#1,veh_passenger,2222.00,2283.00,61.00,0.22,0.00,False,False
veh1457,-1214520076->511187809,veh_passenger,978.00,2287.00,1309.00,184.76,0.00,False,False
veh1520,39838530->513082641#2-AddedOnRampEdge,veh_passenger,1295.00,2288.00,993.00,1602.90,0.00,False,False
veh1720,24577522#0->515136607,veh_passenger,1154.00,2293.00,1139.00,2592.26,0.00,False,False
veh2706,-1125986377#1->1068916339,veh_passenger,1910.00,2302.00,392.00,189.24,0.00,False,False
bus340,15420537#1->1118804256#0,bus_bus,2041.00,2303.00,262.00,1601.07,0.00,False,False
veh3432,47087993#1->47087993#2,veh_passenger,2301.00,2310.00,9.00,74.39,0.00,False,False
bus383,-515130026#0->-515136607,bus_bus,2299.00,2323.00,24.00,267.43,0.00,False,False
veh3391,10628442#1->-10628442#3,veh_passenger,2273.00,2326.00,53.00,292.01,0.00,False,False
veh1726,1292568612->13909444#7,veh_passenger,1158.00,2336.00,1178.00,2917.13,0.00,False,False
veh3462,428730793#0->460316444,veh_passenger,2321.00,2336.00,15.00,181.64,0.00,False,False
veh2517,1273405490->-40138633#3,veh_passenger,1688.00,2337.00,649.00,519.32,0.00,False,False
veh3397,1273251150#1->40138633#1,veh_passenger,2277.00,2351.00,74.00,282.70,0.00,False,False
veh1371,967993112#1->8758061,veh_passenger,920.00,2358.00,1438.00,1449.23,0.00,False,False
veh3349,13909444#6->47087366#2,veh_passenger,2245.00,2361.00,116.00,1425.57,0.00,False,False
bus283,511187811->1297720376#1,bus_bus,1923.00,2362.00,439.00,679.39,0.00,False,False
veh1807,40138633#1->-40109290#1,veh_passenger,1212.00,2379.00,1167.00,590.43,0.00,False,False
veh2505,39921025#4->1068916335,veh_passenger,1680.00,2387.00,707.00,656.74,0.00,False,False
veh3506,39839521->24621218#1,veh_passenger,2351.00,2404.00,53.00,174.30,0.00,False,False
veh3513,40035606#2->401226926#1,veh_passenger,2355.00,2412.00,57.00,334.85,0.00,False,False
veh3429,40140141#1->515126385#1,veh_passenger,2299.00,2416.00,117.00,948.81,0.00,False,False
veh3541,-437445539#1->-12247568#1,veh_passenger,2374.00,2419.00,45.00,474.86,0.00,False,False
veh2998,-1204070283#1->-10628444#0,veh_passenger,2010.00,2432.00,422.00,240.86,0.00,False,False
veh1539,178702253->9374529#1,veh_passenger,1033.00,2445.00,1412.00,1046.00,0.00,False,False
bus284,511404872->178699058,bus_bus,1705.00,2454.00,749.00,1067.15,0.00,False,False
veh3063,1068434201->967993112#0,veh_passenger,2054.00,2457.00,403.00,1325.79,0.00,False,False
veh2708,8887999#1->1260481153,veh_passenger,1816.00,2463.00,647.00,854.09,0.00,False,False
truck160,-1068144848#0->-450616334#1,truck_truck,1921.00,2466.00,545.00,1722.28,0.00,False,False
veh3126,178702258#0->515130026#0,veh_passenger,2096.00,2479.00,383.00,1351.12,0.00,False,False
veh1394,515124965#1->-1068144846#0,veh_passenger,935.00,2480.00,1545.00,1456.98,0.00,False,False
veh3580,178583160->513082640,veh_passenger,2400.00,2482.00,82.00,1827.17,0.00,False,False
bus377,-39838984#0->13909444#4,bus_bus,2263.00,2484.00,221.00,602.42,0.00,False,False
veh3630,240666069#2->488788636#0,veh_passenger,2434.00,2498.00,64.00,831.40,0.00,False,False
veh1940,-8887999#0->1234244925#0,veh_passenger,1301.00,2511.00,1210.00,180.46,0.00,False,False
veh1863,1337646271#0->1214520071,veh_passenger,1250.00,2513.00,1263.00,1415.74,0.00,False,False
veh2935,-10628442#1->856175963,veh_passenger,1968.00,2513.00,545.00,190.62,0.00,False,False
veh2714,1332638391#2->-14924729#1,veh_passenger,1820.00,2520.00,700.00,646.72,0.00,False,False
veh1861,-1214520076->488788626#2,veh_passenger,1248.00,2535.00,1287.00,899.89,0.00,False,False
veh2933,-1297720376#1->509524226,veh_passenger,1967.00,2540.00,573.00,2296.04,0.00,False,False
veh3140,178702243#1->-450616334#0,veh_passenger,2105.00,2548.00,443.00,2877.99,0.00,False,False
veh3509,178702258#0->-451728952#1,veh_passenger,2353.00,2555.00,202.00,1336.02,0.00,False,False
veh1987,449565665#0->488788636#1,veh_passenger,1333.00,2558.00,1225.00,1774.18,0.00,False,False
veh2636,1204070281->178699058,veh_passenger,1768.00,2558.00,790.00,646.62,0.00,False,False
veh1345,1234244927#1->1067928306#1,veh_passenger,903.00,2562.00,1659.00,1748.21,0.00,False,False
veh1445,-39838657#2->-838061037,veh_passenger,970.00,2574.00,1604.00,527.45,0.00,False,False
veh1410,-39838530->-1074409256#2,veh_passenger,989.00,2580.00,1591.00,224.91,0.00,False,False
veh1502,-47224972#0->-47224972#0,veh_passenger,2581.00,2582.00,1.00,5.85,0.00,False,False
veh2205,1324405519->40036062#1,veh_passenger,1479.00,2582.00,1103.00,960.06,0.00,False,False
veh3534,1214520074#0->1068144846#2,veh_passenger,2372.00,2596.00,224.00,703.34,0.00,False,False
veh2092,-1067928307#0->40115810#0,veh_passenger,1403.00,2597.00,1194.00,1462.53,0.00,False,False
veh1729,488788629->39838520#0,veh_passenger,1160.00,2600.00,1440.00,579.98,0.00,False,False
veh1355,-8887999#1->1297720367,veh_passenger,909.00,2605.00,1696.00,977.45,0.00,False,False
veh2788,460316444->-405382146#1,veh_passenger,1869.00,2614.00,745.00,1718.83,0.00,False,False
bus247,1323097580#1->1068144847,bus_bus,1483.00,2615.00,1132.00,3260.60,0.00,False,False
veh3710,-1211151638->413789558#0,veh_passenger,2555.00,2617.00,62.00,639.30,0.00,False,False
veh2810,761486028#0->1332638368#0,veh_passenger,1884.00,2623.00,739.00,812.98,0.00,False,False
bus324,1064476624->838061038,bus_bus,2006.00,2623.00,617.00,2185.01,0.00,False,False
bus191,-515126384->509646057#0,bus_bus,1147.00,2632.00,1485.00,1151.87,0.00,False,False
veh1950,10250021#2->40140141#9,veh_passenger,1308.00,2636.00,1328.00,1432.58,0.00,False,False
veh3077,47225638#0->1222181934,veh_passenger,2063.00,2640.00,577.00,1154.33,0.00,False,False
veh1387,1204070283#0->1332638368#0,veh_passenger,931.00,2645.00,1714.00,1469.87,0.00,False,False
veh2711,-1260485929#2->509646057#1,veh_passenger,1818.00,2650.00,832.00,298.43,0.00,False,False
veh3907,1207401652#1->1068434208#0,veh_passenger,2619.00,2654.00,35.00,209.91,0.00,False,False
veh3912,15525299->160078084-AddedOnRampEdge,veh_passenger,2623.00,2660.00,37.00,711.23,0.00,False,False
veh2270,1234244927#0->-40297715#3,veh_passenger,1522.00,2661.00,1139.00,1475.73,0.00,False,False
veh2389,437445542->428730813#3,veh_passenger,1602.00,2666.00,1064.00,421.34,0.00,False,False
veh1974,-240666072#1->39838984#1,veh_passenger,1324.00,2674.00,1350.00,1259.63,0.00,False,False
bus348,1292578228->-39920593#2,bus_bus,2256.00,2709.00,453.00,312.66,0.00,False,False
veh2369,-1323097580#0->-39921531,veh_passenger,1589.00,2711.00,1122.00,990.02,0.00,False,False
veh3101,499566574#0->1125986375#1,veh_passenger,2079.00,2713.00,634.00,912.25,0.00,False,False
veh2582,1260481153->1068144845#1,veh_passenger,1731.00,2716.00,985.00,1127.64,0.00,False,False
veh2798,1068434206->509524225,veh_passenger,1876.00,2719.00,843.00,1271.62,0.00,False,False
veh2552,1125986385#1->-40140017#2,veh_passenger,1714.00,2720.00,1006.00,380.76,0.00,False,False
veh3342,10628442#0->40140017#0,veh_passenger,2241.00,2720.00,479.00,539.52,0.00,False,False
veh4009,-1326094888->428730813#0,veh_passenger,2688.00,2725.00,37.00,397.58,0.00,False,False
veh3151,511187811->-1068144848#0,veh_passenger,2113.00,2727.00,614.00,1181.27,0.00,False,False
bus182,-449565665#2->-1068144849#0,bus_bus,1606.00,2732.00,1126.00,2438.35,0.00,False,False
bus319,1297720367->-1323097580#0,bus_bus,1915.00,2733.00,818.00,938.67,0.00,False,False
veh3883,515136607->-1068144848#1,veh_passenger,2603.00,2735.00,132.00,755.29,0.00,False,False
truck122,11631594#0->-40036009#3,truck_truck,1465.00,2738.00,1273.00,1409.51,0.00,False,False
veh2003,39920550#12->178583146,veh_passenger,1344.00,2747.00,1403.00,4309.09,0.00,False,False
veh3586,538432100->515130028#0,veh_passenger,2404.00,2762.00,358.00,1477.19,0.00,False,False
veh2209,147711065#2->39838984#0,veh_passenger,1482.00,2781.00,1299.00,711.50,0.00,False,False
truck137,428730813#1->178699056#0,truck_truck,1645.00,2782.00,1137.00,2727.50,0.00,False,False
veh3147,-654297632#2->40140017#0,veh_passenger,2110.00,2787.00,677.00,326.31,0.00,False,False
veh3042,381945551->47267011#2,veh_passenger,2040.00,2792.00,752.00,2083.87,0.00,False,False
veh1545,509524228->178702248,veh_passenger,1037.00,2810.00,1773.00,1877.49,0.00,False,False
veh3685,1214520074#3->-1322916760#1,veh_passenger,2470.00,2810.00,340.00,1522.47,0.00,False,False
veh2412,47157282#0->1204070283#0,veh_passenger,1618.00,2811.00,1193.00,535.73,0.00,False,False
veh2893,422842976->-761486028#1,veh_passenger,1940.00,2813.00,873.00,1168.68,0.00,False,False
veh4157,1068916336->1204070283#0,veh_passenger,2787.00,2813.00,26.00,327.59,0.00,False,False
veh2390,24577455#1->-451728952#3,veh_passenger,1603.00,2814.00,1211.00,2349.91,0.00,False,False
veh2908,511404880#0->509524270,veh_passenger,1950.00,2828.00,878.00,304.64,0.00,False,False
veh4143,1125986374->-1260485931#1,veh_passenger,2777.00,2829.00,52.00,465.79,0.00,False,False
veh1380,47267010->39838691#1,veh_passenger,927.00,2839.00,1912.00,709.40,0.00,False,False
veh2402,511187808#0->-39838691#1,veh_passenger,1800.00,2842.00,1042.00,332.43,0.00,False,False
veh2753,900279869->1068434208#0-AddedOffRampEdge,veh_passenger,1848.00,2845.00,997.00,586.76,0.00,False,False
veh4144,39920550#10->11631594#1,veh_passenger,2778.00,2845.00,67.00,380.02,0.00,False,False
veh2588,40139504#1->1064476619,veh_passenger,1735.00,2861.00,1126.00,870.87,0.00,False,False
veh1858,515124965#1->511409188#1,veh_passenger,1246.00,2869.00,1623.00,562.08,0.00,False,False
veh2592,-1125986377#2->1068434204,veh_passenger,1743.00,2876.00,1133.00,446.92,0.00,False,False
veh2063,-1067928305#0->47225638#4,veh_passenger,1384.00,2884.00,1500.00,1482.16,0.00,False,False
veh1546,9704194#1->-1214520079,veh_passenger,1037.00,2894.00,1857.00,899.34,0.00,False,False
veh3353,40140141#8->1292541108,veh_passenger,2248.00,2899.00,651.00,641.10,0.00,False,False
veh3964,1214520074#1->-451728952#3,veh_passenger,2657.00,2905.00,248.00,914.08,0.00,False,False
veh2989,39920505#12->39920550#1,veh_passenger,2004.00,2909.00,905.00,113.71,0.00,False,False
veh1612,1067928306#2->450616334#0,veh_passenger,1082.00,2911.00,1829.00,1600.14,0.00,False,False
veh1837,-1068916335->-24576913#1,veh_passenger,1232.00,2924.00,1692.00,900.74,0.00,False,False
veh2560,1118804257->1015424648,veh_passenger,1717.00,2925.00,1208.00,1735.86,0.00,False,False
veh2085,1068144845#3->9704194#4,veh_passenger,1398.00,2927.00,1529.00,969.99,0.00,False,False
veh2557,654297629#5->24576913#1,veh_passenger,1715.00,2930.00,1215.00,367.77,0.00,False,False
veh4284,1068144844->1068144849#1,veh_passenger,2872.00,2936.00,64.00,842.21,0.00,False,False
veh1440,238219441#0->-449565665#0,veh_passenger,966.00,2943.00,1977.00,993.83,0.00,False,False
veh2439,1204070283#1->-449565665#1,veh_passenger,1636.00,2946.00,1310.00,622.75,0.00,False,False
veh3425,-499566577#0->-10748045#2,veh_passenger,2296.00,2949.00,653.00,590.98,0.00,False,False
bus178,-1290439818->1335304373#1,bus_bus,1069.00,2953.00,1884.00,949.70,0.00,False,False
bus186,1298335702->-515040940#0,bus_bus,1143.00,2958.00,1815.00,1156.53,0.00,False,False
veh668,1125986386->1204070283#0,veh_passenger,1086.00,2959.00,1873.00,592.98,0.00,False,False
veh4365,460316444->381945551,veh_passenger,2926.00,2972.00,46.00,532.07,0.00,False,False
veh4375,-437445539#1->428730793#1,veh_passenger,2933.00,2973.00,40.00,505.98,0.00,False,False
veh1906,-428730813#3->-1068144848#0,veh_passenger,1279.00,2974.00,1695.00,1294.94,0.00,False,False
veh4085,178699051#1->666886085#0,veh_passenger,2738.00,2975.00,237.00,216.14,0.00,False,False
bus203,-50323229#14->40035325#1,bus_bus,1219.00,2978.00,1759.00,610.67,0.00,False,False
veh2629,24576922#2->-1323097580#1,veh_passenger,1763.00,2978.00,1215.00,995.99,0.00,False,False
truck90,178583167#1->-1204070283#1,truck_truck,1081.00,2985.00,1904.00,992.31,0.00,False,False
veh3694,-39838630#1->-232920701,veh_passenger,2476.00,2985.00,509.00,1731.34,0.00,False,False
bus260,1100626103#1->-1068916338,bus_bus,1561.00,2989.00,1428.00,1324.18,0.00,False,False
veh3180,50323229#13->1064476622#1,veh_passenger,2332.00,2989.00,657.00,544.20,0.00,False,False
veh3495,24621218#4->-40035904#0,veh_passenger,2343.00,2990.00,647.00,671.70,0.00,False,False
veh2141,40035606#2->1323097579#0,veh_passenger,1436.00,2995.00,1559.00,906.50,0.00,False,False
bus213,-488788629->-482569917#1,bus_bus,1279.00,3000.00,1721.00,1865.29,0.00,False,False
veh1990,-39838691#8->515126385#4,veh_passenger,1335.00,3005.00,1670.00,1381.11,0.00,False,False
veh1954,478286980#1->985133427,veh_passenger,1882.00,3013.00,1131.00,841.83,0.00,False,False
veh3531,39838984#0->47225638#3,veh_passenger,2367.00,3015.00,648.00,1075.39,0.00,False,False
bus369,511404872->-1100626088,bus_bus,2215.00,3017.00,802.00,636.77,0.00,False,False
veh3154,-761486028#1->-240666072#2,veh_passenger,2115.00,3024.00,909.00,1067.01,0.00,False,False
bus196,515123438->428730793#1,bus_bus,1211.00,3030.00,1819.00,1756.48,0.00,False,False
veh3245,39838520#1->47087992#3,veh_passenger,2176.00,3030.00,854.00,1670.77,0.00,False,False
bus433,40297715#3->-40035325#0,bus_bus,2599.00,3034.00,435.00,336.26,0.00,False,False
bus373,511404872->1226645410,bus_bus,2239.00,3042.00,803.00,1087.20,0.00,False,False
veh2331,1273251150#1->475044040#0,veh_passenger,1563.00,3046.00,1483.00,803.00,0.00,False,False
bus235,421846558#0->-178702258#0,bus_bus,1411.00,3059.00,1648.00,563.60,0.00,False,False
veh2605,238219443->-39921673#1,veh_passenger,1747.00,3073.00,1326.00,669.55,0.00,False,False
truck118,985133427->9832326#2,truck_truck,1417.00,3080.00,1663.00,2043.04,0.00,False,False
veh2491,-50323229#10->47088302#0,veh_passenger,1670.00,3081.00,1411.00,553.61,0.00,False,False
veh4124,178699049->1067928306#0,veh_passenger,2765.00,3084.00,319.00,2499.55,0.00,False,False
truck164,654297629#5->-24576913#0,truck_truck,2055.00,3092.00,1037.00,332.88,0.00,False,False
veh1347,-47224972#1->-1068144849#2,veh_passenger,904.00,3093.00,2189.00,1728.44,0.00,False,False
veh3536,-10250021#2->-1260485929#2,veh_passenger,2371.00,3094.00,723.00,335.74,0.00,False,False
bus312,1064476623->-515126385#1,bus_bus,2456.00,3097.00,641.00,1732.80,0.00,False,False
truck233,-1204070283#1->1196008691#0,truck_truck,2797.00,3101.00,304.00,1004.08,0.00,False,False
veh3458,24576913#2->1204070282,veh_passenger,2620.00,3134.00,514.00,615.53,0.00,False,False
truck125,39920505#8->-10628444#0,truck_truck,1501.00,3139.00,1638.00,727.75,0.00,False,False
veh1983,-12247569->39920505#3,veh_passenger,1330.00,3164.00,1834.00,1613.09,0.00,False,False
veh4544,515126385#3->1118804256#1,veh_passenger,3046.00,3165.00,119.00,905.51,0.00,False,False
bus266,-1292568612->40139708,bus_bus,1597.00,3166.00,1569.00,1281.71,0.00,False,False
veh4506,515136607->-1068144849#2,veh_passenger,3021.00,3167.00,146.00,1402.29,0.00,False,False
bus290,47224972#1->-488788637#1,bus_bus,1741.00,3174.00,1433.00,709.81,0.00,False,False
veh2824,437445541#1->-564273553#3,veh_passenger,1894.00,3174.00,1280.00,998.50,0.00,False,False
veh4651,13909444#5->-1068144848#0,veh_passenger,3118.00,3175.00,57.00,688.14,0.00,False,False
veh2842,1211151635#1->521701858,veh_passenger,1906.00,3185.00,1279.00,823.92,0.00,False,False
veh3291,-1074409256#0->-24576913#0,veh_passenger,2466.00,3209.00,743.00,42.63,0.00,False,False
veh4629,515136607->47087993#1,veh_passenger,3103.00,3224.00,121.00,1057.55,0.00,False,False
veh1869,39366819#0->-838061038,veh_passenger,1254.00,3226.00,1972.00,599.32,0.00,False,False
bus318,178702258#1->39838530,bus_bus,1909.00,3245.00,1336.00,476.35,0.00,False,False
veh2626,1064476623->488788636#1,veh_passenger,2152.00,3248.00,1096.00,2568.84,0.00,False,False
veh2265,-654297632#0->-1260485930#1,veh_passenger,1519.00,3253.00,1734.00,652.20,0.00,False,False
veh3392,-39920593#4->-1254633077#0,veh_passenger,2275.00,3269.00,994.00,593.21,0.00,False,False
veh4011,47087992#1->-47224972#0,veh_passenger,2689.00,3269.00,580.00,1480.99,0.00,False,False
veh2846,-488788629->515123442#3,veh_passenger,1908.00,3275.00,1367.00,866.58,0.00,False,False
bus244,-238219449->968332509,bus_bus,1465.00,3276.00,1811.00,1195.38,0.00,False,False
veh2411,-40109290#5->-1273251150#0,veh_passenger,1617.00,3279.00,1662.00,406.90,0.00,False,False
veh3449,-50323229#0->1068074793,veh_passenger,2428.00,3288.00,860.00,521.70,0.00,False,False
veh2549,654297635#1->39921192#0,veh_passenger,1709.00,3290.00,1581.00,837.57,0.00,False,False
bus295,39920011#2->-40035606#1,bus_bus,1771.00,3291.00,1520.00,1038.66,0.00,False,False
veh3521,509524270->-1067928305#1,veh_passenger,2899.00,3296.00,397.00,1068.59,0.00,False,False
veh3529,1204070282->1068144846#2,veh_passenger,2366.00,3312.00,946.00,2097.58,0.00,False,False
veh3418,-39920593#0->50323226,veh_passenger,2292.00,3314.00,1022.00,570.37,0.00,False,False
veh2341,1323097580#0->40109290#1,veh_passenger,1570.00,3320.00,1750.00,1076.52,0.00,False,False
veh3924,-39838984#0->761486028#1,veh_passenger,2631.00,3320.00,689.00,591.60,0.00,False,False
veh2086,1255099064->-39921672,veh_passenger,1400.00,3323.00,1923.00,1002.89,0.00,False,False
veh4892,9374529#1->-1290439817#1,veh_passenger,3279.00,3335.00,56.00,161.11,0.00,False,False
veh2945,-33683458#1->1335304372,veh_passenger,1975.00,3336.00,1361.00,608.74,0.00,False,False
bus192,1235501861#2->475044040#3,bus_bus,1176.00,3342.00,2166.00,823.92,0.00,False,False
veh2259,-33683346#0->-40035325#2,veh_passenger,1515.00,3347.00,1832.00,503.78,0.00,False,False
truck224,-50323229#13->-50323229#10,truck_truck,3038.00,3352.00,314.00,1.78,0.00,False,False
veh2569,666886086#3->-224146621,veh_passenger,1723.00,3354.00,1631.00,2499.71,0.00,False,False
veh4162,1214520075->515126384,veh_passenger,3243.00,3359.00,116.00,983.51,0.00,False,False
bus379,-401226925#0->-1272337500,bus_bus,2275.00,3375.00,1100.00,446.51,0.00,False,False
bus175,1214520075->178702251,bus_bus,2556.00,3384.00,828.00,2262.59,0.00,False,False
veh1396,10629709#0->1335304373#0,veh_passenger,937.00,3385.00,2448.00,637.09,0.00,False,False
veh2415,1254816453#1->1335304373#0,veh_passenger,1620.00,3390.00,1770.00,972.75,0.00,False,False
veh1945,12247569->511187808#4-AddedOnRampEdge,veh_passenger,1305.00,3395.00,2090.00,620.45,0.00,False,False
veh3330,1297720367->1222703384#0,veh_passenger,2233.00,3427.00,1194.00,447.40,0.00,False,False
veh3300,-238219441#2->654297631,veh_passenger,2212.00,3428.00,1216.00,407.45,0.00,False,False
bus420,488788637#0->654297632#2,bus_bus,2521.00,3433.00,912.00,426.07,0.00,False,False
bus456,-1067928307#3->47267007#1,bus_bus,2737.00,3440.00,703.00,379.02,0.00,False,False
veh1527,654297632#2->-40109239,veh_passenger,1025.00,3445.00,2420.00,950.94,0.00,False,False
veh1370,449565665#1->-40139504#1,veh_passenger,919.00,3454.00,2535.00,1106.25,0.00,False,False
veh2606,178702253->515136607,veh_passenger,1748.00,3463.00,1715.00,1788.56,0.00,False,False
veh1682,-39838751#1->1211151640,veh_passenger,1128.00,3466.00,2338.00,1247.70,0.00,False,False
veh4155,975216739->1231065654,veh_passenger,2785.00,3476.00,691.00,430.38,0.00,False,False
veh3381,-40140017#0->511404872,veh_passenger,2267.00,3477.00,1210.00,990.60,0.00,False,False
truck105,-40036062#1->761486028#0,truck_truck,1261.00,3482.00,2221.00,1332.16,0.00,False,False
veh3115,-33683458#1->238219446#1,veh_passenger,2089.00,3484.00,1395.00,1067.37,0.00,False,False
veh3997,511187808#1->521704053,veh_passenger,2679.00,3498.00,819.00,163.39,0.00,False,False
veh2339,900279886->232920697,veh_passenger,1944.00,3509.00,1565.00,976.32,0.00,False,False
bus190,1335304374->-1131969257,bus_bus,1141.00,3513.00,2372.00,1368.30,0.00,False,False
veh2923,511404874#0->-405382146#1,veh_passenger,2195.00,3516.00,1321.00,1249.24,0.00,False,False
veh4010,521701860->538432098,veh_passenger,2688.00,3520.00,832.00,479.42,0.00,False,False
veh1532,39921673#1->509646054,veh_passenger,1028.00,3532.00,2504.00,773.31,0.00,False,False
veh2972,1272548721->39921025#3,veh_passenger,1993.00,3534.00,1541.00,580.14,0.00,False,False
veh2940,1201484855->1214520074#4,veh_passenger,1971.00,3535.00,1564.00,1025.12,0.00,False,False
veh1924,40109290#1->-40297715#0,veh_passenger,1291.00,3536.00,2245.00,1030.62,0.00,False,False
truck203,147711065#0->-1204070283#0,truck_truck,2437.00,3536.00,1099.00,428.11,0.00,False,False
veh1604,39920593#4->1231065643,veh_passenger,1076.00,3543.00,2467.00,1415.05,0.00,False,False
veh2473,178699054->1254816453#1,veh_passenger,1772.00,3543.00,1771.00,1364.85,0.00,False,False
veh1799,-687878722#2->1068144846#0,veh_passenger,1209.00,3545.00,2336.00,626.49,0.00,False,False
bus503,39763700#2->-1074409256#2,bus_bus,3019.00,3552.00,533.00,373.94,0.00,False,False
veh2957,40035325#2->-40035992,veh_passenger,2056.00,3555.00,1499.00,818.04,0.00,False,False
veh3338,-1260485930#1->-1125986375#1,veh_passenger,2238.00,3557.00,1319.00,568.99,0.00,False,False
veh3324,511187815->1214520074#0,veh_passenger,2229.00,3565.00,1336.00,223.73,0.00,False,False
veh2852,12247569->509646057#1,veh_passenger,1913.00,3572.00,1659.00,784.57,0.00,False,False
truck146,47224972#1->513272951#1,truck_truck,1753.00,3574.00,1821.00,863.28,0.00,False,False
veh2466,488788636#0->967993112#1,veh_passenger,1654.00,3584.00,1930.00,1821.25,0.00,False,False
bus554,1064476622#0->1260485931#1,bus_bus,3325.00,3589.00,264.00,761.94,0.00,False,False
veh5098,515136608->1421367925,veh_passenger,3417.00,3595.00,178.00,1228.60,0.00,False,False
veh3252,39838657#3->-1254816454,veh_passenger,2182.00,3596.00,1414.00,1031.99,0.00,False,False
veh1727,1214520073#1->1337646275,veh_passenger,1159.00,3605.00,2446.00,2947.45,0.00,False,False
bus505,1211151639->1068144847,bus_bus,3031.00,3606.00,575.00,2071.26,0.00,False,False
veh3061,-10629474#0->488788637#0,veh_passenger,2052.00,3610.00,1558.00,493.67,0.00,False,False
truck133,509646056->-1332638391#1,truck_truck,2620.00,3616.00,996.00,266.12,0.00,False,False
truck103,-1222703384#1->24577455#2,truck_truck,1237.00,3617.00,2380.00,746.85,0.00,False,False
veh2445,24621218#0->1332638391#2,veh_passenger,1640.00,3621.00,1981.00,1556.98,0.00,False,False
veh5367,-413789558#1->-413789558#0,veh_passenger,3597.00,3621.00,24.00,313.46,0.00,False,False
veh4171,39763700#6->-1068916339,veh_passenger,2796.00,3625.00,829.00,562.03,0.00,False,False
veh3978,10748036->1125986375#0,veh_passenger,2667.00,3633.00,966.00,673.87,0.00,False,False
veh3363,169562956->1068916335,veh_passenger,2255.00,3635.00,1380.00,1258.44,0.00,False,False
veh2436,687878722#0->-1332638368#2,veh_passenger,1634.00,3636.00,2002.00,1471.83,0.00,False,False
bus311,-1125986374->1214520079,bus_bus,1867.00,3642.00,1775.00,718.49,0.00,False,False
veh2874,39838657#3->515136607,veh_passenger,1927.00,3643.00,1716.00,1719.35,0.00,False,False
bus210,509646056->666886086#3,bus_bus,1922.00,3646.00,1724.00,1638.80,0.00,False,False
veh1640,1337646276->1226645410,veh_passenger,1100.00,3668.00,2568.00,754.64,0.00,False,False
bus169,40138239#2->-985133430,bus_bus,1015.00,3671.00,2656.00,1770.13,0.00,False,False
bus440,150928465->900399275,bus_bus,2641.00,3682.00,1041.00,1947.09,0.00,False,False
veh1853,39921025#3->39920684#0,veh_passenger,1243.00,3691.00,2448.00,770.38,0.00,False,False
veh2059,1100626103#1->499566574#1,veh_passenger,1381.00,3694.00,2313.00,1353.20,0.00,False,False
veh2649,13909444#6->240666069#0,veh_passenger,1776.00,3695.00,1919.00,2363.27,0.00,False,False
veh4561,-39920593#4->49224804#0,veh_passenger,3057.00,3698.00,641.00,540.39,0.00,False,False
bus273,40035606#3->-654297632#2,bus_bus,1639.00,3700.00,2061.00,787.18,0.00,False,False
veh2262,-474143552#5->1100626103#3,veh_passenger,1517.00,3709.00,2192.00,828.50,0.00,False,False
veh1900,238219441#0->511185049,veh_passenger,1277.00,3712.00,2435.00,749.09,0.00,False,False
veh5235,-12247568#1->12247568#1,veh_passenger,3509.00,3713.00,204.00,105.80,0.00,False,False
bus393,39920684#3->428730800,bus_bus,2359.00,3727.00,1368.00,2896.35,0.00,False,False
veh5158,513082635#0-AddedOffRampEdge->-224146621,veh_passenger,3457.00,3728.00,271.00,1185.99,0.00,False,False
veh4192,856175962->-1226645407,veh_passenger,2810.00,3747.00,937.00,1358.28,0.00,False,False
veh2822,-653860562->-39366819#0,veh_passenger,1892.00,3748.00,1856.00,804.07,0.00,False,False
veh1436,39920550#4->40035606#0,veh_passenger,964.00,3757.00,2793.00,773.33,0.00,False,False
veh2344,47223733->1297720367,veh_passenger,1572.00,3763.00,2191.00,820.26,0.00,False,False
veh1616,428730813#2->178702251-AddedOffRampEdge,veh_passenger,1084.00,3765.00,2681.00,3103.84,0.00,False,False
veh1460,515130026#1->1290439817#0,veh_passenger,980.00,3767.00,2787.00,1566.46,0.00,False,False
veh4500,-39920593#4->1068916336,veh_passenger,3016.00,3767.00,751.00,688.65,0.00,False,False
bus189,-40138633#1->687878725,bus_bus,1135.00,3775.00,2640.00,2992.37,0.00,False,False
veh2157,142741729#0->39838751#2,veh_passenger,1447.00,3775.00,2328.00,1411.22,0.00,False,False
veh2387,-1335304386#1->39920550#3,veh_passenger,1601.00,3776.00,2175.00,708.61,0.00,False,False
veh5063,1125801626->488788636#0,veh_passenger,3394.00,3790.00,396.00,2943.86,0.00,False,False
veh2452,1273405490->39921673#1,veh_passenger,1644.00,3792.00,2148.00,1144.55,0.00,False,False
truck113,-474143552#2->40297647#0,truck_truck,1357.00,3795.00,2438.00,502.63,0.00,False,False
veh2878,1125986406#1->666886084#0,veh_passenger,1930.00,3796.00,1866.00,447.15,0.00,False,False
veh2348,-1211151638->1075505400#1,veh_passenger,1575.00,3798.00,2223.00,1246.18,0.00,False,False
veh5215,985133427->-451728952#3,veh_passenger,3496.00,3802.00,306.00,816.47,0.00,False,False
veh3071,428730813#3->521701857,veh_passenger,2059.00,3814.00,1755.00,1578.21,0.00,False,False
bus218,1125986385#0->178583153-AddedOnRampEdge,bus_bus,1975.00,3815.00,1840.00,1766.73,0.00,False,False
veh1582,-39838691#8->1337115429,veh_passenger,1061.00,3817.00,2756.00,789.42,0.00,False,False
veh1793,1068434202->1125986377#1,veh_passenger,1218.00,3820.00,2602.00,298.60,0.00,False,False
veh2808,488788626#0->39920593#1,veh_passenger,1915.00,3821.00,1906.00,1065.46,0.00,False,False
veh4962,-10628442#2->-10748036,veh_passenger,3326.00,3821.00,495.00,432.06,0.00,False,False
bus272,413789557->1067928307#3,bus_bus,1633.00,3822.00,2189.00,596.95,0.00,False,False
veh2657,1421367508->47087993#1,veh_passenger,1782.00,3839.00,2057.00,1515.96,0.00,False,False
bus168,10629474#1->509646057#0,bus_bus,1009.00,3840.00,2831.00,868.96,0.00,False,False
veh4158,238219449->1064476619,veh_passenger,2787.00,3840.00,1053.00,669.77,0.00,False,False
bus357,39920505#11->490474063#5,bus_bus,2143.00,3841.00,1698.00,961.84,0.00,False,False
veh1873,11635067->511187809,veh_passenger,1256.00,3846.00,2590.00,1585.23,0.00,False,False
veh2469,-39838751#2->509646052,veh_passenger,1656.00,3850.00,2194.00,867.67,0.00,False,False
bus424,-488788630#0->-1226645410,bus_bus,2545.00,3852.00,1307.00,498.80,0.00,False,False
truck91,985133430->509646052,truck_truck,1093.00,3853.00,2760.00,681.47,0.00,False,False
veh1689,279209078->178583140#1,veh_passenger,1133.00,3857.00,2724.00,1329.11,0.00,False,False
bus570,1125986378#0->238219472#3,bus_bus,3421.00,3860.00,439.00,423.03,0.00,False,False
veh2386,1074409256#2->1015424648,veh_passenger,1600.00,3864.00,2264.00,654.45,0.00,False,False
veh1373,1237953497->9833223-AddedOnRampEdge,veh_passenger,921.00,3866.00,2945.00,2709.30,0.00,False,False
veh2094,-1068144847->-479863106#1,veh_passenger,1404.00,3866.00,2462.00,1505.15,0.00,False,False
veh2966,-1335304373#1->39920593#4,veh_passenger,1989.00,3867.00,1878.00,375.56,0.00,False,False
veh2180,-39838691#3->-47267010,veh_passenger,1462.00,3876.00,2414.00,876.45,0.00,False,False
veh5051,-40036009#1->-40036009#1,veh_passenger,3386.00,3878.00,492.00,25.60,0.00,False,False
veh2664,147711065#0->11631594#2,veh_passenger,1786.00,3880.00,2094.00,1267.57,0.00,False,False
veh4703,39838691#2->564273553#4,veh_passenger,3258.00,3880.00,622.00,476.50,0.00,False,False
veh4166,40140141#9->10628442#1,veh_passenger,2793.00,3883.00,1090.00,613.86,0.00,False,False
veh3889,-238219441#0->-143546557,veh_passenger,2607.00,3884.00,1277.00,1130.44,0.00,False,False
bus170,10628442#1->1196008691#1,bus_bus,1021.00,3885.00,2864.00,1545.82,0.00,False,False
veh4902,437445540->47267007#0,veh_passenger,3286.00,3885.00,599.00,564.98,0.00,False,False
veh2100,39920550#8->-1125986385#0,veh_passenger,1408.00,3889.00,2481.00,1377.68,0.00,False,False
bus271,13909444#0->1214520074#1,bus_bus,1627.00,3890.00,2263.00,527.48,0.00,False,False
veh1551,83563455->-1204070283#1,veh_passenger,1041.00,3892.00,2851.00,2371.71,0.00,False,False
bus153,1067928306#2->511187818,bus_bus,919.00,3893.00,2974.00,1045.67,0.00,False,False
veh4197,511187808#3->47087366#1,veh_passenger,2813.00,3898.00,1085.00,1559.13,0.00,False,False
bus439,-1335304372->39921025#4,bus_bus,2635.00,3903.00,1268.00,773.62,0.00,False,False
veh3852,10250021#2->24576922#0,veh_passenger,2582.00,3910.00,1328.00,688.88,0.00,False,False
veh3765,1323097578->39920684#3,veh_passenger,2524.00,3916.00,1392.00,411.22,0.00,False,False
veh3490,1337646276->428730818#0,veh_passenger,2340.00,3919.00,1579.00,1448.60,0.00,False,False
veh1622,178699051#0->-1067928305#2,veh_passenger,1088.00,3923.00,2835.00,1925.32,0.00,False,False
veh2349,47223733->1298335704#0,veh_passenger,1575.00,3923.00,2348.00,389.89,0.00,False,False
bus518,-515136605->1067928306#1,bus_bus,3109.00,3926.00,817.00,974.30,0.00,False,False
veh3791,1222181936->1068144846#0,veh_passenger,2541.00,3933.00,1392.00,1171.33,0.00,False,False
truck171,-10250021#2->564273553#1,truck_truck,2053.00,3938.00,1885.00,1115.03,0.00,False,False
truck187,131671623->515130026#1,truck_truck,2245.00,3941.00,1696.00,1930.55,0.00,False,False
veh1446,488788630#1->47087992#2,veh_passenger,970.00,3945.00,2975.00,488.99,0.00,False,False
veh2315,-39838657#2->1067928306#0,veh_passenger,1553.00,3946.00,2393.00,962.17,0.00,False,False
veh3293,24576922#0->47087993#0,veh_passenger,2208.00,3947.00,1739.00,3370.79,0.00,False,False
veh5061,1226645409->47087992#1,veh_passenger,3392.00,3950.00,558.00,462.99,0.00,False,False
veh2667,-40036009#1->-50323229#13,veh_passenger,1788.00,3962.00,2174.00,90.67,0.00,False,False
veh3578,-39838657#2->488786523,veh_passenger,2399.00,3969.00,1570.00,1382.88,0.00,False,False
veh2388,1211151638->47224972#0,veh_passenger,1601.00,3970.00,2369.00,742.15,0.00,False,False
bus428,10250021#3->1298335703,bus_bus,2569.00,3970.00,1401.00,1236.53,0.00,False,False
veh3085,-1068916336->488786523,veh_passenger,2068.00,3972.00,1904.00,2172.02,0.00,False,False
veh2401,40138633#3->-33683346#2,veh_passenger,1610.00,3973.00,2363.00,759.93,0.00,False,False
bus331,1222703384#1->40035904#1,bus_bus,1987.00,3978.00,1991.00,942.37,0.00,False,False
bus257,499566573->-1297720367,bus_bus,1543.00,3980.00,2437.00,1291.48,0.00,False,False
veh1531,1125986375#0->-1068916338,veh_passenger,1027.00,3981.00,2954.00,926.02,0.00,False,False
veh3651,39920684#0->13909444#6,veh_passenger,2448.00,3991.00,1543.00,2550.57,0.00,False,False
veh2492,39920550#2->10628442#3,veh_passenger,1671.00,3994.00,2323.00,1032.33,0.00,False,False
veh3767,178583167#0->488788626#3,veh_passenger,2525.00,3994.00,1469.00,669.51,0.00,False,False
veh1451,1067928306#0->511187808#2,veh_passenger,974.00,3996.00,3022.00,1155.02,0.00,False,False
veh2857,1272337500->-1068916335,veh_passenger,1916.00,3997.00,2081.00,1035.13,0.00,False,False
veh2151,1332638391#0->1068434258,veh_passenger,1905.00,4008.00,2103.00,321.26,0.00,False,False
veh2403,39920550#10->515130025,veh_passenger,1612.00,4009.00,2397.00,2656.69,0.00,False,False
veh2504,1068916335->-47087366#2,veh_passenger,1679.00,4013.00,2334.00,1512.29,0.00,False,False
veh1516,-1335304373#1->465144361,veh_passenger,1017.00,4025.00,3008.00,526.49,0.00,False,False
veh3502,1337115429->413789558#0,veh_passenger,2348.00,4027.00,1679.00,1154.08,0.00,False,False
veh3377,-1260485929#1->813852683-AddedOnRampEdge,veh_passenger,2264.00,4029.00,1765.00,2716.11,0.00,False,False
veh2419,515136608->40140141#9,veh_passenger,1622.00,4030.00,2408.00,2151.94,0.00,False,False
bus336,499566574#1->1323097575#3,bus_bus,2017.00,4031.00,2014.00,428.77,0.00,False,False
veh2833,1125986379#0->40140141#9,veh_passenger,1900.00,4039.00,2139.00,1496.58,0.00,False,False
veh2374,-488788630#0->428730813#3,veh_passenger,1592.00,4048.00,2456.00,344.52,0.00,False,False
bus407,143546557->856175963,bus_bus,2443.00,4052.00,1609.00,1024.33,0.00,False,False
veh4533,-39838984#0->-856175964,veh_passenger,3039.00,4053.00,1014.00,659.04,0.00,False,False
veh2480,513272949->1226645410,veh_passenger,1944.00,4054.00,2110.00,1584.26,0.00,False,False
veh3464,-40035606#3->-474143552#1,veh_passenger,2322.00,4059.00,1737.00,628.42,0.00,False,False
bus384,-10629474#0->479863106#1,bus_bus,2305.00,4059.00,1754.00,762.86,0.00,False,False
bus368,40138239#0->439836129,bus_bus,2209.00,4062.00,1853.00,2687.10,0.00,False,False
veh1492,40035904#0->1226645411,veh_passenger,1001.00,4063.00,3062.00,3220.30,0.00,False,False
veh4871,488788637#0->422842976,veh_passenger,3265.00,4069.00,804.00,639.15,0.00,False,False
veh2525,240666069#1->515124965#2,veh_passenger,1693.00,4070.00,2377.00,998.45,0.00,False,False
veh2524,-654297634->1068916338,veh_passenger,1693.00,4073.00,2380.00,1525.89,0.00,False,False
veh3640,-1211151638->967985513#2,veh_passenger,2552.00,4076.00,1524.00,1802.82,0.00,False,False
bus415,40138941#1->967985513#0,bus_bus,2491.00,4077.00,1586.00,1703.59,0.00,False,False
veh2805,1254633077#0->39920505#7,veh_passenger,1881.00,4082.00,2201.00,1087.26,0.00,False,False
veh3234,-1068144849#1->437445539#0,veh_passenger,2168.00,4084.00,1916.00,2912.80,0.00,False,False
veh4866,131671623->1074409256#0,veh_passenger,3262.00,4095.00,833.00,295.54,0.00,False,False
veh1406,50323229#5->509646053#0,veh_passenger,944.00,4096.00,3152.00,1550.52,0.00,False,False
veh4086,-474143552#1->-1335304371,veh_passenger,2739.00,4097.00,1358.00,869.67,0.00,False,False
truck180,654297630->39921673#0,truck_truck,2161.00,4102.00,1941.00,397.34,0.00,False,False
veh3102,50323229#10->-1297720376#0,veh_passenger,2631.00,4109.00,1478.00,1241.88,0.00,False,False
veh2181,39838630#1->-687878722#0,veh_passenger,1463.00,4116.00,2653.00,1621.90,0.00,False,False
veh5121,1125986369->513087670,veh_passenger,3433.00,4118.00,685.00,385.96,0.00,False,False
veh4972,40140141#1->1421367508,veh_passenger,3333.00,4121.00,788.00,858.93,0.00,False,False
bus588,1222703384#0->1204070282,bus_bus,3529.00,4122.00,593.00,524.35,0.00,False,False
bus221,-474143552#1->1067928305#2,bus_bus,1327.00,4124.00,2797.00,3014.36,0.00,False,False
bus200,-1260485930#1->-730912750,bus_bus,1201.00,4125.00,2924.00,1953.40,0.00,False,False
veh2528,9374529#1->-1125986377#2,veh_passenger,1695.00,4127.00,2432.00,702.26,0.00,False,False
veh2997,178723097#0->509524230,veh_passenger,2009.00,4134.00,2125.00,784.21,0.00,False,False
veh1999,1125986406#0->-10250021#0,veh_passenger,1341.00,4136.00,2795.00,501.33,0.00,False,False
bus265,-10629474#1->666886082#1,bus_bus,1591.00,4138.00,2547.00,1046.32,0.00,False,False
veh4485,10628442#2->511409856#1,veh_passenger,3006.00,4142.00,1136.00,670.57,0.00,False,False
veh3862,-1260485929#1->-1260485931#0,veh_passenger,2589.00,4144.00,1555.00,923.57,0.00,False,False
veh4569,-39920593#1->-474143552#4,veh_passenger,3063.00,4149.00,1086.00,709.97,0.00,False,False
veh1825,521701857->1100626103#0,veh_passenger,1259.00,4157.00,2898.00,1393.65,0.00,False,False
bus515,1125986385#1->24576913#0,bus_bus,3091.00,4161.00,1070.00,749.92,0.00,False,False
truck290,-413789558#1->-1067928307#2,truck_truck,3481.00,4162.00,681.00,504.73,0.00,False,False
truck209,-654297634->39920011#1,truck_truck,2509.00,4163.00,1654.00,1441.40,0.00,False,False
bus467,1272337501->11631594#2,bus_bus,2809.00,4165.00,1356.00,1143.18,0.00,False,False
veh3615,50323229#11->1335304376#0,veh_passenger,2424.00,4167.00,1743.00,1031.08,0.00,False,False
veh1515,1068434199->437445539#1,veh_passenger,1017.00,4169.00,3152.00,2005.91,0.00,False,False
veh5155,39920550#4->11631594#0,veh_passenger,3773.00,4171.00,398.00,463.38,0.00,False,False
veh2225,475044040#4->39920505#5,veh_passenger,2806.00,4172.00,1366.00,772.81,0.00,False,False
veh2720,8887999#0->1074771170,veh_passenger,1824.00,4172.00,2348.00,1199.23,0.00,False,False
veh3787,-39838691#5->-1125986375#1,veh_passenger,2539.00,4172.00,1633.00,1456.52,0.00,False,False
bus459,40297715#3->1337646276,bus_bus,2755.00,4176.00,1421.00,2267.63,0.00,False,False
bus374,39921025#8->515126385#4,bus_bus,2245.00,4178.00,1933.00,2439.35,0.00,False,False
veh2563,1067928305#1->39838657#2,veh_passenger,1719.00,4179.00,2460.00,962.87,0.00,False,False
veh1354,11631594#0->1260485929#0,veh_passenger,909.00,4180.00,3271.00,2190.34,0.00,False,False
veh2610,1068144847->1214520076,veh_passenger,1750.00,4180.00,2430.00,994.21,0.00,False,False
veh3549,1323097576->39921025#7,veh_passenger,2379.00,4184.00,1805.00,1198.90,0.00,False,False
veh3155,-142741729#0->-40138239#3,veh_passenger,2115.00,4192.00,2077.00,908.05,0.00,False,False
bus310,1297720376#1->-1273251151,bus_bus,1861.00,4196.00,2335.00,1157.94,0.00,False,False
veh3437,50323229#14->-40138239#3,veh_passenger,2333.00,4196.00,1863.00,210.45,0.00,False,False
veh4405,10250021#4->-1125986378#1,veh_passenger,2953.00,4199.00,1246.00,279.02,0.00,False,False
veh1655,1260481153->-1125986385#0,veh_passenger,1110.00,4201.00,3091.00,599.38,0.00,False,False
veh4650,1068434168->1068434256#1,veh_passenger,3117.00,4201.00,1084.00,161.84,0.00,False,False
veh2353,1064476623->-1100626088,veh_passenger,1815.00,4209.00,2394.00,863.56,0.00,False,False
veh2038,1260485929#0->1214520074#1,veh_passenger,1367.00,4213.00,2846.00,771.31,0.00,False,False
veh2837,47267011#2->-654297629#1,veh_passenger,1902.00,4214.00,2312.00,1646.94,0.00,False,False
veh4487,-39921673#1->39838630#2,veh_passenger,3008.00,4214.00,1206.00,868.00,0.00,False,False
veh3452,-40139708->72157794,veh_passenger,2314.00,4215.00,1901.00,1216.27,0.00,False,False
bus485,499566574#1->-1326193809,bus_bus,2914.00,4220.00,1306.00,592.16,0.00,False,False
veh2406,-687878722#1->1298335702,veh_passenger,1614.00,4235.00,2621.00,414.55,0.00,False,False
veh2748,39921025#2->39920593#3,veh_passenger,1843.00,4235.00,2392.00,720.32,0.00,False,False
veh2454,240666069#1->564273552,veh_passenger,1646.00,4237.00,2591.00,1630.31,0.00,False,False
veh1643,1074409255#0->1125986375#1,veh_passenger,1102.00,4244.00,3142.00,2112.15,0.00,False,False
veh4302,1214520076->-10628442#1,veh_passenger,2919.00,4246.00,1327.00,395.98,0.00,False,False
veh3545,39838657#0->511409188#1,veh_passenger,2377.00,4247.00,1870.00,867.09,0.00,False,False
bus536,40140017#0->490474063#2,bus_bus,3217.00,4249.00,1032.00,687.38,0.00,False,False
veh2282,39763700#4->521704031#0,veh_passenger,1531.00,4250.00,2719.00,746.47,0.00,False,False
bus316,39920550#10->-654297630,bus_bus,1897.00,4262.00,2365.00,1068.20,0.00,False,False
veh5231,654297629#4->-1015424648,veh_passenger,3506.00,4262.00,756.00,936.06,0.00,False,False
bus425,490474063#0->515136604,bus_bus,2690.00,4266.00,1576.00,2883.46,0.00,False,False
veh4520,10250021#2->509646052,veh_passenger,3030.00,4282.00,1252.00,423.77,0.00,False,False
veh3524,24576922#1->515130026#1,veh_passenger,2363.00,4284.00,1921.00,3115.87,0.00,False,False
veh2451,488788629->39920684#6,veh_passenger,1644.00,4285.00,2641.00,1215.68,0.00,False,False
veh4380,-1255099069->1235501861#0,veh_passenger,2936.00,4293.00,1357.00,572.24,0.00,False,False
veh2273,39763700#3->1068434199,veh_passenger,1524.00,4295.00,2771.00,1030.48,0.00,False,False
veh3156,-39920593#6->-761486028#0,veh_passenger,2116.00,4300.00,2184.00,1359.43,0.00,False,False
veh3779,-40035904#1->1421367508,veh_passenger,2533.00,4302.00,1769.00,3009.82,0.00,False,False
veh4645,451728952#4->1226645409,veh_passenger,3114.00,4306.00,1192.00,1215.69,0.00,False,False
bus564,-1235501861#1->-1327579142,bus_bus,3385.00,4307.00,922.00,690.14,0.00,False,False
bus231,-33683346#0->39920550#2,bus_bus,1387.00,4313.00,2926.00,919.50,0.00,False,False
veh3447,490474063#1->39920550#1,veh_passenger,2380.00,4313.00,1933.00,472.67,0.00,False,False
veh3286,-513272949->39838691#10,veh_passenger,2467.00,4314.00,1847.00,674.12,0.00,False,False
veh2683,474143552#5->142741729#0,veh_passenger,1936.00,4318.00,2382.00,312.28,0.00,False,False
bus581,-1260485930#1->509646052,bus_bus,3487.00,4318.00,831.00,585.27,0.00,False,False
veh3329,39838520#3->1234244927#1,veh_passenger,2232.00,4321.00,2089.00,726.90,0.00,False,False
truck127,39920550#8->654297634,truck_truck,1525.00,4323.00,2798.00,1338.23,0.00,False,False
truck278,-1335304372->-50323229#14,truck_truck,3337.00,4324.00,987.00,712.74,0.00,False,False
veh2435,1214520074#4->39838984#0,veh_passenger,1633.00,4327.00,2694.00,1152.90,0.00,False,False
veh2021,-1260485929#3->1068144845#1,veh_passenger,1356.00,4329.00,2973.00,1197.90,0.00,False,False
bus195,40138239#1->1324405519,bus_bus,1171.00,4333.00,3162.00,1447.78,0.00,False,False
bus234,-40109290#3->24621218#0,bus_bus,1419.00,4334.00,2915.00,1393.65,0.00,False,False
veh2725,10628429->475044040#1,veh_passenger,1827.00,4334.00,2507.00,1135.30,0.00,False,False
veh3070,178699054->1068144845#2,veh_passenger,2058.00,4336.00,2278.00,3030.63,0.00,False,False
veh3540,1260485931#0->49224804#0,veh_passenger,2373.00,4336.00,1963.00,1293.35,0.00,False,False
veh3145,654297629#1->-405382146#0,veh_passenger,2109.00,4338.00,2229.00,1144.11,0.00,False,False
veh4570,509524227#1->451728952#1,veh_passenger,3063.00,4342.00,1279.00,1522.32,0.00,False,False
veh3896,1068074793->499566574#2,veh_passenger,2612.00,4344.00,1732.00,728.39,0.00,False,False
bus240,40115810#1->-1260485929#3,bus_bus,1441.00,4350.00,2909.00,564.68,0.00,False,False
veh3726,1421367925->985133427,veh_passenger,2498.00,4356.00,1858.00,745.67,0.00,False,False
veh4296,1222703384#0->-1068916336,veh_passenger,2880.00,4356.00,1476.00,146.36,0.00,False,False
veh4333,1234244925#1->-1068916336,veh_passenger,2905.00,4358.00,1453.00,1028.24,0.00,False,False
veh4985,-40035325#0->1064476622#0,veh_passenger,3341.00,4360.00,1019.00,614.51,0.00,False,False
veh3256,39920550#2->-10629474#1,veh_passenger,2183.00,4363.00,2180.00,983.00,0.00,False,False
bus522,-1254816454->511187810,bus_bus,3133.00,4366.00,1233.00,716.05,0.00,False,False
truck123,50323229#6->40139504#0,truck_truck,1504.00,4368.00,2864.00,1195.00,0.00,False,False
veh3963,1125986373#2->1064398309#0,veh_passenger,2657.00,4370.00,1713.00,868.80,0.00,False,False
veh5027,1292568612->178583140#1,veh_passenger,3370.00,4377.00,1007.00,474.63,0.00,False,False
bus253,-654297632#0->488788626#1,bus_bus,1523.00,4378.00,2855.00,1231.68,0.00,False,False
veh2625,40297715#2->1260481154,veh_passenger,1760.00,4383.00,2623.00,1430.02,0.00,False,False
veh4784,-405382146#0->1067928306#1,veh_passenger,3207.00,4383.00,1176.00,658.51,0.00,False,False
veh2465,488788626#2->1235501860,veh_passenger,1932.00,4384.00,2452.00,276.28,0.00,False,False
bus323,488788626#1->15420801#2,bus_bus,2220.00,4393.00,2173.00,1761.64,0.00,False,False
bus392,8887999#2->39920505#11,bus_bus,2353.00,4393.00,2040.00,1557.90,0.00,False,False
veh3729,40140017#1->40138941#1,veh_passenger,2500.00,4393.00,1893.00,881.42,0.00,False,False
veh4048,1337646271#0->511409188#0,veh_passenger,2714.00,4396.00,1682.00,1402.53,0.00,False,False
veh3606,1125986385#1->40035325#0,veh_passenger,2418.00,4397.00,1979.00,1217.25,0.00,False,False
veh4978,-1335304386#0->39920505#11,veh_passenger,3337.00,4398.00,1061.00,730.50,0.00,False,False
veh1821,1214520071->24577522#1,veh_passenger,2521.00,4402.00,1881.00,1205.22,0.00,False,False
veh4584,40297715#2->1068916338,veh_passenger,3073.00,4405.00,1332.00,1070.16,0.00,False,False
veh3901,-10250021#3->654297629#3,veh_passenger,2615.00,4407.00,1792.00,906.72,0.00,False,False
veh1933,1297720376#1->-10628444#1,veh_passenger,1297.00,4408.00,3111.00,343.25,0.00,False,False
veh3173,1222181935->-1323097576,veh_passenger,2129.00,4414.00,2285.00,1424.30,0.00,False,False
truck212,-1290439817#0->1064476620#0,truck_truck,2545.00,4416.00,1871.00,1419.00,0.00,False,False
veh3603,-10250021#2->-1236283454,veh_passenger,2416.00,4418.00,2002.00,1383.18,0.00,False,False
veh3850,39838751#1->178699054,veh_passenger,2581.00,4418.00,1837.00,898.78,0.00,False,False
bus528,1067852461->475044040#3,bus_bus,3421.00,4420.00,999.00,785.15,0.00,False,False
veh3403,1214520068->666886082#1,veh_passenger,2282.00,4422.00,2140.00,829.31,0.00,False,False
bus549,10628442#2->1234244927#0,bus_bus,3295.00,4423.00,1128.00,902.97,0.00,False,False
veh3328,24576913#0->1297720367,veh_passenger,2552.00,4425.00,1873.00,526.80,0.00,False,False
truck86,-449565665#2->1260485930#1,truck_truck,1033.00,4426.00,3393.00,1150.15,0.00,False,False
truck79,488788630#0->-449565665#1,truck_truck,951.00,4429.00,3478.00,1901.76,0.00,False,False
veh4714,47087993#0->257421487#1,veh_passenger,3160.00,4434.00,1274.00,1470.63,0.00,False,False
veh2934,39920550#2->1273251150#1,veh_passenger,1967.00,4436.00,2469.00,1404.97,0.00,False,False
veh2909,437445541#0->564273553#2,veh_passenger,1951.00,4438.00,2487.00,1449.11,0.00,False,False
veh1621,8887999#0->1068434199,veh_passenger,1088.00,4441.00,3353.00,1106.13,0.00,False,False
veh1817,488788626#1->1064476620#0,veh_passenger,1219.00,4442.00,3223.00,1179.03,0.00,False,False
veh3262,-1260481154->475044040#1,veh_passenger,2187.00,4442.00,2255.00,1444.95,0.00,False,False
veh3579,1068074793->39921025#7,veh_passenger,2433.00,4448.00,2015.00,1632.88,0.00,False,False
veh2012,40115810#1->-761486028#1,veh_passenger,1350.00,4453.00,3103.00,2806.91,0.00,False,False
truck287,1326094888->413789557,truck_truck,3447.00,4454.00,1007.00,837.12,0.00,False,False
bus448,-1237953493->449565665#3,bus_bus,2689.00,4455.00,1766.00,1164.56,0.00,False,False
bus157,83428923#1->-40138633#3,bus_bus,943.00,4457.00,3514.00,1793.50,0.00,False,False
veh3409,1068916335->1260485932,veh_passenger,2286.00,4467.00,2181.00,1288.32,0.00,False,False
veh2547,-1297720376#1->513272949,veh_passenger,1708.00,4470.00,2762.00,798.00,0.00,False,False
veh2123,-40035904#1->856175964,veh_passenger,1424.00,4473.00,3049.00,1605.46,0.00,False,False
veh3308,-654297632#0->-1125986406#0,veh_passenger,2218.00,4473.00,2255.00,460.96,0.00,False,False
veh3190,-856175964->449565665#3,veh_passenger,2139.00,4475.00,2336.00,831.19,0.00,False,False
veh3229,450616334#0->513272951#1,veh_passenger,2165.00,4485.00,2320.00,1249.08,0.00,False,False
veh5159,-40109290#5->1335304386#0,veh_passenger,3458.00,4486.00,1028.00,797.71,0.00,False,False
veh1569,761486028#1->1067928305#0,veh_passenger,1053.00,4488.00,3435.00,2275.93,0.00,False,False
veh2116,488788636#0->39838691#5,veh_passenger,1419.00,4488.00,3069.00,1284.71,0.00,False,False
veh3272,1131969257->-10628444#0,veh_passenger,2194.00,4488.00,2294.00,796.55,0.00,False,False
veh4961,1290439820->813852683,veh_passenger,3325.00,4492.00,1167.00,1888.00,0.00,False,False
veh4236,240666072#2->1332638391#1,veh_passenger,2840.00,4496.00,1656.00,986.92,0.00,False,False
truck176,1068434200#0->510107701,truck_truck,2113.00,4498.00,2385.00,337.03,0.00,False,False
veh2329,975216739->-1323097577,veh_passenger,1562.00,4508.00,2946.00,1535.31,0.00,False,False
veh3892,521705694#0->521708587#0,veh_passenger,3850.00,4508.00,658.00,53.47,0.00,False,False
bus463,654297633->-1125986377#2,bus_bus,2779.00,4508.00,1729.00,702.76,0.00,False,False
veh5356,40138239#1->654297637#1,veh_passenger,3627.00,4513.00,886.00,1331.90,0.00,False,False
veh2090,654530820#0->564273553#2,veh_passenger,1402.00,4514.00,3112.00,1839.19,0.00,False,False
bus510,39920222->1290456019,bus_bus,3061.00,4515.00,1454.00,1169.41,0.00,False,False
veh2381,39921025#7->761486028#1,veh_passenger,1597.00,4517.00,2920.00,1930.62,0.00,False,False
veh3930,-1074409256#0->1125986379#0,veh_passenger,2883.00,4527.00,1644.00,675.79,0.00,False,False
truck230,1214520070->178702258#2,truck_truck,2761.00,4533.00,1772.00,857.02,0.00,False,False
veh2797,1068074792->1254633077#1,veh_passenger,1875.00,4534.00,2659.00,845.04,0.00,False,False
veh2640,-8887999#0->687878725,veh_passenger,1770.00,4536.00,2766.00,804.19,0.00,False,False
veh3664,40140017#1->475044040#2,veh_passenger,2456.00,4536.00,2080.00,568.36,0.00,False,False
veh1456,1204070281->1067953239#0,veh_passenger,977.00,4537.00,3560.00,1548.73,0.00,False,False
veh3116,-1125986377#1->-40035904#1,veh_passenger,2858.00,4537.00,1679.00,1323.24,0.00,False,False
veh1704,1260485931#0->39838520#3,veh_passenger,1143.00,4544.00,3401.00,1447.12,0.00,False,False
veh1981,39838520#0->654297629#0,veh_passenger,1329.00,4544.00,3215.00,390.54,0.00,False,False
veh3456,509646063#1->1326193809,veh_passenger,2527.00,4544.00,2017.00,1886.81,0.00,False,False
veh2678,-39920593#3->-50323229#9,veh_passenger,1796.00,4552.00,2756.00,400.91,0.00,False,False
bus401,381945551->515126385#4,bus_bus,2407.00,4553.00,2146.00,1030.89,0.00,False,False
bus341,521704031#0->1327579131,bus_bus,2047.00,4556.00,2509.00,1444.27,0.00,False,False
veh1763,-422842976->72157792,veh_passenger,1183.00,4557.00,3374.00,888.53,0.00,False,False
veh3812,-449565665#2->40139504#1,veh_passenger,2556.00,4558.00,2002.00,956.52,0.00,False,False
bus274,-515126385#2->-238219441#2,bus_bus,1645.00,4559.00,2914.00,1526.13,0.00,False,False
veh4888,1273405490->-1273251152,veh_passenger,3276.00,4559.00,1283.00,301.04,0.00,False,False
veh4330,1335304372->39921025#0,veh_passenger,2903.00,4567.00,1664.00,768.54,0.00,False,False
truck218,511187808#0->47087993#0,truck_truck,2617.00,4578.00,1961.00,1865.77,0.00,False,False
veh4378,232920697->1323097575#2,veh_passenger,2935.00,4578.00,1643.00,1457.63,0.00,False,False
veh4117,-1068144847->1421367925,veh_passenger,2760.00,4586.00,1826.00,1240.77,0.00,False,False
bus293,40297715#0->666886082#0,bus_bus,1759.00,4592.00,2833.00,1424.25,0.00,False,False
veh4137,-1254633077#1->-40138239#2,veh_passenger,4560.00,4594.00,34.00,273.06,0.00,False,False
veh4301,178702258#0->1067928305#2,veh_passenger,2883.00,4599.00,1716.00,1528.56,0.00,False,False
truck195,509646061->-1260485931#1,truck_truck,2341.00,4600.00,2259.00,1307.48,0.00,False,False
veh3369,9374529#1->-474143552#1,veh_passenger,2259.00,4605.00,2346.00,891.47,0.00,False,False
veh4417,1254633078#1->515126385#1,veh_passenger,2961.00,4605.00,1644.00,2901.43,0.00,False,False
bus183,-515123442#0->1260485931#0,bus_bus,1099.00,4610.00,3511.00,1403.99,0.00,False,False
veh3527,-687878722#1->1068144844,veh_passenger,2365.00,4612.00,2247.00,1425.90,0.00,False,False
bus261,509646053#0->-40140017#1,bus_bus,1567.00,4614.00,3047.00,864.87,0.00,False,False
veh4442,10629474#1->-474143552#0,veh_passenger,2978.00,4616.00,1638.00,1453.36,0.00,False,False
bus527,-178702258#1->-1068144846#0,bus_bus,3163.00,4617.00,1454.00,1146.48,0.00,False,False
bus422,-1068144849#2->513082641#2-AddedOnRampEdge,bus_bus,2533.00,4620.00,2087.00,1871.46,0.00,False,False
veh2431,-10250021#4->687878722#1,veh_passenger,1630.00,4622.00,2992.00,1980.31,0.00,False,False
veh2819,14924729#2->509524224,veh_passenger,1890.00,4623.00,2733.00,1040.87,0.00,False,False
veh2860,-39838751#0->1214520074#6,veh_passenger,1918.00,4623.00,2705.00,1072.91,0.00,False,False
bus546,-1236283454->1226645408,bus_bus,3277.00,4623.00,1346.00,2907.91,0.00,False,False
veh3064,-40138239#1->-1236283454,veh_passenger,2054.00,4630.00,2576.00,788.84,0.00,False,False
bus595,654297635#0->968332513#0,bus_bus,3571.00,4632.00,1061.00,584.56,0.00,False,False
veh3292,1064476625->-451728952#1,veh_passenger,2207.00,4633.00,2426.00,2745.24,0.00,False,False
bus313,-1323097580#1->730912750,bus_bus,1879.00,4636.00,2757.00,2331.50,0.00,False,False
veh2992,1322916760#1->-1068144846#2,veh_passenger,2006.00,4636.00,2630.00,1348.40,0.00,False,False
veh4675,39920505#5->1068434235,veh_passenger,3233.00,4636.00,1403.00,1104.97,0.00,False,False
veh3098,39920684#5->40140141#7,veh_passenger,2077.00,4637.00,2560.00,2197.65,0.00,False,False
truck166,72157794->-9374529#1,truck_truck,1993.00,4639.00,2646.00,995.01,0.00,False,False
veh3068,147711065#2->1067928306#2,veh_passenger,2057.00,4641.00,2584.00,1742.72,0.00,False,False
veh1523,1207401652#2->511187808#1,veh_passenger,1022.00,4645.00,3623.00,769.69,0.00,False,False
veh4667,131671623->405382146#0,veh_passenger,3128.00,4649.00,1521.00,1131.71,0.00,False,False
veh2058,-1222703383->47088302#1,veh_passenger,1380.00,4651.00,3271.00,1056.97,0.00,False,False
veh2975,-437445542->-428730813#0,veh_passenger,1995.00,4651.00,2656.00,699.34,0.00,False,False
veh1943,40035325#0->1064476618#1,veh_passenger,1303.00,4654.00,3351.00,1203.10,0.00,False,False
veh1555,1260485929#1->511187815,veh_passenger,1043.00,4657.00,3614.00,415.38,0.00,False,False
veh2453,511409188#0->-40035325#1,veh_passenger,1645.00,4657.00,3012.00,1538.62,0.00,False,False
veh5138,-449565665#3->9704194#0,veh_passenger,3444.00,4658.00,1214.00,1306.82,0.00,False,False
veh3021,479863106#0->509646063#0,veh_passenger,2026.00,4659.00,2633.00,262.14,0.00,False,False
veh2051,521701860->428730813#3,veh_passenger,1376.00,4668.00,3292.00,1696.51,0.00,False,False
veh5316,513272950#0->1067928306#0,veh_passenger,3563.00,4669.00,1106.00,1423.47,0.00,False,False
veh3762,-1125986377#1->1214520073#0,veh_passenger,3873.00,4679.00,806.00,592.95,0.00,False,False
veh2023,15420537#2->-437445542,veh_passenger,1357.00,4686.00,3329.00,2681.91,0.00,False,False
veh4855,39921531->509524230,veh_passenger,3254.00,4687.00,1433.00,1045.62,0.00,False,False
veh5156,-40140017#1->654297631,veh_passenger,3456.00,4692.00,1236.00,233.30,0.00,False,False
veh1929,1254816455->1125986379#1,veh_passenger,1294.00,4706.00,3412.00,404.89,0.00,False,False
veh2879,-33683346#0->40297715#0,veh_passenger,1930.00,4710.00,2780.00,809.85,0.00,False,False
bus179,39763700#2->1068144844,bus_bus,1075.00,4711.00,3636.00,2746.52,0.00,False,False
veh3236,-1273251151->-654297637#0,veh_passenger,2170.00,4712.00,2542.00,878.49,0.00,False,False
veh3336,39920011#1->474143552#3,veh_passenger,2237.00,4716.00,2479.00,674.01,0.00,False,False
veh5355,40140017#1->1335304372,veh_passenger,3589.00,4716.00,1127.00,610.85,0.00,False,False
veh4735,1125986385#1->1297720376#0,veh_passenger,3174.00,4730.00,1556.00,883.34,0.00,False,False
veh5221,1125986378#1->-513272949,veh_passenger,3500.00,4731.00,1231.00,643.66,0.00,False,False
truck138,1235501860->-10629474#0,truck_truck,1657.00,4732.00,3075.00,1184.86,0.00,False,False
bus356,479863106#2->1125986369,bus_bus,2137.00,4733.00,2596.00,196.94,0.00,False,False
truck178,1214520075->1067928306#2,truck_truck,3197.00,4733.00,1536.00,1256.28,0.00,False,False
veh1485,1214520076->-511187807,veh_passenger,996.00,4734.00,3738.00,289.43,0.00,False,False
veh4110,-422842976->-10629474#0,veh_passenger,2755.00,4734.00,1979.00,935.52,0.00,False,False
veh2137,-178723097#0->-428730807,veh_passenger,1515.00,4736.00,3221.00,1681.11,0.00,False,False
veh1765,39920550#5->1064476618#0,veh_passenger,1184.00,4737.00,3553.00,1389.50,0.00,False,False
veh3785,1337646271#0->-413789558#0,veh_passenger,2537.00,4737.00,2200.00,1737.20,0.00,False,False
bus513,39920550#8->1292541108,bus_bus,3079.00,4742.00,1663.00,1301.11,0.00,False,False
bus395,1298335705->515130025,bus_bus,3508.00,4743.00,1235.00,1003.27,0.00,False,False
veh3072,-10628444#0->10629474#1,veh_passenger,2249.00,4749.00,2500.00,464.89,0.00,False,False
veh4130,24576913#0->47087993#1,veh_passenger,2920.00,4754.00,1834.00,2083.88,0.00,False,False
veh2396,-50323229#10->1064398309#1,veh_passenger,1607.00,4765.00,3158.00,468.67,0.00,False,False
veh4757,-1237953493->-1335304385,veh_passenger,3189.00,4766.00,1577.00,1271.62,0.00,False,False
veh2200,1067928305#2->-39838691#8,veh_passenger,1475.00,4767.00,3292.00,1540.80,0.00,False,False
veh1949,-437445539#1->-147711065#0,veh_passenger,1307.00,4769.00,3462.00,2398.48,0.00,False,False
veh3996,511187808#4->1214520075,veh_passenger,2679.00,4777.00,2098.00,307.13,0.00,False,False
veh3507,1222703382->-1125986377#0,veh_passenger,2351.00,4779.00,2428.00,878.61,0.00,False,False
veh3416,437445542->1327579131,veh_passenger,2290.00,4782.00,2492.00,2383.10,0.00,False,False
veh2543,-1260485929#3->515126302,veh_passenger,1705.00,4788.00,3083.00,1379.41,0.00,False,False
veh5029,39838751#0->-451728952#5,veh_passenger,3371.00,4788.00,1417.00,1408.82,0.00,False,False
veh1815,654297636->50323226,veh_passenger,1223.00,4797.00,3574.00,836.32,0.00,False,False
veh1473,-449565665#2->39921672,veh_passenger,988.00,4798.00,3810.00,630.71,0.00,False,False
truck254,-33683458#1->968332513#0,truck_truck,3049.00,4798.00,1749.00,512.09,0.00,False,False
veh3500,1297720376#1->-40035992,veh_passenger,2346.00,4800.00,2454.00,1104.96,0.00,False,False
veh2173,1204070283#1->475044040#4,veh_passenger,1457.00,4802.00,3345.00,1094.89,0.00,False,False
veh2699,24577455#2->1254816454,veh_passenger,1810.00,4808.00,2998.00,933.05,0.00,False,False
veh4320,1260481150->-1222703382,veh_passenger,2896.00,4808.00,1912.00,797.71,0.00,False,False
bus453,-39838751#1->-39366819#0,bus_bus,2719.00,4814.00,2095.00,657.11,0.00,False,False
veh2739,39920550#6->1335304371,veh_passenger,1837.00,4818.00,2981.00,957.14,0.00,False,False
veh2275,39920684#3->169562956,veh_passenger,1527.00,4820.00,3293.00,1570.50,0.00,False,False
bus256,-654297629#6->509646062,bus_bus,1888.00,4822.00,2934.00,935.58,0.00,False,False
veh3972,-1335304372->40297715#0,veh_passenger,2663.00,4824.00,2161.00,444.99,0.00,False,False
veh4136,11635095-AddedOffRampEdge->39838984#1,veh_passenger,2773.00,4826.00,2053.00,1414.68,0.00,False,False
veh1676,-1260485931#1->564273553#4,veh_passenger,1124.00,4830.00,3706.00,1937.52,0.00,False,False
veh2083,1100626103#1->1068434208#1,veh_passenger,1397.00,4831.00,3434.00,2016.09,0.00,False,False
veh4729,509524271->687878724,veh_passenger,3225.00,4832.00,1607.00,1403.61,0.00,False,False
veh4617,1068434205->1214520067,veh_passenger,3183.00,4835.00,1652.00,726.14,0.00,False,False
veh3514,39920505#4->564273553#2,veh_passenger,2356.00,4836.00,2480.00,1718.61,0.00,False,False
veh1771,1272337500->24621218#4,veh_passenger,1188.00,4844.00,3656.00,1370.41,0.00,False,False
bus202,147711065#1->-39838691#10,bus_bus,1213.00,4846.00,3633.00,701.20,0.00,False,False
veh2426,515126385#4->238219472#3,veh_passenger,1627.00,4847.00,3220.00,2126.35,0.00,False,False
veh2043,499566573->40109290#0,veh_passenger,1370.00,4860.00,3490.00,669.87,0.00,False,False
veh3682,-39838657#3->39838691#0,veh_passenger,2468.00,4867.00,2399.00,476.73,0.00,False,False
veh4762,24576922#2->666886081,veh_passenger,3192.00,4867.00,1675.00,1808.07,0.00,False,False
bus289,178583145->10250021#3,bus_bus,1735.00,4870.00,3135.00,1563.64,0.00,False,False
veh1540,39920684#1->1074771163#1-AddedOffRampEdge,veh_passenger,1033.00,4871.00,3838.00,1692.93,0.00,False,False
veh1808,761486028#1->-10628442#0,veh_passenger,1213.00,4872.00,3659.00,919.67,0.00,False,False
veh2511,1272548721->1211151635#0,veh_passenger,1684.00,4873.00,3189.00,1400.31,0.00,False,False
veh2704,-39838530->-232920701,veh_passenger,3219.00,4874.00,1655.00,2000.11,0.00,False,False
veh5011,-474143552#0->39920684#2,veh_passenger,3359.00,4875.00,1516.00,896.98,0.00,False,False
veh1489,39920505#3->-1125986375#0,veh_passenger,999.00,4876.00,3877.00,1717.52,0.00,False,False
veh3533,437445542->654297628,veh_passenger,2369.00,4877.00,2508.00,1346.86,0.00,False,False
veh2889,11631594#0->40035904#2,veh_passenger,1937.00,4878.00,2941.00,981.47,0.00,False,False
veh3005,1332638368#0->40140141#7,veh_passenger,2015.00,4878.00,2863.00,1032.03,0.00,False,False
bus578,-40140017#1->-474143552#5,bus_bus,3469.00,4879.00,1410.00,1083.71,0.00,False,False
veh4479,-39838630#1->232920701,veh_passenger,3202.00,4880.00,1678.00,1912.51,0.00,False,False
veh1794,-40036009#1->39920550#11,veh_passenger,1205.00,4882.00,3677.00,1136.76,0.00,False,False
veh2220,1068434256#1->-10628442#1,veh_passenger,1489.00,4883.00,3394.00,1382.37,0.00,False,False
veh2357,975216740->490474063#1,veh_passenger,1611.00,4883.00,3272.00,1488.16,0.00,False,False
veh4578,1067928306#2->-224146621,veh_passenger,4473.00,4885.00,412.00,555.80,0.00,False,False
bus495,178699056#1->488786523,bus_bus,3362.00,4887.00,1525.00,2407.99,0.00,False,False
veh3872,68574202->-14924729#3,veh_passenger,2596.00,4888.00,2292.00,2359.26,0.00,False,False
veh3031,515123442#1->-10748036,veh_passenger,2032.00,4892.00,2860.00,2095.49,0.00,False,False
veh4047,-1068074793->515126385#1,veh_passenger,2713.00,4893.00,2180.00,2861.09,0.00,False,False
veh5086,1067928305#0->-1068144846#2,veh_passenger,3409.00,4893.00,1484.00,674.19,0.00,False,False
veh2462,24577522#2->499566574#2,veh_passenger,1651.00,4899.00,3248.00,1493.02,0.00,False,False
veh4920,-479863106#0->9704194#0,veh_passenger,3298.00,4905.00,1607.00,913.68,0.00,False,False
veh2048,1125986406#0->24576922#1,veh_passenger,1374.00,4907.00,3533.00,1019.78,0.00,False,False
bus193,39920505#5->9704194#3,bus_bus,1159.00,4908.00,3749.00,1837.14,0.00,False,False
bus207,178702253->40035606#0,bus_bus,1243.00,4908.00,3665.00,1192.95,0.00,False,False
veh3949,490474063#3->1298335704#0,veh_passenger,2976.00,4909.00,1933.00,1305.47,0.00,False,False
veh4446,490474063#3->-39920593#2,veh_passenger,4394.00,4911.00,517.00,190.92,0.00,False,False
veh1823,-1260485929#0->-1332638368#1,veh_passenger,1223.00,4915.00,3692.00,1559.68,0.00,False,False
veh3318,1335304377->1292578260,veh_passenger,2225.00,4918.00,2693.00,1755.76,0.00,False,False
veh4917,39920684#6->-761486028#0,veh_passenger,3296.00,4918.00,1622.00,1337.09,0.00,False,False
veh2530,1323097578->488788626#1,veh_passenger,1697.00,4920.00,3223.00,623.75,0.00,False,False
veh3341,490474063#2->40035904#1,veh_passenger,3279.00,4921.00,1642.00,552.97,0.00,False,False
veh2665,1326193809->10748045#0,veh_passenger,1787.00,4924.00,3137.00,570.14,0.00,False,False
bus173,654297629#3->39920593#5,bus_bus,1039.00,4927.00,3888.00,1638.37,0.00,False,False
veh742,1125986386->1214520074#6,veh_passenger,2620.00,4932.00,2312.00,882.56,0.00,False,False
veh1742,14924729#2->509524224,veh_passenger,1169.00,4934.00,3765.00,1040.87,0.00,False,False
veh3547,116831467->10628444#0,veh_passenger,2378.00,4934.00,2556.00,1031.37,0.00,False,False
veh2330,39874516->1226645409,veh_passenger,1563.00,4936.00,3373.00,3406.49,0.00,False,False
veh3721,654297635#0->-401226926#1,veh_passenger,2495.00,4940.00,2445.00,1183.93,0.00,False,False
veh3120,24577522#0->-116831467,veh_passenger,2092.00,4945.00,2853.00,1242.59,0.00,False,False
truck227,1214520078->-401226926#1,truck_truck,2725.00,4948.00,2223.00,1739.49,0.00,False,False
veh4719,-39921673#0->-401226926#0,veh_passenger,3163.00,4957.00,1794.00,1067.42,0.00,False,False
veh1462,47224972#0->1332638368#2,veh_passenger,981.00,4959.00,3978.00,1098.15,0.00,False,False
veh2654,1231065644->521701860,veh_passenger,1780.00,4959.00,3179.00,781.41,0.00,False,False
veh3625,449565665#2->1214520067,veh_passenger,2574.00,4961.00,2387.00,640.88,0.00,False,False
veh4903,10628442#3->39921025#5,veh_passenger,3287.00,4962.00,1675.00,1450.91,0.00,False,False
veh2823,24576913#1->1211151639,veh_passenger,1902.00,4968.00,3066.00,566.44,0.00,False,False
veh4361,515123438->451728952#3,veh_passenger,2923.00,4969.00,2046.00,1526.88,0.00,False,False
veh2926,24576922#0->24577455#1,veh_passenger,1962.00,4971.00,3009.00,1216.88,0.00,False,False
veh4930,232920697->-40297715#3,veh_passenger,3305.00,4972.00,1667.00,1260.28,0.00,False,False
veh5192,-39920593#4->-10748045#2,veh_passenger,3480.00,4972.00,1492.00,704.45,0.00,False,False
truck247,-178723097#1->-1068144849#2,truck_truck,2965.00,4973.00,2008.00,2439.99,0.00,False,False
veh2276,856175964->451728952#3,veh_passenger,1526.00,4979.00,3453.00,1306.65,0.00,False,False
veh1772,-511409187->1207401652#2,veh_passenger,1616.00,4980.00,3364.00,1223.49,0.00,False,False
veh5190,1207401652#1->-116783847,veh_passenger,3479.00,4980.00,1501.00,1691.80,0.00,False,False
veh1712,1125986375#0->1068144845#3,veh_passenger,1149.00,4985.00,3836.00,1848.72,0.00,False,False
veh4674,178583149->1068434199,veh_passenger,3133.00,4993.00,1860.00,1943.29,0.00,False,False
veh2368,511187811->1075505400#0,veh_passenger,1865.00,4995.00,3130.00,1239.40,0.00,False,False
veh4098,10628442#1->654297629#6,veh_passenger,2747.00,4995.00,2248.00,923.75,0.00,False,False
veh1606,1064476620#2->509647506,veh_passenger,1078.00,4996.00,3918.00,1217.91,0.00,False,False
veh4998,-40139504#1->1075505400#2,veh_passenger,3350.00,4996.00,1646.00,1693.22,0.00,False,False
bus556,-1335304386#0->515126303,bus_bus,3341.00,4997.00,1656.00,2802.73,0.00,False,False
veh5021,1273251150#1->-1125986377#2,veh_passenger,3366.00,4998.00,1632.00,1601.62,0.00,False,False
veh4967,39920505#1->178441748#0,veh_passenger,3329.00,4999.00,1670.00,536.53,0.00,False,False
bus470,-1273251151->24621218#1,bus_bus,2948.00,5000.00,2052.00,1404.20,0.00,False,False
veh3119,474143552#2->-39920593#3,veh_passenger,2291.00,5002.00,2711.00,687.44,0.00,False,False
veh4981,-838061037->1067928306#2,veh_passenger,3339.00,5003.00,1664.00,1013.31,0.00,False,False
veh2716,-1323097580#1->-39920593#4,veh_passenger,1821.00,5004.00,3183.00,689.44,0.00,False,False
truck232,-39838751#0->1292541108,truck_truck,2785.00,5005.00,2220.00,783.77,0.00,False,False
veh1399,499566577#1->10250021#3,veh_passenger,939.00,5007.00,4068.00,1484.67,0.00,False,False
veh2817,-39920593#1->-238219441#2,veh_passenger,1889.00,5008.00,3119.00,1319.00,0.00,False,False
bus476,40035606#1->509646063#1,bus_bus,2857.00,5008.00,2151.00,1569.58,0.00,False,False
veh2448,50323229#7->1260485931#0,veh_passenger,1642.00,5010.00,3368.00,671.85,0.00,False,False
veh2898,-1125986386->-687878722#0,veh_passenger,1943.00,5010.00,3067.00,1862.58,0.00,False,False
veh4054,24621218#3->178583153,veh_passenger,3849.00,5010.00,1161.00,557.00,0.00,False,False
veh5028,47225638#0->1068434207,veh_passenger,3370.00,5010.00,1640.00,1520.74,0.00,False,False
veh5064,8758061->47087993#2,veh_passenger,3394.00,5012.00,1618.00,862.81,0.00,False,False
veh3660,488788637#0->-1068144845#4,veh_passenger,2454.00,5013.00,2559.00,1573.44,0.00,False,False
veh1442,515130026#1->39921025#6,veh_passenger,968.00,5015.00,4047.00,2348.55,0.00,False,False
veh2253,-10628429->654297629#2,veh_passenger,1511.00,5015.00,3504.00,691.55,0.00,False,False
veh2318,49224804#0->1125986373#3,veh_passenger,1555.00,5017.00,3462.00,1798.93,0.00,False,False
truck124,39086240-AddedOffRampEdge->9704194#3,truck_truck,1489.00,5017.00,3528.00,1327.44,0.00,False,False
veh5244,428730800->666886081,veh_passenger,3515.00,5017.00,1502.00,1052.24,0.00,False,False
veh4798,1297720368->-1074771160,veh_passenger,3216.00,5020.00,1804.00,1095.78,0.00,False,False
veh4283,-1335304386#1->-8758061,veh_passenger,2871.00,5024.00,2153.00,3058.85,0.00,False,False
veh5088,1068434200#0->511187808#4-AddedOnRampEdge,veh_passenger,3410.00,5026.00,1616.00,310.30,0.00,False,False
bus360,178725446#2->511404875,bus_bus,2161.00,5029.00,2868.00,819.17,0.00,False,False
veh4219,-1254816454->-142741729#1,veh_passenger,2828.00,5039.00,2211.00,637.00,0.00,False,False
veh1976,10628442#2->-33683346#2,veh_passenger,1325.00,5043.00,3718.00,1686.28,0.00,False,False
veh2326,-39838691#7->-1260485931#0,veh_passenger,1560.00,5043.00,3483.00,1664.37,0.00,False,False
veh2040,257421487#0->14924729#0,veh_passenger,1368.00,5044.00,3676.00,855.14,0.00,False,False
bus350,15420537#2->15419875#1,bus_bus,2101.00,5044.00,2943.00,2703.50,0.00,False,False
veh3555,1074771163#1->1235501862,veh_passenger,2383.00,5044.00,2661.00,498.32,0.00,False,False
veh4060,39763700#3->12247569,veh_passenger,2722.00,5045.00,2323.00,723.52,0.00,False,False
veh3053,-654297632#2->490474063#2,veh_passenger,2047.00,5047.00,3000.00,681.36,0.00,False,False
veh3647,511187821->39920550#1,veh_passenger,2445.00,5047.00,2602.00,1412.41,0.00,False,False
veh2984,40035904#1->1214520073#0,veh_passenger,2001.00,5052.00,3051.00,2008.10,0.00,False,False
veh2993,-40138239#4->-40035904#0,veh_passenger,2007.00,5053.00,3046.00,1213.24,0.00,False,False
veh3620,40109290#5->-1211151638,veh_passenger,2427.00,5053.00,2626.00,2359.80,0.00,False,False
veh3379,39920550#2->-1260485929#2,veh_passenger,2412.00,5056.00,2644.00,1125.18,0.00,False,False
veh2428,1332638391#1->1254633078#1,veh_passenger,1628.00,5059.00,3431.00,1787.66,0.00,False,False
veh3273,24576922#1->39921673#1,veh_passenger,2194.00,5060.00,2866.00,1783.83,0.00,False,False
veh1567,450616334#0->-50323229#14,veh_passenger,1051.00,5061.00,4010.00,2615.14,0.00,False,False
bus455,39920011#3->-1068144849#2,bus_bus,2731.00,5062.00,2331.00,3464.25,0.00,False,False
veh3777,1064476624->1332638368#0,veh_passenger,2532.00,5063.00,2531.00,1942.96,0.00,False,False
veh3609,1290439817#1->-39920593#6,veh_passenger,2420.00,5064.00,2644.00,702.55,0.00,False,False
veh4336,39920011#3->515126302,veh_passenger,2907.00,5068.00,2161.00,2945.55,0.00,False,False
veh2217,-1067928305#0->-47267007#0,veh_passenger,1487.00,5070.00,3583.00,2095.57,0.00,False,False
veh5246,39920684#5->47087366#1,veh_passenger,3516.00,5071.00,1555.00,3122.21,0.00,False,False
veh3237,-40138239#1->1068144849#1,veh_passenger,2170.00,5076.00,2906.00,4362.12,0.00,False,False
veh3380,-1222703384#1->14924729#1,veh_passenger,2266.00,5078.00,2812.00,1486.82,0.00,False,False
veh1670,238219446#0->-509646056,veh_passenger,1120.00,5083.00,3963.00,1073.15,0.00,False,False
veh4869,1074771163#1->654297629#5,veh_passenger,3264.00,5085.00,1821.00,1078.88,0.00,False,False
veh4020,39921673#0->10250021#4,veh_passenger,2695.00,5089.00,2394.00,426.39,0.00,False,False
veh1428,1214520073#1->-147711065#0,veh_passenger,958.00,5090.00,4132.00,505.97,0.00,False,False
veh2413,1074409255#2->-1226645407,veh_passenger,1618.00,5091.00,3473.00,2394.37,0.00,False,False
veh2147,12247569->438354815,veh_passenger,1440.00,5094.00,3654.00,1651.34,0.00,False,False
bus174,-1015424648->-761486028#1,bus_bus,1045.00,5098.00,4053.00,1960.46,0.00,False,False
bus490,1068434235->39920550#0,bus_bus,2941.00,5098.00,2157.00,1575.31,0.00,False,False
veh4571,-1068916335->515130028#0,veh_passenger,3064.00,5099.00,2035.00,2560.80,0.00,False,False
veh5220,15419906#0->488788629,veh_passenger,3499.00,5101.00,1602.00,1134.12,0.00,False,False
veh2206,653860562->9704194#2,veh_passenger,1480.00,5102.00,3622.00,1573.10,0.00,False,False
bus573,488788626#0->39920550#3,bus_bus,3725.00,5102.00,1377.00,740.20,0.00,False,False
bus579,654297635#1->1290456019,bus_bus,3475.00,5103.00,1628.00,1464.11,0.00,False,False
veh4874,1332638368#2->1125986385#1,veh_passenger,3267.00,5108.00,1841.00,1441.72,0.00,False,False
veh4346,10748036->40140141#9,veh_passenger,2913.00,5109.00,2196.00,1507.40,0.00,False,False
veh4447,900279869->40138239#3,veh_passenger,3224.00,5110.00,1886.00,1844.72,0.00,False,False
bus220,-39838657#2->1254633077#1,bus_bus,1321.00,5113.00,3792.00,2031.74,0.00,False,False
veh1852,-169562956->521708587#1,veh_passenger,1242.00,5116.00,3874.00,1380.17,0.00,False,False
veh2333,-422842976->13909444#5,veh_passenger,1565.00,5117.00,3552.00,1520.06,0.00,False,False
veh3232,-10628442#0->-451728952#3,veh_passenger,2167.00,5122.00,2955.00,1539.65,0.00,False,False
truck226,1074771163#0->40035325#0,truck_truck,2713.00,5129.00,2416.00,961.55,0.00,False,False
veh1802,39920550#2->439836130#0-AddedOffRampEdge,veh_passenger,1209.00,5140.00,3931.00,1215.06,0.00,False,False
veh5094,437445541#0->-1068144848#0,veh_passenger,3414.00,5140.00,1726.00,1569.88,0.00,False,False
veh4031,-1290439817#0->39921025#0,veh_passenger,2702.00,5142.00,2440.00,770.42,0.00,False,False
veh2514,-47267010->-39838657#1,veh_passenger,1686.00,5145.00,3459.00,1168.37,0.00,False,False
veh4826,-10250021#0->-39921673#1,veh_passenger,4137.00,5145.00,1008.00,254.58,0.00,False,False
veh2510,-39921531->564273553#4,veh_passenger,1683.00,5147.00,3464.00,1310.14,0.00,False,False
veh2863,142741729#0->856175963,veh_passenger,1920.00,5149.00,3229.00,969.80,0.00,False,False
veh1744,39920505#8->1125986379#0,veh_passenger,1170.00,5152.00,3982.00,1038.48,0.00,False,False
veh3441,-474143552#6->178583148#2-AddedOnRampEdge,veh_passenger,2307.00,5153.00,2846.00,942.58,0.00,False,False
veh2370,653860562->-40035904#2,veh_passenger,1589.00,5159.00,3570.00,1632.59,0.00,False,False
veh2478,-10628442#2->-405382146#0,veh_passenger,1662.00,5159.00,3497.00,1278.50,0.00,False,False
veh2814,1222181935->1125986377#2,veh_passenger,1887.00,5161.00,3274.00,498.54,0.00,False,False
bus506,10748036->40140017#1,bus_bus,3037.00,5161.00,2124.00,596.97,0.00,False,False
veh2832,513082635#0-AddedOffRampEdge->654297632#0,veh_passenger,1899.00,5163.00,3264.00,2314.67,0.00,False,False
veh4203,10628444#1->-401226926#0,veh_passenger,2818.00,5163.00,2345.00,864.51,0.00,False,False
veh4449,-24576913#0->1337115429,veh_passenger,2982.00,5165.00,2183.00,740.90,0.00,False,False
veh3878,-1222703383->40109290#3,veh_passenger,2997.00,5167.00,2170.00,897.23,0.00,False,False
bus181,39920550#11->-488788637#0,bus_bus,1087.00,5168.00,4081.00,1218.94,0.00,False,False
veh3295,-47087366#2->-40140017#0,veh_passenger,2209.00,5169.00,2960.00,1865.61,0.00,False,False
bus309,39921025#0->40036009#0,bus_bus,1855.00,5170.00,3315.00,1280.78,0.00,False,False
veh3879,39838691#1->-39366819#1,veh_passenger,2839.00,5170.00,2331.00,241.06,0.00,False,False
veh1741,1068434256#1->40139504#0,veh_passenger,1168.00,5173.00,4005.00,1336.71,0.00,False,False
veh3976,39920505#4->654297628,veh_passenger,2665.00,5174.00,2509.00,1678.30,0.00,False,False
veh4739,-10628442#1->1068144849#1,veh_passenger,3177.00,5176.00,1999.00,2251.78,0.00,False,False
veh1931,-1015424648->499566573,veh_passenger,1295.00,5177.00,3882.00,1601.37,0.00,False,False
veh4034,428730813#3->428730818#3,veh_passenger,2704.00,5177.00,2473.00,353.13,0.00,False,False
veh3103,-1237953493->515123442#1,veh_passenger,2081.00,5178.00,3097.00,1109.84,0.00,False,False
truck80,-1335304385->1236283454,truck_truck,961.00,5182.00,4221.00,771.72,0.00,False,False
veh2409,1234244927#0->515130028#1,veh_passenger,1616.00,5183.00,3567.00,1994.02,0.00,False,False
veh3750,1335304371->-1323097577,veh_passenger,2838.00,5183.00,2345.00,582.27,0.00,False,False
veh2979,-257421487#1->-40139504#0,veh_passenger,1997.00,5189.00,3192.00,978.61,0.00,False,False
veh3191,1272337498#0->-654297632#2,veh_passenger,2139.00,5189.00,3050.00,972.75,0.00,False,False
veh1761,-1125986375#1->238219446#1,veh_passenger,1181.00,5190.00,4009.00,1013.39,0.00,False,False
veh3283,1272337501->475044040#1,veh_passenger,2201.00,5190.00,2989.00,416.96,0.00,False,False
veh4916,-488788629->40138239#2,veh_passenger,3295.00,5192.00,1897.00,1694.10,0.00,False,False
veh5240,1211151638->-450616334#1,veh_passenger,3809.00,5200.00,1391.00,548.61,0.00,False,False
bus300,40035606#3->1235501861#0,bus_bus,1801.00,5206.00,3405.00,1115.34,0.00,False,False
veh4790,50323229#9->12090453#0,veh_passenger,3256.00,5206.00,1950.00,3046.43,0.00,False,False
veh2838,178699051#1->1068144848#0,veh_passenger,1903.00,5208.00,3305.00,2135.01,0.00,False,False
veh4139,24576922#2->1067928305#2,veh_passenger,2775.00,5219.00,2444.00,2758.76,0.00,False,False
veh1617,-573632774->474143552#1,veh_passenger,1085.00,5225.00,4140.00,1710.38,0.00,False,False
veh2382,39921672->-1125986378#0,veh_passenger,1597.00,5229.00,3632.00,684.63,0.00,False,False
veh3194,39920505#0->-10250021#2,veh_passenger,2141.00,5238.00,3097.00,1280.13,0.00,False,False
bus553,515040940#0->1234244925#0,bus_bus,3319.00,5238.00,1919.00,1195.89,0.00,False,False
veh4794,-479863106#0->40138633#0,veh_passenger,3213.00,5241.00,2028.00,1826.86,0.00,False,False
veh3954,-1290439817#0->33683458#0,veh_passenger,2651.00,5246.00,2595.00,1426.10,0.00,False,False
veh5139,479863106#0->1125986374,veh_passenger,3445.00,5249.00,1804.00,964.51,0.00,False,False
bus287,488788637#0->11631594#0,bus_bus,1723.00,5256.00,3533.00,1416.21,0.00,False,False
bus344,12090453#0->654297629#1,bus_bus,2065.00,5257.00,3192.00,1526.97,0.00,False,False
veh2496,39920684#2->-1125986379#1,veh_passenger,1674.00,5269.00,3595.00,886.69,0.00,False,False
veh3157,-1332638368#2->1068144846#0,veh_passenger,2117.00,5270.00,3153.00,889.26,0.00,False,False
veh4835,40138633#0->47087992#2,veh_passenger,3241.00,5274.00,2033.00,3509.86,0.00,False,False
veh2697,856175964->-1335304386#1,veh_passenger,1808.00,5277.00,3469.00,867.54,0.00,False,False
veh2475,-142741729#1->509647506,veh_passenger,1660.00,5279.00,3619.00,1026.23,0.00,False,False
veh1630,-39838691#1->24577455#1,veh_passenger,1094.00,5287.00,4193.00,1532.77,0.00,False,False
veh1836,1290439817#1->24577522#2,veh_passenger,1232.00,5290.00,4058.00,872.54,0.00,False,False
truck202,-40297715#2->72157792,truck_truck,2552.00,5294.00,2742.00,1084.48,0.00,False,False
veh2621,509647506->1125986406#0,veh_passenger,1758.00,5295.00,3537.00,1121.38,0.00,False,False
veh1905,1125986379#0->24577522#3,veh_passenger,1278.00,5296.00,4018.00,1443.26,0.00,False,False
veh2102,47267011#2->39838630#2,veh_passenger,1410.00,5305.00,3895.00,1223.28,0.00,False,False
veh1739,1297720376#1->1273251151,veh_passenger,1167.00,5319.00,4152.00,1308.44,0.00,False,False
veh2638,50323229#7->1068144845#1,veh_passenger,2119.00,5320.00,3201.00,2526.72,0.00,False,False
veh3906,10628444#2->-1332638368#2,veh_passenger,2638.00,5322.00,2684.00,1544.87,0.00,False,False
veh3624,509646059->975216743,veh_passenger,2430.00,5325.00,2895.00,302.89,0.00,False,False
veh3801,1125986379#0->1068144845#2,veh_passenger,2548.00,5327.00,2779.00,1612.39,0.00,False,False
veh3118,1068144845#1->1332638368#0,veh_passenger,2093.00,5331.00,3238.00,772.87,0.00,False,False
veh3414,-10629474#1->-240666072#2,veh_passenger,2289.00,5335.00,3046.00,1619.60,0.00,False,False
veh4647,33683346#0->-40035606#3,veh_passenger,3115.00,5335.00,2220.00,796.71,0.00,False,False
veh4033,968332513#1->654297634,veh_passenger,2704.00,5337.00,2633.00,1049.62,0.00,False,False
veh4285,1068434236->240666072#1,veh_passenger,2872.00,5340.00,2468.00,1383.65,0.00,False,False
veh2171,40140141#2->-39838530,veh_passenger,1456.00,5341.00,3885.00,1423.47,0.00,False,False
veh4363,39086240-AddedOffRampEdge->-240666072#1,veh_passenger,2925.00,5344.00,2419.00,1601.12,0.00,False,False
veh4987,1125986378#1->1067852461,veh_passenger,3343.00,5345.00,2002.00,1221.05,0.00,False,False
bus442,-422842976->-240666072#1,bus_bus,2653.00,5347.00,2694.00,1185.55,0.00,False,False
bus491,424580476->511404873#1,bus_bus,2947.00,5348.00,2401.00,2476.78,0.00,False,False
veh2851,654297630->1322916760#2,veh_passenger,1912.00,5350.00,3438.00,1651.90,0.00,False,False
veh2456,39920505#8->1322916760#2,veh_passenger,1647.00,5352.00,3705.00,2263.56,0.00,False,False
veh3702,40115810#0->511404880#0,veh_passenger,2482.00,5352.00,2870.00,1136.90,0.00,False,False
veh3347,1222181934->24576913#0,veh_passenger,2244.00,5359.00,3115.00,630.31,0.00,False,False
veh1476,-39838691#0->1204070283#1,veh_passenger,990.00,5360.00,4370.00,1024.25,0.00,False,False
veh1600,967985512->39920550#1,veh_passenger,1073.00,5360.00,4287.00,1534.54,0.00,False,False
bus230,-1068144846#0->-39921672,bus_bus,1381.00,5360.00,3979.00,2323.93,0.00,False,False
veh3009,131671623->1335304376#0,veh_passenger,2018.00,5363.00,3345.00,1047.96,0.00,False,False
veh1736,-1237953494->1125986406#0,veh_passenger,1165.00,5366.00,4201.00,887.95,0.00,False,False
veh2880,1272337500->39921025#8,veh_passenger,1931.00,5366.00,3435.00,1752.26,0.00,False,False
veh1454,-1260485930#1->515123442#2,veh_passenger,976.00,5367.00,4391.00,814.12,0.00,False,False
bus338,-654297635#1->50323229#3,bus_bus,2029.00,5367.00,3338.00,750.65,0.00,False,False
veh2470,474143552#5->47087992#4,veh_passenger,1761.00,5375.00,3614.00,2542.02,0.00,False,False
veh3186,-39366819#1->-39920222,veh_passenger,2136.00,5375.00,3239.00,1626.84,0.00,False,False
veh4396,1074409256#0->47087992#4,veh_passenger,2947.00,5376.00,2429.00,1837.79,0.00,False,False
veh3775,10749498->900287035,veh_passenger,2531.00,5377.00,2846.00,642.56,0.00,False,False
veh2010,1326193809->-1335304386#1,veh_passenger,1348.00,5379.00,4031.00,869.26,0.00,False,False
bus251,40036009#3->1222703383,bus_bus,1507.00,5387.00,3880.00,830.01,0.00,False,False
veh2774,1254633077#0->1335304385,veh_passenger,1860.00,5393.00,3533.00,839.42,0.00,False,False
veh2378,1323097575#0->-39921531,veh_passenger,4071.00,5399.00,1328.00,673.63,0.00,False,False
veh1829,-856175964->1222703382,veh_passenger,1227.00,5407.00,4180.00,1249.21,0.00,False,False
veh4490,511187809->24576913#0,veh_passenger,3010.00,5409.00,2399.00,589.72,0.00,False,False
veh2233,40035325#1->488788626#3,veh_passenger,1498.00,5411.00,3913.00,618.74,0.00,False,False
veh1839,666886086#1->147711065#1,veh_passenger,1234.00,5415.00,4181.00,1029.48,0.00,False,False
veh2162,-39920593#3->509524225,veh_passenger,1450.00,5419.00,3969.00,2790.93,0.00,False,False
veh4885,10628442#0->8758061,veh_passenger,3274.00,5420.00,2146.00,1902.82,0.00,False,False
veh2787,39838657#1->1272548721,veh_passenger,1869.00,5421.00,3552.00,1098.38,0.00,False,False
bus551,-1260485929#3->511187818,bus_bus,3307.00,5424.00,2117.00,418.48,0.00,False,False
veh1389,10628442#1->-39920593#5,veh_passenger,932.00,5427.00,4495.00,1103.18,0.00,False,False
veh1876,-511187807->-1338361263,veh_passenger,1258.00,5428.00,4170.00,755.32,0.00,False,False
veh4062,521713925->-1338361263,veh_passenger,2723.00,5430.00,2707.00,809.19,0.00,False,False
veh2660,40035325#0->1068074792,veh_passenger,1942.00,5437.00,3495.00,898.31,0.00,False,False
truck174,1125986379#1->-1260485929#2,truck_truck,2284.00,5447.00,3163.00,496.26,0.00,False,False
veh3708,-10628444#2->142741729#0,veh_passenger,4084.00,5447.00,1363.00,572.78,0.00,False,False
bus410,490474063#2->1278784167#1,bus_bus,3285.00,5448.00,2163.00,1607.68,0.00,False,False
veh4623,-40138239#4->-474143552#3,veh_passenger,3319.00,5448.00,2129.00,1394.16,0.00,False,False
veh1947,39838984#1->39838630#1,veh_passenger,1306.00,5450.00,4144.00,730.17,0.00,False,False
veh2281,-50323229#3->511404873#1,veh_passenger,1530.00,5450.00,3920.00,1631.17,0.00,False,False
bus171,11635095->-9374529#1,bus_bus,1027.00,5452.00,4425.00,3211.46,0.00,False,False
veh2705,-39838751#0->47087992#1,veh_passenger,1814.00,5455.00,3641.00,1648.20,0.00,False,False
veh4316,1326193809->40036062#0,veh_passenger,2893.00,5456.00,2563.00,541.82,0.00,False,False
bus250,39763700#6->499566577#1,bus_bus,1501.00,5458.00,3957.00,1063.81,0.00,False,False
veh2441,39838691#5->1125986373#3,veh_passenger,1637.00,5462.00,3825.00,1234.65,0.00,False,False
veh1854,39763700#0->47087992#4,veh_passenger,1244.00,5463.00,4219.00,2254.20,0.00,False,False
veh5299,50323229#11->-142741729#1,veh_passenger,3595.00,5465.00,1870.00,1259.20,0.00,False,False
veh3897,1100626103#1->-147711065#2,veh_passenger,2612.00,5476.00,2864.00,1148.05,0.00,False,False
veh3900,40139504#0->-1273251152,veh_passenger,2614.00,5476.00,2862.00,827.56,0.00,False,False
truck250,40140017#3->-1273251152,truck_truck,3001.00,5480.00,2479.00,829.73,0.00,False,False
veh2311,654297633->1254633077#0,veh_passenger,1550.00,5482.00,3932.00,1074.45,0.00,False,False
bus382,-39838691#9->1254633077#0,bus_bus,2293.00,5485.00,3192.00,2503.69,0.00,False,False
veh2005,39366819#1->1068434236,veh_passenger,1345.00,5492.00,4147.00,515.03,0.00,False,False
veh4353,666886085#1->1100626103#0,veh_passenger,2918.00,5498.00,2580.00,844.44,0.00,False,False
truck199,39920550#1->-10628442#1,truck_truck,2389.00,5499.00,3110.00,1076.51,0.00,False,False
veh1986,967985513#0->475044040#0,veh_passenger,1332.00,5506.00,4174.00,1230.25,0.00,False,False
veh4364,509646057#0->-1260485931#1,veh_passenger,3453.00,5506.00,2053.00,1214.78,0.00,False,False
veh4154,482569917#1->1337115429,veh_passenger,2785.00,5508.00,2723.00,2187.54,0.00,False,False
veh4721,515123442#3->-1211151635#1,veh_passenger,3165.00,5510.00,2345.00,1685.27,0.00,False,False
veh4997,1222181934->39838630#2,veh_passenger,3349.00,5510.00,2161.00,830.39,0.00,False,False
veh1731,1260481154->-40297715#3,veh_passenger,1185.00,5511.00,4326.00,1422.63,0.00,False,False
veh3428,488788636#0->39920505#1,veh_passenger,2298.00,5515.00,3217.00,2329.63,0.00,False,False
veh4864,-83428923#1->39839107,veh_passenger,3260.00,5524.00,2264.00,1953.38,0.00,False,False
bus567,515126385#0->511405572,bus_bus,3403.00,5528.00,2125.00,893.31,0.00,False,False
bus317,515136607->-40140017#1,bus_bus,1903.00,5534.00,3631.00,1913.22,0.00,False,False
veh4905,39921025#6->10628429,veh_passenger,3288.00,5545.00,2257.00,1498.36,0.00,False,False
veh2506,47224972#0->1068916335,veh_passenger,1681.00,5546.00,3865.00,924.76,0.00,False,False
veh3238,39838657#2->-1335304377,veh_passenger,2171.00,5550.00,3379.00,1357.56,0.00,False,False
veh3025,33683346#1->-142741729#1,veh_passenger,2028.00,5556.00,3528.00,1310.05,0.00,False,False
veh5175,1323097576->439836130#1,veh_passenger,3469.00,5559.00,2090.00,1616.85,0.00,False,False
bus161,24576922#2->1332638391#0,bus_bus,967.00,5570.00,4603.00,1225.70,0.00,False,False
veh2189,39920505#7->-1125986374,veh_passenger,1468.00,5583.00,4115.00,1395.57,0.00,False,False
veh4103,1335304373#1->1125986377#0,veh_passenger,2751.00,5584.00,2833.00,1122.84,0.00,False,False
veh1633,-40036009#0->1068434236,veh_passenger,1096.00,5585.00,4489.00,1991.68,0.00,False,False
veh3843,40140141#7->1222703384#0,veh_passenger,2576.00,5586.00,3010.00,1593.96,0.00,False,False
bus541,451728952#1->1298335704#1,bus_bus,3247.00,5586.00,2339.00,1365.54,0.00,False,False
veh3223,1272337501->654297632#2,veh_passenger,2161.00,5589.00,3428.00,699.32,0.00,False,False
veh1835,47087992#3->460316444,veh_passenger,1231.00,5615.00,4384.00,2694.90,0.00,False,False
veh2994,401226926#1->822782498,veh_passenger,2007.00,5615.00,3608.00,1725.07,0.00,False,False
veh3360,50323229#7->10748036,veh_passenger,2637.00,5615.00,2978.00,1886.70,0.00,False,False
bus461,47087366#1->1335304371,bus_bus,2767.00,5628.00,2861.00,2573.16,0.00,False,False
veh1801,422842976->511187810,veh_passenger,1208.00,5639.00,4431.00,512.27,0.00,False,False
veh3389,654297629#5->24577522#3,veh_passenger,2417.00,5639.00,3222.00,1471.62,0.00,False,False
veh4390,564273553#2->1337646271#0,veh_passenger,2943.00,5642.00,2699.00,595.76,0.00,False,False
veh2364,24577522#3->-40035606#2,veh_passenger,1585.00,5644.00,4059.00,1332.50,0.00,False,False
veh2591,-40035904#2->-573632774,veh_passenger,1737.00,5647.00,3910.00,1528.56,0.00,False,False
veh2203,-232920701->428730793#1,veh_passenger,1478.00,5650.00,4172.00,2975.61,0.00,False,False
truck266,10250021#0->511187808#2,truck_truck,3193.00,5651.00,2458.00,959.50,0.00,False,False
bus245,47087992#5->1068434201,bus_bus,1471.00,5661.00,4190.00,1761.23,0.00,False,False
veh2597,178441748#2->-40109290#3,veh_passenger,1741.00,5661.00,3920.00,1185.52,0.00,False,False
veh4831,1323097576->1075505400#2,veh_passenger,3238.00,5664.00,2426.00,2185.14,0.00,False,False
veh1662,1234244925#0->-147711065#2,veh_passenger,1115.00,5668.00,4553.00,578.04,0.00,False,False
veh1081,-24576913#0->47224973,veh_passenger,1045.00,5669.00,4624.00,606.85,0.00,False,False
veh1874,10629474#1->-405382146#0,veh_passenger,1257.00,5670.00,4413.00,1608.45,0.00,False,False
veh4223,-474143552#4->474143552#3,veh_passenger,2832.00,5671.00,2839.00,160.47,0.00,False,False
veh3094,967985513#2->488788636#0,veh_passenger,2074.00,5675.00,3601.00,3410.51,0.00,False,False
veh3321,1214520074#5->521708587#2,veh_passenger,2227.00,5675.00,3448.00,994.03,0.00,False,False
veh5203,488788629->1332638368#2,veh_passenger,3488.00,5680.00,2192.00,1316.13,0.00,False,False
bus412,1068144846#0->-178702258#1,bus_bus,2473.00,5682.00,3209.00,1064.99,0.00,False,False
veh2961,1323097576->-40035325#1,veh_passenger,1985.00,5686.00,3701.00,378.05,0.00,False,False
veh5145,1068074792->985675139,veh_passenger,3449.00,5686.00,2237.00,933.66,0.00,False,False
truck158,1290439817#1->1068144845#3,truck_truck,1897.00,5691.00,3794.00,1764.71,0.00,False,False
veh2438,-40297715#3->-1125986377#1,veh_passenger,1635.00,5695.00,4060.00,1006.10,0.00,False,False
veh2634,40138941#2->451728952#3,veh_passenger,1766.00,5695.00,3929.00,2806.84,0.00,False,False
veh4942,39838984#1->39838630#3,veh_passenger,3314.00,5696.00,2382.00,833.50,0.00,False,False
veh1770,40297647#0->10749498,veh_passenger,1187.00,5699.00,4512.00,1674.12,0.00,False,False
veh2554,40138941#0->-474143552#1,veh_passenger,1713.00,5700.00,3987.00,1429.44,0.00,False,False
veh4474,-654297637#0->178583153,veh_passenger,2999.00,5700.00,2701.00,1922.87,0.00,False,False
veh2671,-1273405490->499566577#0,veh_passenger,1791.00,5704.00,3913.00,915.41,0.00,False,False
veh2931,39921192#0->1214520072,veh_passenger,1965.00,5704.00,3739.00,1012.88,0.00,False,False
veh5251,1272337501->-1260485929#3,veh_passenger,3520.00,5708.00,2188.00,1206.96,0.00,False,False
veh4088,24621218#1->-1068916336,veh_passenger,2740.00,5709.00,2969.00,619.84,0.00,False,False
veh5146,-1323097580#0->39920505#2,veh_passenger,3449.00,5709.00,2260.00,594.33,0.00,False,False
bus418,1235501861#0->39920550#7,bus_bus,4970.00,5710.00,740.00,569.24,0.00,False,False
bus477,39838751#0->451728952#5,bus_bus,2863.00,5710.00,2847.00,1877.81,0.00,False,False
veh1751,-1278784167#1->39920505#2,veh_passenger,1175.00,5711.00,4536.00,2030.84,0.00,False,False
bus565,39920550#7->-687878722#1,bus_bus,3391.00,5713.00,2322.00,2795.85,0.00,False,False
veh3359,-10629474#0->490474063#4,veh_passenger,2252.00,5715.00,3463.00,670.19,0.00,False,False
veh4857,40035325#2->-143546557,veh_passenger,4121.00,5716.00,1595.00,462.68,0.00,False,False
veh4074,490474063#3->50323226,veh_passenger,3281.00,5717.00,2436.00,796.82,0.00,False,False
veh5066,-479863106#1->40297647#1,veh_passenger,3396.00,5728.00,2332.00,1034.21,0.00,False,False
bus304,39838691#5->515130028#1-AddedOnRampEdge,bus_bus,1825.00,5729.00,3904.00,1816.87,0.00,False,False
bus255,1222181937->40297647#0,bus_bus,1531.00,5737.00,4206.00,1176.93,0.00,False,False
veh3010,654297629#5->1100626088,veh_passenger,2414.00,5741.00,3327.00,672.01,0.00,False,False
bus544,33683346#2->511187818,bus_bus,3265.00,5753.00,2488.00,1720.41,0.00,False,False
bus303,39920011#3->654297629#0,bus_bus,1819.00,5764.00,3945.00,1303.21,0.00,False,False
veh4882,-654297636->-1323097576,veh_passenger,3272.00,5764.00,2492.00,912.78,0.00,False,False
bus194,238219446#1->666886084#1,bus_bus,1165.00,5768.00,4603.00,1128.08,0.00,False,False
veh2129,-39921531->654297629#3,veh_passenger,1428.00,5770.00,4342.00,990.21,0.00,False,False
bus275,-428730813#2->-238219441#1,bus_bus,1651.00,5770.00,4119.00,2358.46,0.00,False,False
veh2301,-1260485929#2->-178723097#1,veh_passenger,1543.00,5772.00,4229.00,967.74,0.00,False,False
veh3088,9704194#0->-238219441#0,veh_passenger,2070.00,5772.00,3702.00,1260.54,0.00,False,False
bus413,71310798->-39838691#6,bus_bus,2479.00,5775.00,3296.00,1853.67,0.00,False,False
bus162,-515130026#1->40115810#0,bus_bus,973.00,5785.00,4812.00,1329.99,0.00,False,False
veh5345,1292578228->238219472#0,veh_passenger,3726.00,5797.00,2071.00,1267.21,0.00,False,False
veh2252,39921025#4->-39838691#5,veh_passenger,1510.00,5799.00,4289.00,1674.36,0.00,False,False
veh4211,13866211->-1214520068,veh_passenger,2823.00,5801.00,2978.00,2281.01,0.00,False,False
veh2574,178583144->-39838691#3,veh_passenger,1726.00,5802.00,4076.00,1505.78,0.00,False,False
veh3917,521704042#0->-12247569,veh_passenger,2626.00,5802.00,3176.00,492.67,0.00,False,False
veh2936,1068434257->428730807,veh_passenger,1969.00,5805.00,3836.00,1679.71,0.00,False,False
veh2608,405382146#1->515130026#0,veh_passenger,1749.00,5807.00,4058.00,1625.40,0.00,False,False
bus502,11631594#3->-39838691#8,bus_bus,3013.00,5807.00,2794.00,1398.15,0.00,False,False
veh3160,-1068916335->-12247568#0,veh_passenger,2119.00,5808.00,3689.00,2074.59,0.00,False,False
bus423,178583141->521701859,bus_bus,2539.00,5814.00,3275.00,2471.89,0.00,False,False
veh2962,-39838657#2->515130028#1,veh_passenger,1986.00,5815.00,3829.00,1805.34,0.00,False,False
truck231,-1068916335->39920505#12,truck_truck,2773.00,5820.00,3047.00,488.11,0.00,False,False
veh2302,490474063#0->47157282#0,veh_passenger,1641.00,5823.00,4182.00,572.75,0.00,False,False
veh4008,1292578228-AddedOnRampEdge->39920505#12,veh_passenger,2687.00,5823.00,3136.00,394.11,0.00,False,False
veh3468,900279869->39920505#8,veh_passenger,2325.00,5826.00,3501.00,1065.08,0.00,False,False
veh5207,1125986385#1->39920505#12,veh_passenger,3490.00,5830.00,2340.00,1257.83,0.00,False,False
veh3193,-1068074793->40109290#3,veh_passenger,2163.00,5847.00,3684.00,850.12,0.00,False,False
veh5350,-1222703384#1->1100626103#0,veh_passenger,4243.00,5858.00,1615.00,475.58,0.00,False,False
veh5288,856175964->-654297635#1,veh_passenger,3544.00,5867.00,2323.00,689.51,0.00,False,False
veh2422,1260481154->515126385#0,veh_passenger,1624.00,5871.00,4247.00,1173.32,0.00,False,False
bus475,24576922#1->-1335304371,bus_bus,2851.00,5874.00,3023.00,1529.90,0.00,False,False
veh1870,178583160->-564273553#4,veh_passenger,1254.00,5879.00,4625.00,3458.09,0.00,False,False
veh3560,-142741729#1->1278784167#1,veh_passenger,2387.00,5880.00,3493.00,1592.77,0.00,False,False
veh3965,-1335304386#0->1222703382,veh_passenger,2658.00,5886.00,3228.00,330.08,0.00,False,False
veh2519,-40139504#0->856175963,veh_passenger,1689.00,5894.00,4205.00,615.66,0.00,False,False
bus211,1211151638->428730813#3,bus_bus,1267.00,5896.00,4629.00,1245.13,0.00,False,False
veh1548,509646059->511187808#3,veh_passenger,1039.00,5902.00,4863.00,554.79,0.00,False,False
veh2087,-1125986385#1->499566574#3,veh_passenger,1400.00,5902.00,4502.00,580.04,0.00,False,False
veh1626,761486028#1->1067928306#0,veh_passenger,1091.00,5906.00,4815.00,1964.37,0.00,False,False
veh4268,83563432->1337115429,veh_passenger,2861.00,5908.00,3047.00,1713.83,0.00,False,False
veh2641,50323229#7->1323097575#1,veh_passenger,2123.00,5909.00,3786.00,342.86,0.00,False,False
truck206,39920593#5->9704194#4,truck_truck,2473.00,5912.00,3439.00,1938.88,0.00,False,False
veh3205,-50323229#14->-1068144845#4,veh_passenger,3038.00,5920.00,2882.00,2759.33,0.00,False,False
veh2407,654297629#1->39920011#3,veh_passenger,1614.00,5926.00,4312.00,1716.43,0.00,False,False
veh1362,490474063#6->1231065652,veh_passenger,914.00,5927.00,5013.00,2318.95,0.00,False,False
veh2066,-40035606#0->1337646275,veh_passenger,1386.00,5931.00,4545.00,2964.09,0.00,False,False
veh4279,39920593#2->47087993#5,veh_passenger,2868.00,5932.00,3064.00,3302.12,0.00,False,False
veh3737,11635095-AddedOffRampEdge->-240666072#0,veh_passenger,2505.00,5955.00,3450.00,2199.39,0.00,False,False
veh4081,-40140017#3->515136603,veh_passenger,2736.00,5955.00,3219.00,2103.07,0.00,False,False
veh5058,1068144845#1->-39921531,veh_passenger,3390.00,5957.00,2567.00,2075.29,0.00,False,False
veh2679,-39838630#2->-39838691#1,veh_passenger,1796.00,5958.00,4162.00,633.86,0.00,False,False
veh5204,178583161->39920684#0,veh_passenger,3488.00,5961.00,2473.00,659.87,0.00,False,False
veh4169,40109290#0->1273251151,veh_passenger,2795.00,5965.00,3170.00,228.57,0.00,False,False
veh4191,-474143552#4->-1290439817#0,veh_passenger,2809.00,5966.00,3157.00,475.16,0.00,False,False
veh3081,-39838630#3->975216744,veh_passenger,2066.00,5970.00,3904.00,834.76,0.00,False,False
veh2541,11631594#1->1292578260,veh_passenger,1704.00,5972.00,4268.00,2497.50,0.00,False,False
veh5347,1335304376#0->1254633078#1,veh_passenger,3584.00,5974.00,2390.00,1094.46,0.00,False,False
veh5229,856175962->515126302,veh_passenger,3505.00,5975.00,2470.00,1250.38,0.00,False,False
veh4625,39366819#1->1074409232#0,veh_passenger,3100.00,5976.00,2876.00,1036.44,0.00,False,False
veh3366,666886084#0->1074409232#0,veh_passenger,2257.00,5978.00,3721.00,1376.77,0.00,False,False
veh2647,178702258#0->511409188#1,veh_passenger,1775.00,5980.00,4205.00,163.59,0.00,False,False
veh4928,509646061->-1335304377,veh_passenger,3303.00,5980.00,2677.00,1028.85,0.00,False,False
veh3434,1074771163#1->-449565665#3,veh_passenger,2302.00,5984.00,3682.00,806.32,0.00,False,False
bus299,-50323229#14->40109290#4,bus_bus,2426.00,5989.00,3563.00,170.39,0.00,False,False
veh3563,10629474#0->40138239#4,veh_passenger,2389.00,5998.00,3609.00,990.41,0.00,False,False
veh2004,1335304376#1->178699056#0,veh_passenger,1344.00,6002.00,4658.00,2082.21,0.00,False,False
veh4022,-1260485929#1->1222181935,veh_passenger,2696.00,6004.00,3308.00,346.15,0.00,False,False
veh3613,-39838530->9833223,veh_passenger,5426.00,6007.00,581.00,1755.03,0.00,False,False
veh3027,1068144845#1->-479863106#1,veh_passenger,2030.00,6013.00,3983.00,1552.11,0.00,False,False
bus450,511187815->1067928306#2,bus_bus,3549.00,6023.00,2474.00,1341.85,0.00,False,False
veh5081,-40035606#3->-40035606#1,veh_passenger,4285.00,6026.00,1741.00,98.89,0.00,False,False
veh3970,1064476625->-40035606#2,veh_passenger,2661.00,6028.00,3367.00,926.69,0.00,False,False
veh4868,39921025#1->-40035606#1,veh_passenger,3263.00,6028.00,2765.00,877.14,0.00,False,False
bus494,1074771163#0->439836132,bus_bus,2965.00,6030.00,3065.00,1633.30,0.00,False,False
veh2366,-856175964->40138633#2,veh_passenger,1587.00,6031.00,4444.00,1948.64,0.00,False,False
veh4803,-10748045#2->40138633#2,veh_passenger,3220.00,6034.00,2814.00,877.38,0.00,False,False
veh1880,-40035606#0->488788636#1,veh_passenger,1261.00,6037.00,4776.00,3298.08,0.00,False,False
veh2715,1254816442->39920593#0,veh_passenger,2172.00,6039.00,3867.00,1428.43,0.00,False,False
veh3614,40138633#0->1323097579#2,veh_passenger,2423.00,6041.00,3618.00,1777.06,0.00,False,False
veh4643,10250021#4->-1323097580#0,veh_passenger,3112.00,6043.00,2931.00,1412.77,0.00,False,False
veh3768,40140017#2->1068434258,veh_passenger,2526.00,6046.00,3520.00,894.68,0.00,False,False
veh4037,511187818->-240666072#0,veh_passenger,4231.00,6048.00,1817.00,1170.57,0.00,False,False
veh4653,-8887999#2->39920550#6,veh_passenger,3119.00,6048.00,2929.00,1400.16,0.00,False,False
veh2639,-1068434202->-10250021#3,veh_passenger,1904.00,6050.00,4146.00,485.23,0.00,False,False
truck297,654297631->1323097579#1,truck_truck,3565.00,6050.00,2485.00,1629.90,0.00,False,False
veh4890,8887999#2->39920011#1,veh_passenger,3278.00,6051.00,2773.00,1871.29,0.00,False,False
bus307,422842976->178699051#0,bus_bus,1843.00,6052.00,4209.00,1411.66,0.00,False,False
veh2772,47053612->10748036,veh_passenger,1859.00,6055.00,4196.00,2791.81,0.00,False,False
veh4802,116831467->24621218#1,veh_passenger,3219.00,6055.00,2836.00,1152.65,0.00,False,False
veh1674,39763700#6->451728952#4,veh_passenger,1123.00,6057.00,4934.00,1895.82,0.00,False,False
veh5047,1255099069->39920011#1,veh_passenger,3383.00,6062.00,2679.00,944.25,0.00,False,False
veh3174,39838984#0->-474143552#0,veh_passenger,2128.00,6063.00,3935.00,1521.12,0.00,False,False
veh4052,-240666072#2->-40140017#2,veh_passenger,2716.00,6065.00,3349.00,1804.03,0.00,False,False
veh4529,1231065643->238219441#0,veh_passenger,3852.00,6068.00,2216.00,738.33,0.00,False,False
bus566,40138941#0->39920222,bus_bus,3397.00,6069.00,2672.00,1825.13,0.00,False,False
veh5118,39921025#1->1068916336,veh_passenger,3431.00,6070.00,2639.00,282.91,0.00,False,False
truck198,1335304373#1->-654297630,truck_truck,2377.00,6073.00,3696.00,1013.18,0.00,False,False
veh3574,511187808#1->515136604,veh_passenger,2396.00,6074.00,3678.00,2125.65,0.00,False,False
veh1620,12090453#1->71269779,veh_passenger,1087.00,6077.00,4990.00,1136.62,0.00,False,False
bus451,-39920593#0->515126384,bus_bus,2707.00,6078.00,3371.00,2788.41,0.00,False,False
veh4172,-1131969257->-10629474#1,veh_passenger,2797.00,6080.00,3283.00,1175.75,0.00,False,False
veh5014,178699054->178441748#1,veh_passenger,3366.00,6089.00,2723.00,690.50,0.00,False,False
bus435,1292578228->1196008691#1,bus_bus,2806.00,6090.00,3284.00,688.91,0.00,False,False
bus394,-1125986406#1->24577522#3,bus_bus,2365.00,6091.00,3726.00,1059.88,0.00,False,False
veh2199,1234244927#1->178699054,veh_passenger,1475.00,6096.00,4621.00,753.45,0.00,False,False
bus391,178699051#0->178702239#0,bus_bus,2347.00,6105.00,3758.00,2483.61,0.00,False,False
bus441,1068916336->1125986387,bus_bus,2647.00,6107.00,3460.00,1511.44,0.00,False,False
veh2831,39921672->813852683-AddedOnRampEdge,veh_passenger,1898.00,6112.00,4214.00,2104.58,0.00,False,False
veh3763,428730818#1->515130026#1,veh_passenger,2620.00,6113.00,3493.00,533.03,0.00,False,False
veh2581,40109290#0->509646057#2,veh_passenger,1731.00,6115.00,4384.00,1799.82,0.00,False,False
veh2351,413789558#1->1231065654,veh_passenger,1577.00,6119.00,4542.00,1784.66,0.00,False,False
veh3562,513272950#1->-39838984#1,veh_passenger,2388.00,6120.00,3732.00,494.61,0.00,False,False
truck246,490474063#7->826496637,truck_truck,4070.00,6120.00,2050.00,1054.10,0.00,False,False
bus525,178699056#3->178699056#3,bus_bus,4901.00,6123.00,1222.00,51.31,0.00,False,False
veh2044,10628442#2->178699056#3,veh_passenger,1371.00,6127.00,4756.00,1564.57,0.00,False,False
bus322,-761486028#1->654297637#2,bus_bus,1933.00,6127.00,4194.00,1181.02,0.00,False,False
veh3530,40297715#2->-1327579142,veh_passenger,2367.00,6127.00,3760.00,609.50,0.00,False,False
veh5035,-451728952#4->488788636#1,veh_passenger,3375.00,6129.00,2754.00,1647.73,0.00,False,False
veh2542,39838691#9->511404873#0,veh_passenger,2180.00,6131.00,3951.00,625.65,0.00,False,False
veh4163,521701860->-1125986377#0,veh_passenger,2791.00,6131.00,3340.00,1026.22,0.00,False,False
veh4374,1125986377#0->1222703383,veh_passenger,3197.00,6132.00,2935.00,864.20,0.00,False,False
veh4395,1074771163#1-AddedOffRampEdge->-8758061,veh_passenger,2946.00,6132.00,3186.00,2569.70,0.00,False,False
veh2442,-1323097580#1->39838984#1,veh_passenger,1638.00,6135.00,4497.00,1857.10,0.00,False,False
veh3049,-142741729#0->39920505#7,veh_passenger,2044.00,6144.00,4100.00,750.56,0.00,False,False
veh4450,-10748045#2->10628444#2,veh_passenger,2983.00,6147.00,3164.00,1159.60,0.00,False,False
veh4360,413789557->-564273553#4,veh_passenger,2923.00,6149.00,3226.00,505.19,0.00,False,False
veh4244,975216739->-83428923#1,veh_passenger,2845.00,6150.00,3305.00,682.71,0.00,False,False
veh4369,-40109290#5->49224804#0,veh_passenger,2929.00,6154.00,3225.00,825.10,0.00,False,False
veh4519,15419875#1->1255099064,veh_passenger,3199.00,6154.00,2955.00,587.94,0.00,False,False
bus582,-1335304373#2->465144361,bus_bus,4223.00,6155.00,1932.00,549.28,0.00,False,False
veh4409,838061038->-1068144846#2,veh_passenger,2956.00,6158.00,3202.00,1243.09,0.00,False,False
veh2589,856175964->509646056,veh_passenger,1736.00,6174.00,4438.00,397.42,0.00,False,False
veh3257,1204070283#1->479863106#2,veh_passenger,2184.00,6177.00,3993.00,476.56,0.00,False,False
veh4731,40139504#0->509646056,veh_passenger,3171.00,6179.00,3008.00,922.19,0.00,False,False
veh4253,1335304376#1->-654297631,veh_passenger,2851.00,6211.00,3360.00,405.77,0.00,False,False
veh3315,39920550#8->-1254816452,veh_passenger,2223.00,6214.00,3991.00,1272.67,0.00,False,False
truck81,1234244925#0->1298335702,truck_truck,973.00,6216.00,5243.00,1576.70,0.00,False,False
bus201,-654297633->1064476620#0,bus_bus,1207.00,6216.00,5009.00,646.49,0.00,False,False
bus305,490474063#5->-1254816454,bus_bus,5314.00,6218.00,904.00,753.45,0.00,False,False
veh3484,40140141#6->-654297632#0,veh_passenger,2336.00,6219.00,3883.00,1140.27,0.00,False,False
truck228,1297720367->-39838657#2,truck_truck,2737.00,6219.00,3482.00,1164.85,0.00,False,False
veh4689,150928465->-474143552#1,veh_passenger,3143.00,6219.00,3076.00,388.56,0.00,False,False
veh2888,39763700#5->515136608,veh_passenger,1936.00,6232.00,4296.00,2069.42,0.00,False,False
veh4063,1260481150->24576913#2,veh_passenger,2724.00,6236.00,3512.00,1839.16,0.00,False,False
veh2741,666886084#0->-1074771160,veh_passenger,1838.00,6239.00,4401.00,571.90,0.00,False,False
veh1374,39838691#0->509524230,veh_passenger,922.00,6244.00,5322.00,702.13,0.00,False,False
veh5197,238219472#0->1272337500,veh_passenger,3483.00,6245.00,2762.00,1215.02,0.00,False,False
veh3303,654297631->900399275,veh_passenger,2215.00,6249.00,4034.00,2912.28,0.00,False,False
veh5250,39920550#3->1067953239#1,veh_passenger,3776.00,6252.00,2476.00,1225.44,0.00,False,False
veh4789,50323229#2->-1125986374,veh_passenger,3334.00,6255.00,2921.00,1016.44,0.00,False,False
bus264,40035606#0->-654297637#2,bus_bus,1585.00,6259.00,4674.00,1075.38,0.00,False,False
veh2910,39366819#0->47087992#0,veh_passenger,1951.00,6261.00,4310.00,1522.40,0.00,False,False
veh3546,-40138239#4->1067928305#2,veh_passenger,2377.00,6261.00,3884.00,3882.80,0.00,False,False
veh4555,654297635#0->-1335304377,veh_passenger,3053.00,6261.00,3208.00,1046.31,0.00,False,False
veh3463,39838520#1->-12247569,veh_passenger,2322.00,6263.00,3941.00,609.65,0.00,False,False
bus330,15419971#1->564273552,bus_bus,1981.00,6271.00,4290.00,1769.74,0.00,False,False
veh5254,515040940#0->-238219449,veh_passenger,3522.00,6273.00,2751.00,1801.58,0.00,False,False
veh2360,509646063#1->10628444#1,veh_passenger,1583.00,6281.00,4698.00,612.92,0.00,False,False
veh2752,1335304373#2->856175964,veh_passenger,1845.00,6283.00,4438.00,1165.74,0.00,False,False
veh3670,509646063#1->-10749498,veh_passenger,2832.00,6285.00,3453.00,2060.36,0.00,False,False
veh4329,39920593#5->72157794,veh_passenger,2902.00,6287.00,3385.00,862.20,0.00,False,False
veh2350,13909444#6->1298335704#1,veh_passenger,1576.00,6291.00,4715.00,1882.45,0.00,False,False
veh4107,-1273405490->40036009#3,veh_passenger,2753.00,6297.00,3544.00,335.80,0.00,False,False
veh2616,39920684#4->-1326193809,veh_passenger,1754.00,6300.00,4546.00,1008.21,0.00,False,False
veh3189,39921531->10749498,veh_passenger,2138.00,6305.00,4167.00,1266.32,0.00,False,False
veh4669,47087992#0->-654530820#0,veh_passenger,3130.00,6306.00,3176.00,2864.42,0.00,False,False
veh4080,39838984#0->9374529#1,veh_passenger,2735.00,6313.00,3578.00,1138.06,0.00,False,False
bus406,-40138633#1->-39838630#1,bus_bus,2692.00,6315.00,3623.00,2228.69,0.00,False,False
veh3919,511404873#0->499566577#0,veh_passenger,3891.00,6316.00,2425.00,1121.86,0.00,False,False
veh4941,1204070283#0->39920550#2,veh_passenger,3312.00,6320.00,3008.00,757.27,0.00,False,False
veh5368,39920505#13->1335304376#0,veh_passenger,3598.00,6320.00,2722.00,671.70,0.00,False,False
truck261,40138633#2->1254633077#1,truck_truck,3133.00,6321.00,3188.00,474.13,0.00,False,False
bus471,-1235501861#0->-654297637#0,bus_bus,2827.00,6322.00,3495.00,1576.90,0.00,False,False
veh3165,1335304372->449565665#2,veh_passenger,2122.00,6323.00,4201.00,1140.47,0.00,False,False
bus326,9704194#0->39920505#1,bus_bus,1957.00,6327.00,4370.00,2233.56,0.00,False,False
bus277,1290439817#0->40140141#11,bus_bus,1663.00,6328.00,4665.00,1828.40,0.00,False,False
veh2091,511404874#1->50323226,veh_passenger,1402.00,6330.00,4928.00,3613.87,0.00,False,False
veh5024,50323229#15->-1254633077#0,veh_passenger,3931.00,6333.00,2402.00,142.36,0.00,False,False
truck168,40297715#3->1068434200#0,truck_truck,2017.00,6334.00,4317.00,1811.23,0.00,False,False
veh2192,521704040->-1201484855,veh_passenger,1470.00,6335.00,4865.00,775.09,0.00,False,False
veh3407,-499566577#1->1335304374,veh_passenger,2284.00,6336.00,4052.00,1180.82,0.00,False,False
veh2414,666886086#1->-900279886,veh_passenger,1619.00,6340.00,4721.00,896.15,0.00,False,False
bus208,509646061->449565665#3,bus_bus,1249.00,6341.00,5092.00,931.21,0.00,False,False
veh3231,1231065644->1260485930#1,veh_passenger,2166.00,6348.00,4182.00,934.36,0.00,False,False
veh4935,71269779->47087992#0,veh_passenger,3586.00,6352.00,2766.00,1592.74,0.00,False,False
veh1856,1323097580#1->39838657#1,veh_passenger,1245.00,6365.00,5120.00,1646.95,0.00,False,False
veh4259,68574206->15420801#0,veh_passenger,2855.00,6367.00,3512.00,1536.84,0.00,False,False
veh4220,-50323229#9->39838657#1,veh_passenger,2829.00,6369.00,3540.00,2085.17,0.00,False,False
veh2546,475044040#0->474143552#6,veh_passenger,1707.00,6373.00,4666.00,995.31,0.00,False,False
veh4441,40138239#3->39838657#3,veh_passenger,3027.00,6374.00,3347.00,2461.19,0.00,False,False
veh4912,1211151635#1->654297628,veh_passenger,3293.00,6385.00,3092.00,642.27,0.00,False,False
veh2919,1125986373#2->40140141#10,veh_passenger,1957.00,6396.00,4439.00,1934.63,0.00,False,False
bus353,178699051#0->-50323229#5,bus_bus,2119.00,6397.00,4278.00,1552.50,0.00,False,False
veh2280,39921673#1->40140141#11,veh_passenger,1529.00,6399.00,4870.00,1667.61,0.00,False,False
veh1572,-39920593#0->40297647#1,veh_passenger,1055.00,6400.00,5345.00,862.95,0.00,False,False
veh3631,509646061->40140141#10,veh_passenger,2434.00,6401.00,3967.00,1307.82,0.00,False,False
veh3122,-488788637#1->499566577#0,veh_passenger,4499.00,6404.00,1905.00,518.67,0.00,False,False
veh3849,428730818#3->1204070281,veh_passenger,2605.00,6406.00,3801.00,2037.81,0.00,False,False
veh4418,967985513#1->1125986386,veh_passenger,2962.00,6406.00,3444.00,1641.97,0.00,False,False
veh2132,47087366#0->513087670,veh_passenger,1430.00,6409.00,4979.00,1411.58,0.00,False,False
veh3648,10628442#1->39920550#2,veh_passenger,2446.00,6409.00,3963.00,977.24,0.00,False,False
bus512,1214520075->-666886086#3,bus_bus,5363.00,6412.00,1049.00,1251.66,0.00,False,False
veh1912,-1068434202->1214520074#1,veh_passenger,1579.00,6413.00,4834.00,430.97,0.00,False,False
veh5055,47267011#2->47267007#2,veh_passenger,3388.00,6413.00,3025.00,1171.86,0.00,False,False
veh4548,1260485929#2->1222703384#0,veh_passenger,3072.00,6414.00,3342.00,961.76,0.00,False,False
veh3535,9704194#0->499566574#0,veh_passenger,2370.00,6421.00,4051.00,1398.05,0.00,False,False
veh2488,-10628430->-564273553#2,veh_passenger,1668.00,6425.00,4757.00,729.22,0.00,False,False
veh5186,450616334#1->-39838691#2,veh_passenger,3476.00,6427.00,2951.00,1017.50,0.00,False,False
veh2521,511187808#1->1332638391#2,veh_passenger,1691.00,6429.00,4738.00,849.16,0.00,False,False
veh2982,39838520#0->8887999#2,veh_passenger,1999.00,6429.00,4430.00,1048.64,0.00,False,False
veh2458,40115810#1->-39838691#10,veh_passenger,1648.00,6435.00,4787.00,1795.96,0.00,False,False
bus233,40035325#1->450616334#1,bus_bus,1399.00,6437.00,5038.00,2208.66,0.00,False,False
veh4562,-488788629->14924729#2,veh_passenger,3058.00,6439.00,3381.00,1035.75,0.00,False,False
bus408,13909444#0->521701857,bus_bus,2449.00,6441.00,3992.00,664.99,0.00,False,False
veh2983,1125986377#1->39921025#9,veh_passenger,2552.00,6444.00,3892.00,1654.03,0.00,False,False
truck277,1332638391#1->478286980#1,truck_truck,3325.00,6444.00,3119.00,686.77,0.00,False,False
veh1965,1290439818->47088302#1,veh_passenger,1318.00,6445.00,5127.00,1612.48,0.00,False,False
veh2067,-50323229#13->-1204070283#1,veh_passenger,1386.00,6448.00,5062.00,1468.08,0.00,False,False
veh5091,1297720376#0->1290456019,veh_passenger,3412.00,6451.00,3039.00,992.13,0.00,False,False
veh2001,511187808#1->47225638#1,veh_passenger,1342.00,6452.00,5110.00,1417.58,0.00,False,False
veh1458,-39838751#2->-47224972#1,veh_passenger,978.00,6457.00,5479.00,576.73,0.00,False,False
veh4863,47087993#0->1068144845#0,veh_passenger,3266.00,6458.00,3192.00,526.05,0.00,False,False
bus478,40138633#0->-474143552#6,bus_bus,2869.00,6460.00,3591.00,1256.88,0.00,False,False
bus301,39920684#5->521708587#1,bus_bus,1807.00,6465.00,4658.00,2019.88,0.00,False,False
veh1952,-40035606#1->1335304374,veh_passenger,1309.00,6469.00,5160.00,683.96,0.00,False,False
veh4602,-521701857->1067928305#0,veh_passenger,5536.00,6469.00,933.00,1579.32,0.00,False,False
veh5315,666886086#2->49224804#1,veh_passenger,3563.00,6471.00,2908.00,715.78,0.00,False,False
bus558,1323097579#2->-401226926#1,bus_bus,3349.00,6477.00,3128.00,665.06,0.00,False,False
veh4560,1068434206->-40297715#2,veh_passenger,3057.00,6480.00,3423.00,1280.22,0.00,False,False
veh3059,475044040#0->1125986377#0,veh_passenger,2051.00,6484.00,4433.00,1527.68,0.00,False,False
bus259,1254816452->257421487#0,bus_bus,1559.00,6485.00,4926.00,2457.54,0.00,False,False
veh5360,654297636->-39920593#6,veh_passenger,3593.00,6495.00,2902.00,1126.48,0.00,False,False
veh2284,39920593#1->475044040#0,veh_passenger,1532.00,6498.00,4966.00,295.87,0.00,False,False
veh2744,511187809->1068144845#0,veh_passenger,1840.00,6499.00,4659.00,1622.28,0.00,False,False
veh3959,-10748036->10250021#3,veh_passenger,2654.00,6500.00,3846.00,389.39,0.00,False,False
veh2642,39920505#8->515124966,veh_passenger,1772.00,6501.00,4729.00,2267.78,0.00,False,False
veh4383,-513272949->33683346#2,veh_passenger,2962.00,6501.00,3539.00,1707.51,0.00,False,False
veh2325,509524229->-40035904#2,veh_passenger,1559.00,6504.00,4945.00,2932.58,0.00,False,False
veh3642,1214520077->-10748045#2,veh_passenger,2442.00,6506.00,4064.00,1712.87,0.00,False,False
veh3633,-39838751#2->401226926#1,veh_passenger,2436.00,6511.00,4075.00,1830.14,0.00,False,False
veh2932,509524226->-40035904#1,veh_passenger,1966.00,6512.00,4546.00,2341.50,0.00,False,False
veh1796,1234244925#0->1125986379#1,veh_passenger,1205.00,6513.00,5308.00,843.30,0.00,False,False
veh4420,-12247568#0->-521701857,veh_passenger,2963.00,6524.00,3561.00,1055.45,0.00,False,False
bus445,238219472#0->-1068144846#1,bus_bus,2671.00,6529.00,3858.00,2081.83,0.00,False,False
veh3099,147711065#2->-654297635#0,veh_passenger,2078.00,6532.00,4454.00,762.82,0.00,False,False
veh1487,413789558#1->24621218#3,veh_passenger,998.00,6534.00,5536.00,2775.29,0.00,False,False
veh4204,39920505#12->-39921673#1,veh_passenger,4750.00,6536.00,1786.00,985.30,0.00,False,False
bus547,10250021#0->-654297636,bus_bus,3283.00,6540.00,3257.00,588.36,0.00,False,False
bus586,499566574#0->47053612,bus_bus,3517.00,6543.00,3026.00,1828.31,0.00,False,False
bus267,39921025#3->39838691#9,bus_bus,1603.00,6544.00,4941.00,1717.85,0.00,False,False
veh4992,-39921673#0->1067928305#0,veh_passenger,3346.00,6556.00,3210.00,2095.99,0.00,False,False
veh1819,-40036062#1->9833223,veh_passenger,1220.00,6562.00,5342.00,3208.47,0.00,False,False
veh1925,39838984#0->178702258#1,veh_passenger,1291.00,6572.00,5281.00,903.53,0.00,False,False
veh4550,1064476624->1323097579#0,veh_passenger,3050.00,6578.00,3528.00,687.75,0.00,False,False
veh2882,-449565665#2->511404874#0,veh_passenger,1932.00,6579.00,4647.00,563.01,0.00,False,False
veh1826,730912750->10628442#3,veh_passenger,1225.00,6580.00,5355.00,1925.56,0.00,False,False
veh2849,1222181934->-10748045#2,veh_passenger,1910.00,6587.00,4677.00,1566.21,0.00,False,False
veh2073,1214520074#2->-1323097580#0,veh_passenger,1390.00,6588.00,5198.00,2909.63,0.00,False,False
veh3486,1064476620#1->1260485929#3,veh_passenger,2337.00,6588.00,4251.00,1184.84,0.00,False,False
veh2340,40138239#2->-240666072#0,veh_passenger,1569.00,6590.00,5021.00,2956.34,0.00,False,False
veh4099,39838691#1->39920011#2,veh_passenger,2842.00,6590.00,3748.00,1824.22,0.00,False,False
veh4908,8887999#1->1068434206,veh_passenger,3290.00,6592.00,3302.00,668.81,0.00,False,False
veh2676,-1068916338->49224804#1,veh_passenger,1794.00,6594.00,4800.00,1276.88,0.00,False,False
veh4600,24576913#0->39920011#1,veh_passenger,3221.00,6595.00,3374.00,1503.52,0.00,False,False
veh3254,1067928306#2->1204070281,veh_passenger,4470.00,6596.00,2126.00,1592.23,0.00,False,False
truck295,1297720376#1->1254816455,truck_truck,3541.00,6596.00,3055.00,623.27,0.00,False,False
veh4104,509524227#1->1211151640,veh_passenger,2751.00,6602.00,3851.00,1108.78,0.00,False,False
veh3939,513082640->-10748036,veh_passenger,2641.00,6605.00,3964.00,2000.28,0.00,False,False
veh2068,405382146#1->1214520070,veh_passenger,1387.00,6611.00,5224.00,503.17,0.00,False,False
veh2236,39838657#3->509646059,veh_passenger,1500.00,6613.00,5113.00,735.73,0.00,False,False
veh3928,39920550#7->-1272337500,veh_passenger,2633.00,6613.00,3980.00,1179.03,0.00,False,False
veh2196,1273251150#0->240666072#2,veh_passenger,1473.00,6622.00,5149.00,2989.78,0.00,False,False
veh2828,24577455#2->1335304372,veh_passenger,1896.00,6625.00,4729.00,849.23,0.00,False,False
veh2002,-654297629#0->40297885#1,veh_passenger,1544.00,6626.00,5082.00,759.69,0.00,False,False
bus365,39838691#9->509646062,bus_bus,4156.00,6627.00,2471.00,888.58,0.00,False,False
veh3327,-39838691#8->-1323097576,veh_passenger,2231.00,6627.00,4396.00,1937.43,0.00,False,False
veh4938,499566577#1->1260485931#0,veh_passenger,3310.00,6627.00,3317.00,880.68,0.00,False,False
veh3690,39920550#11->50323226,veh_passenger,2474.00,6634.00,4160.00,1468.32,0.00,False,False
truck179,-39838657#1->1231065653,truck_truck,2149.00,6643.00,4494.00,822.50,0.00,False,False
bus320,39920505#9->511187808#1,bus_bus,1921.00,6644.00,4723.00,1495.40,0.00,False,False
veh3275,50323229#9->511187823,veh_passenger,2423.00,6645.00,4222.00,1754.13,0.00,False,False
veh4915,1290439819->438354815,veh_passenger,3295.00,6651.00,3356.00,2116.71,0.00,False,False
veh1357,-1236283454->449565665#2,veh_passenger,911.00,6660.00,5749.00,1595.04,0.00,False,False
truck88,-654297637#0->538432099,truck_truck,1057.00,6662.00,5605.00,1569.77,0.00,False,False
bus380,511187818->33683346#1,bus_bus,3893.00,6666.00,2773.00,1726.06,0.00,False,False
bus242,-1335304377->47087366#1,bus_bus,1982.00,6670.00,4688.00,2153.62,0.00,False,False
veh5304,1118804249->488788636#1,veh_passenger,3555.00,6670.00,3115.00,2115.19,0.00,False,False
bus375,-1125986379#1->474143552#2,bus_bus,2702.00,6676.00,3974.00,1140.12,0.00,False,False
veh1536,-856175964->1068434200#1,veh_passenger,1031.00,6677.00,5646.00,755.88,0.00,False,False
veh2799,-1254633077#1->-474143552#0,veh_passenger,3899.00,6677.00,2778.00,1215.30,0.00,False,False
truck109,515040937->-654297633,truck_truck,1309.00,6679.00,5370.00,1446.77,0.00,False,False
veh5337,968332513#1->-654297633,veh_passenger,3577.00,6681.00,3104.00,1031.71,0.00,False,False
veh5335,1125986373#3->72157792,veh_passenger,3576.00,6683.00,3107.00,535.40,0.00,False,False
veh4280,-40036009#2->-1323097580#1,veh_passenger,2869.00,6684.00,3815.00,1438.65,0.00,False,False
veh3158,1222181936->-40138633#0,veh_passenger,2117.00,6688.00,4571.00,1940.46,0.00,False,False
bus559,-515123442#4->12247568#0,bus_bus,3355.00,6691.00,3336.00,1300.98,0.00,False,False
veh5178,654297632#2->-50323229#7,veh_passenger,3471.00,6699.00,3228.00,774.46,0.00,False,False
veh4599,-10250021#4->-1255099069,veh_passenger,3083.00,6703.00,3620.00,853.41,0.00,False,False
veh1918,-39838691#2->509646054,veh_passenger,1287.00,6705.00,5418.00,936.00,0.00,False,False
veh3731,15419971#1->39366819#1,veh_passenger,2501.00,6708.00,4207.00,1661.63,0.00,False,False
veh3667,479863106#1->-39366819#1,veh_passenger,2458.00,6710.00,4252.00,722.82,0.00,False,False
veh1895,424580475->515123442#2,veh_passenger,1271.00,6711.00,5440.00,1992.67,0.00,False,False
veh1782,474143552#0->1201484855,veh_passenger,1195.00,6726.00,5531.00,1119.29,0.00,False,False
veh4065,1272548721->1201484855,veh_passenger,2725.00,6729.00,4004.00,575.11,0.00,False,False
veh3550,-143546557->-1226645410,veh_passenger,2380.00,6731.00,4351.00,2703.84,0.00,False,False
veh3037,40035904#1->147711065#0,veh_passenger,2038.00,6732.00,4694.00,1693.06,0.00,False,False
veh2801,39920505#0->-761486028#1,veh_passenger,1878.00,6734.00,4856.00,2422.70,0.00,False,False
veh3902,-40035325#1->39920550#5,veh_passenger,2616.00,6742.00,4126.00,577.08,0.00,False,False
veh4820,521704053->515123438,veh_passenger,3475.00,6745.00,3270.00,1666.48,0.00,False,False
veh2449,-1222703383->474143552#6,veh_passenger,1652.00,6746.00,5094.00,766.16,0.00,False,False
veh5371,654530820#0->1211151635#0,veh_passenger,3600.00,6747.00,3147.00,1562.10,0.00,False,False
veh2584,-40140017#0->-856175964,veh_passenger,1733.00,6759.00,5026.00,589.74,0.00,False,False
veh1608,39920684#2->-47224972#0,veh_passenger,1079.00,6761.00,5682.00,1057.88,0.00,False,False
veh4764,1214520076->509646053#1,veh_passenger,6148.00,6761.00,613.00,372.83,0.00,False,False
bus386,-40035606#2->1226645407,bus_bus,2317.00,6763.00,4446.00,3056.92,0.00,False,False
veh5087,47087993#1->-1260481154,veh_passenger,3410.00,6763.00,3353.00,1648.50,0.00,False,False
veh3241,1074409256#0->-654297637#1,veh_passenger,2211.00,6766.00,4555.00,1271.69,0.00,False,False
veh2566,-1254816454->515124965#2,veh_passenger,1721.00,6768.00,5047.00,1703.36,0.00,False,False
bus258,511409856#1->-515040940#0,bus_bus,1549.00,6770.00,5221.00,528.90,0.00,False,False
veh4523,1125986378#0->1273251152,veh_passenger,3032.00,6771.00,3739.00,1728.97,0.00,False,False
veh4665,1332638391#0->-654297637#0,veh_passenger,5790.00,6772.00,982.00,1116.92,0.00,False,False
veh2661,40035325#1->40036062#1,veh_passenger,2693.00,6776.00,4083.00,722.73,0.00,False,False
veh5169,967985513#2->511187812,veh_passenger,3465.00,6777.00,3312.00,1640.26,0.00,False,False
veh5128,-479863106#2->1068144845#0,veh_passenger,3437.00,6786.00,3349.00,1141.30,0.00,False,False
veh4503,1298335703->8887999#1,veh_passenger,3019.00,6792.00,3773.00,932.41,0.00,False,False
veh2319,511187810->511404880#1,veh_passenger,1555.00,6799.00,5244.00,713.79,0.00,False,False
veh2277,1292578228-AddedOnRampEdge->-39838691#3,veh_passenger,1527.00,6800.00,5273.00,1713.45,0.00,False,False
veh4028,-40109290#3->40138239#1,veh_passenger,3566.00,6801.00,3235.00,275.18,0.00,False,False
veh4666,-39920593#2->39838520#3,veh_passenger,3128.00,6804.00,3676.00,1683.13,0.00,False,False
veh2443,421846558#1->-39920222,veh_passenger,1733.00,6809.00,5076.00,1538.05,0.00,False,False
veh3477,511404877->-1260485929#2,veh_passenger,2331.00,6813.00,4482.00,1807.22,0.00,False,False
veh1450,1074409255#0->-856175964,veh_passenger,973.00,6816.00,5843.00,1640.15,0.00,False,False
truck263,10250021#4->490474063#0,truck_truck,5094.00,6816.00,1722.00,1399.45,0.00,False,False
veh5198,-488788633#2->39838657#2,veh_passenger,3484.00,6816.00,3332.00,1326.89,0.00,False,False
veh2681,47087993#5->460316444,veh_passenger,1798.00,6821.00,5023.00,2687.49,0.00,False,False
bus327,14924729#1->1207401652#1,bus_bus,1963.00,6826.00,4863.00,1526.17,0.00,False,False
veh5126,666886085#1->1068916338,veh_passenger,3436.00,6833.00,3397.00,382.01,0.00,False,False
veh4187,1068434235->428730800,veh_passenger,2807.00,6834.00,4027.00,2167.64,0.00,False,False
bus167,39920505#12->1067928307#2,bus_bus,1003.00,6838.00,5835.00,3345.24,0.00,False,False
veh2305,515126385#2->39839275,veh_passenger,1546.00,6839.00,5293.00,3408.12,0.00,False,False
veh2485,-422842976->1337646270,veh_passenger,1666.00,6844.00,5178.00,1361.45,0.00,False,False
veh4246,40138941#2->515124965#1,veh_passenger,2846.00,6849.00,4003.00,3122.34,0.00,False,False
veh5026,24576922#0->24576913#2,veh_passenger,3369.00,6854.00,3485.00,1386.01,0.00,False,False
veh2006,39839521->-238219441#0,veh_passenger,1346.00,6855.00,5509.00,1529.09,0.00,False,False
veh1798,11631594#1->178702239#0,veh_passenger,1206.00,6862.00,5656.00,4107.71,0.00,False,False
bus246,1214520074#4->10748036,bus_bus,1477.00,6865.00,5388.00,1442.81,0.00,False,False
veh4763,142741729#0->654297635#1,veh_passenger,3193.00,6867.00,3674.00,853.58,0.00,False,False
truck177,1068144848#1->1222703384#0,truck_truck,2125.00,6868.00,4743.00,2365.22,0.00,False,False
bus214,1222703382->-1068916339,bus_bus,1285.00,6875.00,5590.00,730.95,0.00,False,False
veh2255,39920550#13->1068434199,veh_passenger,1512.00,6879.00,5367.00,1776.31,0.00,False,False
veh1850,-474143552#0->-654297637#0,veh_passenger,1241.00,6880.00,5639.00,1726.82,0.00,False,False
veh5263,1231065644->509646052,veh_passenger,3528.00,6889.00,3361.00,633.67,0.00,False,False
veh5349,178702243#1-AddedOnRampEdge->178702249,veh_passenger,3585.00,6889.00,3304.00,3874.28,0.00,False,False
veh2764,1290439818->511404875,veh_passenger,1853.00,6890.00,5037.00,1243.02,0.00,False,False
veh3148,513272950#0->1260481154,veh_passenger,2111.00,6891.00,4780.00,953.79,0.00,False,False
veh4603,1326193809->488786523,veh_passenger,3086.00,6891.00,3805.00,2976.07,0.00,False,False
veh1589,1337646274->1207401652#1,veh_passenger,1066.00,6893.00,5827.00,3835.93,0.00,False,False
veh5266,-654297629#6->1335304376#0,veh_passenger,3538.00,6893.00,3355.00,1025.40,0.00,False,False
veh1893,39920505#13->-40140017#1,veh_passenger,1270.00,6897.00,5627.00,1191.95,0.00,False,False
truck149,511187821->900287035,truck_truck,1789.00,6898.00,5109.00,2029.58,0.00,False,False
veh1397,40109239->-1335304386#0,veh_passenger,937.00,6899.00,5962.00,1354.41,0.00,False,False
veh2032,1068434201->975216743,veh_passenger,1363.00,6900.00,5537.00,1767.62,0.00,False,False
bus452,-10250021#4->511187808#2,bus_bus,2713.00,6900.00,4187.00,846.46,0.00,False,False
veh2176,-40035606#0->511409188#1,veh_passenger,1459.00,6906.00,5447.00,1586.12,0.00,False,False
truck129,-178723097#0->178699056#3,truck_truck,5777.00,6909.00,1132.00,1311.90,0.00,False,False
veh5286,509646061->-687878722#0,veh_passenger,3543.00,6909.00,3366.00,1709.30,0.00,False,False
truck169,33683346#2->1421367508,truck_truck,2029.00,6916.00,4887.00,3182.77,0.00,False,False
veh3773,1335304386#1->47087993#2,veh_passenger,3523.00,6916.00,3393.00,3034.49,0.00,False,False
veh1691,437445541#1->515130028#1-AddedOnRampEdge,veh_passenger,1134.00,6925.00,5791.00,1240.87,0.00,False,False
veh4294,40139708->1298335704#0,veh_passenger,2878.00,6928.00,4050.00,1416.97,0.00,False,False
veh1639,-428730813#2->-1260481154,veh_passenger,1100.00,6936.00,5836.00,2127.39,0.00,False,False
veh1472,1068434235->509524229,veh_passenger,988.00,6939.00,5951.00,1042.70,0.00,False,False
veh2899,39838520#1->1068144844,veh_passenger,1944.00,6950.00,5006.00,2397.31,0.00,False,False
veh1862,1323097577->178583148#2,veh_passenger,1249.00,6952.00,5703.00,1434.02,0.00,False,False
veh2046,-40036009#1->-1125986375#0,veh_passenger,1372.00,6955.00,5583.00,2167.05,0.00,False,False
veh2604,654297634->967985513#3,veh_passenger,1746.00,6955.00,5209.00,1788.53,0.00,False,False
veh2723,40297647#1->10628444#2,veh_passenger,1826.00,6956.00,5130.00,1049.57,0.00,False,False
truck87,1231065653->10628444#2,truck_truck,1045.00,6957.00,5912.00,1026.50,0.00,False,False
veh3789,1234244926->39838520#3,veh_passenger,2540.00,6960.00,4420.00,655.83,0.00,False,False
bus399,39920550#7->40140017#0,bus_bus,2395.00,6965.00,4570.00,1468.66,0.00,False,False
veh4587,47157282#0->40140017#1,veh_passenger,3101.00,6970.00,3869.00,1284.06,0.00,False,False
veh2881,-33683346#2->40140141#6,veh_passenger,1932.00,6973.00,5041.00,2307.71,0.00,False,False
bus509,39920550#13->-654297633,bus_bus,3055.00,6980.00,3925.00,1614.26,0.00,False,False
veh2561,-1254633077#0->1075505400#3,veh_passenger,1717.00,6985.00,5268.00,2703.38,0.00,False,False
veh4299,-654297629#6->1421367925,veh_passenger,2924.00,6985.00,4061.00,1538.15,0.00,False,False
veh1459,1222703383->238219441#0,veh_passenger,979.00,6986.00,6007.00,869.29,0.00,False,False
veh3681,-488788637#1->1125986373#3,veh_passenger,5397.00,6991.00,1594.00,419.42,0.00,False,False
veh3319,40036062#0->40140141#9,veh_passenger,2225.00,7000.00,4775.00,2311.77,0.00,False,False
truck189,-1323097580#1->147711065#0,truck_truck,2269.00,7000.00,4731.00,1281.01,0.00,False,False
veh3628,511187808#0->1214520071,veh_passenger,2432.00,7004.00,4572.00,866.25,0.00,False,False
veh2614,10628444#1->-1068144847,veh_passenger,1753.00,7009.00,5256.00,1901.44,0.00,False,False
veh1543,-654297635#1->1100626087,veh_passenger,1035.00,7012.00,5977.00,1560.19,0.00,False,False
veh4953,654297629#2->521713925,veh_passenger,5035.00,7018.00,1983.00,1019.38,0.00,False,False
veh3288,666886084#0->1074409255#0,veh_passenger,2204.00,7020.00,4816.00,946.55,0.00,False,False
veh4382,1067953239#1->-257421487#0,veh_passenger,2937.00,7024.00,4087.00,3035.98,0.00,False,False
veh4348,451728952#5->1068144845#0,veh_passenger,2915.00,7026.00,4111.00,794.21,0.00,False,False
veh1778,50323229#0->515126385#1,veh_passenger,1193.00,7036.00,5843.00,2766.73,0.00,False,False
veh3752,-39838530->1332638368#2,veh_passenger,6043.00,7039.00,996.00,1466.42,0.00,False,False
veh2792,428730813#2->1298335702,veh_passenger,1872.00,7041.00,5169.00,1163.38,0.00,False,False
veh3833,1068144845#1->-50323229#11,veh_passenger,2570.00,7051.00,4481.00,2904.01,0.00,False,False
truck192,39920684#5->-50323229#5,truck_truck,2305.00,7054.00,4749.00,640.94,0.00,False,False
veh4786,1332638391#0->240666072#2,veh_passenger,6889.00,7056.00,167.00,1177.06,0.00,False,False
veh3483,40297647#1->1068144849#2,veh_passenger,2335.00,7057.00,4722.00,3412.81,0.00,False,False
veh5147,1211151636->1322916760#2,veh_passenger,3450.00,7060.00,3610.00,2036.16,0.00,False,False
veh1403,-40109290#0->1068144849#2,veh_passenger,942.00,7063.00,6121.00,4110.72,0.00,False,False
veh2796,-40035606#1->40036009#0,veh_passenger,1875.00,7063.00,5188.00,594.93,0.00,False,False
veh2527,238219443->-10628442#0,veh_passenger,1695.00,7064.00,5369.00,910.24,0.00,False,False
bus345,1326094888->490474063#5,bus_bus,2071.00,7068.00,4997.00,3420.54,0.00,False,False
veh5042,1254816453#0->900399275,veh_passenger,3380.00,7075.00,3695.00,3102.12,0.00,False,False
veh2025,39838657#1->-40297715#3,veh_passenger,1358.00,7076.00,5718.00,1797.03,0.00,False,False
truck162,822782498->10629474#0,truck_truck,1945.00,7083.00,5138.00,998.81,0.00,False,False
veh3740,-33683346#1->1067953239#1,veh_passenger,2507.00,7088.00,4581.00,476.55,0.00,False,False
veh2513,39838691#7->900279886,veh_passenger,2812.00,7089.00,4277.00,1229.77,0.00,False,False
veh1961,50323229#10->-33683458#2,veh_passenger,2025.00,7095.00,5070.00,385.99,0.00,False,False
veh3723,511409188#0->813852683,veh_passenger,2496.00,7095.00,4599.00,2515.67,0.00,False,False
veh3402,-428730813#2->232920701,veh_passenger,2281.00,7103.00,4822.00,1301.17,0.00,False,False
truck223,178583149->33683458#0,truck_truck,2677.00,7103.00,4426.00,1091.06,0.00,False,False
veh2518,1075505400#1->515123438,veh_passenger,1689.00,7106.00,5417.00,1740.74,0.00,False,False
veh1556,1260485929#0->-33683346#1,veh_passenger,1044.00,7116.00,6072.00,1860.44,0.00,False,False
veh1851,39838520#0->-40036009#1,veh_passenger,1242.00,7116.00,5874.00,2145.19,0.00,False,False
veh4678,-1322916760#1->-14924729#1,veh_passenger,3136.00,7119.00,3983.00,859.75,0.00,False,False
veh3884,1234244927#1->-39921673#1,veh_passenger,2604.00,7122.00,4518.00,771.05,0.00,False,False
veh2755,509524226->1100626103#1,veh_passenger,1847.00,7123.00,5276.00,1712.09,0.00,False,False
veh4400,654297637#2->515136603,veh_passenger,2949.00,7126.00,4177.00,3378.51,0.00,False,False
veh2540,1214520079->475044040#2,veh_passenger,3468.00,7127.00,3659.00,1236.16,0.00,False,False
veh2775,509646057#1->474143552#5,veh_passenger,2521.00,7130.00,4609.00,1224.48,0.00,False,False
veh3641,83563455->39838691#7,veh_passenger,2441.00,7133.00,4692.00,1891.21,0.00,False,False
bus198,-515123442#4->39838657#0,bus_bus,1189.00,7134.00,5945.00,975.03,0.00,False,False
bus363,1260481150->83563455,bus_bus,2179.00,7135.00,4956.00,4519.59,0.00,False,False
veh1806,178583167#1->40138239#1,veh_passenger,1212.00,7136.00,5924.00,1524.69,0.00,False,False
truck135,-10628429->47157282#0,truck_truck,1621.00,7139.00,5518.00,919.16,0.00,False,False
veh5358,1260485932->178583145,veh_passenger,3591.00,7147.00,3556.00,1774.51,0.00,False,False
veh4498,1068916335->11631594#0,veh_passenger,3015.00,7151.00,4136.00,895.72,0.00,False,False
veh2539,47087993#0->513082638,veh_passenger,1703.00,7152.00,5449.00,1562.06,0.00,False,False
veh3457,1074409256#2->39366819#0,veh_passenger,2590.00,7152.00,4562.00,495.36,0.00,False,False
veh3676,178441748#0->-479863106#2,veh_passenger,2464.00,7162.00,4698.00,1519.42,0.00,False,False
veh4319,131671623->509524228,veh_passenger,2895.00,7162.00,4267.00,2236.95,0.00,False,False
veh3461,515124965#1->1068144847,veh_passenger,2320.00,7168.00,4848.00,1643.21,0.00,False,False
veh3818,515130026#1->900279869,veh_passenger,2560.00,7170.00,4610.00,1015.07,0.00,False,False
veh3504,654297630->856175964,veh_passenger,2952.00,7174.00,4222.00,567.19,0.00,False,False
veh5326,39086240-AddedOffRampEdge->509646053#1,veh_passenger,3570.00,7193.00,3623.00,828.90,0.00,False,False
veh3265,1260481151->-654297629#6,veh_passenger,2189.00,7195.00,5006.00,2110.96,0.00,False,False
veh1513,-40297715#0->-1125986377#1,veh_passenger,1018.00,7198.00,6180.00,842.63,0.00,False,False
veh2735,1204070282->40035325#0,veh_passenger,1834.00,7198.00,5364.00,910.56,0.00,False,False
veh3501,-449565665#1->-1067928305#2,veh_passenger,2347.00,7203.00,4856.00,1001.73,0.00,False,False
veh3445,1068434203->1211151638,veh_passenger,2310.00,7204.00,4894.00,546.96,0.00,False,False
truck89,1255099069->511404873#1,truck_truck,1069.00,7207.00,6138.00,1063.82,0.00,False,False
veh2026,437445542->1226645409,veh_passenger,1359.00,7209.00,5850.00,643.77,0.00,False,False
bus555,-39920593#5->-12247569,bus_bus,3331.00,7209.00,3878.00,1874.59,0.00,False,False
truck296,-428730813#3->-1211151635#0,truck_truck,3553.00,7209.00,3656.00,1242.84,0.00,False,False
veh3299,-1068144846#0->39921673#0,veh_passenger,2212.00,7211.00,4999.00,2232.02,0.00,False,False
veh2258,-450616334#1->10628444#0,veh_passenger,1514.00,7216.00,5702.00,1703.60,0.00,False,False
veh4298,39763700#2->1068144844,veh_passenger,2881.00,7219.00,4338.00,2746.52,0.00,False,False
bus400,39920011#0->509524225,bus_bus,2401.00,7221.00,4820.00,1887.62,0.00,False,False
veh1637,1125986374->474143552#0,veh_passenger,1099.00,7228.00,6129.00,1784.60,0.00,False,False
veh1376,515138054->-1255099069,veh_passenger,923.00,7229.00,6306.00,3218.36,0.00,False,False
veh3888,-240666072#1->-40138633#0,veh_passenger,2606.00,7231.00,4625.00,2911.64,0.00,False,False
veh3713,968332513#1->488788626#1,veh_passenger,2489.00,7236.00,4747.00,1120.15,0.00,False,False
veh1432,39839521->511404874#0,veh_passenger,961.00,7239.00,6278.00,1221.00,0.00,False,False
veh2721,24621218#3->975216742,veh_passenger,1825.00,7243.00,5418.00,1749.69,0.00,False,False
bus335,1237953497->-178723097#1,bus_bus,2022.00,7243.00,5221.00,1308.10,0.00,False,False
veh3822,564273553#2->1338361263,veh_passenger,2562.00,7243.00,4681.00,980.07,0.00,False,False
veh2920,1326193809->1335304373#2,veh_passenger,1958.00,7246.00,5288.00,583.04,0.00,False,False
veh4339,1297720368->405382146#0,veh_passenger,2909.00,7246.00,4337.00,1901.63,0.00,False,False
veh2655,1125986373#1->1064476623,veh_passenger,1780.00,7250.00,5470.00,2097.32,0.00,False,False
truck201,-169562956->1234244927#0,truck_truck,2413.00,7250.00,4837.00,1156.12,0.00,False,False
bus334,15420537#2->-1326193809,bus_bus,2005.00,7255.00,5250.00,3096.87,0.00,False,False
veh4351,238219449->564273553#3,veh_passenger,2917.00,7258.00,4341.00,1643.82,0.00,False,False
veh1518,39920550#8->-40138633#2,veh_passenger,1019.00,7259.00,6240.00,1444.44,0.00,False,False
veh2278,488788637#0->521708587#0,veh_passenger,1528.00,7259.00,5731.00,1064.54,0.00,False,False
veh2076,178702243#1->1332638391#0,veh_passenger,1392.00,7261.00,5869.00,2729.53,0.00,False,False
veh4238,490474063#7->178723097#1,veh_passenger,3580.00,7263.00,3683.00,823.45,0.00,False,False
veh4950,511187815->511187808#0,veh_passenger,5334.00,7266.00,1932.00,218.65,0.00,False,False
truck92,83428923#1->564273553#2,truck_truck,1105.00,7268.00,6163.00,1249.33,0.00,False,False
veh4801,24576922#2->11631594#1,veh_passenger,3218.00,7271.00,4053.00,915.08,0.00,False,False
bus472,39763700#2->15420801#0,bus_bus,2833.00,7272.00,4439.00,1388.10,0.00,False,False
veh3444,-40140017#3->1214520077,veh_passenger,2309.00,7294.00,4985.00,811.69,0.00,False,False
veh2630,-479863106#0->1323097576,veh_passenger,1764.00,7296.00,5532.00,1311.32,0.00,False,False
veh1706,178702258#0->1125986378#1,veh_passenger,1145.00,7304.00,6159.00,696.11,0.00,False,False
veh4372,39920593#6->-474143552#0,veh_passenger,5231.00,7307.00,2076.00,504.69,0.00,False,False
truck153,482569917#0->511404877,truck_truck,1837.00,7309.00,5472.00,1907.87,0.00,False,False
bus454,-515126385#1->-40138239#2,bus_bus,2725.00,7311.00,4586.00,3030.34,0.00,False,False
veh2701,1125986373#0->1196008691#1,veh_passenger,1811.00,7314.00,5503.00,1965.38,0.00,False,False
veh1560,39838520#0->1068144845#2,veh_passenger,1047.00,7315.00,6268.00,1812.59,0.00,False,False
veh2776,509524230->178441748#2,veh_passenger,1965.00,7329.00,5364.00,3028.44,0.00,False,False
veh2103,-1214520068->39920550#4,veh_passenger,1411.00,7331.00,5920.00,1784.01,0.00,False,False
veh3553,968332513#1->47087366#2,veh_passenger,2382.00,7332.00,4950.00,3060.11,0.00,False,False
veh3250,-39838657#2->521705695,veh_passenger,2179.00,7333.00,5154.00,314.64,0.00,False,False
truck128,-39838691#7->-24576913#0,truck_truck,1537.00,7335.00,5798.00,462.49,0.00,False,False
veh1814,39763700#0->15419875#0,veh_passenger,1217.00,7347.00,6130.00,1820.46,0.00,False,False
veh2861,39838691#10->1068434200#0,veh_passenger,5747.00,7350.00,1603.00,683.47,0.00,False,False
veh2921,509646056->511405572,veh_passenger,2668.00,7351.00,4683.00,549.71,0.00,False,False
veh3470,509646057#0->1074409255#0,veh_passenger,2326.00,7355.00,5029.00,1271.57,0.00,False,False
veh2929,39921025#4->515123439,veh_passenger,1964.00,7356.00,5392.00,2543.73,0.00,False,False
veh3348,39920550#0->1323097575#0,veh_passenger,2245.00,7376.00,5131.00,861.73,0.00,False,False
veh3948,178702243#1->509646057#2,veh_passenger,2647.00,7378.00,4731.00,2703.36,0.00,False,False
veh2463,-169562956->1335304385,veh_passenger,1652.00,7386.00,5734.00,1333.27,0.00,False,False
veh3110,499566574#2->-39920593#6,veh_passenger,2085.00,7389.00,5304.00,1006.40,0.00,False,False
veh2717,1214520074#4->24621218#4,veh_passenger,1822.00,7394.00,5572.00,2637.99,0.00,False,False
bus545,381945549#0->-39920593#6,bus_bus,3271.00,7394.00,4123.00,3442.85,0.00,False,False
veh4700,-1226645410->1298335704#0,veh_passenger,3150.00,7399.00,4249.00,1058.24,0.00,False,False
veh2395,-14924729#0->1260485929#0,veh_passenger,1619.00,7405.00,5786.00,817.77,0.00,False,False
veh4411,488788636#0->178441748#0,veh_passenger,2957.00,7412.00,4455.00,2651.65,0.00,False,False
veh3393,1214520074#2->488788637#1,veh_passenger,2275.00,7416.00,5141.00,1894.19,0.00,False,False
bus464,47087993#0->511404873#0,bus_bus,2785.00,7424.00,4639.00,2252.36,0.00,False,False
veh3867,116831467->-1068144846#1,veh_passenger,2592.00,7429.00,4837.00,2671.34,0.00,False,False
veh1407,-654297637#0->1273405490,veh_passenger,944.00,7435.00,6491.00,828.43,0.00,False,False
veh3735,-1273251152->509646056,veh_passenger,2504.00,7435.00,4931.00,1673.08,0.00,False,False
veh1922,178583140#0->10628429,veh_passenger,1289.00,7436.00,6147.00,1241.16,0.00,False,False
bus402,39838691#2->10628442#1,bus_bus,2441.00,7440.00,4999.00,1120.37,0.00,False,False
veh4032,39763700#4->1068434256#1,veh_passenger,2703.00,7441.00,4738.00,581.95,0.00,False,False
veh4870,24577522#0->-47087366#0,veh_passenger,3264.00,7445.00,4181.00,2374.24,0.00,False,False
veh4873,10629709#2->-33683458#2,veh_passenger,3266.00,7448.00,4182.00,451.39,0.00,False,False
veh3073,15419971#1->521708587#1,veh_passenger,2060.00,7450.00,5390.00,1948.33,0.00,False,False
veh4966,-33683458#1->47225638#3,veh_passenger,3329.00,7453.00,4124.00,2663.45,0.00,False,False
veh3856,-428730807->-428730813#0,veh_passenger,2585.00,7454.00,4869.00,2477.18,0.00,False,False
truck215,40138633#0->-1254633077#1,truck_truck,2581.00,7457.00,4876.00,644.17,0.00,False,False
veh4545,40139504#1->-33683346#1,veh_passenger,3047.00,7459.00,4412.00,801.72,0.00,False,False
veh1381,14924729#3->1231065652-AddedOnRampEdge,veh_passenger,927.00,7460.00,6533.00,3547.59,0.00,False,False
veh4045,838061038->240666069#2,veh_passenger,2712.00,7476.00,4764.00,1208.60,0.00,False,False
veh3485,-40297715#3->-654297636,veh_passenger,4385.00,7483.00,3098.00,1135.84,0.00,False,False
veh3851,490474063#4->-50323229#11,veh_passenger,2978.00,7484.00,4506.00,615.10,0.00,False,False
veh4754,511404878->-39838691#2,veh_passenger,3187.00,7485.00,4298.00,358.82,0.00,False,False
veh2553,178702243#0->-1255099069,veh_passenger,1712.00,7498.00,5786.00,4725.82,0.00,False,False
bus228,39838751#2->437445541#2,bus_bus,1369.00,7500.00,6131.00,1459.14,0.00,False,False
veh1477,24577455#1->-40138239#2,veh_passenger,991.00,7502.00,6511.00,1512.89,0.00,False,False
veh3004,39921025#7->499566574#1,veh_passenger,2014.00,7504.00,5490.00,1492.60,0.00,False,False
veh2494,40035325#0->838061038,veh_passenger,1672.00,7507.00,5835.00,2045.12,0.00,False,False
veh4096,47224972#1->474143552#3,veh_passenger,2762.00,7511.00,4749.00,1128.21,0.00,False,False
veh1696,509646144->511187808#2,veh_passenger,5506.00,7515.00,2009.00,527.92,0.00,False,False
veh3684,1204070281->515130028#1-AddedOnRampEdge,veh_passenger,2470.00,7526.00,5056.00,2640.04,0.00,False,False
veh4142,1068434236->475044040#3,veh_passenger,2777.00,7534.00,4757.00,1478.46,0.00,False,False
veh3803,178699051#0->511404874#0,veh_passenger,2550.00,7538.00,4988.00,871.04,0.00,False,False
veh5153,451728952#4->-1226645410,veh_passenger,3454.00,7542.00,4088.00,1372.10,0.00,False,False
bus500,40035606#3->10628442#1,bus_bus,3001.00,7545.00,4544.00,1487.55,0.00,False,False
veh3494,449565665#3->521713925,veh_passenger,2570.00,7550.00,4980.00,649.75,0.00,False,False
veh3618,50323229#10->-488788629,veh_passenger,3253.00,7555.00,4302.00,1593.88,0.00,False,False
veh5191,-47087366#2->-422842976,veh_passenger,3479.00,7557.00,4078.00,1229.42,0.00,False,False
veh3426,39921025#2->-488788637#1,veh_passenger,2297.00,7565.00,5268.00,1299.05,0.00,False,False
veh3512,13909444#1->1332638391#1,veh_passenger,2355.00,7569.00,5214.00,681.16,0.00,False,False
veh3869,39920011#2->-1125986385#0,veh_passenger,2594.00,7571.00,4977.00,1719.05,0.00,False,False
veh1353,-437445539#0->515040940#0,veh_passenger,908.00,7572.00,6664.00,2083.81,0.00,False,False
veh3845,-1222703384#1->499566574#0,veh_passenger,2578.00,7577.00,4999.00,865.95,0.00,False,False
veh3792,1074771163#0->1323097580#0,veh_passenger,2542.00,7594.00,5052.00,1047.40,0.00,False,False
veh4958,1335304386#1->-238219441#1,veh_passenger,4173.00,7595.00,3422.00,941.13,0.00,False,False
veh1490,513082623->-761486028#0,veh_passenger,1000.00,7598.00,6598.00,3115.56,0.00,False,False
veh1584,654297629#0->509646055,veh_passenger,1065.00,7598.00,6533.00,1075.59,0.00,False,False
truck161,1068916339->511404878,truck_truck,2023.00,7600.00,5577.00,1041.01,0.00,False,False
veh3422,1211151638->-1278784167#0,veh_passenger,2537.00,7608.00,5071.00,1442.81,0.00,False,False
bus239,666886086#2->1125986385#1,bus_bus,1435.00,7610.00,6175.00,1457.16,0.00,False,False
veh3067,40140017#0->39920593#3,veh_passenger,2056.00,7613.00,5557.00,866.04,0.00,False,False
veh3589,-39838751#0->178441748#1,veh_passenger,2406.00,7613.00,5207.00,1453.07,0.00,False,False
veh2019,40138633#3->50323229#14,veh_passenger,1354.00,7614.00,6260.00,610.52,0.00,False,False
veh1350,1068144847->1214520074#2,veh_passenger,906.00,7615.00,6709.00,1354.48,0.00,False,False
veh1544,39921025#3->1207401652#2,veh_passenger,1036.00,7619.00,6583.00,1966.84,0.00,False,False
veh2770,-142741729#1->39921192#0,veh_passenger,1857.00,7623.00,5766.00,669.58,0.00,False,False
veh2322,1204070282->1204070281,veh_passenger,1557.00,7626.00,6069.00,1220.66,0.00,False,False
veh1364,1323097575#0->513272950#0,veh_passenger,1025.00,7629.00,6604.00,1429.48,0.00,False,False
veh3608,1214520071->178583145,veh_passenger,4345.00,7631.00,3286.00,1489.88,0.00,False,False
veh3846,499566574#2->-50323229#0,veh_passenger,2774.00,7631.00,4857.00,628.45,0.00,False,False
veh1644,-50323229#0->449565665#3,veh_passenger,1103.00,7633.00,6530.00,1840.47,0.00,False,False
veh1846,654297637#1->40035606#3,veh_passenger,1238.00,7633.00,6395.00,1082.02,0.00,False,False
veh2041,1068074792->-50323229#14,veh_passenger,1369.00,7634.00,6265.00,911.74,0.00,False,False
veh1789,-449565665#0->40140141#10,veh_passenger,1200.00,7644.00,6444.00,1729.01,0.00,False,False
veh2204,39838691#2->9704194#3,veh_passenger,1478.00,7644.00,6166.00,1606.14,0.00,False,False
veh1481,513272950#1->9832326#1,veh_passenger,994.00,7647.00,6653.00,1357.15,0.00,False,False
veh4724,1335304386#1->-257421487#0,veh_passenger,3868.00,7651.00,3783.00,1886.20,0.00,False,False
veh2082,39920684#4->1234244925#2,veh_passenger,1396.00,7653.00,6257.00,1730.67,0.00,False,False
veh2177,1231065644->1068144848#0,veh_passenger,1460.00,7663.00,6203.00,2067.48,0.00,False,False
veh3008,515123439->1226645411,veh_passenger,2018.00,7663.00,5645.00,1650.56,0.00,False,False
veh2562,-39366819#1->40140141#11,veh_passenger,1718.00,7665.00,5947.00,1821.75,0.00,False,False
veh5112,40036009#1->50323226,veh_passenger,3427.00,7672.00,4245.00,394.42,0.00,False,False
veh2421,232920701->-654297637#1,veh_passenger,1624.00,7675.00,6051.00,3180.55,0.00,False,False
veh2334,178699051#0->1260485931#1,veh_passenger,1565.00,7681.00,6116.00,1734.78,0.00,False,False
veh4590,475044040#0->1068434205,veh_passenger,3156.00,7687.00,4531.00,1567.54,0.00,False,False
veh1985,-39838630#3->-521705694#0,veh_passenger,1331.00,7688.00,6357.00,512.04,0.00,False,False
veh5180,1214520077->515123439,veh_passenger,3472.00,7689.00,4217.00,960.24,0.00,False,False
veh4554,13909444#0->24621218#0,veh_passenger,3053.00,7690.00,4637.00,1566.56,0.00,False,False
veh4582,-257421487#1->1118804256#0,veh_passenger,3071.00,7697.00,4626.00,2481.94,0.00,False,False
veh3781,511187818->9792174#1-AddedOnRampEdge,veh_passenger,3917.00,7706.00,3789.00,2687.17,0.00,False,False
truck148,-40036009#1->654297628,truck_truck,1777.00,7715.00,5938.00,2179.46,0.00,False,False
veh2913,-40035606#2->511187808#4,veh_passenger,1953.00,7719.00,5766.00,1875.38,0.00,False,False
veh4174,40035606#1->1254633077#1,veh_passenger,2798.00,7720.00,4922.00,635.69,0.00,False,False
veh4744,-1125986379#1->401226926#0,veh_passenger,3306.00,7725.00,4419.00,1352.52,0.00,False,False
veh3990,10629474#1->1125986377#2,veh_passenger,2675.00,7726.00,5051.00,497.58,0.00,False,False
truck151,-1068144848#1->428730818#3,truck_truck,1813.00,7727.00,5914.00,2460.18,0.00,False,False
veh2818,421846558#0->654297629#3,veh_passenger,1890.00,7727.00,5837.00,658.01,0.00,False,False
veh2624,511409188#0->-1326193810,veh_passenger,1760.00,7728.00,5968.00,2008.52,0.00,False,False
veh4880,257421487#0->1125986373#1,veh_passenger,3271.00,7732.00,4461.00,862.88,0.00,False,False
veh1634,-1204070283#1->654297629#2,veh_passenger,1096.00,7735.00,6639.00,701.73,0.00,False,False
bus328,-405382146#1->1074409232#1,bus_bus,1969.00,7737.00,5768.00,1532.38,0.00,False,False
bus517,-474143552#0->-39838691#1,bus_bus,3103.00,7738.00,4635.00,1797.94,0.00,False,False
veh1506,564273553#4->1074409232#1,veh_passenger,1011.00,7740.00,6729.00,1418.28,0.00,False,False
veh2244,47267007#0->47225638#4,veh_passenger,1505.00,7743.00,6238.00,2037.17,0.00,False,False
bus469,515130025->-1260481154,bus_bus,2815.00,7747.00,4932.00,1341.36,0.00,False,False
bus575,39920684#2->1338361263,bus_bus,3451.00,7751.00,4300.00,704.12,0.00,False,False
veh3980,515040940#0->47224972#1,veh_passenger,2668.00,7753.00,5085.00,1606.17,0.00,False,False
veh3544,1222703382->39838691#6,veh_passenger,2376.00,7759.00,5383.00,1637.20,0.00,False,False
veh4484,-422842976->47087993#0,veh_passenger,3006.00,7759.00,4753.00,1773.40,0.00,False,False
truck249,68574206->1214520074#1,truck_truck,2989.00,7759.00,4770.00,1077.13,0.00,False,False
veh1486,40297715#1->-39838691#2,veh_passenger,997.00,7762.00,6765.00,1596.23,0.00,False,False
veh3240,24621218#0->39838691#6,veh_passenger,2172.00,7773.00,5601.00,1722.50,0.00,False,False
veh5125,47224972#0->178583148#1,veh_passenger,3435.00,7774.00,4339.00,1572.27,0.00,False,False
bus589,39920550#4->-509646056,bus_bus,4614.00,7778.00,3164.00,1013.23,0.00,False,False
veh3320,1335304373#2->10250021#2,veh_passenger,2226.00,7780.00,5554.00,1077.25,0.00,False,False
bus577,1074409232#0->1074409255#0,bus_bus,3464.00,7789.00,4325.00,195.74,0.00,False,False
veh1619,39920593#0->564273553#2,veh_passenger,1086.00,7792.00,6706.00,1815.19,0.00,False,False
veh2928,-1278784167#1->47087993#3,veh_passenger,1963.00,7796.00,5833.00,2545.62,0.00,False,False
veh1379,1273405490->513082635#1,veh_passenger,925.00,7797.00,6872.00,2037.09,0.00,False,False
veh2433,178702258#2->654297629#6,veh_passenger,1831.00,7798.00,5967.00,807.15,0.00,False,False
veh2045,178699056#3->564273553#1,veh_passenger,1372.00,7803.00,6431.00,917.91,0.00,False,False
veh3451,975216740->511187808#1,veh_passenger,2321.00,7807.00,5486.00,455.32,0.00,False,False
veh2988,511187808#4->-479863106#1,veh_passenger,2009.00,7809.00,5800.00,649.38,0.00,False,False
veh3938,1064476620#3->-40036009#1,veh_passenger,2640.00,7810.00,5170.00,949.19,0.00,False,False
veh4295,1234244927#1->1231065653,veh_passenger,2879.00,7812.00,4933.00,734.89,0.00,False,False
veh3732,33683458#0->826496637,veh_passenger,3828.00,7815.00,3987.00,1430.57,0.00,False,False
veh2965,-178723097#1->1234244927#0,veh_passenger,2333.00,7817.00,5484.00,759.62,0.00,False,False
bus219,-1068916336->39838691#3,bus_bus,1315.00,7820.00,6505.00,1258.15,0.00,False,False
truck222,1231065643->439836130#0,truck_truck,3543.00,7821.00,4278.00,1841.75,0.00,False,False
veh4621,490474063#6->1068144847,veh_passenger,3275.00,7823.00,4548.00,3097.02,0.00,False,False
veh3268,687878722#1->450616334#1,veh_passenger,2191.00,7825.00,5634.00,1530.47,0.00,False,False
bus332,24577522#0->-511404874#0,bus_bus,1993.00,7833.00,5840.00,2182.44,0.00,False,False
veh4458,178583144->1100626103#0,veh_passenger,2988.00,7839.00,4851.00,695.87,0.00,False,False
truck276,40035904#1->39920505#5,truck_truck,3313.00,7839.00,4526.00,899.73,0.00,False,False
veh2214,478286980#1->985133430,veh_passenger,2233.00,7843.00,5610.00,805.09,0.00,False,False
veh3182,573632774->1326193809,veh_passenger,2133.00,7843.00,5710.00,701.29,0.00,False,False
veh2024,15419906#2->-654297635#1,veh_passenger,1358.00,7844.00,6486.00,1388.63,0.00,False,False
veh4141,-1074409256#0->-405382146#0,veh_passenger,2885.00,7846.00,4961.00,721.60,0.00,False,False
veh3958,178699051#0->39920011#2,veh_passenger,2653.00,7848.00,5195.00,1806.51,0.00,False,False
bus438,654530820#0->510107701,bus_bus,2629.00,7849.00,5220.00,1725.64,0.00,False,False
bus349,142741729#1->1068434199,bus_bus,2095.00,7854.00,5759.00,2388.33,0.00,False,False
truck172,178441748#0->40297715#2,truck_truck,2065.00,7859.00,5794.00,667.59,0.00,False,False
veh4121,40297715#2->654297635#0,veh_passenger,2763.00,7864.00,5101.00,1104.00,0.00,False,False
veh3419,509524270->-40138633#2,veh_passenger,2542.00,7877.00,5335.00,1986.53,0.00,False,False
veh3305,-39920593#6->564273552,veh_passenger,2216.00,7880.00,5664.00,1678.44,0.00,False,False
veh2146,-1067928307#3->10250021#4,veh_passenger,1439.00,7881.00,6442.00,2194.34,0.00,False,False
veh2228,1074409256#2->474143552#0,veh_passenger,1494.00,7885.00,6391.00,1537.25,0.00,False,False
veh3793,13909444#2->39920505#2,veh_passenger,2543.00,7885.00,5342.00,2284.56,0.00,False,False
veh3060,-1074409256#0->-39921672,veh_passenger,2149.00,7888.00,5739.00,738.22,0.00,False,False
veh5019,40035904#0->39920550#10,veh_passenger,3364.00,7888.00,4524.00,760.66,0.00,False,False
veh4146,1068434206->-10629474#1,veh_passenger,2779.00,7892.00,5113.00,856.47,0.00,False,False
veh1511,40140141#9->-142741729#1,veh_passenger,1014.00,7894.00,6880.00,1314.63,0.00,False,False
truck194,-654297632#0->1323097576,truck_truck,2329.00,7915.00,5586.00,987.94,0.00,False,False
bus358,900399276->1322916760#1,bus_bus,2149.00,7925.00,5776.00,4447.41,0.00,False,False
veh3489,-40138633#1->1255099064,veh_passenger,2393.00,7927.00,5534.00,1508.93,0.00,False,False
veh2316,11631594#0->178699049,veh_passenger,1553.00,7932.00,6379.00,1205.00,0.00,False,False
veh2757,515040940#1->10748045#1,veh_passenger,1849.00,7933.00,6084.00,1465.79,0.00,False,False
veh2820,654530820#1->654297629#1,veh_passenger,1891.00,7933.00,6042.00,1947.95,0.00,False,False
veh2575,1100626097->1260481153,veh_passenger,1727.00,7939.00,6212.00,2271.15,0.00,False,False
veh3627,40109290#0->-451728952#3,veh_passenger,2432.00,7944.00,5512.00,3198.85,0.00,False,False
truck147,1222181935->39838657#1,truck_truck,1765.00,7949.00,6184.00,711.63,0.00,False,False
veh313,-521701857->40140017#2,veh_passenger,1941.00,7954.00,6013.00,1274.83,0.00,False,False
bus150,-488788630#1->488788637#1,bus_bus,901.00,7954.00,7053.00,2249.33,0.00,False,False
veh4663,8887999#0->-1335304373#1,veh_passenger,3126.00,7973.00,4847.00,1538.79,0.00,False,False
truck291,15525299->10628442#0,truck_truck,3493.00,7980.00,4487.00,2580.14,0.00,False,False
veh5194,1068434236->238219446#1,veh_passenger,3481.00,7982.00,4501.00,1030.57,0.00,False,False
veh4564,-142741729#0->1064476618#1,veh_passenger,3059.00,7985.00,4926.00,1254.20,0.00,False,False
veh4639,1326193809->-40036009#2,veh_passenger,3277.00,7985.00,4708.00,271.89,0.00,False,False
bus337,401226925#1->1327579142,bus_bus,2023.00,7989.00,5966.00,1654.45,0.00,False,False
veh5166,-1067928307#3->515126385#1,veh_passenger,3463.00,7996.00,4533.00,1384.05,0.00,False,False
veh3943,40138941#0->1234244925#2,veh_passenger,2643.00,8005.00,5362.00,2558.07,0.00,False,False
veh4287,-39838751#0->178699058,veh_passenger,2874.00,8005.00,5131.00,1057.77,0.00,False,False
veh1391,-1125986375#1->515123442#2,veh_passenger,933.00,8006.00,7073.00,1131.75,0.00,False,False
veh4591,509524270->39920593#4,veh_passenger,3200.00,8014.00,4814.00,1608.20,0.00,False,False
veh4661,-521705694#0->1125986406#1,veh_passenger,3191.00,8022.00,4831.00,1097.50,0.00,False,False
truck107,24621218#3->39921192#1,truck_truck,1285.00,8026.00,6741.00,580.37,0.00,False,False
bus298,238219443->-8758061,bus_bus,1789.00,8027.00,6238.00,3531.10,0.00,False,False
bus329,437445541#0->-451728952#4,bus_bus,1975.00,8027.00,6052.00,1443.07,0.00,False,False
veh1930,-838061037->1068144845#1,veh_passenger,1295.00,8029.00,6734.00,1981.78,0.00,False,False
veh2313,-1332638368#1->-10628444#0,veh_passenger,1551.00,8029.00,6478.00,1485.76,0.00,False,False
veh5032,178723097#0->24576922#0,veh_passenger,3373.00,8030.00,4657.00,321.84,0.00,False,False
veh5280,488788637#0->39838691#8,veh_passenger,3539.00,8030.00,4491.00,1292.24,0.00,False,False
veh3207,1125986374->-1332638368#1,veh_passenger,2150.00,8034.00,5884.00,1887.58,0.00,False,False
veh3481,50323229#15->654297629#2,veh_passenger,2645.00,8034.00,5389.00,1853.18,0.00,False,False
veh1887,1260485930#1->1074409256#0,veh_passenger,1266.00,8036.00,6770.00,1056.78,0.00,False,False
veh4471,521705695->-39838691#3,veh_passenger,2997.00,8046.00,5049.00,766.27,0.00,False,False
veh1881,-40297715#3->1337646270,veh_passenger,1262.00,8047.00,6785.00,2480.60,0.00,False,False
veh4153,449565665#0->1068434205,veh_passenger,2784.00,8047.00,5263.00,933.44,0.00,False,False
veh4819,-1068916338->1421367925,veh_passenger,3620.00,8049.00,4429.00,1245.04,0.00,False,False
bus552,1324405519->1254633078#1,bus_bus,3313.00,8049.00,4736.00,1298.97,0.00,False,False
veh2459,-40140017#1->-1204070283#0,veh_passenger,1649.00,8054.00,6405.00,810.85,0.00,False,False
veh2891,-39838691#6->1068434256#0,veh_passenger,2201.00,8055.00,5854.00,387.67,0.00,False,False
veh3242,-178723097#1->-653860562,veh_passenger,2617.00,8055.00,5438.00,572.86,0.00,False,False
veh4828,-1297720376#0->-564273553#3,veh_passenger,3475.00,8060.00,4585.00,1549.63,0.00,False,False
veh4352,-39838691#0->1068434256#1,veh_passenger,2917.00,8061.00,5144.00,483.94,0.00,False,False
veh3873,422842976->1074771163#1-AddedOffRampEdge,veh_passenger,2596.00,8065.00,5469.00,1436.87,0.00,False,False
veh1385,1064476620#2->178441748#2,veh_passenger,929.00,8066.00,7137.00,2063.77,0.00,False,False
veh4927,-564273553#1->521708587#2,veh_passenger,4196.00,8066.00,3870.00,593.16,0.00,False,False
veh1512,1292568612->-1338361263,veh_passenger,1015.00,8067.00,7052.00,1358.97,0.00,False,False
veh1960,509524270->499566574#2,veh_passenger,1890.00,8067.00,6177.00,1102.72,0.00,False,False
veh4307,-1335304386#0->1064476624,veh_passenger,2887.00,8074.00,5187.00,669.46,0.00,False,False
veh4750,511409188#1->449565665#0,veh_passenger,3184.00,8084.00,4900.00,696.74,0.00,False,False
veh3358,-39838657#3->654297637#2,veh_passenger,2251.00,8089.00,5838.00,1409.15,0.00,False,False
veh4673,-10628442#1->40109290#1,veh_passenger,3132.00,8090.00,4958.00,1697.82,0.00,False,False
veh5157,488788633#1->-413789558#1,veh_passenger,3457.00,8093.00,4636.00,417.36,0.00,False,False
veh1631,-687878725->1074409232#1,veh_passenger,1094.00,8097.00,7003.00,2381.02,0.00,False,False
bus366,509646054->511187808#3,bus_bus,2197.00,8097.00,5900.00,601.86,0.00,False,False
veh1677,-169562956->474143552#4,veh_passenger,1125.00,8098.00,6973.00,1580.85,0.00,False,False
veh2482,40036009#1->-474143552#3,veh_passenger,1664.00,8112.00,6448.00,1045.19,0.00,False,False
veh1713,178699051#0->-40140017#2,veh_passenger,1149.00,8118.00,6969.00,1149.25,0.00,False,False
bus163,-10250021#2->521713925,bus_bus,979.00,8121.00,7142.00,1184.60,0.00,False,False
veh1402,450616334#0->511409187,veh_passenger,941.00,8124.00,7183.00,971.78,0.00,False,False
veh3728,1214520079->39838520#3,veh_passenger,3794.00,8125.00,4331.00,954.43,0.00,False,False
bus557,1068144849#1->40138239#4,bus_bus,3343.00,8125.00,4782.00,4001.73,0.00,False,False
veh3479,-39920593#2->-474143552#1,veh_passenger,2332.00,8131.00,5799.00,913.90,0.00,False,False
veh5142,488788626#0->1214520074#6,veh_passenger,4045.00,8133.00,4088.00,1521.19,0.00,False,False
veh4778,509524226->39920505#12,veh_passenger,3407.00,8140.00,4733.00,1925.97,0.00,False,False
veh3466,10628444#1->39920505#2,veh_passenger,2588.00,8141.00,5553.00,776.70,0.00,False,False
veh5270,147711065#1->564273553#0,veh_passenger,5428.00,8146.00,2718.00,758.11,0.00,False,False
veh2375,1100626087->39920505#12,veh_passenger,1593.00,8147.00,6554.00,1044.23,0.00,False,False
bus514,39920505#4->-1125986379#0,bus_bus,3085.00,8151.00,5066.00,1010.57,0.00,False,False
veh4914,1100626088->1260481154,veh_passenger,3294.00,8151.00,4857.00,1217.06,0.00,False,False
veh1414,-401226926#1->515126304,veh_passenger,949.00,8152.00,7203.00,3009.66,0.00,False,False
veh2702,-488788633#2->-509646052,veh_passenger,1812.00,8158.00,6346.00,1780.63,0.00,False,False
veh1351,1332638368#2->39920593#4,veh_passenger,907.00,8162.00,7255.00,2285.16,0.00,False,False
truck110,24621218#3->39838657#0,truck_truck,1321.00,8164.00,6843.00,1457.91,0.00,False,False
veh4551,-39838691#8->-428730800,veh_passenger,3051.00,8165.00,5114.00,1082.90,0.00,False,False
veh4286,39921673#0->-47224972#0,veh_passenger,2873.00,8185.00,5312.00,783.08,0.00,False,False
veh1470,-1125986374->-47224972#0,veh_passenger,986.00,8187.00,7201.00,967.66,0.00,False,False
veh1969,39838691#2->-1125986379#0,veh_passenger,1321.00,8187.00,6866.00,1083.68,0.00,False,False
veh2644,40035606#1->-654297631,veh_passenger,1775.00,8196.00,6421.00,993.34,0.00,False,False
veh2074,1337646270->47224972#1,veh_passenger,1391.00,8199.00,6808.00,712.78,0.00,False,False
veh2785,1236283454->178583148#0,veh_passenger,1867.00,8202.00,6335.00,1115.07,0.00,False,False
veh4233,-8887999#2->-1273405490,veh_passenger,2838.00,8202.00,5364.00,1897.60,0.00,False,False
veh2065,-1125986377#2->178583148#0,veh_passenger,1385.00,8205.00,6820.00,1379.02,0.00,False,False
veh4255,-451728952#3->687878722#2,veh_passenger,2852.00,8206.00,5354.00,1833.31,0.00,False,False
veh1349,-1322916760#1->509646062,veh_passenger,905.00,8210.00,7305.00,1528.13,0.00,False,False
truck111,1231065643->24577455#1,truck_truck,1333.00,8210.00,6877.00,1478.73,0.00,False,False
truck207,50323229#14->178583167#1,truck_truck,2947.00,8213.00,5266.00,1316.42,0.00,False,False
veh1561,13909444#0->-474143552#4,veh_passenger,1047.00,8214.00,7167.00,1559.93,0.00,False,False
veh4749,1332638391#0->1323097575#2,veh_passenger,6093.00,8215.00,2122.00,1419.55,0.00,False,False
bus468,39920684#3->1297720376#0,bus_bus,2809.00,8230.00,5421.00,1334.76,0.00,False,False
bus205,12090453#1->-47087366#2,bus_bus,1231.00,8233.00,7002.00,1617.78,0.00,False,False
veh2890,1273405490->-10629474#0,veh_passenger,1938.00,8244.00,6306.00,802.96,0.00,False,False
bus427,-39838691#3->654530820#1,bus_bus,3155.00,8249.00,5094.00,2045.76,0.00,False,False
veh1792,39920505#9->40036062#0,veh_passenger,1202.00,8255.00,7053.00,975.09,0.00,False,False
veh1984,40115810#1->475044040#4,veh_passenger,1331.00,8255.00,6924.00,3014.57,0.00,False,False
veh4699,169562956->1074409255#0,veh_passenger,3150.00,8256.00,5106.00,1489.05,0.00,False,False
veh3383,-238219441#1->178583140#0,veh_passenger,2268.00,8260.00,5992.00,1517.52,0.00,False,False
veh3129,1290439818->1260485931#1,veh_passenger,2098.00,8262.00,6164.00,1851.22,0.00,False,False
bus548,-1214520076->1326437250,bus_bus,6174.00,8268.00,2094.00,1033.17,0.00,False,False
veh2696,515126385#0->178583140#1,veh_passenger,1808.00,8270.00,6462.00,2197.51,0.00,False,False
veh2897,654297629#5->83563455,veh_passenger,1942.00,8270.00,6328.00,1784.88,0.00,False,False
veh2156,147711065#1->1214520073#1,veh_passenger,1446.00,8277.00,6831.00,693.67,0.00,False,False
veh3294,-1125986379#1->-1074409256#0,veh_passenger,2208.00,8285.00,6077.00,725.38,0.00,False,False
veh4688,39920505#3->-39920593#2,veh_passenger,6881.00,8286.00,1405.00,562.53,0.00,False,False
veh1386,1075505400#2->12247568#1,veh_passenger,930.00,8291.00,7361.00,1860.67,0.00,False,False
bus409,499566573->-515136609,bus_bus,2455.00,8293.00,5838.00,3327.51,0.00,False,False
veh2377,1196008692#0->40140017#0,veh_passenger,1594.00,8296.00,6702.00,1761.61,0.00,False,False
veh1636,1332638391#1->238219449,veh_passenger,1098.00,8297.00,7199.00,2091.72,0.00,False,False
veh1908,654297630->40138633#2,veh_passenger,1280.00,8297.00,7017.00,1806.99,0.00,False,False
veh1972,-47224972#0->515123439,veh_passenger,6089.00,8297.00,2208.00,1013.42,0.00,False,False
veh2825,1233759524->-39920593#6,veh_passenger,1894.00,8298.00,6404.00,1498.54,0.00,False,False
veh3795,10629709#0->1117667177,veh_passenger,2544.00,8298.00,5754.00,1562.56,0.00,False,False
veh1909,-1297720376#0->-40138239#2,veh_passenger,1281.00,8299.00,7018.00,1498.41,0.00,False,False
veh2843,1214520067->967985512,veh_passenger,1906.00,8302.00,6396.00,2207.82,0.00,False,False
bus416,1074409256#0->47267007#2,bus_bus,2883.00,8309.00,5426.00,1279.31,0.00,False,False
veh2745,40138633#0->1335304373#0,veh_passenger,1841.00,8310.00,6469.00,964.52,0.00,False,False
veh3877,1074409255#0->-40035992,veh_passenger,2599.00,8310.00,5711.00,1466.77,0.00,False,False
veh1827,33683346#2->-451728952#3,veh_passenger,1226.00,8314.00,7088.00,3274.15,0.00,False,False
veh2486,666886081->39838691#7,veh_passenger,1667.00,8314.00,6647.00,1446.39,0.00,False,False
veh1504,1067928306#2->-1125986377#1,veh_passenger,1009.00,8320.00,7311.00,1296.18,0.00,False,False
veh3786,39838751#1->-511187818,veh_passenger,2538.00,8321.00,5783.00,453.21,0.00,False,False
veh1535,12247568#0->-1125986406#0,veh_passenger,1030.00,8322.00,7292.00,1683.39,0.00,False,False
veh3788,975216740->653860562,veh_passenger,2539.00,8322.00,5783.00,1108.76,0.00,False,False
veh1597,39838691#8->-47267007#0,veh_passenger,1071.00,8326.00,7255.00,1240.57,0.00,False,False
veh2773,39763700#1->1125986377#2,veh_passenger,1859.00,8329.00,6470.00,1075.48,0.00,False,False
veh2088,449565665#2->511187808#4,veh_passenger,1658.00,8339.00,6681.00,831.60,0.00,False,False
bus599,-515126385#0->39838691#10,bus_bus,3595.00,8339.00,4744.00,1203.73,0.00,False,False
veh3316,13909444#0->449565665#1,veh_passenger,2223.00,8340.00,6117.00,969.47,0.00,False,False
veh4216,39920505#0->72157794,veh_passenger,2826.00,8344.00,5518.00,1018.14,0.00,False,False
veh4053,1235501861#0->-40297715#0,veh_passenger,4971.00,8350.00,3379.00,732.82,0.00,False,False
bus362,40138633#2->1204070281,bus_bus,2173.00,8354.00,6181.00,2382.08,0.00,False,False
truck155,47267011#0->-178723097#0,truck_truck,1861.00,8356.00,6495.00,1535.13,0.00,False,False
veh1219,-521705694#1->1100626088,veh_passenger,2865.00,8362.00,5497.00,680.77,0.00,False,False
veh3435,39920684#0->-50323229#11,veh_passenger,2303.00,8362.00,6059.00,1219.52,0.00,False,False
veh3885,39920550#0->-50323229#7,veh_passenger,2604.00,8362.00,5758.00,1159.52,0.00,False,False
veh4755,1231065644->509646144,veh_passenger,3187.00,8363.00,5176.00,723.82,0.00,False,False
veh1393,428730818#3->521708587#2,veh_passenger,935.00,8364.00,7429.00,1797.07,0.00,False,False
bus523,-1125986377#0->-1068144845#2,bus_bus,3139.00,8364.00,5225.00,1624.57,0.00,False,False
truck71,-513272949->-50323229#11,truck_truck,1332.00,8365.00,7033.00,1645.73,0.00,False,False
veh3914,238219472#3->40109290#5,veh_passenger,2624.00,8365.00,5741.00,1169.16,0.00,False,False
veh2836,654297631->40109290#1,veh_passenger,1902.00,8367.00,6465.00,910.66,0.00,False,False
veh4943,-39838984#1->39838657#0,veh_passenger,3313.00,8367.00,5054.00,1070.04,0.00,False,False
veh1375,-83428923#0->521701858-AddedOffRampEdge,veh_passenger,923.00,8369.00,7446.00,1305.82,0.00,False,False
veh1441,40297715#0->-50323229#15,veh_passenger,967.00,8370.00,7403.00,1050.81,0.00,False,False
veh2719,900279869->-1254633077#1,veh_passenger,1823.00,8373.00,6550.00,1647.68,0.00,False,False
veh4217,-50323229#10->-1214520068,veh_passenger,3037.00,8376.00,5339.00,2327.14,0.00,False,False
veh1840,-10629474#0->509524227#1,veh_passenger,1234.00,8379.00,7145.00,2055.05,0.00,False,False
veh3610,654297633->509646053#0,veh_passenger,2420.00,8380.00,5960.00,794.35,0.00,False,False
veh4846,381945551->449565665#1,veh_passenger,3248.00,8380.00,5132.00,1834.89,0.00,False,False
veh3007,1068434202->-1254633077#0,veh_passenger,2821.00,8381.00,5560.00,1635.40,0.00,False,False
veh4249,-240666072#1->40036009#1,veh_passenger,2848.00,8382.00,5534.00,2846.49,0.00,False,False
veh3028,-1125986406#1->-1068144845#2,veh_passenger,2030.00,8383.00,6353.00,1888.24,0.00,False,False
veh3860,-401226926#0->-40297715#1,veh_passenger,2588.00,8383.00,5795.00,527.36,0.00,False,False
veh2212,-1068144848#0->39838691#3,veh_passenger,1484.00,8388.00,6904.00,1816.81,0.00,False,False
veh5044,1298335703->-40109290#4,veh_passenger,3381.00,8389.00,5008.00,3041.61,0.00,False,False
veh1684,39921025#5->521704036,veh_passenger,1130.00,8396.00,7266.00,2517.69,0.00,False,False
truck96,-900279886->474143552#0,truck_truck,1197.00,8396.00,7199.00,878.05,0.00,False,False
veh2134,1255099069->654297629#4,veh_passenger,1431.00,8398.00,6967.00,978.45,0.00,False,False
veh2222,40297647#0->39838520#3,veh_passenger,1490.00,8400.00,6910.00,1192.26,0.00,False,False
veh2135,515123442#1->654297629#4,veh_passenger,1432.00,8406.00,6974.00,2043.11,0.00,False,False
veh3493,1201484855->511187809,veh_passenger,2342.00,8412.00,6070.00,697.95,0.00,False,False
veh1805,1214520074#4->1074771163#1-AddedOffRampEdge,veh_passenger,1213.00,8421.00,7208.00,2195.07,0.00,False,False
veh2226,1323097580#0->39838691#7,veh_passenger,1493.00,8421.00,6928.00,1854.80,0.00,False,False
veh2213,-33683346#1->510107701,veh_passenger,1484.00,8427.00,6943.00,1837.84,0.00,False,False
veh5201,521705694#1->1074771163#1,veh_passenger,4195.00,8428.00,4233.00,946.72,0.00,False,False
veh1702,-39838657#3->39920550#5,veh_passenger,1142.00,8434.00,7292.00,1639.80,0.00,False,False
veh4925,-1068144847->8887999#1,veh_passenger,3301.00,8437.00,5136.00,1490.10,0.00,False,False
veh3050,1074409256#0->-39838751#2,veh_passenger,2208.00,8438.00,6230.00,898.74,0.00,False,False
veh3284,-1125986378#1->-50323229#10,veh_passenger,2202.00,8440.00,6238.00,1804.60,0.00,False,False
veh1369,39838520#2->-33683458#0,veh_passenger,919.00,8444.00,7525.00,1915.18,0.00,False,False
veh3382,1222703384#1->-40036009#2,veh_passenger,2267.00,8448.00,6181.00,1038.70,0.00,False,False
bus497,39838657#2->-1068434202,bus_bus,2983.00,8449.00,5466.00,989.95,0.00,False,False
bus154,39838657#0->1131969257,bus_bus,925.00,8451.00,7526.00,1098.99,0.00,False,False
bus177,47267007#1->-40109290#4,bus_bus,1063.00,8451.00,7388.00,4121.93,0.00,False,False
veh3274,-1222703384#1->13909444#2,veh_passenger,2195.00,8453.00,6258.00,1502.89,0.00,False,False
veh2900,1214520071->1131969257,veh_passenger,3800.00,8456.00,4656.00,1033.74,0.00,False,False
veh2523,40297885#2->428730818#2,veh_passenger,1692.00,8459.00,6767.00,1628.13,0.00,False,False
veh2371,1335304375->9792174#1,veh_passenger,1590.00,8461.00,6871.00,2700.84,0.00,False,False
veh1722,985133430->1323097575#0,veh_passenger,1707.00,8464.00,6757.00,1566.38,0.00,False,False
veh1901,-1260485930#1->-40109290#2,veh_passenger,1276.00,8468.00,7192.00,2028.92,0.00,False,False
veh4406,-1100626088->13909444#3,veh_passenger,4209.00,8469.00,4260.00,1135.46,0.00,False,False
veh2297,-1290439817#1->654297629#0,veh_passenger,1540.00,8470.00,6930.00,1146.61,0.00,False,False
bus217,1254816455->-33683346#2,bus_bus,1303.00,8475.00,7172.00,1483.08,0.00,False,False
veh1959,1298335702->-449565665#3,veh_passenger,1326.00,8479.00,7153.00,1428.90,0.00,False,False
bus339,900287035->-515040940#0,bus_bus,5689.00,8484.00,2795.00,1955.04,0.00,False,False
veh4209,-1323097580#0->1236283454,veh_passenger,2822.00,8485.00,5663.00,986.02,0.00,False,False
veh3339,-47267007#0->-460316444,veh_passenger,2239.00,8491.00,6252.00,651.71,0.00,False,False
veh1429,13909444#4->39920593#6,veh_passenger,959.00,8494.00,7535.00,2316.62,0.00,False,False
veh2165,654297629#3->401226926#1,veh_passenger,1452.00,8497.00,7045.00,1680.86,0.00,False,False
veh1889,564273553#3->-83428923#1,veh_passenger,1267.00,8504.00,7237.00,1404.39,0.00,False,False
veh3352,47267007#2->460316444,veh_passenger,2247.00,8508.00,6261.00,831.02,0.00,False,False
veh2516,-39838751#1->511187808#2,veh_passenger,1688.00,8510.00,6822.00,844.40,0.00,False,False
veh5277,1100626103#0->474143552#6,veh_passenger,3541.00,8510.00,4969.00,561.66,0.00,False,False
veh3313,509646063#1->838061038,veh_passenger,2222.00,8514.00,6292.00,1059.41,0.00,False,False
veh3868,50323226->47087992#2,veh_passenger,2593.00,8514.00,5921.00,3471.79,0.00,False,False
veh2877,-838061037->-1332638368#0,veh_passenger,1929.00,8516.00,6587.00,2177.38,0.00,False,False
veh3100,1068916339->24576922#1,veh_passenger,2097.00,8518.00,6421.00,1096.26,0.00,False,False
veh2030,1214520074#6->1074771163#1,veh_passenger,1362.00,8520.00,7158.00,2028.12,0.00,False,False
veh3323,-50323229#10->-47267010,veh_passenger,2228.00,8540.00,6312.00,2745.34,0.00,False,False
veh3932,178723097#0->490474063#8,veh_passenger,2636.00,8541.00,5905.00,1489.21,0.00,False,False
veh2866,474143552#4->1068434208#0,veh_passenger,2027.00,8544.00,6517.00,1364.74,0.00,False,False
bus431,39920505#9->428730793#0,bus_bus,2587.00,8544.00,5957.00,3864.62,0.00,False,False
veh4309,-1226645410->437445541#1,veh_passenger,2949.00,8546.00,5597.00,2211.32,0.00,False,False
veh3285,-10628429->-50323229#2,veh_passenger,2202.00,8549.00,6347.00,1690.67,0.00,False,False
veh2169,-654297637#1->40109290#2,veh_passenger,1455.00,8550.00,7095.00,1016.99,0.00,False,False
veh4539,-8887999#1->178702239#0,veh_passenger,3043.00,8551.00,5508.00,1806.22,0.00,False,False
veh5361,178441748#2->40035606#0,veh_passenger,3823.00,8557.00,4734.00,825.13,0.00,False,False
veh4290,178583149->11635146#0,veh_passenger,2876.00,8562.00,5686.00,3070.12,0.00,False,False
veh5346,-1214520068->39838630#3,veh_passenger,3790.00,8563.00,4773.00,835.18,0.00,False,False
veh1648,1260481154->515136603,veh_passenger,1106.00,8566.00,7460.00,1771.37,0.00,False,False
veh1496,1068074793->39920593#5,veh_passenger,1004.00,8567.00,7563.00,1259.86,0.00,False,False
veh1759,-1125986379#0->238219468,veh_passenger,1315.00,8568.00,7253.00,701.58,0.00,False,False
veh4515,238219446#0->178583167#1,veh_passenger,3027.00,8570.00,5543.00,1464.23,0.00,False,False
veh1845,515123442#1->10250021#3,veh_passenger,1238.00,8572.00,7334.00,1863.77,0.00,False,False
veh3473,-654297635#1->40036009#3,veh_passenger,2516.00,8574.00,6058.00,766.32,0.00,False,False
veh3908,1234244925#0->40109290#5,veh_passenger,2620.00,8574.00,5954.00,2090.70,0.00,False,False
veh2545,1234244926->10250021#4,veh_passenger,1707.00,8575.00,6868.00,905.30,0.00,False,False
veh4385,654297630->538432098,veh_passenger,2955.00,8578.00,5623.00,1108.55,0.00,False,False
veh2009,511409187->-47267007#2,veh_passenger,1713.00,8581.00,6868.00,1482.85,0.00,False,False
veh3411,1290439820->-1272337500,veh_passenger,2290.00,8583.00,6293.00,1499.55,0.00,False,False
veh4858,511187812->488788633#1,veh_passenger,3256.00,8588.00,5332.00,1702.27,0.00,False,False
veh1400,1226645409->39920505#5,veh_passenger,939.00,8589.00,7650.00,2887.78,0.00,False,False
veh3838,474143552#1->39920505#12,veh_passenger,7539.00,8590.00,1051.00,133.14,0.00,False,False
veh2367,1326193809->488788626#3,veh_passenger,1587.00,8606.00,7019.00,1023.11,0.00,False,False
veh2996,24576913#2->-47267007#0,veh_passenger,2618.00,8612.00,5994.00,1353.78,0.00,False,False
veh5101,1335304371->238219472#3,veh_passenger,3419.00,8612.00,5193.00,1646.74,0.00,False,False
veh2771,1074771160->1337646276,veh_passenger,3515.00,8614.00,5099.00,1407.39,0.00,False,False
veh3066,-1222703384#1->39838882,veh_passenger,2056.00,8628.00,6572.00,1885.27,0.00,False,False
veh2227,515123438->178583140#1,veh_passenger,1494.00,8629.00,7135.00,1815.89,0.00,False,False
truck220,1118804250->450616334#0,truck_truck,2641.00,8629.00,5988.00,2803.55,0.00,False,False
veh5003,1075505400#0->1068144848#0,veh_passenger,3354.00,8629.00,5275.00,2360.51,0.00,False,False
veh3260,1068916339->-450616334#0,veh_passenger,2186.00,8631.00,6445.00,1499.30,0.00,False,False
veh3636,421846558#1->-10628444#2,veh_passenger,2648.00,8636.00,5988.00,879.84,0.00,False,False
veh3629,-39838691#2->449565665#2,veh_passenger,2433.00,8645.00,6212.00,476.01,0.00,False,False
veh5020,-654297632#0->40109239,veh_passenger,4056.00,8647.00,4591.00,1143.66,0.00,False,False
truck116,1068434203->449565665#2,truck_truck,1393.00,8648.00,7255.00,577.70,0.00,False,False
veh4175,-40139504#1->-449565665#2,veh_passenger,2799.00,8650.00,5851.00,939.00,0.00,False,False
veh4182,-39838984#0->1290456019,veh_passenger,2803.00,8651.00,5848.00,1687.33,0.00,False,False
veh3215,178699051#0->39920593#2,veh_passenger,2156.00,8653.00,6497.00,1918.72,0.00,False,False
veh1735,-50323229#0->1332638391#0,veh_passenger,1164.00,8654.00,7490.00,1640.23,0.00,False,False
veh2827,1254816453#0->-687878722#1,veh_passenger,1896.00,8662.00,6766.00,2996.52,0.00,False,False
bus526,40036066->1211151636,bus_bus,3157.00,8663.00,5506.00,2198.72,0.00,False,False
bus172,-33683346#2->1214520068,bus_bus,1033.00,8668.00,7635.00,2179.72,0.00,False,False
truck102,178583145->439836130#0-AddedOffRampEdge,truck_truck,1225.00,8672.00,7447.00,1804.79,0.00,False,False
veh5165,15419906#0->-40036062#0,veh_passenger,3462.00,8672.00,5210.00,929.21,0.00,False,False
veh1871,1125986386->1337115429,veh_passenger,5230.00,8675.00,3445.00,942.36,0.00,False,False
veh2786,-47267007#0->1214520077,veh_passenger,1868.00,8679.00,6811.00,1663.71,0.00,False,False
veh3001,424580476->335802680,veh_passenger,2012.00,8679.00,6667.00,3681.08,0.00,False,False
veh3019,50323229#5->39921025#8,veh_passenger,2119.00,8690.00,6571.00,1666.01,0.00,False,False
veh2955,-1125986377#1->10748045#2,veh_passenger,2212.00,8694.00,6482.00,1513.28,0.00,False,False
veh1435,482569917#1->33683346#0,veh_passenger,963.00,8696.00,7733.00,3438.58,0.00,False,False
veh4422,437445541#0->515123442#1,veh_passenger,2964.00,8696.00,5732.00,1767.43,0.00,False,False
veh4289,178702258#1->39838691#9,veh_passenger,3006.00,8702.00,5696.00,680.74,0.00,False,False
veh2460,1068144846#2->479863106#0,veh_passenger,1650.00,8709.00,7059.00,1283.07,0.00,False,False
veh2166,1260485931#0->-40297715#3,veh_passenger,1453.00,8735.00,7282.00,1322.49,0.00,False,False
veh3162,12247569->1068434257,veh_passenger,2120.00,8740.00,6620.00,657.51,0.00,False,False
veh4808,1068144846#0->1297720376#1,veh_passenger,3223.00,8743.00,5520.00,1656.83,0.00,False,False
bus281,13909444#5->-654297636,bus_bus,1687.00,8745.00,7058.00,3158.13,0.00,False,False
veh2219,1068144846#2->13909444#1,veh_passenger,1488.00,8747.00,7259.00,1014.50,0.00,False,False
veh5318,985675139->1260481150,veh_passenger,8119.00,8747.00,628.00,309.79,0.00,False,False
veh2264,40138239#1->1064398309#1,veh_passenger,1518.00,8750.00,7232.00,687.49,0.00,False,False
veh2057,238219449->-1290439817#0,veh_passenger,1380.00,8757.00,7377.00,1314.23,0.00,False,False
veh4532,1222181936->24577455#2,veh_passenger,3038.00,8759.00,5721.00,1461.50,0.00,False,False
veh3280,1074409232#1->240666072#1,veh_passenger,2199.00,8762.00,6563.00,3160.74,0.00,False,False
veh4379,178702243#0->-39838751#2,veh_passenger,2935.00,8764.00,5829.00,3488.22,0.00,False,False
veh3038,39920684#1->40140017#1,veh_passenger,2037.00,8770.00,6733.00,1282.47,0.00,False,False
veh3309,39763700#3->-437445542,veh_passenger,2219.00,8771.00,6552.00,1763.75,0.00,False,False
veh5018,-730912750->437445541#0,veh_passenger,3364.00,8771.00,5407.00,1114.28,0.00,False,False
bus443,509524230->1235501861#1,bus_bus,3829.00,8773.00,4944.00,1349.19,0.00,False,False
veh4324,511187808#4->39838530,veh_passenger,2899.00,8774.00,5875.00,669.39,0.00,False,False
veh2362,511187808#2->-1067928307#2,veh_passenger,1584.00,8780.00,7196.00,1469.72,0.00,False,False
bus188,-142741729#1->1214520074#1,bus_bus,1129.00,8784.00,7655.00,1446.85,0.00,False,False
veh2806,-1118804250->-40109239,veh_passenger,1882.00,8784.00,6902.00,4123.89,0.00,False,False
veh4362,1231065644->-1254633077#1,veh_passenger,2924.00,8785.00,5861.00,2573.33,0.00,False,False
veh2122,-509646056->-654297629#2,veh_passenger,2227.00,8788.00,6561.00,855.49,0.00,False,False
veh5285,482569917#0->428730793#0,veh_passenger,3542.00,8800.00,5258.00,2699.30,0.00,False,False
veh2743,1204070283#1->1068434201,veh_passenger,1839.00,8812.00,6973.00,1059.28,0.00,False,False
veh4969,40297715#0->1067928305#1,veh_passenger,3331.00,8814.00,5483.00,2956.75,0.00,False,False
veh3446,1278784167#0->-1254816454,veh_passenger,2310.00,8815.00,6505.00,1265.24,0.00,False,False
veh5072,-178723097#0->-654297629#6,veh_passenger,7699.00,8816.00,1117.00,680.17,0.00,False,False
veh2912,515123439->1068434202,veh_passenger,1953.00,8823.00,6870.00,923.13,0.00,False,False
veh4883,-1335304373#1->421846558#0,veh_passenger,3291.00,8823.00,5532.00,763.75,0.00,False,False
veh4580,1260481151->1237953493,veh_passenger,3070.00,8824.00,5754.00,1221.37,0.00,False,False
veh3159,39763700#1->1068434258,veh_passenger,2118.00,8825.00,6707.00,1094.95,0.00,False,False
veh4973,39920505#2->1235501861#2,veh_passenger,3797.00,8825.00,5028.00,483.59,0.00,False,False
veh5045,-1254816454->1237953493,veh_passenger,3382.00,8829.00,5447.00,978.13,0.00,False,False
veh4817,515126384->13909444#2,veh_passenger,3229.00,8834.00,5605.00,1306.26,0.00,False,False
veh5370,654297636->238219472#0,veh_passenger,3735.00,8847.00,5112.00,652.28,0.00,False,False
bus389,-515126385#0->509646053#1,bus_bus,2335.00,8851.00,6516.00,1096.98,0.00,False,False
veh5214,1214520074#0->654297636,veh_passenger,3495.00,8851.00,5356.00,3469.39,0.00,False,False
veh4370,488788630#2->-449565665#3,veh_passenger,3508.00,8852.00,5344.00,1662.13,0.00,False,False
veh1564,178702243#1-AddedOnRampEdge->39838657#0,veh_passenger,1049.00,8857.00,7808.00,3073.46,0.00,False,False
veh1404,1368740247->-39838691#9,veh_passenger,942.00,8863.00,7921.00,2006.28,0.00,False,False
bus390,1273405490->-509646056,bus_bus,2341.00,8867.00,6526.00,1463.84,0.00,False,False
veh1533,856175964->-39838691#10,veh_passenger,1029.00,8868.00,7839.00,981.90,0.00,False,False
veh1703,-142741729#1->39838657#0,veh_passenger,1143.00,8882.00,7739.00,1448.94,0.00,False,False
veh2145,-10748036->47087992#4,veh_passenger,1439.00,8884.00,7445.00,2011.51,0.00,False,False
veh4517,509646057#1->15420801#1,veh_passenger,3754.00,8894.00,5140.00,592.26,0.00,False,False
veh4145,47224972#0->-39366819#0,veh_passenger,2779.00,8896.00,6117.00,831.58,0.00,False,False
veh1936,1235501861#2->1067928305#1,veh_passenger,7402.00,8898.00,1496.00,2441.62,0.00,False,False
veh4317,-24576913#1->-1015424648,veh_passenger,5932.00,8904.00,2972.00,684.03,0.00,False,False
veh3807,39920505#3->-479863106#2,veh_passenger,2603.00,8912.00,6309.00,1118.03,0.00,False,False
veh1788,513082627->1222703384#0,veh_passenger,1199.00,8916.00,7717.00,3372.65,0.00,False,False
veh3199,-1290439817#0->-1074409256#2,veh_passenger,2145.00,8916.00,6771.00,1147.21,0.00,False,False
veh4492,-1226645410->40140141#8,veh_passenger,3042.00,8916.00,5874.00,1668.16,0.00,False,False
veh2174,47087992#1->521701860,veh_passenger,1458.00,8919.00,7461.00,1702.93,0.00,False,False
veh1688,-39366819#1->-10628442#0,veh_passenger,1132.00,8922.00,7790.00,1076.83,0.00,False,False
veh4937,1211151640->511187823,veh_passenger,3309.00,8922.00,5613.00,948.20,0.00,False,False
veh2155,-1125986378#1->9832326#1,veh_passenger,1445.00,8944.00,7499.00,1587.76,0.00,False,False
bus282,39921673#0->-33683346#0,bus_bus,1693.00,8945.00,7252.00,1604.77,0.00,False,False
veh3742,428730793#0->232920701,veh_passenger,2509.00,8945.00,6436.00,1428.00,0.00,False,False
veh3112,511187815->-33683346#0,veh_passenger,2087.00,8948.00,6861.00,2087.88,0.00,False,False
bus232,178583148#0->-479863106#1,bus_bus,1393.00,8952.00,7559.00,1374.07,0.00,False,False
veh4058,521708587#0->511187815,veh_passenger,2720.00,8961.00,6241.00,1145.96,0.00,False,False
veh2201,40036062#0->10628442#0,veh_passenger,1476.00,8965.00,7489.00,1449.15,0.00,False,False
veh3774,-564273553#4->39921673#1,veh_passenger,3901.00,8965.00,5064.00,1206.60,0.00,False,False
veh2749,40035325#1->238219446#1,veh_passenger,2697.00,8970.00,6273.00,708.58,0.00,False,False
veh4900,-654297630->488788626#2,veh_passenger,3284.00,8977.00,5693.00,607.96,0.00,False,False
veh2314,968332513#1->1222181934,veh_passenger,1552.00,8979.00,7427.00,1821.11,0.00,False,False
veh1838,-511409187->1068434202,veh_passenger,5735.00,8981.00,3246.00,529.32,0.00,False,False
veh4491,-1125986378#0->40297647#2,veh_passenger,3010.00,8990.00,5980.00,1416.18,0.00,False,False
veh3417,-1260485929#0->178699049,veh_passenger,2291.00,8992.00,6701.00,1596.16,0.00,False,False
veh4016,-1074771160->33683346#1,veh_passenger,3795.00,8996.00,5201.00,1825.17,0.00,False,False
veh3166,1207401652#1->-240666072#2,veh_passenger,2123.00,9006.00,6883.00,1378.98,0.00,False,False
veh4796,475044040#0->-1332638368#2,veh_passenger,4121.00,9006.00,4885.00,2407.52,0.00,False,False
veh4792,401226926#0->1100626097,veh_passenger,3212.00,9008.00,5796.00,2999.06,0.00,False,False
veh5031,-488788637#0->1332638368#2,veh_passenger,4467.00,9008.00,4541.00,1288.66,0.00,False,False
veh3558,654297631->39920684#3,veh_passenger,2385.00,9009.00,6624.00,1236.73,0.00,False,False
veh1958,47088302#0->-1260485930#1,veh_passenger,2942.00,9012.00,6070.00,1923.61,0.00,False,False
veh2179,39838657#3->-257421487#0,veh_passenger,1461.00,9013.00,7552.00,1997.71,0.00,False,False
veh2423,-40035325#2->39920505#0,veh_passenger,1625.00,9015.00,7390.00,989.48,0.00,False,False
truck108,-564273553#2->-33683346#2,truck_truck,1297.00,9021.00,7724.00,2389.25,0.00,False,False
truck182,1068074792->178583167#1,truck_truck,2185.00,9022.00,6837.00,1577.96,0.00,False,False
veh2418,-50323229#0->39920505#13,veh_passenger,1622.00,9024.00,7402.00,1107.07,0.00,False,False
veh1646,499566574#1->967985513#3,veh_passenger,1104.00,9026.00,7922.00,1597.77,0.00,False,False
veh2446,-1237953494->178583148#1,veh_passenger,1640.00,9030.00,7390.00,1783.54,0.00,False,False
bus294,-47224972#1->-474143552#0,bus_bus,6466.00,9032.00,2566.00,1299.08,0.00,False,False
veh3107,1335304385->1234244925#1,veh_passenger,2083.00,9032.00,6949.00,1578.57,0.00,False,False
veh1625,40138239#2->39920505#8,veh_passenger,1090.00,9035.00,7945.00,1469.09,0.00,False,False
veh4701,-40036062#0->1117667177,veh_passenger,3489.00,9037.00,5548.00,1052.62,0.00,False,False
veh4521,1067928305#2->-654297630,veh_passenger,3031.00,9039.00,6008.00,1635.71,0.00,False,False
veh4489,-1125986375#0->40035904#2,veh_passenger,3009.00,9040.00,6031.00,1858.94,0.00,False,False
veh4469,238219441#1->232920701,veh_passenger,3939.00,9044.00,5105.00,2571.63,0.00,False,False
veh5110,-1272337500->39920505#8,veh_passenger,3425.00,9044.00,5619.00,1228.13,0.00,False,False
veh4224,1100626103#0->1064476620#3,veh_passenger,2832.00,9045.00,6213.00,1629.02,0.00,False,False
veh4049,40109290#4->39920505#9,veh_passenger,3946.00,9049.00,5103.00,1162.01,0.00,False,False
veh3408,-14924729#2->47087993#1,veh_passenger,7345.00,9050.00,1705.00,1171.72,0.00,False,False
veh3591,40036009#0->513082635#0,veh_passenger,2407.00,9050.00,6643.00,2051.54,0.00,False,False
veh5171,1068144849#2->1298335704#1,veh_passenger,3466.00,9053.00,5587.00,1861.64,0.00,False,False
veh1360,838061037->24621218#3,veh_passenger,913.00,9058.00,8145.00,1926.76,0.00,False,False
bus296,-40138239#3->-1260485929#1,bus_bus,1777.00,9059.00,7282.00,1985.06,0.00,False,False
veh3492,474143552#6->-1068144845#4,veh_passenger,4081.00,9064.00,4983.00,2035.35,0.00,False,False
veh3993,131671623->-761486028#1,veh_passenger,2677.00,9072.00,6395.00,2224.54,0.00,False,False
veh4881,-1118804250->437445540,veh_passenger,3272.00,9093.00,5821.00,2966.88,0.00,False,False
veh2807,-39838751#1->-83563455,veh_passenger,1882.00,9094.00,7212.00,2201.39,0.00,False,False
veh4865,1260485930#1->11631594#2,veh_passenger,3261.00,9100.00,5839.00,1838.85,0.00,False,False
veh4812,1214520074#2->509524230,veh_passenger,3226.00,9105.00,5879.00,1218.11,0.00,False,False
veh5103,178702253->8887999#2,veh_passenger,3421.00,9105.00,5684.00,1199.90,0.00,False,False
veh2373,1254816453#1->39920011#1,veh_passenger,1591.00,9107.00,7516.00,1826.63,0.00,False,False
veh4430,33683346#2->1323097580#0,veh_passenger,2970.00,9114.00,6144.00,1586.50,0.00,False,False
bus562,1068144845#4->240666069#3,bus_bus,3373.00,9115.00,5742.00,2308.58,0.00,False,False
veh5372,1222181936->401226926#1,veh_passenger,3601.00,9120.00,5519.00,1405.46,0.00,False,False
veh4725,178702243#1-AddedOnRampEdge->11635146#1,veh_passenger,3167.00,9124.00,5957.00,3146.44,0.00,False,False
veh2925,10628429->515123442#4,veh_passenger,1961.00,9130.00,7169.00,1006.14,0.00,False,False
veh3020,421846558#0->482569917#1,veh_passenger,6538.00,9132.00,2594.00,2267.27,0.00,False,False
veh3362,1214520076->47267007#1,veh_passenger,2548.00,9136.00,6588.00,1479.69,0.00,False,False
veh3876,1260481151->-40109290#4,veh_passenger,2598.00,9141.00,6543.00,690.65,0.00,False,False
veh3705,1100626087->437445541#2,veh_passenger,2484.00,9143.00,6659.00,1539.67,0.00,False,False
bus483,1075505400#1->-39921672,bus_bus,2899.00,9149.00,6250.00,1079.52,0.00,False,False
veh3665,-39838630#1->449565665#3,veh_passenger,2457.00,9150.00,6693.00,674.80,0.00,False,False
bus354,460316444->-1125986377#2,bus_bus,2125.00,9152.00,7027.00,1975.24,0.00,False,False
veh3430,1211151638->1068144847,veh_passenger,2550.00,9152.00,6602.00,1975.80,0.00,False,False
veh4683,-40139504#1->488788633#0,veh_passenger,3139.00,9153.00,6014.00,2049.36,0.00,False,False
veh5353,40140141#2->238219441#1,veh_passenger,3588.00,9160.00,5572.00,1374.18,0.00,False,False
veh4304,1290439817#1->-1214520076,veh_passenger,2885.00,9162.00,6277.00,575.17,0.00,False,False
veh2144,-39838751#2->-450616334#1,veh_passenger,1438.00,9164.00,7726.00,1350.01,0.00,False,False
veh2576,39920011#3->1067852461,veh_passenger,1727.00,9164.00,7437.00,1026.64,0.00,False,False
veh3176,968332509->47267011#1,veh_passenger,2175.00,9171.00,6996.00,931.06,0.00,False,False
veh4954,1068434236->1067928305#1,veh_passenger,3321.00,9173.00,5852.00,1874.49,0.00,False,False
veh2416,-413789558#0->1335304373#1,veh_passenger,1620.00,9186.00,7566.00,2428.35,0.00,False,False
veh1866,1290439817#1->40109239,veh_passenger,1252.00,9189.00,7937.00,1342.38,0.00,False,False
veh2759,39920550#5->-654297635#0,veh_passenger,5708.00,9190.00,3482.00,1158.66,0.00,False,False
veh3568,-1125986386->488788637#1,veh_passenger,2392.00,9190.00,6798.00,560.21,0.00,False,False
veh1541,150928465->40138633#1,veh_passenger,1034.00,9191.00,8157.00,1664.55,0.00,False,False
veh3819,515123442#2->1260485930#1,veh_passenger,2560.00,9196.00,6636.00,1957.72,0.00,False,False
bus572,1100626088->47267010,bus_bus,3433.00,9204.00,5771.00,1368.28,0.00,False,False
veh2022,-1335304386#0->413789558#0,veh_passenger,1356.00,9213.00,7857.00,3439.43,0.00,False,False
veh2042,511187807->-1068144846#2,veh_passenger,1370.00,9217.00,7847.00,1088.70,0.00,False,False
veh3011,40109290#1->-1068144846#1,veh_passenger,2019.00,9220.00,7201.00,2963.52,0.00,False,False
veh4250,40297715#3->-1068144846#1,veh_passenger,2849.00,9223.00,6374.00,2619.90,0.00,False,False
veh2055,515130027->335802680,veh_passenger,1378.00,9224.00,7846.00,2809.50,0.00,False,False
veh1899,1074771163#1->39838882,veh_passenger,1274.00,9228.00,7954.00,1738.69,0.00,False,False
truck256,1235501861#0->1131969257,truck_truck,4975.00,9228.00,4253.00,726.10,0.00,False,False
veh2544,1074409255#2->-10748045#0,veh_passenger,1706.00,9232.00,7526.00,1319.80,0.00,False,False
veh2069,1260481154->335802675,veh_passenger,1388.00,9234.00,7846.00,2325.10,0.00,False,False
veh4127,-451728952#1->-40139504#1,veh_passenger,2767.00,9234.00,6467.00,1926.58,0.00,False,False
truck104,1337646271#1->511187808#4,truck_truck,1249.00,9235.00,7986.00,1690.66,0.00,False,False
veh4742,33683458#0->-10748045#1,veh_passenger,4425.00,9240.00,4815.00,254.82,0.00,False,False
veh3508,521704050->1207401652#1,veh_passenger,2352.00,9252.00,6900.00,1646.99,0.00,False,False
veh2016,513272951#1->-1292541108,veh_passenger,1352.00,9256.00,7904.00,1076.54,0.00,False,False
veh4403,39366819#0->-1297720367,veh_passenger,2952.00,9257.00,6305.00,1069.00,0.00,False,False
veh5193,475044040#1->-40109290#2,veh_passenger,6244.00,9266.00,3022.00,585.26,0.00,False,False
veh2000,-437445539#1->-1068144845#3,veh_passenger,1341.00,9271.00,7930.00,1686.52,0.00,False,False
veh2239,1068434200#1->-1074771160,veh_passenger,1502.00,9272.00,7770.00,824.41,0.00,False,False
veh4906,1222181936->-1068144845#3,veh_passenger,3289.00,9274.00,5985.00,1432.26,0.00,False,False
veh3611,1335304386#0->1273251152,veh_passenger,2421.00,9275.00,6854.00,825.66,0.00,False,False
veh4577,14924729#1->509524227#0,veh_passenger,3068.00,9275.00,6207.00,917.94,0.00,False,False
veh2730,-178723097#1->-654297637#1,veh_passenger,2018.00,9286.00,7268.00,1276.75,0.00,False,False
veh1418,39920505#1->39921673#0,veh_passenger,952.00,9289.00,8337.00,1024.12,0.00,False,False
truck221,509647506->687878722#0,truck_truck,2653.00,9291.00,6638.00,2090.59,0.00,False,False
veh3208,39366819#1->1068144845#0,veh_passenger,2151.00,9293.00,7142.00,1563.25,0.00,False,False
veh4067,-39838630#1->838061037,veh_passenger,2726.00,9296.00,6570.00,832.54,0.00,False,False
veh4457,-1211151635#1->1068144845#3,veh_passenger,3527.00,9300.00,5773.00,2133.63,0.00,False,False
veh3557,985675139->499566574#1,veh_passenger,7514.00,9304.00,1790.00,1076.59,0.00,False,False
veh3926,-1068434202->83428923#0,veh_passenger,3108.00,9304.00,6196.00,464.37,0.00,False,False
veh2944,47224972#0->1064476619,veh_passenger,2144.00,9308.00,7164.00,1461.01,0.00,False,False
veh4531,169562956->47225638#1,veh_passenger,3037.00,9310.00,6273.00,1624.84,0.00,False,False
veh1437,40140141#6->39920550#5,veh_passenger,964.00,9313.00,8349.00,1763.61,0.00,False,False
veh3361,1231065643->40036009#1,veh_passenger,2326.00,9316.00,6990.00,1724.27,0.00,False,False
veh2722,-39366819#1->509646054,veh_passenger,1825.00,9317.00,7492.00,664.93,0.00,False,False
veh3413,511187807->1214520074#1,veh_passenger,2415.00,9317.00,6902.00,513.16,0.00,False,False
veh3169,1222181936->-521705694#1,veh_passenger,2127.00,9319.00,7192.00,472.80,0.00,False,False
veh4593,39838751#1->-10628444#0,veh_passenger,3079.00,9323.00,6244.00,1035.93,0.00,False,False
veh4899,1421367508->511187809,veh_passenger,3285.00,9323.00,6038.00,984.45,0.00,False,False
veh4809,-437445540->-1068144846#2,veh_passenger,3224.00,9326.00,6102.00,1249.74,0.00,False,False
veh2502,-257421487#0->515126304,veh_passenger,1678.00,9329.00,7651.00,2015.51,0.00,False,False
truck101,83428923#1->240666072#2,truck_truck,1213.00,9331.00,8118.00,1620.34,0.00,False,False
veh3523,521701859->1214520074#2,veh_passenger,7481.00,9333.00,1852.00,596.96,0.00,False,False
veh4982,1260481151->474143552#5,veh_passenger,3568.00,9338.00,5770.00,1150.66,0.00,False,False
veh1717,-1273251152->-1068144845#3,veh_passenger,1152.00,9340.00,8188.00,2708.70,0.00,False,False
bus531,178723097#1->1337646271#1,bus_bus,3187.00,9350.00,6163.00,815.61,0.00,False,False
truck97,1272548721->1234244925#1,truck_truck,1165.00,9351.00,8186.00,1423.48,0.00,False,False
veh3543,-83563455->515130028#0,veh_passenger,2375.00,9353.00,6978.00,921.07,0.00,False,False
veh2854,40109290#3->13909444#1,veh_passenger,1914.00,9359.00,7445.00,2107.93,0.00,False,False
veh3454,856175962->40109290#5,veh_passenger,2316.00,9359.00,7043.00,1819.81,0.00,False,False
veh3817,513082627->511187808#4-AddedOnRampEdge,veh_passenger,2559.00,9360.00,6801.00,2426.47,0.00,False,False
veh2733,-1211151638->-1260481154,veh_passenger,1838.00,9369.00,7531.00,1210.06,0.00,False,False
veh2947,1068144849#0->40036009#0,veh_passenger,1976.00,9369.00,7393.00,3931.61,0.00,False,False
truck255,47225638#3->1100626097,truck_truck,9104.00,9371.00,267.00,772.62,0.00,False,False
truck131,39838751#0->-900279869,truck_truck,1573.00,9372.00,7799.00,643.19,0.00,False,False
veh3006,15420525->1233759524,veh_passenger,2016.00,9375.00,7359.00,2332.13,0.00,False,False
veh3090,39838691#0->1118804256#1,veh_passenger,2072.00,9376.00,7304.00,2218.80,0.00,False,False
veh2611,509524230->1260485929#0,veh_passenger,1962.00,9383.00,7421.00,2181.78,0.00,False,False
bus481,12090453#1->-1332638368#0,bus_bus,2887.00,9385.00,6498.00,2016.51,0.00,False,False
veh2537,511187808#2->439836130#0,veh_passenger,1701.00,9387.00,7686.00,2072.39,0.00,False,False
veh1635,39763700#2->39920593#5,veh_passenger,1097.00,9391.00,8294.00,1731.36,0.00,False,False
veh2111,-1068144846#1->-654297634,veh_passenger,1416.00,9391.00,7975.00,3247.32,0.00,False,False
veh3693,1237953493->-1068144849#2,veh_passenger,2476.00,9392.00,6916.00,2551.44,0.00,False,False
veh2060,1226645408->511409188#0,veh_passenger,1382.00,9394.00,8012.00,1350.61,0.00,False,False
veh3905,238219472#3->730912750,veh_passenger,2618.00,9397.00,6779.00,2181.14,0.00,False,False
bus370,521701859->9833223-AddedOnRampEdge,bus_bus,7468.00,9413.00,1945.00,1515.74,0.00,False,False
veh4261,513272950#1->1211151640,veh_passenger,2856.00,9415.00,6559.00,746.88,0.00,False,False
veh2729,10628444#2->47087993#3,veh_passenger,1830.00,9416.00,7586.00,2298.72,0.00,False,False
veh3577,14924729#0->238219446#1,veh_passenger,2398.00,9420.00,7022.00,1189.59,0.00,False,False
veh1917,1064476618#0->39838691#6,veh_passenger,1286.00,9421.00,8135.00,1931.32,0.00,False,False
veh5062,1214520077->838061038,veh_passenger,3393.00,9432.00,6039.00,742.02,0.00,False,False
veh1920,511187809->1068434258,veh_passenger,1288.00,9435.00,8147.00,812.99,0.00,False,False
veh3412,40036062#0->439836132,veh_passenger,2288.00,9435.00,7147.00,2222.61,0.00,False,False
veh2288,-40139708->47087993#3,veh_passenger,1534.00,9437.00,7903.00,3630.07,0.00,False,False
veh2290,-147711065#2->499566574#2,veh_passenger,3060.00,9442.00,6382.00,1096.59,0.00,False,False
veh3325,1068144846#0->515123442#1,veh_passenger,2229.00,9447.00,7218.00,1109.08,0.00,False,False
veh3588,515124965#2->-39366819#1,veh_passenger,2405.00,9449.00,7044.00,957.90,0.00,False,False
veh2248,521705694#1->428730813#1,veh_passenger,2561.00,9453.00,6892.00,1419.07,0.00,False,False
veh4332,-178723097#0->1226645411,veh_passenger,7696.00,9462.00,1766.00,1703.47,0.00,False,False
veh4558,240666069#1->509646062,veh_passenger,3055.00,9465.00,6410.00,1382.32,0.00,False,False
bus224,-515126385#3->-1273405490,bus_bus,1345.00,9466.00,8121.00,2629.22,0.00,False,False
veh4956,1290439818->-654297632#0,veh_passenger,3322.00,9466.00,6144.00,1298.58,0.00,False,False
veh5135,40297647#1->-33683458#2,veh_passenger,3442.00,9468.00,6026.00,1149.71,0.00,False,False
veh3988,-1335304373#0->1068434200#0,veh_passenger,2673.00,9469.00,6796.00,1597.96,0.00,False,False
veh2803,-654297632#2->50323229#6,veh_passenger,1880.00,9472.00,7592.00,927.32,0.00,False,False
veh4478,488788633#1->39224566,veh_passenger,3002.00,9474.00,6472.00,928.12,0.00,False,False
veh2037,-687878722#2->761486028#1,veh_passenger,1366.00,9480.00,8114.00,1484.77,0.00,False,False
veh2139,-515136608->-521701857,veh_passenger,1435.00,9483.00,8048.00,1753.79,0.00,False,False
veh3133,-521705694#1->1214520073#1,veh_passenger,3177.00,9484.00,6307.00,661.38,0.00,False,False
veh2987,-1068074793->856175964,veh_passenger,2003.00,9487.00,7484.00,949.47,0.00,False,False
bus538,-39838984#1->-437445542,bus_bus,3229.00,9488.00,6259.00,2101.62,0.00,False,False
veh3258,10748045#0->654297632#2,veh_passenger,4927.00,9496.00,4569.00,833.65,0.00,False,False
veh1865,8887999#1->40138239#3,veh_passenger,1251.00,9497.00,8246.00,2256.03,0.00,False,False
veh3276,1231065653->-451728952#4,veh_passenger,2196.00,9498.00,7302.00,1854.67,0.00,False,False
veh3573,564273553#1->9704194#2,veh_passenger,2395.00,9498.00,7103.00,1778.71,0.00,False,False
veh3675,1260481153->240666069#2,veh_passenger,2464.00,9499.00,7035.00,1821.39,0.00,False,False
veh3814,-47267010->40297885#1,veh_passenger,2557.00,9503.00,6946.00,1117.80,0.00,False,False
veh2902,240666069#2->-856175964,veh_passenger,1946.00,9504.00,7558.00,1679.27,0.00,False,False
truck167,-224146621->1254633077#0,truck_truck,2005.00,9504.00,7499.00,3909.16,0.00,False,False
veh4371,240666072#1->39838751#0,veh_passenger,2930.00,9505.00,6575.00,1812.47,0.00,False,False
veh3141,39838520#0->240666069#2,veh_passenger,2106.00,9515.00,7409.00,1450.63,0.00,False,False
veh4051,150928465->47087992#5,veh_passenger,2716.00,9516.00,6800.00,2700.60,0.00,False,False
veh2391,1074771163#1->40109290#0,veh_passenger,1603.00,9519.00,7916.00,1362.62,0.00,False,False
veh4848,-39838984#0->-437445539#0,veh_passenger,3250.00,9519.00,6269.00,2422.59,0.00,False,False
veh5137,1332638368#2->381945549#0,veh_passenger,3902.00,9521.00,5619.00,2458.68,0.00,False,False
veh5265,-143546557->488788636#1,veh_passenger,3529.00,9524.00,5995.00,2219.71,0.00,False,False
veh2609,-39920222->178699054,veh_passenger,1751.00,9525.00,7774.00,883.27,0.00,False,False
veh4642,-39838691#2->437445541#1,veh_passenger,3112.00,9526.00,6414.00,2054.13,0.00,False,False
veh3733,39921025#1->513272950#0,veh_passenger,2503.00,9528.00,7025.00,1082.90,0.00,False,False
truck269,509646063#0->-413789558#1,truck_truck,3229.00,9528.00,6299.00,1885.29,0.00,False,False
veh4201,511404874#0->142741729#0,veh_passenger,3513.00,9536.00,6023.00,2782.77,0.00,False,False
veh2232,160078084->-474143552#6,veh_passenger,1497.00,9539.00,8042.00,901.30,0.00,False,False
veh2598,1068074793->521708587#1,veh_passenger,1742.00,9539.00,7797.00,1679.58,0.00,False,False
bus404,40140141#11->-1323097577,bus_bus,6328.00,9552.00,3224.00,1550.12,0.00,False,False
bus597,761486028#1->488788637#1,bus_bus,3583.00,9553.00,5970.00,998.32,0.00,False,False
veh3459,39839521->-521705694#0,veh_passenger,2319.00,9555.00,7236.00,1508.28,0.00,False,False
veh3572,1235501860->654297629#1,veh_passenger,2395.00,9556.00,7161.00,940.93,0.00,False,False
veh1750,-39838984#1->-40138239#0,veh_passenger,1174.00,9560.00,8386.00,2353.29,0.00,False,False
veh1468,-1327579142->39838520#0,veh_passenger,985.00,9563.00,8578.00,1739.84,0.00,False,False
veh3952,488788626#0->39920505#6,veh_passenger,2831.00,9563.00,6732.00,669.96,0.00,False,False
veh1601,68574206->1338361263,veh_passenger,1074.00,9568.00,8494.00,2253.05,0.00,False,False
veh2399,39920550#10->509524271,veh_passenger,1609.00,9572.00,7963.00,1178.49,0.00,False,False
veh1859,1332638391#1->968332513#1,veh_passenger,1247.00,9574.00,8327.00,1731.23,0.00,False,False
veh1896,1201484855->1064476620#1,veh_passenger,1272.00,9581.00,8309.00,1910.65,0.00,False,False
truck94,1326193810->-488788633#0,truck_truck,1129.00,9584.00,8455.00,3148.61,0.00,False,False
veh2732,-39838691#8->-1338361263,veh_passenger,1832.00,9585.00,7753.00,748.43,0.00,False,False
veh4257,513082627->40035325#0,veh_passenger,2854.00,9589.00,6735.00,3767.69,0.00,False,False
veh4440,-1214520076->515130026#0,veh_passenger,3223.00,9594.00,6371.00,1399.15,0.00,False,False
veh5325,-654297630->-1068144846#1,veh_passenger,3569.00,9594.00,6025.00,1443.32,0.00,False,False
veh3297,-413789558#0->-1068144846#2,veh_passenger,2210.00,9597.00,7387.00,1716.68,0.00,False,False
veh2317,-1214520068->40138941#2,veh_passenger,1554.00,9600.00,8046.00,2522.75,0.00,False,False
veh2224,1074409232#0->1074771163#1-AddedOffRampEdge,veh_passenger,1492.00,9606.00,8114.00,1471.78,0.00,False,False
veh3058,1278784167#0->511187808#3,veh_passenger,2050.00,9607.00,7557.00,1350.78,0.00,False,False
veh4412,511187809->40035606#1,veh_passenger,2958.00,9609.00,6651.00,1984.34,0.00,False,False
veh4567,1064476622#1->521705694#0,veh_passenger,3061.00,9610.00,6549.00,2002.60,0.00,False,False
veh5009,509646056->47267014,veh_passenger,3569.00,9610.00,6041.00,1138.49,0.00,False,False
veh1832,482569917#1->71269779,veh_passenger,1229.00,9612.00,8383.00,2688.19,0.00,False,False
veh3957,449565665#0->1068144848#0,veh_passenger,2653.00,9618.00,6965.00,2122.61,0.00,False,False
bus432,654297634->1211151640,bus_bus,2593.00,9620.00,7027.00,1762.12,0.00,False,False
veh1395,490474063#4->1068144845#0,veh_passenger,936.00,9634.00,8698.00,1949.39,0.00,False,False
veh2014,-1260485929#3->654297628,veh_passenger,1351.00,9634.00,8283.00,768.95,0.00,False,False
veh2512,-39838751#1->40297715#2,veh_passenger,1685.00,9642.00,7957.00,1403.07,0.00,False,False
veh3496,40297715#1->-83428923#1,veh_passenger,2344.00,9642.00,7298.00,1191.08,0.00,False,False
veh1710,1254633077#0->509646057#0,veh_passenger,1147.00,9643.00,8496.00,1708.10,0.00,False,False
veh3770,509646053#0->1211151636,veh_passenger,2527.00,9643.00,7116.00,1443.67,0.00,False,False
bus560,12247568#1->1337646270,bus_bus,3361.00,9644.00,6283.00,1400.21,0.00,False,False
veh2768,116831467->1211151639,veh_passenger,1856.00,9647.00,7791.00,2005.79,0.00,False,False
veh2607,1254816455->40109239,veh_passenger,1948.00,9651.00,7703.00,1518.13,0.00,False,False
bus576,39838691#2->1214520073#0,bus_bus,3573.00,9653.00,6080.00,1176.71,0.00,False,False
veh1872,-488788629->40138633#2,veh_passenger,1256.00,9657.00,8401.00,1817.26,0.00,False,False
veh4777,40297647#0->-654297633,veh_passenger,3202.00,9657.00,6455.00,1692.51,0.00,False,False
veh4698,8887999#2->1068434168,veh_passenger,3149.00,9662.00,6513.00,1567.01,0.00,False,False
truck214,-515136608->40115810#0,truck_truck,2569.00,9667.00,7098.00,2065.09,0.00,False,False
veh4741,-687878722#2->521713925,veh_passenger,3178.00,9673.00,6495.00,1526.63,0.00,False,False
bus176,1260485929#1->515126385#0,bus_bus,1057.00,9679.00,8622.00,1082.70,0.00,False,False
veh4252,39920550#2->-39920593#2,veh_passenger,3238.00,9681.00,6443.00,690.64,0.00,False,False
veh4068,49224804#0->40139504#0,veh_passenger,2727.00,9682.00,6955.00,1265.55,0.00,False,False
veh3029,513082640->1125986373#0,veh_passenger,2031.00,9684.00,7653.00,2004.98,0.00,False,False
veh4355,-1125986385#1->511187808#3,veh_passenger,3973.00,9688.00,5715.00,982.19,0.00,False,False
veh5334,654297629#2->1068434208#0-AddedOffRampEdge,veh_passenger,5797.00,9688.00,3891.00,1447.88,0.00,False,False
veh1668,-1327579142->-1214520076,veh_passenger,1119.00,9689.00,8570.00,1625.13,0.00,False,False
veh3248,-10748045#1->1068434200#0,veh_passenger,2178.00,9692.00,7514.00,2034.59,0.00,False,False
veh4254,428730813#0->8887999#1,veh_passenger,2852.00,9694.00,6842.00,1738.53,0.00,False,False
bus397,24577455#0->1068434208#0-AddedOffRampEdge,bus_bus,2383.00,9696.00,7313.00,1786.28,0.00,False,False
veh4687,39763700#2->11631594#0,veh_passenger,3142.00,9699.00,6557.00,1640.84,0.00,False,False
veh2286,-1074409256#0->1323097577,veh_passenger,1536.00,9702.00,8166.00,1795.26,0.00,False,False
veh3601,1125986406#0->511187808#4-AddedOnRampEdge,veh_passenger,2414.00,9708.00,7294.00,830.10,0.00,False,False
bus543,1231065654->521708587#1,bus_bus,3259.00,9709.00,6450.00,1212.32,0.00,False,False
veh3962,654297633->-10628444#1,veh_passenger,2656.00,9718.00,7062.00,897.26,0.00,False,False
veh2070,1064476624->1214520072,veh_passenger,1388.00,9724.00,8336.00,1065.45,0.00,False,False
veh4631,147711065#1->1125986377#1,veh_passenger,3106.00,9724.00,6618.00,448.87,0.00,False,False
veh1697,564273553#3->9792174#1-AddedOnRampEdge,veh_passenger,1138.00,9730.00,8592.00,2972.00,0.00,False,False
veh3904,1323097577->-1255099069,veh_passenger,2617.00,9733.00,7116.00,932.04,0.00,False,False
veh1671,-83428923#1->1211151635#1,veh_passenger,1121.00,9734.00,8613.00,1623.41,0.00,False,False
veh3056,-511187807->488788630#1,veh_passenger,2392.00,9737.00,7345.00,1506.60,0.00,False,False
veh4516,1226645411->428730813#1,veh_passenger,3027.00,9737.00,6710.00,2823.77,0.00,False,False
bus584,-1100626103#2->1068144845#1,bus_bus,3505.00,9738.00,6233.00,3381.61,0.00,False,False
veh2564,479863106#0->666886082#0,veh_passenger,1719.00,9740.00,8021.00,955.40,0.00,False,False
veh2355,-1236283454->1323097575#2,veh_passenger,1579.00,9741.00,8162.00,282.26,0.00,False,False
veh3741,1067928306#0->-488788630#2,veh_passenger,2508.00,9744.00,7236.00,1886.97,0.00,False,False
veh4576,232920701->428730813#0,veh_passenger,3067.00,9747.00,6680.00,2869.57,0.00,False,False
veh2532,-1067928305#2->428730813#0,veh_passenger,1698.00,9752.00,8054.00,2431.05,0.00,False,False
veh3844,39086240->1068434257,veh_passenger,2577.00,9757.00,7180.00,860.23,0.00,False,False
veh3612,39920593#2->488788630#0,veh_passenger,2733.00,9758.00,7025.00,2813.95,0.00,False,False
veh4806,1074409256#2->39920505#8,veh_passenger,3514.00,9759.00,6245.00,1225.68,0.00,False,False
veh4824,47087366#0->488788630#1,veh_passenger,3234.00,9759.00,6525.00,1886.51,0.00,False,False
veh1993,-449565665#1->-428730813#2,veh_passenger,1337.00,9761.00,8424.00,1960.08,0.00,False,False
bus269,-1326193809->-488788630#1,bus_bus,1615.00,9764.00,8149.00,4214.01,0.00,False,False
veh4122,1015424648->1326094888,veh_passenger,2763.00,9764.00,7001.00,1801.06,0.00,False,False
veh4756,-1222703383->39920011#1,veh_passenger,3302.00,9765.00,6463.00,1125.49,0.00,False,False
veh1711,-39838691#8->428730813#1,veh_passenger,1148.00,9771.00,8623.00,1724.44,0.00,False,False
veh3709,-40036009#2->-39838657#0,veh_passenger,2487.00,9771.00,7284.00,2530.21,0.00,False,False
veh4242,1068144845#3->428730818#2,veh_passenger,2844.00,9771.00,6927.00,2534.06,0.00,False,False
veh5217,-1068144844->428730813#2,veh_passenger,3497.00,9773.00,6276.00,2814.88,0.00,False,False
veh3048,1338361263->428730813#1,veh_passenger,2044.00,9774.00,7730.00,1922.21,0.00,False,False
veh3385,666886085#1->511404880#1,veh_passenger,2269.00,9775.00,7506.00,889.33,0.00,False,False
veh2053,-40140017#2->50323229#3,veh_passenger,1377.00,9777.00,8400.00,959.80,0.00,False,False
truck245,437445541#0->-240666072#2,truck_truck,2941.00,9777.00,6836.00,1664.45,0.00,False,False
veh3062,654297634->-1323097577,veh_passenger,2053.00,9778.00,7725.00,830.27,0.00,False,False
veh4234,39921025#8->511187808#4,veh_passenger,2838.00,9778.00,6940.00,2054.96,0.00,False,False
veh1738,515130028#0->1125986375#1,veh_passenger,1166.00,9779.00,8613.00,2014.41,0.00,False,False
veh3602,666886085#0->240666069#2,veh_passenger,2415.00,9781.00,7366.00,1701.84,0.00,False,False
veh2078,39763700#3->428730818#1,veh_passenger,1394.00,9782.00,8388.00,1879.59,0.00,False,False
veh5273,666886085#0->240666069#0,veh_passenger,3534.00,9783.00,6249.00,1643.43,0.00,False,False
veh3525,147711065#0->-437445540,veh_passenger,2363.00,9784.00,7421.00,2163.74,0.00,False,False
veh5297,39763700#4->437445541#0,veh_passenger,3550.00,9784.00,6234.00,1836.87,0.00,False,False
veh3947,39838520#0->-50323229#0,veh_passenger,2646.00,9786.00,7140.00,2156.27,0.00,False,False
veh2886,1222703382->-39921672,veh_passenger,1935.00,9787.00,7852.00,532.28,0.00,False,False
veh2710,511185049->-437445540,veh_passenger,1817.00,9788.00,7971.00,2005.51,0.00,False,False
veh2520,511185049->-1326094888,veh_passenger,1690.00,9789.00,8099.00,2002.54,0.00,False,False
veh3388,1323097575#0->33683458#1,veh_passenger,4910.00,9790.00,4880.00,294.91,0.00,False,False
veh4536,967985513#2->240666069#1,veh_passenger,3041.00,9790.00,6749.00,2924.59,0.00,False,False
veh4991,428730818#0->40115810#1,veh_passenger,3430.00,9790.00,6360.00,1979.66,0.00,False,False
veh1781,-511409187->488788630#2,veh_passenger,3269.00,9791.00,6522.00,1760.91,0.00,False,False
veh3551,240666072#1->9704194#4,veh_passenger,2381.00,9792.00,7411.00,797.22,0.00,False,False
truck253,509646062->33683346#0,truck_truck,3037.00,9793.00,6756.00,1797.11,0.00,False,False
veh3935,40109290#3->1067953246,veh_passenger,2638.00,9795.00,7157.00,3662.80,0.00,False,False
veh2938,178723097#0->-488788630#0,veh_passenger,1970.00,9798.00,7828.00,2033.45,0.00,False,False
bus333,-40035606#2->15420801#3,bus_bus,1999.00,9798.00,7799.00,1890.46,0.00,False,False
bus204,40036009#1->-1234244927#1,bus_bus,1225.00,9803.00,8578.00,1679.43,0.00,False,False
veh3376,1332638368#1->-428730813#2,veh_passenger,2263.00,9809.00,7546.00,2544.88,0.00,False,False
veh4167,178699056#3->1068434200#0,veh_passenger,2793.00,9813.00,7020.00,1019.76,0.00,False,False
veh4444,-513272949->437445542,veh_passenger,4842.00,9813.00,4971.00,1834.73,0.00,False,False
veh1554,1278784167#0->488788630#0,veh_passenger,1043.00,9815.00,8772.00,2695.82,0.00,False,False
veh2635,-39838751#1->-428730813#1,veh_passenger,1767.00,9815.00,8048.00,2226.85,0.00,False,False
veh4586,39838691#5->1421564739,veh_passenger,3074.00,9821.00,6747.00,1763.17,0.00,False,False
veh1848,-47224972#1->428730818#1,veh_passenger,1240.00,9822.00,8582.00,1937.74,0.00,False,False
veh4416,1234244927#0->-39838751#2,veh_passenger,2960.00,9823.00,6863.00,966.91,0.00,False,False
veh5202,515123438->-761486028#0,veh_passenger,3487.00,9823.00,6336.00,917.93,0.00,False,False
veh2476,39366819#0->47225638#4,veh_passenger,1660.00,9826.00,8166.00,1625.63,0.00,False,False
veh3149,488788629->381945551,veh_passenger,2111.00,9826.00,7715.00,2421.46,0.00,False,False
veh3816,178583167#1->-654530820#1,veh_passenger,2568.00,9827.00,7259.00,3271.96,0.00,False,False
veh2691,1100626103#1->-40109290#0,veh_passenger,1804.00,9829.00,8025.00,1161.71,0.00,False,False
truck208,1323097575#0->-838061037,truck_truck,4913.00,9831.00,4918.00,2046.69,0.00,False,False
truck294,511405572->238219472#0,truck_truck,3639.00,9831.00,6192.00,753.80,0.00,False,False
veh1609,439836128#0->-40109290#1,veh_passenger,1080.00,9836.00,8756.00,2404.24,0.00,False,False
veh3649,1125986406#0->-33683458#0,veh_passenger,2446.00,9838.00,7392.00,1217.13,0.00,False,False
veh4553,11631594#1->39920550#0,veh_passenger,3052.00,9838.00,6786.00,783.45,0.00,False,False
veh3688,-1260485929#3->428730813#1,veh_passenger,2472.00,9840.00,7368.00,2187.42,0.00,False,False
veh4649,-451728952#4->381945549#1,veh_passenger,3116.00,9841.00,6725.00,2569.39,0.00,False,False
veh3080,40297647#1->437445541#1,veh_passenger,2065.00,9843.00,7778.00,2829.74,0.00,False,False
veh4465,40297885#1->428730818#1,veh_passenger,2993.00,9843.00,6850.00,1599.16,0.00,False,False
veh2054,40035904#0->240666069#1,veh_passenger,1378.00,9844.00,8466.00,3052.06,0.00,False,False
veh2551,1125986385#1->39838630#3,veh_passenger,1711.00,9844.00,8133.00,1131.63,0.00,False,False
bus280,-40140017#0->-1067928307#0,bus_bus,1681.00,9847.00,8166.00,2496.24,0.00,False,False
veh3201,488788637#0->50323229#6,veh_passenger,2146.00,9847.00,7701.00,1619.75,0.00,False,False
veh4428,1100626103#3->39920550#5,veh_passenger,2968.00,9848.00,6880.00,859.46,0.00,False,False
veh5102,39838751#1->428730813#3,veh_passenger,3420.00,9848.00,6428.00,1916.16,0.00,False,False
veh4185,15419971#1->240666069#3,veh_passenger,2805.00,9849.00,7044.00,3028.29,0.00,False,False
veh2853,490474063#8->50323229#15,veh_passenger,2671.00,9852.00,7181.00,1104.55,0.00,False,False
veh2637,-1125986378#1->50323229#5,veh_passenger,1768.00,9853.00,8085.00,1893.41,0.00,False,False
veh3895,-40035606#1->39920684#6,veh_passenger,3947.00,9853.00,5906.00,653.18,0.00,False,False
veh4128,40035606#0->515123439,veh_passenger,2767.00,9854.00,7087.00,2753.01,0.00,False,False
veh4704,10628442#0->50323229#0,veh_passenger,3153.00,9854.00,6701.00,1702.93,0.00,False,False
veh2507,-1335304386#1->437445539#0,veh_passenger,1681.00,9855.00,8174.00,3029.52,0.00,False,False
veh4993,-1068916336->-488788630#0,veh_passenger,3365.00,9855.00,6490.00,2638.64,0.00,False,False
veh5236,-39920593#5->50323229#11,veh_passenger,3636.00,9855.00,6219.00,723.09,0.00,False,False
veh4156,-39838630#1->-40138633#3,veh_passenger,2786.00,9857.00,7071.00,2024.87,0.00,False,False
veh4451,1204070283#1->50323229#6,veh_passenger,2985.00,9858.00,6873.00,1518.91,0.00,False,False
veh2154,1260485931#1->50323229#6,veh_passenger,1446.00,9861.00,8415.00,959.59,0.00,False,False
veh4019,131671623->-1214520076,veh_passenger,2694.00,9863.00,7169.00,1099.14,0.00,False,False
veh4779,515126384->-449565665#2,veh_passenger,3203.00,9868.00,6665.00,1834.54,0.00,False,False
truck258,509646061->50323229#11,truck_truck,3097.00,9870.00,6773.00,1953.86,0.00,False,False
veh5007,1278784167#0->521704031#0,veh_passenger,3356.00,9873.00,6517.00,1787.57,0.00,False,False
veh2072,232920701->-1201484855,veh_passenger,1390.00,9881.00,8491.00,2586.83,0.00,False,False
veh4312,-39920593#6->437445541#1,veh_passenger,2891.00,9886.00,6995.00,3239.21,0.00,False,False
veh2943,509646144->-40109290#4,veh_passenger,5512.00,9893.00,4381.00,1719.71,0.00,False,False
veh4194,490474063#6->-437445539#0,veh_passenger,2975.00,9897.00,6922.00,3097.07,0.00,False,False
veh3018,40139504#0->730912750,veh_passenger,2024.00,9898.00,7874.00,2041.17,0.00,False,False
veh3748,515040937->-428730813#1,veh_passenger,2513.00,9899.00,7386.00,2669.14,0.00,False,False
veh3989,653860562->-40109290#2,veh_passenger,2674.00,9899.00,7225.00,2092.68,0.00,False,False
veh4397,413789558#1->564273552,veh_passenger,2947.00,9909.00,6962.00,1141.61,0.00,False,False
veh1509,39920684#0->-40035325#2,veh_passenger,1013.00,9912.00,8899.00,644.96,0.00,False,False
veh1613,-10748036->49224804#0,veh_passenger,1082.00,9912.00,8830.00,1582.19,0.00,False,False
veh2761,515136603->-1254816452,veh_passenger,1851.00,9913.00,8062.00,3790.20,0.00,False,False
veh1549,511404875->-1273251150#1,veh_passenger,1039.00,9915.00,8876.00,3500.36,0.00,False,False
veh1537,40138239#2->39921673#0,veh_passenger,1031.00,9916.00,8885.00,1653.15,0.00,False,False
veh2526,24577522#3->-40035325#2,veh_passenger,1694.00,9918.00,8224.00,923.28,0.00,False,False
veh4267,474143552#4->1064476622#0,veh_passenger,3147.00,9918.00,6771.00,886.73,0.00,False,False
veh2015,-479863106#2->1335304373#0,veh_passenger,1352.00,9919.00,8567.00,1171.26,0.00,False,False
veh2468,8887999#0->240666069#1,veh_passenger,1655.00,9919.00,8264.00,1588.28,0.00,False,False
veh5352,39921531->-1254816452,veh_passenger,3587.00,9919.00,6332.00,1011.45,0.00,False,False
veh4293,1068434199->654297629#6,veh_passenger,3526.00,9925.00,6399.00,716.18,0.00,False,False
veh4433,1335304373#2->428730818#1,veh_passenger,2972.00,9925.00,6953.00,2918.96,0.00,False,False
veh4475,1074771163#1-AddedOffRampEdge->1214520073#0,veh_passenger,3000.00,9931.00,6931.00,1302.96,0.00,False,False
veh5279,150928465->654297635#1,veh_passenger,3538.00,9940.00,6402.00,1468.86,0.00,False,False
veh1514,1064476625->488788630#1,veh_passenger,1016.00,9943.00,8927.00,2720.97,0.00,False,False
veh4510,1075505400#2->-488788633#2,veh_passenger,3023.00,9943.00,6920.00,2018.87,0.00,False,False
veh3334,1125986375#1->-1297720376#1,veh_passenger,2235.00,9944.00,7709.00,1205.23,0.00,False,False
veh2182,1273405490->511187811,veh_passenger,1463.00,9949.00,8486.00,1589.11,0.00,False,False
truck119,-1272337500->-488788633#0,truck_truck,1429.00,9949.00,8520.00,3272.10,0.00,False,False
veh1714,33683346#2->509646057#2,veh_passenger,1150.00,9954.00,8804.00,1875.12,0.00,False,False
veh1641,160078084-AddedOnRampEdge->-1332638391#1,veh_passenger,1101.00,9960.00,8859.00,2034.10,0.00,False,False
bus297,-10250021#4->1234244925#2,bus_bus,1783.00,9966.00,8183.00,1225.25,0.00,False,False
veh3515,422842976->-654297629#5,veh_passenger,2357.00,9966.00,7609.00,1209.07,0.00,False,False
veh3593,116783847->40297647#2,veh_passenger,2409.00,9966.00,7557.00,1237.21,0.00,False,False
veh4024,50323229#14->-1332638391#2,veh_passenger,3285.00,9967.00,6682.00,1965.55,0.00,False,False
veh3823,40109290#0->-39838657#3,veh_passenger,2563.00,9978.00,7415.00,2385.44,0.00,False,False
veh4230,-1260485929#1->-428730813#3,veh_passenger,2836.00,9982.00,7146.00,2370.16,0.00,False,False
veh4275,1068144846#0->1235754993#0,veh_passenger,2866.00,9986.00,7120.00,2035.35,0.00,False,False
truck115,39920684#4->1067953246,truck_truck,1381.00,9992.00,8611.00,3052.24,0.00,False,False
veh2834,822782498->381945549#1,veh_passenger,1900.00,9993.00,8093.00,2400.94,0.00,False,False
bus268,1292578260->47267011#1,bus_bus,1609.00,9995.00,8386.00,1458.08,0.00,False,False
veh3528,83428923#0->39920593#0,veh_passenger,4416.00,9998.00,5582.00,1447.34,0.00,False,False
veh4588,1068434201->564273552,veh_passenger,3075.00,9999.00,6924.00,1914.90,0.00,False,False
truck144,515126302->-479863106#2,truck_truck,1729.00,10000.00,8271.00,1805.66,0.00,False,False
veh1928,178441748#2->488788633#2,veh_passenger,1293.00,10001.00,8708.00,2730.82,0.00,False,False
veh2097,1324405511->428730793#1,veh_passenger,1406.00,10003.00,8597.00,3336.04,0.00,False,False
veh3277,-47267007#0->515138054,veh_passenger,2197.00,10009.00,7812.00,1178.99,0.00,False,False
veh4911,50323226->24621218#0,veh_passenger,5109.00,10009.00,4900.00,1714.32,0.00,False,False
veh4944,413789557->666886082#0,veh_passenger,3314.00,10009.00,6695.00,1262.13,0.00,False,False
veh1923,1260481151->856175962,veh_passenger,1290.00,10010.00,8720.00,2251.64,0.00,False,False
truck186,1255099064->-488788633#0,truck_truck,2233.00,10025.00,7792.00,2372.33,0.00,False,False
veh4787,1100626103#2->39920505#11,veh_passenger,3209.00,10026.00,6817.00,781.61,0.00,False,False
veh2590,40036009#2->39920684#5,veh_passenger,1737.00,10027.00,8290.00,1059.64,0.00,False,False
veh3783,-47224972#0->40140017#1,veh_passenger,7682.00,10027.00,2345.00,807.16,0.00,False,False
bus466,72157792->-12247568#1,bus_bus,2797.00,10028.00,7231.00,2276.26,0.00,False,False
veh3706,24621218#3->511187807,veh_passenger,2487.00,10032.00,7545.00,1543.44,0.00,False,False
veh1700,-1335304386#1->413789558#1,veh_passenger,1140.00,10033.00,8893.00,2534.36,0.00,False,False
veh4720,511409188#0->1068434256#0,veh_passenger,3164.00,10033.00,6869.00,1058.16,0.00,False,False
veh5189,-10748045#2->515136605,veh_passenger,3478.00,10034.00,6556.00,3836.21,0.00,False,False
veh2977,511404880#0->-14924729#3,veh_passenger,1996.00,10036.00,8040.00,1346.76,0.00,False,False
bus343,-654297637#2->47267007#1,bus_bus,2059.00,10037.00,7978.00,2502.27,0.00,False,False
veh4559,1234244927#0->1068434256#0,veh_passenger,3056.00,10040.00,6984.00,994.81,0.00,False,False
veh3848,47224973->-14924729#3,veh_passenger,2580.00,10041.00,7461.00,1203.33,0.00,False,False
veh2013,1125986386->381945549#1,veh_passenger,7653.00,10042.00,2389.00,2007.61,0.00,False,False
veh1994,1100626103#0->428730813#0,veh_passenger,1337.00,10043.00,8706.00,3073.10,0.00,False,False
veh2125,-39838984#1->178583148#2,veh_passenger,1425.00,10043.00,8618.00,3111.59,0.00,False,False
veh5149,39920505#1->1068434256#0,veh_passenger,3451.00,10043.00,6592.00,1774.48,0.00,False,False
veh4424,975216740->-1067928307#3,veh_passenger,5076.00,10047.00,4971.00,1842.05,0.00,False,False
veh1822,143546557->428730818#3,veh_passenger,1222.00,10048.00,8826.00,2759.04,0.00,False,False
veh3279,39920593#5->40115810#1,veh_passenger,2198.00,10056.00,7858.00,2031.31,0.00,False,False
veh5030,-257421487#1->-1322916760#1,veh_passenger,3372.00,10056.00,6684.00,1778.21,0.00,False,False
veh2907,-1125986385#0->-39838657#2,veh_passenger,1975.00,10059.00,8084.00,1218.19,0.00,False,False
veh2927,232920697->1226645410,veh_passenger,1963.00,10059.00,8096.00,1700.57,0.00,False,False
veh5224,39763700#6->509646061,veh_passenger,3502.00,10065.00,6563.00,594.80,0.00,False,False
veh1603,1323097579#1->238219441#2,veh_passenger,1076.00,10068.00,8992.00,1991.80,0.00,False,False
veh1834,238219446#0->40115810#0,veh_passenger,1230.00,10068.00,8838.00,1798.98,0.00,False,False
veh2148,9704194#1->460316444,veh_passenger,1441.00,10068.00,8627.00,3038.02,0.00,False,False
veh3720,-1297720367->428730793#1,veh_passenger,2494.00,10070.00,7576.00,2928.66,0.00,False,False
veh4476,39763700#2->1125986377#0,veh_passenger,3000.00,10074.00,7074.00,1093.54,0.00,False,False
veh2841,511404873#0->511187818,veh_passenger,2616.00,10085.00,7469.00,754.09,0.00,False,False
truck106,-1297720376#0->-428730813#1,truck_truck,1273.00,10086.00,8813.00,2829.19,0.00,False,False
veh2404,178702258#0->83563455,veh_passenger,1612.00,10089.00,8477.00,2209.11,0.00,False,False
veh1448,1074771160->-1332638368#0,veh_passenger,1050.00,10093.00,9043.00,1899.28,0.00,False,False
veh4070,-900279869->509646054,veh_passenger,9352.00,10095.00,743.00,60.93,0.00,False,False
bus484,521704031#1->-1235501862,bus_bus,2905.00,10099.00,7194.00,1685.05,0.00,False,False
veh5305,515123442#3->451728952#1,veh_passenger,3556.00,10099.00,6543.00,1885.24,0.00,False,False
veh1979,11631594#3->-1332638368#0,veh_passenger,1327.00,10100.00,8773.00,2938.21,0.00,False,False
veh2047,1125986373#1->-39838984#0,veh_passenger,1373.00,10102.00,8729.00,1279.70,0.00,False,False
veh4342,1337646271#1->1100626103#1,veh_passenger,2911.00,10102.00,7191.00,2647.82,0.00,False,False
veh1867,-1067928305#1->-488788629,veh_passenger,1252.00,10106.00,8854.00,1964.38,0.00,False,False
veh5313,-8887999#1->40297647#0,veh_passenger,3561.00,10110.00,6549.00,1239.60,0.00,False,False
veh3969,24576922#1->511187808#3,veh_passenger,2661.00,10112.00,7451.00,1761.44,0.00,False,False
veh4078,50323229#11->488788630#0,veh_passenger,2950.00,10114.00,7164.00,3191.78,0.00,False,False
veh1892,-47224972#0->240666069#1,veh_passenger,4179.00,10115.00,5936.00,1526.88,0.00,False,False
truck170,1207401652#1->240666069#2,truck_truck,2041.00,10116.00,8075.00,2116.49,0.00,False,False
veh4165,-1335304373#2->488788630#2,veh_passenger,3894.00,10117.00,6223.00,2813.71,0.00,False,False
veh3719,1068434199->-1332638368#1,veh_passenger,3517.00,10119.00,6602.00,1590.60,0.00,False,False
veh3014,-50323229#11->521701857,veh_passenger,2428.00,10120.00,7692.00,2196.55,0.00,False,False
truck83,967993112#1->-1335304386#0,truck_truck,997.00,10121.00,9124.00,1272.73,0.00,False,False
veh2447,1068144846#2->178441748#0,veh_passenger,1641.00,10122.00,8481.00,2372.38,0.00,False,False
veh3460,-521705694#0->39838520#3,veh_passenger,2550.00,10124.00,7574.00,630.15,0.00,False,False
veh4634,-511187818->488788630#0,veh_passenger,3220.00,10124.00,6904.00,1751.71,0.00,False,False
veh3961,-1125986386->1068434201,veh_passenger,2940.00,10125.00,7185.00,962.70,0.00,False,False
veh1692,39920222->1421564739,veh_passenger,1135.00,10144.00,9009.00,3463.51,0.00,False,False
truck204,-654297636->511185049,truck_truck,2449.00,10145.00,7696.00,1055.53,0.00,False,False
veh2949,50323229#3->1421564739,veh_passenger,1977.00,10146.00,8169.00,3528.54,0.00,False,False
veh2294,1204070283#1->10748045#1,veh_passenger,1538.00,10149.00,8611.00,1342.63,0.00,False,False
veh3290,1125986378#1->-1272337500,veh_passenger,2206.00,10149.00,7943.00,1806.63,0.00,False,False
veh3946,-39838630#2->-488788630#1,veh_passenger,2645.00,10151.00,7506.00,1941.37,0.00,False,False
veh3035,-1125986406#0->513082641#2,veh_passenger,2035.00,10152.00,8117.00,2246.03,0.00,False,False
veh2793,39763700#1->47087993#6,veh_passenger,1873.00,10160.00,8287.00,2579.23,0.00,False,False
veh2911,-8887999#1->1068434199,veh_passenger,1952.00,10160.00,8208.00,1218.23,0.00,False,False
veh1461,1068434203->40140141#9,veh_passenger,980.00,10165.00,9185.00,1742.13,0.00,False,False
veh3861,1214520070->39224566,veh_passenger,2588.00,10171.00,7583.00,2327.07,0.00,False,False
veh4384,1074409232#1->-50323229#3,veh_passenger,7737.00,10171.00,2434.00,1179.70,0.00,False,False
veh3017,-39838691#2->1067928305#2,veh_passenger,2023.00,10174.00,8151.00,2326.26,0.00,False,False
veh1479,1067852461->422842976,veh_passenger,992.00,10176.00,9184.00,1181.08,0.00,False,False
veh3311,1068916338->-1214520068,veh_passenger,2356.00,10176.00,7820.00,1233.35,0.00,False,False
veh4282,1231065654->83563455,veh_passenger,2870.00,10176.00,7306.00,2922.92,0.00,False,False
veh4335,-1067928305#0->1068144845#0,veh_passenger,2906.00,10179.00,7273.00,1267.74,0.00,False,False
veh5237,47053612->488788637#1,veh_passenger,3514.00,10179.00,6665.00,2677.37,0.00,False,False
veh3590,40297647#2->-1332638368#2,veh_passenger,2407.00,10183.00,7776.00,3123.54,0.00,False,False
veh4245,1327579131->1125986378#1,veh_passenger,2846.00,10184.00,7338.00,1159.57,0.00,False,False
veh3808,1204070283#1->515123439,veh_passenger,2553.00,10185.00,7632.00,1449.00,0.00,False,False
veh4668,178702258#1->-521705694#0,veh_passenger,3876.00,10196.00,6320.00,399.20,0.00,False,False
truck121,513082640->513087668,truck_truck,1453.00,10205.00,8752.00,1943.29,0.00,False,False
veh3825,475044040#0->40115810#0,veh_passenger,2564.00,10206.00,7642.00,2347.95,0.00,False,False
veh4980,1332638391#2->-654297631,veh_passenger,3338.00,10207.00,6869.00,1018.24,0.00,False,False
veh5309,178702243#1-AddedOnRampEdge->451728952#5,veh_passenger,3559.00,10210.00,6651.00,3335.23,0.00,False,False
veh2307,1211151637->240666072#1,veh_passenger,1547.00,10212.00,8665.00,2536.35,0.00,False,False
veh4830,-654297632#0->40035904#2,veh_passenger,4052.00,10216.00,6164.00,1582.57,0.00,False,False
veh4988,654297635#0->-40036062#0,veh_passenger,3343.00,10232.00,6889.00,869.03,0.00,False,False
truck191,490474063#6->449565665#1,truck_truck,2360.00,10240.00,7880.00,1451.01,0.00,False,False
veh3992,47087993#0->-83563455,veh_passenger,2676.00,10244.00,7568.00,2939.48,0.00,False,False
veh5284,-1338361263->521708587#1,veh_passenger,6047.00,10246.00,4199.00,1013.06,0.00,False,False
veh2914,39920550#11->488788626#1,veh_passenger,1954.00,10256.00,8302.00,478.66,0.00,False,False
bus241,39921025#3->39366819#0,bus_bus,1448.00,10263.00,8815.00,1880.32,0.00,False,False
veh4624,39838657#1->666886084#1,veh_passenger,3100.00,10264.00,7164.00,890.50,0.00,False,False
bus371,413789558#0->1222181936,bus_bus,2227.00,10267.00,8040.00,2009.49,0.00,False,False
veh1774,1231065644->-40035325#2,veh_passenger,1190.00,10269.00,9079.00,2076.26,0.00,False,False
veh4460,515123439->538432098,veh_passenger,2990.00,10269.00,7279.00,1143.37,0.00,False,False
veh2887,1064476625->-8887999#0,veh_passenger,1936.00,10270.00,8334.00,1598.86,0.00,False,False
veh1911,513082635#0->178699049,veh_passenger,1282.00,10274.00,8992.00,2727.37,0.00,False,False
veh3998,-39838691#0->1125986385#0,veh_passenger,2680.00,10274.00,7594.00,1067.40,0.00,False,False
veh3079,-1118804250->1074409256#0,veh_passenger,2064.00,10276.00,8212.00,2402.32,0.00,False,False
bus444,39920505#1->39838691#2,bus_bus,2665.00,10277.00,7612.00,1893.17,0.00,False,False
veh4398,39920550#8->513082641#2-AddedOnRampEdge,veh_passenger,2948.00,10277.00,7329.00,2575.40,0.00,False,False
veh2207,1064476620#3->39366819#0,veh_passenger,1480.00,10280.00,8800.00,1839.25,0.00,False,False
veh3634,1067852461->-39920593#6,veh_passenger,2547.00,10284.00,7737.00,668.92,0.00,False,False
veh4132,666886084#1->1332638391#0,veh_passenger,2770.00,10284.00,7514.00,444.83,0.00,False,False
veh2084,24621218#2->-1068144849#0,veh_passenger,1402.00,10287.00,8885.00,3491.48,0.00,False,False
veh4183,-39838657#0->511404874#0,veh_passenger,3522.00,10291.00,6769.00,532.49,0.00,False,False
veh3505,11635095->1332638391#2,veh_passenger,2350.00,10292.00,7942.00,1803.29,0.00,False,False
veh4337,39838520#2->-1125986379#0,veh_passenger,2907.00,10292.00,7385.00,989.36,0.00,False,False
veh5172,515126385#1->-39838657#2,veh_passenger,3467.00,10292.00,6825.00,1294.16,0.00,False,False
veh4176,515126385#1->1125986387,veh_passenger,2799.00,10293.00,7494.00,1364.98,0.00,False,False
veh3396,1064476622#1->513272949,veh_passenger,2277.00,10299.00,8022.00,1460.16,0.00,False,False
veh2198,1067953247#0->1125986387,veh_passenger,1474.00,10300.00,8826.00,1801.50,0.00,False,False
veh4228,1068144845#4->515136607,veh_passenger,2834.00,10301.00,7467.00,1624.09,0.00,False,False
veh1877,10250021#3->-564273553#2,veh_passenger,1259.00,10302.00,9043.00,1427.96,0.00,False,False
veh2533,666886081->-39838691#5,veh_passenger,1699.00,10302.00,8603.00,1779.66,0.00,False,False
veh2856,488788637#1->437445539#0,veh_passenger,1915.00,10306.00,8391.00,2624.08,0.00,False,False
veh4793,488788633#2->482569917#1,veh_passenger,4474.00,10306.00,5832.00,1373.78,0.00,False,False
veh4381,-1290439817#1->47267011#2,veh_passenger,2937.00,10307.00,7370.00,2143.68,0.00,False,False
veh2008,50323229#9->-39838691#1,veh_passenger,1347.00,10308.00,8961.00,2071.24,0.00,False,False
veh1812,-1297720376#0->-1125986375#0,veh_passenger,1221.00,10310.00,9089.00,1916.36,0.00,False,False
veh4690,39763700#0->40140141#7,veh_passenger,3144.00,10310.00,7166.00,2018.38,0.00,False,False
veh3111,-39838691#0->40139504#1,veh_passenger,2086.00,10315.00,8229.00,1396.38,0.00,False,False
veh4323,499566573->40035606#0,veh_passenger,2898.00,10321.00,7423.00,858.11,0.00,False,False
veh1434,-40035606#0->47087992#5,veh_passenger,962.00,10327.00,9365.00,3121.50,0.00,False,False
veh4615,47225638#3->-1226645410,veh_passenger,9105.00,10327.00,1222.00,836.52,0.00,False,False
veh3095,515123442#1->39838691#8,veh_passenger,2075.00,10328.00,8253.00,1842.28,0.00,False,False
veh4797,47087993#2->-83563455,veh_passenger,3215.00,10329.00,7114.00,2771.81,0.00,False,False
veh2731,1335304376#1->39838691#9,veh_passenger,1831.00,10330.00,8499.00,1888.44,0.00,False,False
veh3013,1075505400#2->-521701857,veh_passenger,2020.00,10334.00,8314.00,1126.69,0.00,False,False
veh2917,1254633077#0->9832326#1,veh_passenger,1956.00,10337.00,8381.00,1309.74,0.00,False,False
veh2105,39920550#3->511404878,veh_passenger,1412.00,10344.00,8932.00,1688.59,0.00,False,False
veh3474,40140141#3->39224566,veh_passenger,2329.00,10350.00,8021.00,3092.36,0.00,False,False
veh3044,-1125986378#0->-14924729#1,veh_passenger,2041.00,10354.00,8313.00,1038.90,0.00,False,False
veh4467,1211151635#0->40297885#1,veh_passenger,2994.00,10357.00,7363.00,957.72,0.00,False,False
veh4239,975216740->509524271,veh_passenger,4769.00,10358.00,5589.00,312.48,0.00,False,False
veh3854,40297715#0->1125986387,veh_passenger,2584.00,10360.00,7776.00,1913.07,0.00,False,False
veh4359,967985512->490474063#1,veh_passenger,2922.00,10364.00,7442.00,1950.19,0.00,False,False
veh5329,39838691#0->515123442#1,veh_passenger,3895.00,10369.00,6474.00,784.72,0.00,False,False
veh5321,1335304373#2->509524229,veh_passenger,3567.00,10377.00,6810.00,1491.80,0.00,False,False
veh4829,-474143552#1->-1332638368#1,veh_passenger,3237.00,10379.00,7142.00,2338.59,0.00,False,False
veh1521,-1335304371->49224804#1,veh_passenger,1021.00,10381.00,9360.00,1189.78,0.00,False,False
bus388,39838530->1214520074#0,bus_bus,9799.00,10381.00,582.00,514.38,0.00,False,False
truck240,39920505#5->450616334#1,truck_truck,2932.00,10383.00,7451.00,2182.89,0.00,False,False
veh4684,178583155->1214520074#5,veh_passenger,3140.00,10385.00,7245.00,1738.85,0.00,False,False
veh2815,39920550#11->-1332638368#1,veh_passenger,1888.00,10386.00,8498.00,3299.68,0.00,False,False
veh3394,15419906#1->521701858,veh_passenger,2275.00,10386.00,8111.00,2032.49,0.00,False,False
veh5037,-1015424648->451728952#1,veh_passenger,3376.00,10386.00,7010.00,1960.27,0.00,False,False
veh4023,39920684#1->-838061038,veh_passenger,2697.00,10391.00,7694.00,1870.81,0.00,False,False
veh4893,1231065654->-1068144847,veh_passenger,3280.00,10392.00,7112.00,1819.12,0.00,False,False
veh2687,47225638#3->521708587#1,veh_passenger,2553.00,10401.00,7848.00,975.02,0.00,False,False
veh4823,83563455->1068144848#0,veh_passenger,3233.00,10407.00,7174.00,1344.47,0.00,False,False
truck98,68574202->9832326#1,truck_truck,1177.00,10413.00,9236.00,2339.54,0.00,False,False
veh3761,-47224972#0->-437445542,veh_passenger,7065.00,10413.00,3348.00,1778.00,0.00,False,False
veh3269,1068144849#1->515040940#0,veh_passenger,2192.00,10417.00,8225.00,2252.94,0.00,False,False
veh3322,24576913#0->-1125986374,veh_passenger,2235.00,10422.00,8187.00,1056.24,0.00,False,False
veh5295,490474063#2->509646063#0,veh_passenger,5612.00,10422.00,4810.00,1257.06,0.00,False,False
veh4266,1272548721->838061037,veh_passenger,2860.00,10423.00,7563.00,1703.41,0.00,False,False
veh3968,24576922#2->1204070282,veh_passenger,2660.00,10433.00,7773.00,1103.91,0.00,False,False
veh3106,1214520071->-900279869,veh_passenger,4305.00,10442.00,6137.00,236.43,0.00,False,False
veh3575,421846558#0->1067928306#0,veh_passenger,6816.00,10443.00,3627.00,1718.67,0.00,False,False
veh2345,-1290439817#1->515123442#3,veh_passenger,1573.00,10445.00,8872.00,1656.57,0.00,False,False
veh1611,509524228->40109290#1,veh_passenger,1081.00,10446.00,9365.00,3404.39,0.00,False,False
veh5095,-33683346#3->12247568#1,veh_passenger,3415.00,10448.00,7033.00,3003.98,0.00,False,False
veh3332,1204070282->-405382146#0,veh_passenger,2234.00,10452.00,8218.00,1784.98,0.00,False,False
veh4573,478286980#1->-10628442#2,veh_passenger,4077.00,10452.00,6375.00,731.14,0.00,False,False
veh2221,40035325#1->10748045#1,veh_passenger,1490.00,10454.00,8964.00,646.85,0.00,False,False
veh5267,24577522#2->39920684#4,veh_passenger,3530.00,10457.00,6927.00,901.78,0.00,False,False
truck85,511187811->-654297635#1,truck_truck,1021.00,10461.00,9440.00,1071.66,0.00,False,False
veh2960,1254633078#1->515136608,veh_passenger,1985.00,10463.00,8478.00,3620.08,0.00,False,False
veh1474,39838657#3->-654297635#1,veh_passenger,989.00,10465.00,9476.00,1394.13,0.00,False,False
veh2790,511187812->240666069#2,veh_passenger,1871.00,10466.00,8595.00,1883.07,0.00,False,False
veh4999,-40036009#3->511187808#4,veh_passenger,3351.00,10467.00,7116.00,2192.72,0.00,False,False
veh3829,47224972#0->1214520075,veh_passenger,2757.00,10469.00,7712.00,841.49,0.00,False,False
veh5303,-900279869->40140017#2,veh_passenger,9686.00,10469.00,783.00,845.62,0.00,False,False
veh2483,12247568#1->654297633,veh_passenger,1665.00,10483.00,8818.00,2522.26,0.00,False,False
veh3654,428730818#3->479863106#1,veh_passenger,2450.00,10483.00,8033.00,1801.74,0.00,False,False
veh3672,1233759524->666886082#0,veh_passenger,2462.00,10483.00,8021.00,677.18,0.00,False,False
veh4752,-1068916338->515126303,veh_passenger,3616.00,10485.00,6869.00,1621.98,0.00,False,False
veh4839,490474063#8->428730800,veh_passenger,3275.00,10487.00,7212.00,3220.55,0.00,False,False
veh2250,-39920593#5->513082635#0,veh_passenger,1509.00,10488.00,8979.00,1652.48,0.00,False,False
veh2688,-474143552#4->515130026#1,veh_passenger,1838.00,10490.00,8652.00,2624.34,0.00,False,False
bus249,-1338361263->72157792,bus_bus,5731.00,10491.00,4760.00,941.14,0.00,False,False
veh4002,39838520#3->39920505#2,veh_passenger,2683.00,10495.00,7812.00,1213.47,0.00,False,False
veh4528,33683346#0->1260485931#0,veh_passenger,3035.00,10500.00,7465.00,1095.10,0.00,False,False
veh1678,1068074793->-1326094888,veh_passenger,1126.00,10515.00,9389.00,3033.73,0.00,False,False
bus378,178583149->47267011#1,bus_bus,2269.00,10524.00,8255.00,1969.61,0.00,False,False
veh1966,14924729#1->967993112#1,veh_passenger,1319.00,10545.00,9226.00,930.83,0.00,False,False
veh2216,178702243#1-AddedOnRampEdge->39920011#1,veh_passenger,1486.00,10547.00,9061.00,4273.38,0.00,False,False
veh5290,1273405490->975216742,veh_passenger,3546.00,10549.00,7003.00,1792.50,0.00,False,False
veh1422,515136605->39920505#7,veh_passenger,954.00,10553.00,9599.00,2654.70,0.00,False,False
veh4543,511404873#0->521705695,veh_passenger,7373.00,10564.00,3191.00,879.98,0.00,False,False
veh5083,-1327579142->-654297632#0,veh_passenger,3407.00,10565.00,7158.00,1622.90,0.00,False,False
veh2384,666886086#2->1237953493,veh_passenger,1599.00,10570.00,8971.00,1890.10,0.00,False,False
veh1628,-437445542->-40140017#0,veh_passenger,1092.00,10572.00,9480.00,2676.14,0.00,False,False
veh4260,-900279886->40035325#0,veh_passenger,7158.00,10579.00,3421.00,569.62,0.00,False,False
veh1989,40035606#3->1125986373#2,veh_passenger,1334.00,10592.00,9258.00,1497.55,0.00,False,False
veh4138,-10748045#2->1421367508,veh_passenger,2774.00,10601.00,7827.00,3025.78,0.00,False,False
veh3142,-1211151638->238219441#1,veh_passenger,2107.00,10605.00,8498.00,1614.88,0.00,False,False
veh4041,-39838630#3->1260485931#0,veh_passenger,2709.00,10627.00,7918.00,1667.50,0.00,False,False
veh2408,521704053->10628442#3,veh_passenger,1715.00,10630.00,8915.00,1124.78,0.00,False,False
bus473,1067928305#0->9792174#1-AddedOnRampEdge,bus_bus,2839.00,10637.00,7798.00,3938.97,0.00,False,False
veh1775,39763700#1->-1125986377#0,veh_passenger,1191.00,10638.00,9447.00,1060.29,0.00,False,False
veh2467,39921025#7->1068434257,veh_passenger,1654.00,10642.00,8988.00,1804.69,0.00,False,False
bus447,-33683346#0->178583153-AddedOnRampEdge,bus_bus,5368.00,10643.00,5275.00,1582.08,0.00,False,False
veh4344,-1237953494->39920550#6,veh_passenger,3424.00,10647.00,7223.00,1333.49,0.00,False,False
veh2077,39920505#6->-451728952#5,veh_passenger,1393.00,10649.00,9256.00,2623.80,0.00,False,False
bus285,-40297715#0->-116831467,bus_bus,8081.00,10652.00,2571.00,610.83,0.00,False,False
veh4486,-39838657#1->39838751#1,veh_passenger,3840.00,10653.00,6813.00,615.66,0.00,False,False
veh4898,-838061038->1068144845#0,veh_passenger,3283.00,10655.00,7372.00,1827.64,0.00,False,False
veh1439,-1100626088->40140017#3,veh_passenger,966.00,10660.00,9694.00,927.06,0.00,False,False
veh5069,1068434258->178702250,veh_passenger,7490.00,10661.00,3171.00,1777.29,0.00,False,False
veh3986,178583155->838061038,veh_passenger,2672.00,10670.00,7998.00,1941.72,0.00,False,False
veh4477,39920550#2->47267011#2,veh_passenger,3545.00,10674.00,7129.00,2135.66,0.00,False,False
bus449,-47224972#0->-478286980#0,bus_bus,8493.00,10680.00,2187.00,299.54,0.00,False,False
veh4483,1068434200#0->-1254633077#0,veh_passenger,3005.00,10680.00,7675.00,2143.97,0.00,False,False
veh3168,1222181936->1327579131,veh_passenger,2124.00,10689.00,8565.00,1471.27,0.00,False,False
veh3809,-39838691#10->438354815,veh_passenger,2554.00,10692.00,8138.00,1819.97,0.00,False,False
veh2973,39838630#3->-9374529#1,veh_passenger,1993.00,10693.00,8700.00,1081.20,0.00,False,False
veh3226,1236283454->9832326#0,veh_passenger,2163.00,10711.00,8548.00,1040.20,0.00,False,False
veh4170,509646059->83563455,veh_passenger,2795.00,10716.00,7921.00,2454.40,0.00,False,False
veh2238,24621218#4->511404878,veh_passenger,1502.00,10718.00,9216.00,1905.40,0.00,False,False
veh2615,178441748#0->1260481155,veh_passenger,1754.00,10722.00,8968.00,2047.79,0.00,False,False
veh5362,1068434200#1->-10628442#2,veh_passenger,3594.00,10724.00,7130.00,1005.84,0.00,False,False
veh3910,39920505#8->-654297632#2,veh_passenger,2621.00,10732.00,8111.00,889.19,0.00,False,False
veh1501,-24576913#0->-14924729#3,veh_passenger,1083.00,10734.00,9651.00,1478.48,0.00,False,False
veh2410,47087992#3->1068434256#0,veh_passenger,1616.00,10743.00,9127.00,1880.59,0.00,False,False
veh3526,1233759524->509524225,veh_passenger,2364.00,10747.00,8383.00,1789.10,0.00,False,False
veh3971,1290456019->515040940#0,veh_passenger,2662.00,10750.00,8088.00,2514.45,0.00,False,False
veh2242,666886082#0->-488788637#1,veh_passenger,1504.00,10751.00,9247.00,1433.72,0.00,False,False
veh1824,1064476620#0->509524225,veh_passenger,1224.00,10752.00,9528.00,3589.58,0.00,False,False
veh1343,238219441#0->509646056,veh_passenger,901.00,10769.00,9868.00,824.65,0.00,False,False
veh4200,1125986379#1->900279869,veh_passenger,3093.00,10770.00,7677.00,640.26,0.00,False,False
veh1991,1326193809->1254816452,veh_passenger,1335.00,10774.00,9439.00,735.82,0.00,False,False
veh3345,1067953247#0->50323229#11,veh_passenger,2243.00,10774.00,8531.00,2626.42,0.00,False,False
veh2844,-730912750->-1332638368#1,veh_passenger,1907.00,10776.00,8869.00,2357.99,0.00,False,False
veh4082,143546557->1254816452,veh_passenger,2736.00,10776.00,8040.00,1130.01,0.00,False,False
veh4056,40035606#2->1254816452,veh_passenger,2719.00,10778.00,8059.00,1106.94,0.00,False,False
veh3043,654297637#1->50323229#14,veh_passenger,2040.00,10783.00,8743.00,946.54,0.00,False,False
bus479,1234244925#2->-50323229#10,bus_bus,2875.00,10786.00,7911.00,1939.99,0.00,False,False
veh4225,257421487#0->428730813#3,veh_passenger,2832.00,10789.00,7957.00,2694.05,0.00,False,False
bus465,1335304385->1236283454,bus_bus,8191.00,10794.00,2603.00,714.58,0.00,False,False
veh1562,1125986379#0->-1214520076,veh_passenger,1048.00,10799.00,9751.00,702.31,0.00,False,False
