vehID,routeKey,class,depart,arrival,travel_time,distance_m,on_express_s,admitted,denied
veh1384,654297629#6->564273553#0,veh_passenger,929.00,943.00,14.00,22.74,0.00,False,False
veh1383,24577455#0->465144361,veh_passenger,928.00,994.00,66.00,288.87,0.00,False,False
bus160,40140017#1->10629474#1,bus_bus,961.00,997.00,36.00,252.35,0.00,False,False
veh1493,1196008692#1->178583167#0,veh_passenger,1002.00,1021.00,19.00,189.73,0.00,False,False
veh1346,39920550#6->33683346#0,veh_passenger,903.00,1024.00,121.00,1043.86,0.00,False,False
veh1411,11635067->335802672,veh_passenger,947.00,1037.00,90.00,1704.60,38.00,True,False
truck76,-488788633#2->-39838691#3,truck_truck,913.00,1063.00,150.00,1234.36,0.00,False,False
veh1500,40140141#2->-257421487#0,veh_passenger,1006.00,1075.00,69.00,609.40,0.00,False,False
veh1563,-50323229#2->1273251150#1,veh_passenger,1049.00,1104.00,55.00,346.03,0.00,False,False
bus165,40297715#3->39920550#4,bus_bus,991.00,1107.00,116.00,290.50,0.00,False,False
veh1587,240666069#0->428730800,veh_passenger,1065.00,1109.00,44.00,565.24,0.00,False,False
veh1417,-401226926#0->238219446#1,veh_passenger,951.00,1114.00,163.00,962.11,0.00,False,True
veh1377,1211151635#0->1214520074#2,veh_passenger,924.00,1118.00,194.00,1239.98,0.00,False,False
veh1573,40140141#6->-169562956,veh_passenger,1055.00,1119.00,64.00,687.13,0.00,False,False
bus164,142741729#1->40139504#1,bus_bus,985.00,1140.00,155.00,568.58,0.00,False,False
bus187,428730793#0->460316444,bus_bus,1123.00,1144.00,21.00,181.64,0.00,False,False
bus180,488788630#2->437445539#0,bus_bus,1091.00,1149.00,58.00,514.44,0.00,False,False
veh1510,-1332638368#2->1421367508,veh_passenger,1015.00,1155.00,140.00,862.54,0.00,False,False
veh1693,-40109290#3->-50323229#13,veh_passenger,1136.00,1156.00,20.00,53.08,0.00,False,False
veh1366,515126385#1->40140141#7,veh_passenger,917.00,1169.00,252.00,2045.66,25.00,True,False
veh1649,39763700#0->39838657#2,veh_passenger,1106.00,1170.00,64.00,790.81,0.00,False,False
veh1566,40140141#0->-240666072#1,veh_passenger,1051.00,1186.00,135.00,654.14,0.00,False,False
bus152,-1068144848#1->-428730807,bus_bus,913.00,1187.00,274.00,1143.03,37.00,False,False
veh1664,8887999#1->47225638#0,veh_passenger,1116.00,1187.00,71.00,957.11,0.00,False,False
veh1756,1323097580#0->1323097580#0,veh_passenger,1180.00,1187.00,7.00,49.61,0.00,False,False
veh1574,381945551->-428730813#3,veh_passenger,1056.00,1200.00,144.00,631.55,0.00,False,False
veh1367,1337646271#0->515130026#0,veh_passenger,917.00,1214.00,297.00,1295.03,0.00,False,False
veh1420,-1068144845#4->47267010,veh_passenger,953.00,1220.00,267.00,2190.69,37.00,False,False
veh1438,1226645411->1211151635#1,veh_passenger,965.00,1224.00,259.00,2633.21,0.00,False,False
veh1471,11635095->-1067928307#2,veh_passenger,987.00,1227.00,240.00,2246.44,0.00,False,False
veh1424,1068144845#4->83563455,veh_passenger,956.00,1268.00,312.00,2781.37,35.00,False,False
truck95,1214520074#5->-12247568#1,truck_truck,1141.00,1281.00,140.00,1159.71,0.00,False,False
veh1452,1298335703->511405572,veh_passenger,974.00,1282.00,308.00,917.29,0.00,False,False
veh1522,-428730813#1->1214520075,veh_passenger,1021.00,1286.00,265.00,1735.43,0.00,False,False
veh1557,1335304376#1->39920550#2,veh_passenger,1045.00,1286.00,241.00,852.32,184.00,False,False
veh1398,511404874#1->-39838691#7,veh_passenger,938.00,1287.00,349.00,1989.65,0.00,False,False
veh1740,-1125986406#0->967985513#2,veh_passenger,1167.00,1292.00,125.00,1175.09,0.00,False,False
veh1830,-169562956->-1260485931#0,veh_passenger,1228.00,1297.00,69.00,726.42,0.00,False,False
veh1538,47087992#0->240666069#2,veh_passenger,1032.00,1305.00,273.00,2242.99,10.00,True,False
veh1527,654297632#2->-40109239,veh_passenger,1025.00,1309.00,284.00,950.94,20.00,True,False
veh1547,39920011#1->-40036009#2,veh_passenger,1038.00,1309.00,271.00,1323.53,0.00,False,False
veh1610,1064476620#3->-654297637#1,veh_passenger,1080.00,1321.00,241.00,546.13,0.00,False,False
veh1820,47224972#1->1118804256#0,veh_passenger,1221.00,1347.00,126.00,1669.72,37.00,True,False
veh1505,1335304375->-474143552#6,veh_passenger,1024.00,1358.00,334.00,493.31,251.00,False,False
veh1413,24576922#2->1100626103#3,veh_passenger,948.00,1363.00,415.00,754.06,0.00,False,False
veh1903,1067928305#0->1015424648,veh_passenger,1277.00,1366.00,89.00,945.68,0.00,False,False
veh1907,40297715#2->39920593#5,veh_passenger,1279.00,1368.00,89.00,180.06,0.00,False,False
veh1656,515124966->-450616334#0,veh_passenger,1118.00,1374.00,256.00,1136.71,0.00,False,False
veh1558,178699058->-1015424648,veh_passenger,1045.00,1378.00,333.00,2377.45,38.00,False,False
truck84,1214520075->1074771170,truck_truck,1200.00,1384.00,184.00,983.71,0.00,False,False
veh1464,39838751#1->-10628430,veh_passenger,982.00,1388.00,406.00,364.15,0.00,False,False
veh1645,15420537#1->9833223,veh_passenger,1104.00,1391.00,287.00,2275.88,17.00,True,False
veh2075,-39838691#10->-39838691#8,veh_passenger,1392.00,1403.00,11.00,71.68,0.00,False,False
veh1776,-33683346#0->1326193809,veh_passenger,1191.00,1406.00,215.00,470.56,0.00,False,False
veh1864,40035325#2->-40140017#1,veh_passenger,1250.00,1426.00,176.00,628.88,0.00,False,True
veh1721,178699049->178583153-AddedOnRampEdge,veh_passenger,1155.00,1437.00,282.00,4114.60,76.00,True,False
veh1423,-687878722#0->488788636#0,veh_passenger,955.00,1446.00,491.00,954.49,0.00,False,False
veh2121,39366819#0->39838691#5,veh_passenger,1423.00,1458.00,35.00,326.94,0.00,False,False
veh1913,47053612->-1322916760#1,veh_passenger,1283.00,1460.00,177.00,2431.23,52.00,True,False
veh2034,465144361->1235754993#1,veh_passenger,1445.00,1460.00,15.00,209.69,0.00,False,False
veh1752,-488788630#1->-428730813#3,veh_passenger,1175.00,1462.00,287.00,459.46,0.00,False,False
veh2117,513082635#0->515123442#4,veh_passenger,1420.00,1462.00,42.00,710.95,14.00,False,False
veh1875,-39838691#2->240666069#1,veh_passenger,1258.00,1472.00,214.00,1495.93,0.00,False,False
veh1878,1235754993#1->1201484855,veh_passenger,1260.00,1472.00,212.00,430.39,0.00,False,False
veh2202,15419971#0->15419971#1,veh_passenger,1477.00,1487.00,10.00,94.37,0.00,False,False
veh1847,515136603->1337115429,veh_passenger,1239.00,1490.00,251.00,2524.80,0.00,False,False
veh1773,-224146621->-47267007#2,veh_passenger,1189.00,1496.00,307.00,2221.05,11.00,True,False
veh1948,-1204070283#0->178441748#1,veh_passenger,1310.00,1496.00,186.00,1167.33,0.00,False,False
veh2114,39838657#1->-564273553#3,veh_passenger,1418.00,1496.00,78.00,413.26,0.00,False,False
veh2062,39920505#6->33683346#3,veh_passenger,1383.00,1497.00,114.00,828.94,0.00,False,False
veh1943,40035325#0->1064476618#1,veh_passenger,1303.00,1503.00,200.00,1203.10,10.00,True,False
veh2085,1068144845#3->9704194#4,veh_passenger,1398.00,1506.00,108.00,969.99,43.00,False,False
veh1996,515138054->178702239#0,veh_passenger,1339.00,1511.00,172.00,2368.66,28.00,True,False
veh2107,1196008692#1->900399275,veh_passenger,1413.00,1511.00,98.00,2158.83,70.00,True,False
veh2098,-39920593#2->40138239#4,veh_passenger,1407.00,1513.00,106.00,583.80,0.00,False,False
bus196,515123438->428730793#1,bus_bus,1177.00,1516.00,339.00,1756.48,0.00,False,False
veh1927,1068144848#1->1100626097,veh_passenger,1293.00,1538.00,245.00,1320.35,7.00,False,False
veh1698,1290439818->178699051#1,veh_passenger,1139.00,1551.00,412.00,594.25,0.00,False,False
veh2079,-654297633->-1260485930#1,veh_passenger,1394.00,1551.00,157.00,895.16,0.00,False,False
veh1521,-1335304371->49224804#1,veh_passenger,1021.00,1556.00,535.00,1189.78,0.00,False,True
veh2101,-40139504#1->1064476618#0,veh_passenger,1409.00,1556.00,147.00,568.87,0.00,False,False
veh1525,475044040#4->-238219449,veh_passenger,1200.00,1567.00,367.00,484.27,0.00,False,False
veh1459,1222703383->238219441#0,veh_passenger,979.00,1569.00,590.00,869.29,221.00,False,False
veh2093,-238219441#2->1260485931#1,veh_passenger,1404.00,1590.00,186.00,795.79,0.00,False,False
veh1879,-39921672->72157794,veh_passenger,1260.00,1598.00,338.00,521.96,0.00,False,False
veh2251,499566573->654297633,veh_passenger,1510.00,1603.00,93.00,377.95,0.00,False,False
veh1399,499566577#1->10250021#3,veh_passenger,939.00,1604.00,665.00,1484.67,0.00,False,True
veh1936,1235501861#2->1067928305#1,veh_passenger,1457.00,1640.00,183.00,2441.62,29.00,True,False
bus175,1214520075->178702251,bus_bus,1204.00,1645.00,441.00,2262.59,60.00,True,False
veh2363,-238219441#2->-40140017#1,veh_passenger,1585.00,1646.00,61.00,325.19,0.00,False,False
bus252,40140141#3->822782498,bus_bus,1513.00,1650.00,137.00,790.34,0.00,False,False
bus263,1068144846#2->513082638,bus_bus,1579.00,1651.00,72.00,566.20,0.00,False,False
veh2159,1214520074#0->1068144845#2,veh_passenger,1455.00,1653.00,198.00,1884.14,35.00,True,False
veh1727,1214520073#1->1337646275,veh_passenger,1159.00,1662.00,503.00,2947.45,38.00,True,False
veh1882,142741729#1->40297715#3,veh_passenger,1262.00,1663.00,401.00,1088.78,309.00,False,False
bus212,15419906#0->24577455#1,bus_bus,1273.00,1670.00,397.00,1031.92,0.00,False,False
veh1836,1290439817#1->24577522#2,veh_passenger,1232.00,1675.00,443.00,872.54,0.00,False,False
bus206,1211151640->515130026#0,bus_bus,1237.00,1680.00,443.00,1498.36,0.00,False,False
veh2461,1273251150#1->-40138633#2,veh_passenger,1650.00,1681.00,31.00,211.75,0.00,False,False
veh2379,511404877->-1067928305#1,veh_passenger,1595.00,1687.00,92.00,1104.60,0.00,False,False
bus184,509524271->-1255099069,bus_bus,1507.00,1697.00,190.00,926.96,0.00,False,False
veh2397,-451728952#1->-1068144848#1,veh_passenger,1607.00,1711.00,104.00,569.92,5.00,True,False
veh1453,24576913#0->666886081,veh_passenger,975.00,1716.00,741.00,1058.31,0.00,False,False
veh1358,39920593#5->-1323097580#1,veh_passenger,911.00,1719.00,808.00,579.34,0.00,False,False
veh1519,1125986374->1254816452,veh_passenger,1019.00,1719.00,700.00,508.07,0.00,False,False
veh2472,-33683458#1->-39920593#1,veh_passenger,1658.00,1731.00,73.00,389.32,0.00,False,False
veh2310,515136608->1068144845#2,veh_passenger,1549.00,1740.00,191.00,1396.38,32.00,True,False
veh2493,-451728952#3->488786523,veh_passenger,1672.00,1740.00,68.00,627.21,0.00,False,True
veh1660,-1254816454->39921025#3,veh_passenger,1114.00,1747.00,633.00,792.25,0.00,False,False
veh2170,515130027->482569917#1,veh_passenger,1455.00,1748.00,293.00,1568.23,0.00,False,False
veh1926,15419875#0->39920222,veh_passenger,1296.00,1749.00,453.00,964.62,54.00,False,False
veh2338,1337646270->12247568#1,veh_passenger,1573.00,1752.00,179.00,1047.27,0.00,False,False
veh1720,24577522#0->515136607,veh_passenger,1154.00,1753.00,599.00,2592.26,31.00,True,False
veh2109,-437445540->1337646271#0,veh_passenger,1415.00,1777.00,362.00,1768.50,0.00,False,False
veh1599,1100626087->39921025#6,veh_passenger,1073.00,1778.00,705.00,1147.35,0.00,False,False
veh1575,564273553#0->1214520070,veh_passenger,1057.00,1782.00,725.00,884.21,0.00,False,False
veh2092,-1067928307#0->40115810#0,veh_passenger,1403.00,1784.00,381.00,1462.53,0.00,False,False
veh1726,1292568612->13909444#7,veh_passenger,1158.00,1795.00,637.00,2917.13,35.00,True,False
veh1508,515130026#1->509524271,veh_passenger,1012.00,1822.00,810.00,775.83,0.00,False,False
veh2237,232920701->1211151638,veh_passenger,1500.00,1835.00,335.00,2519.72,38.00,True,False
veh1473,-449565665#2->39921672,veh_passenger,988.00,1839.00,851.00,630.71,0.00,False,False
veh2617,13909444#5->-451728952#1,veh_passenger,1755.00,1846.00,91.00,750.59,0.00,False,True
veh2153,1214520078->-1125986378#1,veh_passenger,1444.00,1872.00,428.00,739.82,0.00,False,False
veh2529,1298335703->47087993#5,veh_passenger,1696.00,1882.00,186.00,1158.76,1.00,True,False
veh1581,39920550#13->687878725,veh_passenger,1061.00,1898.00,837.00,2334.50,32.00,True,False
truck142,1068144847->515126385#4,truck_truck,1705.00,1906.00,201.00,849.30,0.00,False,False
veh1605,437445541#0->509646057#2,veh_passenger,1077.00,1917.00,840.00,1910.50,0.00,False,False
veh1974,-240666072#1->39838984#1,veh_passenger,1324.00,1918.00,594.00,1259.63,0.00,False,True
veh1708,-10628442#0->-654297632#2,veh_passenger,1146.00,1920.00,774.00,657.59,0.00,False,False
truck132,1332638368#1->515136604,truck_truck,1585.00,1941.00,356.00,2168.59,0.00,False,False
veh2892,40036009#2->40036009#2,veh_passenger,1939.00,1942.00,3.00,13.29,0.00,False,False
veh1687,178699054->178702239#0,veh_passenger,1132.00,1947.00,815.00,3102.33,59.00,True,False
veh1596,40139504#1->654297630,veh_passenger,1071.00,1974.00,903.00,710.52,0.00,False,False
veh2234,513272950#1->1118804256#0,veh_passenger,1498.00,1977.00,479.00,1623.01,0.00,False,False
veh1517,-1125986386->511187808#3,veh_passenger,1018.00,1993.00,975.00,695.04,0.00,False,False
veh2847,521701858->39838882,veh_passenger,1909.00,2016.00,107.00,652.33,0.00,False,False
veh2003,39920550#12->178583146,veh_passenger,1344.00,2029.00,685.00,4309.09,118.00,True,False
veh1612,1067928306#2->450616334#0,veh_passenger,1082.00,2032.00,950.00,1600.14,0.00,False,False
veh1542,-1335304373#2->39920593#5,veh_passenger,1035.00,2045.00,1010.00,626.50,0.00,False,True
veh1546,9704194#1->-1214520079,veh_passenger,1037.00,2046.00,1009.00,899.34,0.00,False,False
veh2700,68574202->-413789558#0,veh_passenger,1810.00,2052.00,242.00,1815.52,0.00,False,False
veh2848,513082635#0-AddedOffRampEdge->47087993#1,veh_passenger,1910.00,2056.00,146.00,1562.08,0.00,False,True
veh1355,-8887999#1->1297720367,veh_passenger,909.00,2061.00,1152.00,977.45,0.00,False,False
bus272,413789557->1067928307#3,bus_bus,1633.00,2069.00,436.00,596.95,0.00,False,False
veh2548,422842976->-1214520079,veh_passenger,1709.00,2079.00,370.00,110.75,0.00,False,False
veh2023,15420537#2->-437445542,veh_passenger,1357.00,2081.00,724.00,2681.91,65.00,True,False
veh1524,479863106#0->39920505#9,veh_passenger,1023.00,2084.00,1061.00,1160.69,0.00,False,False
veh1539,178702253->9374529#1,veh_passenger,1033.00,2085.00,1052.00,1046.00,0.00,False,False
veh2649,13909444#6->240666069#0,veh_passenger,1776.00,2089.00,313.00,2363.27,11.00,True,False
veh3121,515123442#1->515123442#2,veh_passenger,2093.00,2101.00,8.00,57.99,0.00,False,False
veh2784,1068144844->488788633#1,veh_passenger,1867.00,2103.00,236.00,1977.59,37.00,False,False
veh2560,1118804257->1015424648,veh_passenger,1717.00,2110.00,393.00,1735.86,91.00,False,False
veh2203,-232920701->428730793#1,veh_passenger,1478.00,2115.00,637.00,2975.61,37.00,True,False
veh2670,178699049->451728952#4,veh_passenger,1790.00,2117.00,327.00,3132.42,59.00,True,False
bus284,511404872->178699058,bus_bus,1705.00,2124.00,419.00,1067.15,7.00,True,False
veh2517,1273405490->-40138633#3,veh_passenger,1688.00,2126.00,438.00,519.32,0.00,False,False
veh2812,-1323097577->33683346#2,veh_passenger,1886.00,2131.00,245.00,341.42,0.00,False,False
veh2648,40036062#0->-33683346#2,veh_passenger,1776.00,2138.00,362.00,590.91,0.00,False,False
veh3055,39920593#1->-40035606#2,veh_passenger,2048.00,2140.00,92.00,338.23,0.00,False,False
veh2668,-438516309->515126385#1,veh_passenger,1789.00,2150.00,361.00,1674.66,141.00,True,False
veh3114,437445539#0->654530820#1,veh_passenger,2091.00,2150.00,59.00,632.87,0.00,False,False
veh2406,-687878722#1->1298335702,veh_passenger,1614.00,2164.00,550.00,414.55,0.00,False,False
veh1496,1068074793->39920593#5,veh_passenger,1004.00,2183.00,1179.00,1259.86,36.00,False,False
bus273,40035606#3->-654297632#2,bus_bus,1639.00,2188.00,549.00,787.18,7.00,False,False
truck160,-1068144848#0->-450616334#1,truck_truck,1921.00,2194.00,273.00,1722.28,76.00,False,False
veh2896,515130028#0->9833223,veh_passenger,1942.00,2198.00,256.00,1499.45,0.00,False,False
veh1629,1421367508->11635146#0-AddedOffRampEdge,veh_passenger,1093.00,2204.00,1111.00,1850.94,17.00,False,False
veh2064,1204070282->1068144845#2,veh_passenger,1384.00,2204.00,820.00,3278.38,80.00,True,False
bus262,-474143552#2->474143552#5,bus_bus,1573.00,2228.00,655.00,265.44,0.00,False,False
veh1502,-47224972#0->-47224972#0,veh_passenger,2242.00,2243.00,1.00,5.85,0.00,False,False
veh3343,985133427->985133427,veh_passenger,2241.00,2254.00,13.00,180.78,0.00,False,False
bus247,1323097580#1->1068144847,bus_bus,1483.00,2255.00,772.00,3260.60,46.00,True,False
veh3307,335802675->900399275,veh_passenger,2217.00,2260.00,43.00,698.34,40.00,False,False
veh2090,654530820#0->564273553#2,veh_passenger,1402.00,2269.00,867.00,1839.19,0.00,False,False
veh1863,1337646271#0->1214520071,veh_passenger,1250.00,2272.00,1022.00,1415.74,0.00,False,False
veh3063,1068434201->967993112#0,veh_passenger,2054.00,2277.00,223.00,1325.79,0.00,False,False
veh2266,39366819#1->1074771170,veh_passenger,1520.00,2282.00,762.00,1367.12,0.00,False,False
veh3314,-1322916760#1->1322916760#1,veh_passenger,2222.00,2283.00,61.00,0.22,59.00,False,False
bus340,15420537#1->1118804256#0,bus_bus,2041.00,2303.00,262.00,1601.07,139.00,True,False
veh1968,1068434168->1068434256#0,veh_passenger,1326.00,2310.00,984.00,158.43,0.00,False,False
veh3432,47087993#1->47087993#2,veh_passenger,2301.00,2310.00,9.00,74.39,0.00,False,True
veh1545,509524228->178702248,veh_passenger,1037.00,2321.00,1284.00,1877.49,1120.00,True,False
bus383,-515130026#0->-515136607,bus_bus,2299.00,2324.00,25.00,267.43,0.00,False,False
veh2610,1068144847->1214520076,veh_passenger,1750.00,2329.00,579.00,994.21,0.00,False,False
veh3462,428730793#0->460316444,veh_passenger,2321.00,2335.00,14.00,181.64,0.00,False,False
veh3397,1273251150#1->40138633#1,veh_passenger,2277.00,2351.00,74.00,282.70,0.00,False,False
veh3349,13909444#6->47087366#2,veh_passenger,2245.00,2362.00,117.00,1425.57,10.00,True,False
veh3140,178702243#1->-450616334#0,veh_passenger,2105.00,2369.00,264.00,2877.99,46.00,False,False
veh2605,238219443->-39921673#1,veh_passenger,1747.00,2374.00,627.00,669.55,0.00,False,False
veh1858,515124965#1->511409188#1,veh_passenger,1246.00,2377.00,1131.00,562.08,0.00,False,False
veh1372,488788630#1->-39838630#3,veh_passenger,921.00,2390.00,1469.00,1847.27,0.00,False,False
veh1631,-687878725->1074409232#1,veh_passenger,1094.00,2390.00,1296.00,2381.02,0.00,False,False
truck80,-1335304385->1236283454,truck_truck,961.00,2395.00,1434.00,771.72,220.00,False,False
veh2588,40139504#1->1064476619,veh_passenger,1735.00,2410.00,675.00,870.87,0.00,False,False
veh3513,40035606#2->401226926#1,veh_passenger,2355.00,2412.00,57.00,334.85,0.00,False,False
veh3541,-437445539#1->-12247568#1,veh_passenger,2374.00,2418.00,44.00,474.86,0.00,False,False
bus348,1292578228->-39920593#2,bus_bus,2089.00,2432.00,343.00,312.66,0.00,False,False
veh1811,-1254633077#1->-50323229#14,veh_passenger,1296.00,2436.00,1140.00,86.80,0.00,False,False
bus238,10628444#1->39920593#5,bus_bus,1429.00,2450.00,1021.00,722.25,0.00,False,False
veh3495,24621218#4->-40035904#0,veh_passenger,2343.00,2454.00,111.00,671.70,0.00,False,False
veh1591,761486028#0->856175964,veh_passenger,1067.00,2465.00,1398.00,396.85,0.00,False,False
veh1919,-1068916338->39920684#1,veh_passenger,1287.00,2470.00,1183.00,878.78,0.00,False,False
veh3580,178583160->513082640,veh_passenger,2400.00,2481.00,81.00,1827.17,42.00,True,False
bus377,-39838984#0->13909444#4,bus_bus,2263.00,2483.00,220.00,602.42,0.00,False,False
bus158,71269782->-654297629#1,bus_bus,949.00,2487.00,1538.00,424.28,0.00,False,False
veh3630,240666069#2->488788636#0,veh_passenger,2434.00,2495.00,61.00,831.40,0.00,False,False
veh2935,-10628442#1->856175963,veh_passenger,1968.00,2518.00,550.00,190.62,0.00,False,False
veh2402,511187808#0->-39838691#1,veh_passenger,1679.00,2538.00,859.00,332.43,0.00,False,False
veh2436,687878722#0->-1332638368#2,veh_passenger,1634.00,2542.00,908.00,1471.83,33.00,False,False
veh1362,490474063#6->1231065652,veh_passenger,914.00,2552.00,1638.00,2318.95,396.00,True,False
bus186,1298335702->-515040940#0,bus_bus,1143.00,2559.00,1416.00,1156.53,0.00,False,False
veh3506,39839521->24621218#1,veh_passenger,2351.00,2569.00,218.00,174.30,0.00,False,False
bus359,-1100626103#1->1323097579#2,bus_bus,2155.00,2570.00,415.00,433.00,0.00,False,False
veh2016,513272951#1->-1292541108,veh_passenger,1352.00,2572.00,1220.00,1076.54,0.00,False,False
veh2657,1421367508->47087993#1,veh_passenger,1782.00,2582.00,800.00,1515.96,0.00,False,True
bus221,-474143552#1->1067928305#2,bus_bus,1327.00,2620.00,1293.00,3014.36,35.00,True,False
veh3101,499566574#0->1125986375#1,veh_passenger,2079.00,2623.00,544.00,912.25,0.00,False,False
veh2671,-1273405490->499566577#0,veh_passenger,1791.00,2628.00,837.00,915.41,7.00,False,False
bus182,-449565665#2->-1068144849#0,bus_bus,1224.00,2640.00,1416.00,2438.35,34.00,True,False
veh3907,1207401652#1->1068434208#0,veh_passenger,2619.00,2654.00,35.00,209.91,0.00,False,False
veh3912,15525299->160078084-AddedOnRampEdge,veh_passenger,2623.00,2660.00,37.00,711.23,36.00,False,False
veh2633,12262310#0-AddedOffRampEdge->178702239#0-AddedOnRampEdge,veh_passenger,1766.00,2664.00,898.00,1175.27,893.00,False,False
veh1837,-1068916335->-24576913#1,veh_passenger,1232.00,2667.00,1435.00,900.74,0.00,False,False
veh3586,538432100->515130028#0,veh_passenger,2404.00,2671.00,267.00,1477.19,0.00,False,False
veh1436,39920550#4->40035606#0,veh_passenger,964.00,2673.00,1709.00,773.33,472.00,False,False
veh3300,-238219441#2->654297631,veh_passenger,2212.00,2677.00,465.00,407.45,0.00,False,False
veh1655,1260481153->-1125986385#0,veh_passenger,1110.00,2680.00,1570.00,599.38,0.00,False,False
veh1802,39920550#2->439836130#0-AddedOffRampEdge,veh_passenger,1209.00,2686.00,1477.00,1215.06,30.00,True,False
veh2824,437445541#1->-564273553#3,veh_passenger,1894.00,2690.00,796.00,998.50,0.00,False,False
veh1940,-8887999#0->1234244925#0,veh_passenger,1301.00,2693.00,1392.00,180.46,0.00,False,False
veh3391,10628442#1->-10628442#3,veh_passenger,2273.00,2695.00,422.00,292.01,0.00,False,False
bus211,1211151638->428730813#3,bus_bus,1272.00,2713.00,1441.00,1245.13,0.00,False,False
bus283,511187811->1297720376#1,bus_bus,2360.00,2716.00,356.00,679.39,0.00,False,False
veh1835,47087992#3->460316444,veh_passenger,1231.00,2719.00,1488.00,2694.90,10.00,True,False
veh3685,1214520074#3->-1322916760#1,veh_passenger,2470.00,2720.00,250.00,1522.47,24.00,True,False
veh2788,460316444->-405382146#1,veh_passenger,1869.00,2722.00,853.00,1718.83,0.00,False,False
veh4009,-1326094888->428730813#0,veh_passenger,2688.00,2725.00,37.00,397.58,0.00,False,False
veh3785,1337646271#0->-413789558#0,veh_passenger,2537.00,2728.00,191.00,1737.20,0.00,False,False
bus319,1297720367->-1323097580#0,bus_bus,1915.00,2732.00,817.00,938.67,0.00,False,False
veh3883,515136607->-1068144848#1,veh_passenger,2603.00,2736.00,133.00,755.29,3.00,True,False
veh1987,449565665#0->488788636#1,veh_passenger,1333.00,2741.00,1408.00,1774.18,0.00,False,False
bus202,147711065#1->-39838691#10,bus_bus,1213.00,2751.00,1538.00,701.20,0.00,False,False
veh3710,-1211151638->413789558#0,veh_passenger,2487.00,2761.00,274.00,639.30,0.00,False,False
veh2439,1204070283#1->-449565665#1,veh_passenger,1636.00,2765.00,1129.00,622.75,0.00,False,False
veh1446,488788630#1->47087992#2,veh_passenger,970.00,2776.00,1806.00,488.99,0.00,False,False
truck102,178583145->439836130#0-AddedOffRampEdge,truck_truck,1225.00,2791.00,1566.00,1804.79,31.00,True,False
bus231,-33683346#0->39920550#2,bus_bus,1387.00,2793.00,1406.00,919.50,24.00,False,False
veh2989,39920505#12->39920550#1,veh_passenger,2004.00,2793.00,789.00,113.71,0.00,False,False
veh2465,488788626#2->1235501860,veh_passenger,1725.00,2796.00,1071.00,276.28,0.00,False,False
veh1925,39838984#0->178702258#1,veh_passenger,1291.00,2800.00,1509.00,903.53,0.00,False,False
veh4157,1068916336->1204070283#0,veh_passenger,2787.00,2809.00,22.00,327.59,0.00,False,False
veh2141,40035606#2->1323097579#0,veh_passenger,1436.00,2813.00,1377.00,906.50,0.00,False,False
veh2552,1125986385#1->-40140017#2,veh_passenger,1714.00,2815.00,1101.00,380.76,0.00,False,False
veh1582,-39838691#8->1337115429,veh_passenger,1061.00,2818.00,1757.00,789.42,0.00,False,False
veh1427,39921025#5->50323229#15,veh_passenger,958.00,2829.00,1871.00,1555.54,0.00,False,False
veh4143,1125986374->-1260485931#1,veh_passenger,2777.00,2830.00,53.00,465.79,0.00,False,False
bus235,421846558#0->-178702258#0,bus_bus,1411.00,2838.00,1427.00,563.60,0.00,False,False
veh2714,1332638391#2->-14924729#1,veh_passenger,1820.00,2839.00,1019.00,646.72,0.00,False,False
veh2095,178441748#0->-474143552#0,veh_passenger,1405.00,2842.00,1437.00,532.90,0.00,False,False
veh4144,39920550#10->11631594#1,veh_passenger,2778.00,2845.00,67.00,380.02,0.00,False,False
veh2126,479863106#0->511404874#1,veh_passenger,1426.00,2870.00,1444.00,321.78,0.00,False,False
veh1640,1337646276->1226645410,veh_passenger,1100.00,2884.00,1784.00,754.64,0.00,False,False
veh2592,-1125986377#2->1068434204,veh_passenger,1738.00,2901.00,1163.00,446.92,0.00,False,False
veh2411,-40109290#5->-1273251150#0,veh_passenger,1617.00,2918.00,1301.00,406.90,0.00,False,False
veh2842,1211151635#1->521701858,veh_passenger,1906.00,2930.00,1024.00,823.92,0.00,False,False
veh3147,-654297632#2->40140017#0,veh_passenger,2110.00,2950.00,840.00,326.31,0.00,False,False
veh4365,460316444->381945551,veh_passenger,2926.00,2973.00,47.00,532.07,0.00,False,False
veh4375,-437445539#1->428730793#1,veh_passenger,2933.00,2973.00,40.00,505.98,0.00,False,False
veh2116,488788636#0->39838691#5,veh_passenger,1419.00,2975.00,1556.00,1284.71,0.00,False,False
veh2386,1074409256#2->1015424648,veh_passenger,1806.00,2978.00,1172.00,654.45,0.00,False,False
bus201,-654297633->1064476620#0,bus_bus,1207.00,2981.00,1774.00,646.49,0.00,False,False
bus336,499566574#1->1323097575#3,bus_bus,2017.00,2986.00,969.00,428.77,0.00,False,False
bus271,13909444#0->1214520074#1,bus_bus,1627.00,2992.00,1365.00,527.48,0.00,False,False
veh4284,1068144844->1068144849#1,veh_passenger,2872.00,3004.00,132.00,842.21,117.00,False,False
veh1799,-687878722#2->1068144846#0,veh_passenger,1208.00,3005.00,1797.00,626.49,0.00,False,False
bus318,178702258#1->39838530,bus_bus,1909.00,3010.00,1101.00,476.35,0.00,False,False
veh2910,39366819#0->47087992#0,veh_passenger,1951.00,3022.00,1071.00,1522.40,0.00,False,False
veh1945,12247569->511187808#4-AddedOnRampEdge,veh_passenger,1305.00,3033.00,1728.00,620.45,0.00,False,False
bus324,1064476624->838061038,bus_bus,1945.00,3036.00,1091.00,2185.01,33.00,True,False
veh1371,967993112#1->8758061,veh_passenger,920.00,3039.00,2119.00,1449.23,0.00,False,False
veh2043,499566573->40109290#0,veh_passenger,1370.00,3048.00,1678.00,669.87,0.00,False,False
veh3664,40140017#1->475044040#2,veh_passenger,2456.00,3055.00,599.00,568.36,1.00,True,False
bus192,1235501861#2->475044040#3,bus_bus,1155.00,3059.00,1904.00,823.92,1241.00,False,False
bus244,-238219449->968332509,bus_bus,1465.00,3065.00,1600.00,1195.38,0.00,False,False
veh1938,178702243#1-AddedOnRampEdge->1214520073#0,veh_passenger,1300.00,3073.00,1773.00,2713.31,52.00,False,False
veh1588,-39838657#3->1211151635#0,veh_passenger,1065.00,3074.00,2009.00,727.11,0.00,False,False
bus178,-1290439818->1335304373#1,bus_bus,1069.00,3074.00,2005.00,949.70,0.00,False,False
veh4085,178699051#1->666886085#0,veh_passenger,2738.00,3086.00,348.00,216.14,0.00,False,False
veh1794,-40036009#1->39920550#11,veh_passenger,1205.00,3098.00,1893.00,1136.76,27.00,False,False
veh1329,511187818->39920550#10,veh_passenger,1156.00,3102.00,1946.00,1009.15,0.00,False,False
veh3461,515124965#1->1068144847,veh_passenger,2320.00,3118.00,798.00,1643.21,23.00,False,False
truck135,-10628429->47157282#0,truck_truck,1621.00,3130.00,1509.00,919.16,0.00,False,False
veh1516,-1335304373#1->465144361,veh_passenger,1017.00,3149.00,2132.00,526.49,36.00,True,False
veh1792,39920505#9->40036062#0,veh_passenger,1202.00,3155.00,1953.00,975.09,250.00,False,False
veh2459,-40140017#1->-1204070283#0,veh_passenger,1649.00,3165.00,1516.00,810.85,0.00,False,False
veh4544,515126385#3->1118804256#1,veh_passenger,3046.00,3165.00,119.00,905.51,0.00,False,False
veh4506,515136607->-1068144849#2,veh_passenger,3021.00,3167.00,146.00,1402.29,35.00,True,False
veh4651,13909444#5->-1068144848#0,veh_passenger,3118.00,3175.00,57.00,688.14,8.00,False,False
veh2961,1323097576->-40035325#1,veh_passenger,1985.00,3180.00,1195.00,378.05,0.00,False,False
veh3536,-10250021#2->-1260485929#2,veh_passenger,2371.00,3186.00,815.00,335.74,0.00,False,False
truck174,1125986379#1->-1260485929#2,truck_truck,2283.00,3191.00,908.00,496.26,0.00,False,False
truck79,488788630#0->-449565665#1,truck_truck,951.00,3199.00,2248.00,1901.76,0.00,False,False
veh3115,-33683458#1->238219446#1,veh_passenger,2089.00,3211.00,1122.00,1067.37,0.00,False,False
veh2966,-1335304373#1->39920593#4,veh_passenger,1989.00,3213.00,1224.00,375.56,0.00,False,True
veh3250,-39838657#2->521705695,veh_passenger,2179.00,3215.00,1036.00,314.64,0.00,False,False
veh4629,515136607->47087993#1,veh_passenger,3103.00,3225.00,122.00,1057.55,0.00,False,True
veh1410,-39838530->-1074409256#2,veh_passenger,2018.00,3230.00,1212.00,224.91,0.00,False,False
veh3341,490474063#2->40035904#1,veh_passenger,2273.00,3236.00,963.00,552.97,303.00,False,False
veh3338,-1260485930#1->-1125986375#1,veh_passenger,2238.00,3253.00,1015.00,568.99,0.00,False,False
veh3959,-10748036->10250021#3,veh_passenger,2654.00,3261.00,607.00,389.39,0.00,False,False
veh2810,761486028#0->1332638368#0,veh_passenger,1884.00,3263.00,1379.00,812.98,0.00,False,False
veh1387,1204070283#0->1332638368#0,veh_passenger,931.00,3266.00,2335.00,1469.87,0.00,False,False
veh1347,-47224972#1->-1068144849#2,veh_passenger,904.00,3269.00,2365.00,1728.44,35.00,True,False
veh3431,-1211151638->-10628430,veh_passenger,2342.00,3271.00,929.00,700.49,0.00,False,False
bus266,-1292568612->40139708,bus_bus,1597.00,3273.00,1676.00,1281.71,0.00,True,False
bus181,39920550#11->-488788637#0,bus_bus,1087.00,3277.00,2190.00,1218.94,0.00,False,False
veh3978,10748036->1125986375#0,veh_passenger,2667.00,3286.00,619.00,673.87,0.00,False,False
veh3924,-39838984#0->761486028#1,veh_passenger,2631.00,3297.00,666.00,591.60,0.00,False,False
veh2600,-39921672->1290439817#1,veh_passenger,1743.00,3304.00,1561.00,874.11,0.00,False,False
veh1457,-1214520076->511187809,veh_passenger,1153.00,3306.00,2153.00,184.76,0.00,False,False
veh2200,1067928305#2->-39838691#8,veh_passenger,1475.00,3326.00,1851.00,1540.80,0.00,False,False
veh2753,900279869->1068434208#0-AddedOffRampEdge,veh_passenger,2229.00,3327.00,1098.00,586.76,0.00,False,False
veh1469,39838691#9->1214520078,veh_passenger,986.00,3335.00,2349.00,1240.72,0.00,False,False
veh4892,9374529#1->-1290439817#1,veh_passenger,3279.00,3336.00,57.00,161.11,0.00,False,False
veh2667,-40036009#1->-50323229#13,veh_passenger,1788.00,3347.00,1559.00,90.67,0.00,False,False
veh3531,39838984#0->47225638#3,veh_passenger,2367.00,3348.00,981.00,1075.39,0.00,False,False
veh1445,-39838657#2->-838061037,veh_passenger,970.00,3351.00,2381.00,527.45,0.00,False,False
veh2641,50323229#7->1323097575#1,veh_passenger,2108.00,3359.00,1251.00,342.86,0.00,False,False
veh4253,1335304376#1->-654297631,veh_passenger,2851.00,3373.00,522.00,405.77,0.00,False,False
bus503,39763700#2->-1074409256#2,bus_bus,3019.00,3374.00,355.00,373.94,0.00,False,False
veh3182,573632774->1326193809,veh_passenger,2133.00,3378.00,1245.00,701.29,0.00,False,False
truck73,-511187818->515136604,truck_truck,1156.00,3382.00,2226.00,1959.42,0.00,False,False
veh2259,-33683346#0->-40035325#2,veh_passenger,1515.00,3386.00,1871.00,503.78,0.00,False,False
veh2526,24577522#3->-40035325#2,veh_passenger,1694.00,3389.00,1695.00,923.28,0.00,False,False
veh2697,856175964->-1335304386#1,veh_passenger,1808.00,3407.00,1599.00,867.54,0.00,False,False
veh4117,-1068144847->1421367925,veh_passenger,2760.00,3413.00,653.00,1240.77,36.00,True,False
veh2820,654530820#1->654297629#1,veh_passenger,1891.00,3423.00,1532.00,1947.95,0.00,False,False
veh2889,11631594#0->40035904#2,veh_passenger,1937.00,3427.00,1490.00,981.47,0.00,False,False
veh1396,10629709#0->1335304373#0,veh_passenger,937.00,3437.00,2500.00,637.09,0.00,False,False
veh3054,-1323097580#1->11631594#2,veh_passenger,2048.00,3440.00,1392.00,269.69,0.00,False,False
bus311,-1125986374->1214520079,bus_bus,1867.00,3450.00,1583.00,718.49,0.00,False,False
veh1485,1214520076->-511187807,veh_passenger,1157.00,3454.00,2297.00,289.43,0.00,False,False
veh2908,511404880#0->509524270,veh_passenger,1950.00,3469.00,1519.00,304.64,0.00,False,False
bus379,-401226925#0->-1272337500,bus_bus,2275.00,3470.00,1195.00,446.51,0.00,False,False
veh3447,490474063#1->39920550#1,veh_passenger,2577.00,3472.00,895.00,472.67,328.00,False,False
bus401,381945551->515126385#4,bus_bus,2407.00,3488.00,1081.00,1030.89,0.00,False,False
bus554,1064476622#0->1260485931#1,bus_bus,3325.00,3501.00,176.00,761.94,0.00,False,False
bus433,40297715#3->-40035325#0,bus_bus,2599.00,3504.00,905.00,336.26,0.00,False,False
veh1481,513272950#1->9832326#1,veh_passenger,994.00,3514.00,2520.00,1357.15,0.00,False,False
veh2038,1260485929#0->1214520074#1,veh_passenger,1367.00,3514.00,2147.00,771.31,0.00,False,False
veh2388,1211151638->47224972#0,veh_passenger,1622.00,3518.00,1896.00,742.15,0.00,False,False
veh2005,39366819#1->1068434236,veh_passenger,1345.00,3527.00,2182.00,515.03,0.00,False,False
veh1378,1068916335->10628442#3,veh_passenger,925.00,3532.00,2607.00,631.10,0.00,False,False
veh3291,-1074409256#0->-24576913#0,veh_passenger,2919.00,3532.00,613.00,42.63,0.00,False,False
veh2787,39838657#1->1272548721,veh_passenger,1869.00,3534.00,1665.00,1098.38,0.00,False,False
veh1359,1075505400#2->178583148#2-AddedOnRampEdge,veh_passenger,912.00,3542.00,2630.00,1555.71,0.00,False,False
bus440,150928465->900399275,bus_bus,2641.00,3542.00,901.00,1947.09,65.00,True,False
truck233,-1204070283#1->1196008691#0,truck_truck,2797.00,3550.00,753.00,1004.08,0.00,False,False
bus261,509646053#0->-40140017#1,bus_bus,1567.00,3551.00,1984.00,864.87,0.00,False,False
veh3449,-50323229#0->1068074793,veh_passenger,2428.00,3558.00,1130.00,521.70,0.00,False,False
veh4011,47087992#1->-47224972#0,veh_passenger,2689.00,3573.00,884.00,1480.99,11.00,True,False
bus161,24576922#2->1332638391#0,bus_bus,967.00,3578.00,2611.00,1225.70,0.00,False,False
veh5098,515136608->1421367925,veh_passenger,3417.00,3594.00,177.00,1228.60,0.00,False,False
truck128,-39838691#7->-24576913#0,truck_truck,1537.00,3596.00,2059.00,462.49,0.00,False,False
veh1391,-1125986375#1->515123442#2,veh_passenger,933.00,3615.00,2682.00,1131.75,0.00,False,False
veh3892,521705694#0->521708587#0,veh_passenger,3297.00,3618.00,321.00,53.47,0.00,False,False
veh5367,-413789558#1->-413789558#0,veh_passenger,3597.00,3621.00,24.00,313.46,0.00,False,False
veh1615,428730800->511404880#0,veh_passenger,1084.00,3623.00,2539.00,693.44,0.00,False,False
veh4191,-474143552#4->-1290439817#0,veh_passenger,2809.00,3625.00,816.00,475.16,0.00,False,False
veh3418,-39920593#0->50323226,veh_passenger,2292.00,3639.00,1347.00,570.37,0.00,False,False
veh3231,1231065644->1260485930#1,veh_passenger,2166.00,3645.00,1479.00,934.36,21.00,False,False
veh3236,-1273251151->-654297637#0,veh_passenger,2170.00,3645.00,1475.00,878.49,0.00,False,False
veh4022,-1260485929#1->1222181935,veh_passenger,2696.00,3647.00,951.00,346.15,0.00,False,False
veh2699,24577455#2->1254816454,veh_passenger,1810.00,3648.00,1838.00,933.05,0.00,False,False
bus456,-1067928307#3->47267007#1,bus_bus,2737.00,3651.00,914.00,379.02,0.00,False,False
veh2962,-39838657#2->515130028#1,veh_passenger,1986.00,3656.00,1670.00,1805.34,0.00,False,False
veh5055,47267011#2->47267007#2,veh_passenger,3388.00,3657.00,269.00,1171.86,0.00,False,False
veh1441,40297715#0->-50323229#15,veh_passenger,967.00,3660.00,2693.00,1050.81,269.00,False,False
bus253,-654297632#0->488788626#1,bus_bus,1523.00,3663.00,2140.00,1231.68,771.00,True,False
veh5051,-40036009#1->-40036009#1,veh_passenger,3386.00,3665.00,279.00,25.60,0.00,False,False
veh4171,39763700#6->-1068916339,veh_passenger,2796.00,3669.00,873.00,562.03,0.00,False,False
veh3729,40140017#1->40138941#1,veh_passenger,2500.00,3673.00,1173.00,881.42,0.00,False,False
veh2893,422842976->-761486028#1,veh_passenger,1940.00,3674.00,1734.00,1168.68,0.00,False,False
veh1906,-428730813#3->-1068144848#0,veh_passenger,1279.00,3679.00,2400.00,1294.94,17.00,True,False
veh2878,1125986406#1->666886084#0,veh_passenger,1930.00,3685.00,1755.00,447.15,0.00,False,False
veh3457,1074409256#2->39366819#0,veh_passenger,2360.00,3688.00,1328.00,495.36,0.00,False,False
veh3997,511187808#1->521704053,veh_passenger,2679.00,3715.00,1036.00,163.39,0.00,False,False
bus213,-488788629->-482569917#1,bus_bus,1279.00,3720.00,2441.00,1865.29,0.00,False,False
truck90,178583167#1->-1204070283#1,truck_truck,1081.00,3726.00,2645.00,992.31,0.00,False,False
veh2972,1272548721->39921025#3,veh_passenger,1993.00,3727.00,1734.00,580.14,0.00,False,False
truck157,-50323229#15->499566574#1,truck_truck,1924.00,3729.00,1805.00,1122.59,0.00,False,False
veh2007,150928465->-1254816455,veh_passenger,1349.00,3730.00,2381.00,1192.53,0.00,False,False
veh3879,39838691#1->-39366819#1,veh_passenger,2600.00,3738.00,1138.00,241.06,0.00,False,False
veh3042,381945551->47267011#2,veh_passenger,2040.00,3739.00,1699.00,2083.87,0.00,False,False
truck127,39920550#8->654297634,truck_truck,1525.00,3741.00,2216.00,1338.23,0.00,False,False
veh5235,-12247568#1->12247568#1,veh_passenger,3509.00,3745.00,236.00,105.80,0.00,False,False
bus229,654297637#1->-449565665#2,bus_bus,1375.00,3752.00,2377.00,1250.29,0.00,False,False
veh2010,1326193809->-1335304386#1,veh_passenger,1348.00,3754.00,2406.00,869.26,301.00,False,False
veh2415,1254816453#1->1335304373#0,veh_passenger,1620.00,3758.00,2138.00,972.75,0.00,False,False
veh4010,521701860->538432098,veh_passenger,2688.00,3762.00,1074.00,479.42,0.00,False,False
veh1623,-654297637#2->39838657#1,veh_passenger,1089.00,3768.00,2679.00,1553.84,0.00,False,False
veh3521,509524270->-1067928305#1,veh_passenger,2801.00,3772.00,971.00,1068.59,0.00,False,False
truck107,24621218#3->39921192#1,truck_truck,1285.00,3803.00,2518.00,580.37,0.00,False,False
bus357,39920505#11->490474063#5,bus_bus,2143.00,3812.00,1669.00,961.84,0.00,False,False
veh4962,-10628442#2->-10748036,veh_passenger,3326.00,3817.00,491.00,432.06,0.00,False,False
veh3852,10250021#2->24576922#0,veh_passenger,2582.00,3820.00,1238.00,688.88,0.00,False,False
bus210,509646056->666886086#3,bus_bus,1594.00,3825.00,2231.00,1638.80,0.00,False,False
veh2741,666886084#0->-1074771160,veh_passenger,1838.00,3833.00,1995.00,571.90,0.00,False,False
veh2557,654297629#5->24576913#1,veh_passenger,1715.00,3836.00,2121.00,367.77,0.00,False,False
veh4155,975216739->1231065654,veh_passenger,2785.00,3837.00,1052.00,430.38,205.00,False,False
bus570,1125986378#0->238219472#3,bus_bus,3421.00,3856.00,435.00,423.03,0.00,False,False
bus344,12090453#0->654297629#1,bus_bus,2065.00,3889.00,1824.00,1526.97,0.00,False,False
veh4900,-654297630->488788626#2,veh_passenger,3284.00,3889.00,605.00,607.96,0.00,False,False
veh3737,11635095-AddedOffRampEdge->-240666072#0,veh_passenger,2505.00,3893.00,1388.00,2199.39,586.00,True,False
veh5156,-40140017#1->654297631,veh_passenger,3456.00,3904.00,448.00,233.30,0.00,False,False
veh3463,39838520#1->-12247569,veh_passenger,2322.00,3907.00,1585.00,609.65,0.00,False,False
truck124,39086240-AddedOffRampEdge->9704194#3,truck_truck,1489.00,3915.00,2426.00,1327.44,31.00,False,False
veh2143,509646144->1335304373#0,veh_passenger,1437.00,3923.00,2486.00,1095.60,0.00,False,False
veh2396,-50323229#10->1064398309#1,veh_passenger,1607.00,3923.00,2316.00,468.67,0.00,False,False
veh2708,8887999#1->1260481153,veh_passenger,1816.00,3928.00,2112.00,854.09,0.00,False,False
veh1900,238219441#0->511185049,veh_passenger,1278.00,3929.00,2651.00,749.09,0.00,False,False
veh3494,449565665#3->521713925,veh_passenger,2436.00,3934.00,1498.00,649.75,0.00,False,False
bus367,1100626103#3->1064398309#1,bus_bus,2203.00,3939.00,1736.00,1670.93,0.00,False,False
veh3232,-10628442#0->-451728952#3,veh_passenger,2167.00,3950.00,1783.00,1539.65,0.00,False,False
veh1428,1214520073#1->-147711065#0,veh_passenger,958.00,3951.00,2993.00,505.97,0.00,False,False
veh2940,1201484855->1214520074#4,veh_passenger,1971.00,3957.00,1986.00,1025.12,0.00,False,False
veh3330,1297720367->1222703384#0,veh_passenger,2233.00,3967.00,1734.00,447.40,0.00,False,False
veh2177,1231065644->1068144848#0,veh_passenger,1460.00,3971.00,2511.00,2067.48,64.00,False,False
veh2492,39920550#2->10628442#3,veh_passenger,1671.00,3972.00,2301.00,1032.33,0.00,False,False
veh2664,147711065#0->11631594#2,veh_passenger,1786.00,3974.00,2188.00,1267.57,0.00,False,False
veh3555,1074771163#1->1235501862,veh_passenger,2383.00,3995.00,1612.00,498.32,0.00,False,False
veh5355,40140017#1->1335304372,veh_passenger,3589.00,3996.00,407.00,610.85,0.00,False,False
veh2217,-1067928305#0->-47267007#0,veh_passenger,1487.00,3997.00,2510.00,2095.57,0.00,False,False
veh2012,40115810#1->-761486028#1,veh_passenger,1350.00,4005.00,2655.00,2806.91,27.00,True,False
veh2957,40035325#2->-40035992,veh_passenger,1997.00,4007.00,2010.00,818.04,0.00,False,True
veh2403,39920550#10->515130025,veh_passenger,1612.00,4008.00,2396.00,2656.69,32.00,True,False
veh4162,1214520075->515126384,veh_passenger,3199.00,4011.00,812.00,983.51,0.00,False,False
bus191,-515126384->509646057#0,bus_bus,1147.00,4016.00,2869.00,1151.87,0.00,False,False
veh2569,666886086#3->-224146621,veh_passenger,1723.00,4017.00,2294.00,2499.71,32.00,True,False
truck113,-474143552#2->40297647#0,truck_truck,1357.00,4022.00,2665.00,502.63,0.00,False,False
veh4564,-142741729#0->1064476618#1,veh_passenger,3059.00,4025.00,966.00,1254.20,0.00,True,False
veh2926,24576922#0->24577455#1,veh_passenger,1962.00,4029.00,2067.00,1216.88,0.00,False,False
veh2387,-1335304386#1->39920550#3,veh_passenger,1601.00,4032.00,2431.00,708.61,929.00,False,False
veh3061,-10629474#0->488788637#0,veh_passenger,2052.00,4035.00,1983.00,493.67,0.00,False,False
bus168,10629474#1->509646057#0,bus_bus,1009.00,4043.00,3034.00,868.96,0.00,False,False
truck176,1068434200#0->510107701,truck_truck,2113.00,4052.00,1939.00,337.03,0.00,False,False
veh2063,-1067928305#0->47225638#4,veh_passenger,1384.00,4054.00,2670.00,1482.16,10.00,True,False
truck154,488788633#2->1005394020,truck_truck,1849.00,4058.00,2209.00,1441.35,13.00,True,False
veh3273,24576922#1->39921673#1,veh_passenger,2194.00,4061.00,1867.00,1783.83,0.00,False,False
veh3534,1214520074#0->1068144846#2,veh_passenger,2369.00,4062.00,1693.00,703.34,0.00,False,False
veh3402,-428730813#2->232920701,veh_passenger,2281.00,4068.00,1787.00,1301.17,17.00,True,False
truck143,475044040#2->511404873#1,truck_truck,1717.00,4074.00,2357.00,1309.96,307.00,False,False
veh4485,10628442#2->511409856#1,veh_passenger,3006.00,4074.00,1068.00,670.57,0.00,False,False
veh2282,39763700#4->521704031#0,veh_passenger,1531.00,4075.00,2544.00,746.47,0.00,False,False
bus463,654297633->-1125986377#2,bus_bus,2779.00,4079.00,1300.00,702.76,0.00,False,False
veh2313,-1332638368#1->-10628444#0,veh_passenger,1551.00,4081.00,2530.00,1485.76,0.00,False,False
veh3429,40140141#1->515126385#1,veh_passenger,2299.00,4081.00,1782.00,948.81,0.00,False,False
bus214,1222703382->-1068916339,bus_bus,1285.00,4082.00,2797.00,730.95,2190.00,True,False
veh4200,1125986379#1->900279869,veh_passenger,2815.00,4082.00,1267.00,640.26,0.00,False,False
veh4236,240666072#2->1332638391#1,veh_passenger,2840.00,4083.00,1243.00,986.92,0.00,False,True
bus374,39921025#8->515126385#4,bus_bus,2246.00,4093.00,1847.00,2439.35,33.00,True,False
veh4866,131671623->1074409256#0,veh_passenger,3262.00,4100.00,838.00,295.54,0.00,False,False
veh5027,1292568612->178583140#1,veh_passenger,3370.00,4107.00,737.00,474.63,0.00,False,False
veh2374,-488788630#0->428730813#3,veh_passenger,1592.00,4109.00,2517.00,344.52,0.00,False,False
veh2389,437445542->428730813#3,veh_passenger,1602.00,4111.00,2509.00,421.34,0.00,False,False
veh4667,131671623->405382146#0,veh_passenger,3128.00,4113.00,985.00,1131.71,0.00,False,False
veh1753,1125986378#0->40297647#2,veh_passenger,1176.00,4115.00,2939.00,1383.03,0.00,False,False
veh1793,1068434202->1125986377#1,veh_passenger,1203.00,4117.00,2914.00,298.60,0.00,False,False
veh5231,654297629#4->-1015424648,veh_passenger,3506.00,4117.00,611.00,936.06,0.00,False,False
veh2540,1214520079->475044040#2,veh_passenger,1901.00,4118.00,2217.00,1236.16,301.00,False,False
veh3502,1337115429->413789558#0,veh_passenger,2348.00,4124.00,1776.00,1154.08,0.00,False,False
veh3589,-39838751#0->178441748#1,veh_passenger,2406.00,4125.00,1719.00,1453.07,0.00,False,False
veh4207,39920550#6->1272337501,veh_passenger,2820.00,4127.00,1307.00,1023.90,0.00,False,False
veh2173,1204070283#1->475044040#4,veh_passenger,1457.00,4139.00,2682.00,1094.89,0.00,False,False
veh2368,511187811->1075505400#0,veh_passenger,1588.00,4141.00,2553.00,1239.40,0.00,False,False
veh1849,511405572->-474143552#4,veh_passenger,1530.00,4147.00,2617.00,1195.35,0.00,False,False
veh3342,10628442#0->40140017#0,veh_passenger,2241.00,4150.00,1909.00,539.52,0.00,False,False
veh2482,40036009#1->-474143552#3,veh_passenger,1664.00,4151.00,2487.00,1045.19,301.00,False,False
veh1729,488788629->39838520#0,veh_passenger,1160.00,4152.00,2992.00,579.98,0.00,False,False
veh2265,-654297632#0->-1260485930#1,veh_passenger,1519.00,4153.00,2634.00,652.20,0.00,False,False
veh2528,9374529#1->-1125986377#2,veh_passenger,1695.00,4153.00,2458.00,702.26,0.00,False,False
veh2525,240666069#1->515124965#2,veh_passenger,1693.00,4159.00,2466.00,998.45,0.00,False,False
veh4561,-39920593#4->49224804#0,veh_passenger,3057.00,4161.00,1104.00,540.39,0.00,False,False
bus536,40140017#0->490474063#2,bus_bus,3217.00,4162.00,945.00,687.38,0.00,False,False
veh4124,178699049->1067928306#0,veh_passenger,2765.00,4164.00,1399.00,2499.55,31.00,True,False
bus420,488788637#0->654297632#2,bus_bus,2521.00,4165.00,1644.00,426.07,0.00,False,False
veh2273,39763700#3->1068434199,veh_passenger,1524.00,4166.00,2642.00,1030.48,0.00,False,False
veh2783,475044040#2->39920550#11,veh_passenger,1866.00,4167.00,2301.00,819.21,2.00,False,False
bus170,10628442#1->1196008691#1,bus_bus,1021.00,4171.00,3150.00,1545.82,0.00,False,False
veh3102,50323229#10->-1297720376#0,veh_passenger,2388.00,4174.00,1786.00,1241.88,605.00,False,False
veh3787,-39838691#5->-1125986375#1,veh_passenger,2539.00,4174.00,1635.00,1456.52,0.00,False,False
veh3118,1068144845#1->1332638368#0,veh_passenger,2093.00,4176.00,2083.00,772.87,61.00,False,False
veh3574,511187808#1->515136604,veh_passenger,2396.00,4184.00,1788.00,2125.65,0.00,False,False
veh2413,1074409255#2->-1226645407,veh_passenger,1624.00,4191.00,2567.00,2394.37,31.00,True,False
bus248,509524271->490474063#7,bus_bus,1512.00,4193.00,2681.00,1736.90,0.00,False,False
veh4551,-39838691#8->-428730800,veh_passenger,3051.00,4195.00,1144.00,1082.90,0.00,False,False
veh4036,1273405490->-39921673#1,veh_passenger,2706.00,4197.00,1491.00,1222.65,0.00,False,False
veh2348,-1211151638->1075505400#1,veh_passenger,1575.00,4199.00,2624.00,1246.18,0.00,False,False
veh3157,-1332638368#2->1068144846#0,veh_passenger,2117.00,4203.00,2086.00,889.26,0.00,False,False
bus341,521704031#0->1327579131,bus_bus,2047.00,4216.00,2169.00,1444.27,0.00,False,False
veh2706,-1125986377#1->1068916339,veh_passenger,2016.00,4232.00,2216.00,189.24,0.00,False,False
veh3377,-1260485929#1->813852683-AddedOnRampEdge,veh_passenger,2264.00,4234.00,1970.00,2716.11,55.00,True,False
bus439,-1335304372->39921025#4,bus_bus,2635.00,4236.00,1601.00,773.62,0.00,False,False
veh2454,240666069#1->564273552,veh_passenger,1646.00,4237.00,2591.00,1630.31,0.00,False,False
veh1981,39838520#0->654297629#0,veh_passenger,1329.00,4241.00,2912.00,390.54,0.00,False,False
veh3615,50323229#11->1335304376#0,veh_passenger,2694.00,4241.00,1547.00,1031.08,0.00,False,False
veh3862,-1260485929#1->-1260485931#0,veh_passenger,2589.00,4242.00,1653.00,923.57,0.00,False,False
veh4086,-474143552#1->-1335304371,veh_passenger,2739.00,4242.00,1503.00,869.67,0.00,False,False
bus409,499566573->-515136609,bus_bus,2455.00,4243.00,1788.00,3327.51,33.00,True,False
veh2452,1273405490->39921673#1,veh_passenger,1644.00,4249.00,2605.00,1144.55,0.00,False,False
veh4902,437445540->47267007#0,veh_passenger,3286.00,4249.00,963.00,564.98,0.00,False,False
veh2846,-488788629->515123442#3,veh_passenger,1908.00,4250.00,2342.00,866.58,0.00,False,False
bus515,1125986385#1->24576913#0,bus_bus,3091.00,4250.00,1159.00,749.92,0.00,False,False
bus299,-50323229#14->40109290#4,bus_bus,1818.00,4265.00,2447.00,170.39,0.00,False,False
veh1373,1237953497->9833223-AddedOnRampEdge,veh_passenger,950.00,4269.00,3319.00,2709.30,35.00,True,False
veh1691,437445541#1->515130028#1-AddedOnRampEdge,veh_passenger,1134.00,4272.00,3138.00,1240.87,0.00,False,False
truck224,-50323229#13->-50323229#10,truck_truck,3960.00,4273.00,313.00,1.78,0.00,False,False
bus453,-39838751#1->-39366819#0,bus_bus,2719.00,4282.00,1563.00,657.11,0.00,False,False
veh3963,1125986373#2->1064398309#0,veh_passenger,2657.00,4288.00,1631.00,868.80,0.00,False,False
veh4158,238219449->1064476619,veh_passenger,2787.00,4290.00,1503.00,669.77,0.00,False,False
veh2435,1214520074#4->39838984#0,veh_passenger,1633.00,4291.00,2658.00,1152.90,0.00,False,False
veh3049,-142741729#0->39920505#7,veh_passenger,2044.00,4295.00,2251.00,750.56,1758.00,False,False
veh1368,479863106#1->39921673#0,veh_passenger,918.00,4301.00,3383.00,698.54,0.00,False,False
bus368,40138239#0->439836129,bus_bus,2209.00,4307.00,2098.00,2687.10,51.00,True,False
bus581,-1260485930#1->509646052,bus_bus,3487.00,4317.00,830.00,585.27,0.00,False,False
bus265,-10629474#1->666886082#1,bus_bus,1591.00,4318.00,2727.00,1046.32,0.00,False,False
bus505,1211151639->1068144847,bus_bus,3031.00,4324.00,1293.00,2071.26,12.00,True,False
bus193,39920505#5->9704194#3,bus_bus,1159.00,4332.00,3173.00,1837.14,0.00,False,False
veh2040,257421487#0->14924729#0,veh_passenger,1368.00,4332.00,2964.00,855.14,0.00,False,False
veh2914,39920550#11->488788626#1,veh_passenger,1954.00,4338.00,2384.00,478.66,0.00,False,False
veh2833,1125986379#0->40140141#9,veh_passenger,1900.00,4340.00,2440.00,1496.58,0.00,False,False
truck203,147711065#0->-1204070283#0,truck_truck,2437.00,4342.00,1905.00,428.11,0.00,False,False
veh3736,1231065654->1196008691#0,veh_passenger,2505.00,4343.00,1838.00,2032.47,0.00,False,False
veh1492,40035904#0->1226645411,veh_passenger,1001.00,4347.00,3346.00,3220.30,1660.00,True,False
veh1621,8887999#0->1068434199,veh_passenger,1088.00,4349.00,3261.00,1106.13,0.00,False,False
veh4584,40297715#2->1068916338,veh_passenger,3073.00,4349.00,1276.00,1070.16,0.00,False,False
veh1716,178441748#1->-8887999#2,veh_passenger,1151.00,4354.00,3203.00,1970.45,0.00,False,False
bus390,1273405490->-509646056,bus_bus,2341.00,4354.00,2013.00,1463.84,0.00,False,False
veh2475,-142741729#1->509647506,veh_passenger,1660.00,4358.00,2698.00,1026.23,0.00,False,False
veh2891,-39838691#6->1068434256#0,veh_passenger,1938.00,4359.00,2421.00,387.67,0.00,False,False
veh2882,-449565665#2->511404874#0,veh_passenger,1932.00,4364.00,2432.00,563.01,0.00,False,False
veh2516,-39838751#1->511187808#2,veh_passenger,1688.00,4365.00,2677.00,844.40,0.00,False,False
veh4562,-488788629->14924729#2,veh_passenger,3058.00,4368.00,1310.00,1035.75,0.00,False,False
veh4520,10250021#2->509646052,veh_passenger,3030.00,4371.00,1341.00,423.77,0.00,False,False
veh4961,1290439820->813852683,veh_passenger,3325.00,4371.00,1046.00,1888.00,66.00,True,False
veh1414,-401226926#1->515126304,veh_passenger,949.00,4373.00,3424.00,3009.66,29.00,True,False
bus410,490474063#2->1278784167#1,bus_bus,2576.00,4378.00,1802.00,1607.68,306.00,False,False
veh2640,-8887999#0->687878725,veh_passenger,1770.00,4379.00,2609.00,804.19,0.00,False,False
veh2563,1067928305#1->39838657#2,veh_passenger,1719.00,4386.00,2667.00,962.87,0.00,False,False
bus276,-40297715#1->-478286980#1,bus_bus,1659.00,4387.00,2728.00,1268.10,0.00,False,False
veh4415,40036062#1->1235754993#0,veh_passenger,2960.00,4390.00,1430.00,865.72,0.00,True,False
veh2206,653860562->9704194#2,veh_passenger,1480.00,4395.00,2915.00,1573.10,0.00,False,False
veh2094,-1068144847->-479863106#1,veh_passenger,1404.00,4401.00,2997.00,1505.15,46.00,True,False
veh2614,10628444#1->-1068144847,veh_passenger,1753.00,4401.00,2648.00,1901.44,0.00,False,False
bus203,-50323229#14->40035325#1,bus_bus,1219.00,4404.00,3185.00,610.67,0.00,False,False
veh2155,-1125986378#1->9832326#1,veh_passenger,1445.00,4407.00,2962.00,1587.76,0.00,False,False
veh1947,39838984#1->39838630#1,veh_passenger,1306.00,4408.00,3102.00,730.17,0.00,False,False
veh3821,-1260481154->1231065652,veh_passenger,2562.00,4413.00,1851.00,3176.85,74.00,True,False
veh3044,-1125986378#0->-14924729#1,veh_passenger,2041.00,4414.00,2373.00,1038.90,0.00,False,False
veh1954,478286980#1->985133427,veh_passenger,1827.00,4415.00,2588.00,841.83,0.00,False,False
veh3067,40140017#0->39920593#3,veh_passenger,2056.00,4418.00,2362.00,866.04,0.00,False,False
bus549,10628442#2->1234244927#0,bus_bus,3295.00,4425.00,1130.00,902.97,0.00,False,False
veh3750,1335304371->-1323097577,veh_passenger,2514.00,4431.00,1917.00,582.27,0.00,False,True
bus208,509646061->449565665#3,bus_bus,1249.00,4432.00,3183.00,931.21,0.00,False,False
veh4492,-1226645410->40140141#8,veh_passenger,3036.00,4435.00,1399.00,1668.16,694.00,True,False
veh4920,-479863106#0->9704194#0,veh_passenger,3298.00,4438.00,1140.00,913.68,0.00,False,False
veh1795,-687878722#2->511187810,veh_passenger,1204.00,4445.00,3241.00,1071.85,0.00,False,False
veh4241,-39921673#0->-1335304372,veh_passenger,2843.00,4447.00,1604.00,686.70,0.00,False,False
bus575,39920684#2->1338361263,bus_bus,3451.00,4449.00,998.00,704.12,0.00,False,False
veh4440,-1214520076->515130026#0,veh_passenger,3101.00,4455.00,1354.00,1399.15,0.00,False,False
veh2653,-401226926#1->10628429,veh_passenger,1779.00,4464.00,2685.00,1294.78,0.00,False,False
veh4017,1196008692#1->654297631,veh_passenger,2693.00,4464.00,1771.00,1456.42,0.00,False,False
bus451,-39920593#0->515126384,bus_bus,2707.00,4466.00,1759.00,2788.41,33.00,True,False
veh4405,10250021#4->-1125986378#1,veh_passenger,2953.00,4472.00,1519.00,279.02,0.00,False,False
veh2129,-39921531->654297629#3,veh_passenger,1428.00,4475.00,3047.00,990.21,0.00,False,False
veh1455,1335304386#1->511409187,veh_passenger,976.00,4479.00,3503.00,823.86,0.00,False,False
veh2419,515136608->40140141#9,veh_passenger,1622.00,4484.00,2862.00,2151.94,26.00,True,False
veh3293,24576922#0->47087993#0,veh_passenger,2208.00,4487.00,2279.00,3370.79,31.00,True,False
truck232,-39838751#0->1292541108,truck_truck,2785.00,4489.00,1704.00,783.77,0.00,False,False
veh2060,1226645408->511409188#0,veh_passenger,1382.00,4490.00,3108.00,1350.61,0.00,False,False
veh1704,1260485931#0->39838520#3,veh_passenger,1143.00,4491.00,3348.00,1447.12,0.00,False,False
veh2752,1335304373#2->856175964,veh_passenger,1845.00,4493.00,2648.00,1165.74,294.00,True,False
bus459,40297715#3->1337646276,bus_bus,2755.00,4493.00,1738.00,2267.63,33.00,True,False
veh4723,39920593#1->1068916338,veh_passenger,3166.00,4493.00,1327.00,1144.96,0.00,False,False
veh1622,178699051#0->-1067928305#2,veh_passenger,1088.00,4494.00,3406.00,1925.32,0.00,False,False
veh1511,40140141#9->-142741729#1,veh_passenger,1014.00,4496.00,3482.00,1314.63,0.00,False,False
veh4815,1067953247#1->856175964,veh_passenger,3228.00,4496.00,1268.00,1042.20,0.00,False,False
bus234,-40109290#3->24621218#0,bus_bus,1405.00,4504.00,3099.00,1393.65,0.00,False,False
veh5192,-39920593#4->-10748045#2,veh_passenger,3480.00,4506.00,1026.00,704.45,0.00,False,False
bus329,437445541#0->-451728952#4,bus_bus,1975.00,4507.00,2532.00,1443.07,13.00,True,False
veh1509,39920684#0->-40035325#2,veh_passenger,1013.00,4512.00,3499.00,644.96,2258.00,False,False
veh4484,-422842976->47087993#0,veh_passenger,3006.00,4517.00,1511.00,1773.40,40.00,True,False
bus195,40138239#1->1324405519,bus_bus,1171.00,4518.00,3347.00,1447.78,1020.00,False,False
veh2471,24621218#1->1074409256#2,veh_passenger,1657.00,4518.00,2861.00,1346.65,0.00,False,False
veh2291,475044040#3->1068916335,veh_passenger,1536.00,4519.00,2983.00,798.96,308.00,False,False
bus290,47224972#1->-488788637#1,bus_bus,1910.00,4520.00,2610.00,709.81,0.00,False,False
veh2489,-1335304373#2->1125986377#0,veh_passenger,1669.00,4523.00,2854.00,1096.75,590.00,True,False
veh3964,1214520074#1->-451728952#3,veh_passenger,2657.00,4524.00,1867.00,914.08,0.00,False,False
veh2823,24576913#1->1211151639,veh_passenger,1893.00,4525.00,2632.00,566.44,0.00,False,False
veh4703,39838691#2->564273553#4,veh_passenger,3280.00,4526.00,1246.00,476.50,0.00,False,False
truck151,-1068144848#1->428730818#3,truck_truck,1813.00,4527.00,2714.00,2460.18,37.00,False,False
veh2530,1323097578->488788626#1,veh_passenger,1697.00,4530.00,2833.00,623.75,0.00,False,False
veh3896,1068074793->499566574#2,veh_passenger,2612.00,4530.00,1918.00,728.39,0.00,False,False
veh2676,-1068916338->49224804#1,veh_passenger,1794.00,4532.00,2738.00,1276.88,0.00,False,False
veh2886,1222703382->-39921672,veh_passenger,1935.00,4532.00,2597.00,532.28,2200.00,True,False
veh3535,9704194#0->499566574#0,veh_passenger,2370.00,4532.00,2162.00,1398.05,0.00,False,False
veh2488,-10628430->-564273553#2,veh_passenger,1668.00,4533.00,2865.00,729.22,0.00,False,False
veh5347,1335304376#0->1254633078#1,veh_passenger,3584.00,4537.00,953.00,1094.46,0.00,True,False
veh1552,-50323229#2->39920505#13,veh_passenger,1041.00,4540.00,3499.00,1110.90,1.00,False,False
veh5197,238219472#0->1272337500,veh_passenger,3483.00,4540.00,1057.00,1215.02,0.00,False,False
veh4719,-39921673#0->-401226926#0,veh_passenger,3163.00,4542.00,1379.00,1067.42,0.00,False,False
veh1632,40138941#1->-40035992,veh_passenger,1095.00,4547.00,3452.00,1572.87,0.00,False,False
truck290,-413789558#1->-1067928307#2,truck_truck,3481.00,4547.00,1066.00,504.73,0.00,False,False
veh2934,39920550#2->1273251150#1,veh_passenger,1967.00,4551.00,2584.00,1404.97,0.00,False,False
veh986,-1068434202->1118804256#1,veh_passenger,1369.00,4552.00,3183.00,2251.83,61.00,False,False
veh3129,1290439818->1260485931#1,veh_passenger,2098.00,4572.00,2474.00,1851.22,0.00,False,False
veh4378,232920697->1323097575#2,veh_passenger,2935.00,4578.00,1643.00,1457.63,0.00,False,False
bus322,-761486028#1->654297637#2,bus_bus,1933.00,4582.00,2649.00,1181.02,0.00,False,False
veh3844,39086240->1068434257,veh_passenger,2577.00,4584.00,2007.00,860.23,105.00,False,False
veh5063,1125801626->488788636#0,veh_passenger,3394.00,4598.00,1204.00,2943.86,37.00,True,False
bus595,654297635#0->968332513#0,bus_bus,3571.00,4598.00,1027.00,584.56,0.00,False,False
veh2825,1233759524->-39920593#6,veh_passenger,1894.00,4599.00,2705.00,1498.54,0.00,False,False
veh4049,40109290#4->39920505#9,veh_passenger,2874.00,4599.00,1725.00,1162.01,0.00,False,False
veh4263,1068144848#1->-1125986378#0,veh_passenger,2858.00,4599.00,1741.00,1598.57,8.00,False,True
veh2378,1323097575#0->-39921531,veh_passenger,2933.00,4600.00,1667.00,673.63,1.00,False,False
veh2401,40138633#3->-33683346#2,veh_passenger,1610.00,4600.00,2990.00,759.93,0.00,False,False
veh4060,39763700#3->12247569,veh_passenger,2722.00,4600.00,1878.00,723.52,0.00,False,False
veh5304,1118804249->488788636#1,veh_passenger,3555.00,4600.00,1045.00,2115.19,116.00,True,False
bus560,12247568#1->1337646270,bus_bus,3361.00,4602.00,1241.00,1400.21,0.00,False,False
veh3456,509646063#1->1326193809,veh_passenger,2551.00,4603.00,2052.00,1886.81,0.00,False,False
veh4267,474143552#4->1064476622#0,veh_passenger,2874.00,4605.00,1731.00,886.73,0.00,False,False
veh2619,654297633->515138054,veh_passenger,1758.00,4607.00,2849.00,2421.96,0.00,False,False
bus277,1290439817#0->40140141#11,bus_bus,1663.00,4608.00,2945.00,1828.40,0.00,False,False
veh2732,-39838691#8->-1338361263,veh_passenger,1832.00,4619.00,2787.00,748.43,0.00,False,False
veh1659,178441748#0->-10628442#3,veh_passenger,1113.00,4622.00,3509.00,1436.27,0.00,False,False
bus458,-40138239#4->-1204070283#0,bus_bus,2749.00,4626.00,1877.00,1640.37,0.00,False,False
bus217,1254816455->-33683346#2,bus_bus,1303.00,4628.00,3325.00,1483.08,0.00,False,False
veh3071,428730813#3->521701857,veh_passenger,2059.00,4628.00,2569.00,1578.21,0.00,False,False
bus425,490474063#0->515136604,bus_bus,2882.00,4628.00,1746.00,2883.46,944.00,True,False
veh3145,654297629#1->-405382146#0,veh_passenger,2109.00,4634.00,2525.00,1144.11,0.00,False,False
truck287,1326094888->413789557,truck_truck,3445.00,4635.00,1190.00,837.12,0.00,False,False
truck166,72157794->-9374529#1,truck_truck,1993.00,4638.00,2645.00,995.01,0.00,False,False
veh3558,654297631->39920684#3,veh_passenger,2385.00,4639.00,2254.00,1236.73,0.00,False,True
veh1807,40138633#1->-40109290#1,veh_passenger,1212.00,4644.00,3432.00,590.43,0.00,False,False
bus510,39920222->1290456019,bus_bus,3061.00,4649.00,1588.00,1169.41,12.00,True,False
veh2857,1272337500->-1068916335,veh_passenger,1916.00,4652.00,2736.00,1035.13,0.00,False,False
veh4068,49224804#0->40139504#0,veh_passenger,2727.00,4654.00,1927.00,1265.55,0.00,False,False
veh1572,-39920593#0->40297647#1,veh_passenger,1055.00,4671.00,3616.00,862.95,634.00,True,False
veh1869,39366819#0->-838061038,veh_passenger,1254.00,4673.00,3419.00,599.32,0.00,False,False
veh4039,14924729#1->-10628429,veh_passenger,2708.00,4675.00,1967.00,1013.30,0.00,False,False
veh2626,1064476623->488788636#1,veh_passenger,1926.00,4686.00,2760.00,2568.84,33.00,True,False
veh1343,238219441#0->509646056,veh_passenger,901.00,4689.00,3788.00,824.65,0.00,False,False
veh4886,40035606#3->-654297630,veh_passenger,3275.00,4691.00,1416.00,1326.78,0.00,False,False
veh4514,-50323229#6->1338361263,veh_passenger,3040.00,4692.00,1652.00,1487.34,0.00,False,False
veh3064,-40138239#1->-1236283454,veh_passenger,2054.00,4693.00,2639.00,788.84,0.00,False,False
veh5368,39920505#13->1335304376#0,veh_passenger,3598.00,4693.00,1095.00,671.70,0.00,False,False
veh2704,-39838530->-232920701,veh_passenger,2697.00,4694.00,1997.00,2000.11,0.00,False,True
veh3441,-474143552#6->178583148#2-AddedOnRampEdge,veh_passenger,2307.00,4702.00,2395.00,942.58,0.00,False,False
truck178,1214520075->1067928306#2,truck_truck,2255.00,4703.00,2448.00,1256.28,0.00,False,False
veh2711,-1260485929#2->509646057#1,veh_passenger,1818.00,4708.00,2890.00,298.43,0.00,False,False
bus415,40138941#1->967985513#0,bus_bus,2491.00,4708.00,2217.00,1703.59,0.00,False,False
veh1345,1234244927#1->1067928306#1,veh_passenger,907.00,4712.00,3805.00,1748.21,0.00,False,False
veh2852,12247569->509646057#1,veh_passenger,1912.00,4713.00,2801.00,784.57,0.00,False,False
veh2181,39838630#1->-687878722#0,veh_passenger,1463.00,4718.00,3255.00,1621.90,0.00,False,False
veh3524,24576922#1->515130026#1,veh_passenger,2363.00,4727.00,2364.00,3115.87,33.00,True,False
veh2571,1335304375->513082640,veh_passenger,1732.00,4737.00,3005.00,2068.25,1238.00,True,False
bus522,-1254816454->511187810,bus_bus,3133.00,4737.00,1604.00,716.05,0.00,False,False
veh3050,1074409256#0->-39838751#2,veh_passenger,2045.00,4750.00,2705.00,898.74,0.00,False,False
veh3272,1131969257->-10628444#0,veh_passenger,2194.00,4750.00,2556.00,796.55,0.00,False,False
veh2925,10628429->515123442#4,veh_passenger,1961.00,4774.00,2813.00,1006.14,0.00,False,False
veh3965,-1335304386#0->1222703382,veh_passenger,2658.00,4776.00,2118.00,330.08,1384.00,False,False
bus194,238219446#1->666886084#1,bus_bus,1165.00,4778.00,3613.00,1128.08,0.00,False,False
veh2171,40140141#2->-39838530,veh_passenger,1456.00,4780.00,3324.00,1423.47,0.00,False,False
veh1651,654297635#1->12090453#0,veh_passenger,1108.00,4782.00,3674.00,1641.09,0.00,False,False
veh2205,1324405519->40036062#1,veh_passenger,1479.00,4782.00,3303.00,960.06,0.00,False,True
veh2683,474143552#5->142741729#0,veh_passenger,2921.00,4785.00,1864.00,312.28,0.00,False,False
veh3223,1272337501->654297632#2,veh_passenger,2161.00,4786.00,2625.00,699.32,1671.00,False,False
veh3507,1222703382->-1125986377#0,veh_passenger,2351.00,4787.00,2436.00,878.61,305.00,True,False
bus455,39920011#3->-1068144849#2,bus_bus,2731.00,4789.00,2058.00,3464.25,63.00,True,False
veh4286,39921673#0->-47224972#0,veh_passenger,2873.00,4789.00,1916.00,783.08,0.00,False,False
veh5135,40297647#1->-33683458#2,veh_passenger,3442.00,4789.00,1347.00,1149.71,0.00,False,False
veh5215,985133427->-451728952#3,veh_passenger,3496.00,4792.00,1296.00,816.47,0.00,False,False
veh2183,178583148#0->-10628442#1,veh_passenger,1464.00,4793.00,3329.00,1454.95,0.00,False,False
bus578,-40140017#1->-474143552#5,bus_bus,3469.00,4793.00,1324.00,1083.71,0.00,False,False
veh1743,50323229#9->-8887999#2,veh_passenger,1169.00,4794.00,3625.00,1934.44,0.00,False,False
veh4344,-1237953494->39920550#6,veh_passenger,3350.00,4795.00,1445.00,1333.49,0.00,False,False
veh1569,761486028#1->1067928305#0,veh_passenger,1053.00,4796.00,3743.00,2275.93,0.00,False,False
bus483,1075505400#1->-39921672,bus_bus,2899.00,4797.00,1898.00,1079.52,0.00,False,False
bus391,178699051#0->178702239#0,bus_bus,2347.00,4798.00,2451.00,2483.61,31.00,True,False
veh3476,1255099064->-10628442#1,veh_passenger,2330.00,4800.00,2470.00,1307.74,0.00,False,False
veh4539,-8887999#1->178702239#0,veh_passenger,3043.00,4801.00,1758.00,1806.22,28.00,True,False
veh2466,488788636#0->967993112#1,veh_passenger,1654.00,4802.00,3148.00,1821.25,0.00,False,False
veh4301,178702258#0->1067928305#2,veh_passenger,2883.00,4804.00,1921.00,1528.56,0.00,False,False
bus552,1324405519->1254633078#1,bus_bus,3313.00,4808.00,1495.00,1298.97,0.00,False,False
veh2688,-474143552#4->515130026#1,veh_passenger,1802.00,4818.00,3016.00,2624.34,33.00,True,False
veh3154,-761486028#1->-240666072#2,veh_passenger,2115.00,4818.00,2703.00,1067.01,0.00,False,False
veh3256,39920550#2->-10629474#1,veh_passenger,2183.00,4819.00,2636.00,983.00,0.00,False,False
veh3081,-39838630#3->975216744,veh_passenger,2066.00,4824.00,2758.00,834.76,0.00,False,True
veh4871,488788637#0->422842976,veh_passenger,3265.00,4824.00,1559.00,639.15,0.00,False,False
bus176,1260485929#1->515126385#0,bus_bus,1057.00,4827.00,3770.00,1082.70,0.00,False,False
veh1467,1332638368#2->47087992#3,veh_passenger,984.00,4829.00,3845.00,1452.81,0.00,False,True
veh2822,-653860562->-39366819#0,veh_passenger,1892.00,4829.00,2937.00,804.07,0.00,False,False
veh4446,490474063#3->-39920593#2,veh_passenger,4106.00,4832.00,726.00,190.92,304.00,False,False
veh3308,-654297632#0->-1125986406#0,veh_passenger,2218.00,4833.00,2615.00,460.96,0.00,False,False
veh4417,1254633078#1->515126385#1,veh_passenger,2961.00,4836.00,1875.00,2901.43,34.00,True,False
veh2344,47223733->1297720367,veh_passenger,1572.00,4859.00,3287.00,820.26,0.00,False,False
bus467,1272337501->11631594#2,bus_bus,2827.00,4868.00,2041.00,1143.18,0.00,False,False
veh2582,1260481153->1068144845#1,veh_passenger,1731.00,4869.00,3138.00,1127.64,4.00,False,False
veh3603,-10250021#2->-1236283454,veh_passenger,2416.00,4871.00,2455.00,1383.18,0.00,False,False
bus205,12090453#1->-47087366#2,bus_bus,1231.00,4874.00,3643.00,1617.78,0.00,False,False
veh2629,24576922#2->-1323097580#1,veh_passenger,1763.00,4874.00,3111.00,995.99,0.00,False,False
veh2373,1254816453#1->39920011#1,veh_passenger,1591.00,4877.00,3286.00,1826.63,990.00,False,False
veh3193,-1068074793->40109290#3,veh_passenger,2162.00,4879.00,2717.00,850.12,0.00,False,False
veh3777,1064476624->1332638368#0,veh_passenger,2532.00,4879.00,2347.00,1942.96,0.00,False,False
veh1613,-10748036->49224804#0,veh_passenger,1082.00,4880.00,3798.00,1582.19,0.00,False,False
veh3485,-40297715#3->-654297636,veh_passenger,2388.00,4881.00,2493.00,1135.84,0.00,False,False
bus546,-1236283454->1226645408,bus_bus,3277.00,4889.00,1612.00,2907.91,33.00,True,False
veh4917,39920684#6->-761486028#0,veh_passenger,3296.00,4896.00,1600.00,1337.09,0.00,False,False
bus250,39763700#6->499566577#1,bus_bus,1501.00,4900.00,3399.00,1063.81,0.00,False,False
veh2724,40140017#0->24576922#0,veh_passenger,1827.00,4904.00,3077.00,893.84,0.00,False,False
bus312,1064476623->-515126385#1,bus_bus,2232.00,4907.00,2675.00,1732.80,33.00,True,False
veh1390,33683458#2->40109290#5,veh_passenger,1144.00,4913.00,3769.00,483.86,0.00,False,False
veh5251,1272337501->-1260485929#3,veh_passenger,3520.00,4916.00,1396.00,1206.96,0.00,False,False
truck75,-653860562->39921025#2,truck_truck,901.00,4917.00,4016.00,1130.95,0.00,False,False
veh5049,47223733->47087992#2,veh_passenger,3384.00,4917.00,1533.00,1419.79,0.00,False,False
veh5028,47225638#0->1068434207,veh_passenger,3370.00,4919.00,1549.00,1520.74,0.00,False,False
veh4817,515126384->13909444#2,veh_passenger,3229.00,4920.00,1691.00,1306.26,0.00,False,False
veh4784,-405382146#0->1067928306#1,veh_passenger,3207.00,4921.00,1714.00,658.51,0.00,False,False
veh2355,-1236283454->1323097575#2,veh_passenger,1579.00,4922.00,3343.00,282.26,0.00,False,False
veh1876,-511187807->-1338361263,veh_passenger,1268.00,4924.00,3656.00,755.32,0.00,False,False
veh1380,47267010->39838691#1,veh_passenger,926.00,4925.00,3999.00,709.40,0.00,False,False
veh1985,-39838630#3->-521705694#0,veh_passenger,1331.00,4925.00,3594.00,512.04,0.00,False,False
bus518,-515136605->1067928306#1,bus_bus,3109.00,4925.00,1816.00,974.30,0.00,False,False
bus369,511404872->-1100626088,bus_bus,2215.00,4929.00,2714.00,636.77,0.00,False,False
veh5240,1211151638->-450616334#1,veh_passenger,3603.00,4935.00,1332.00,548.61,0.00,False,False
veh4650,1068434168->1068434256#1,veh_passenger,3117.00,4936.00,1819.00,161.84,0.00,False,False
veh2679,-39838630#2->-39838691#1,veh_passenger,1796.00,4941.00,3145.00,633.86,0.00,False,False
veh3452,-40139708->72157794,veh_passenger,2314.00,4942.00,2628.00,1216.27,0.00,False,True
veh3682,-39838657#3->39838691#0,veh_passenger,2468.00,4942.00,2474.00,476.73,0.00,False,False
veh4969,40297715#0->1067928305#1,veh_passenger,3331.00,4944.00,1613.00,2956.75,37.00,True,False
veh1770,40297647#0->10749498,veh_passenger,1187.00,4946.00,3759.00,1674.12,304.00,False,False
bus204,40036009#1->-1234244927#1,bus_bus,1225.00,4946.00,3721.00,1679.43,0.00,True,False
veh3060,-1074409256#0->-39921672,veh_passenger,2613.00,4951.00,2338.00,738.22,0.00,False,False
veh3568,-1125986386->488788637#1,veh_passenger,2392.00,4954.00,2562.00,560.21,0.00,False,False
veh4930,232920697->-40297715#3,veh_passenger,3305.00,4955.00,1650.00,1260.28,0.00,False,False
veh3998,-39838691#0->1125986385#0,veh_passenger,2680.00,4956.00,2276.00,1067.40,0.00,False,False
veh1961,50323229#10->-33683458#2,veh_passenger,1315.00,4959.00,3644.00,385.99,0.00,False,False
veh4357,-169562956->654297629#5,veh_passenger,2921.00,4960.00,2039.00,1502.06,0.00,False,False
veh4992,-39921673#0->1067928305#0,veh_passenger,3346.00,4960.00,1614.00,2095.99,0.00,False,False
veh3082,1064476618#0->-1332638391#2,veh_passenger,2066.00,4961.00,2895.00,1620.23,0.00,False,False
veh3930,-1074409256#0->1125986379#0,veh_passenger,2973.00,4963.00,1990.00,675.79,0.00,False,False
veh887,1335304374->8758061,veh_passenger,952.00,4967.00,4015.00,2947.18,339.00,True,False
veh3527,-687878722#1->1068144844,veh_passenger,2365.00,4968.00,2603.00,1425.90,37.00,True,False
veh4447,900279869->40138239#3,veh_passenger,3104.00,4969.00,1865.00,1844.72,0.00,False,False
veh4954,1068434236->1067928305#1,veh_passenger,3321.00,4970.00,1649.00,1874.49,0.00,False,False
veh2192,521704040->-1201484855,veh_passenger,1470.00,4971.00,3501.00,775.09,0.00,False,False
bus490,1068434235->39920550#0,bus_bus,3026.00,4971.00,1945.00,1575.31,0.00,False,False
veh2645,-33683346#3->10628444#0,veh_passenger,1774.00,4977.00,3203.00,1353.86,0.00,False,False
veh1859,1332638391#1->968332513#1,veh_passenger,1247.00,4978.00,3731.00,1731.23,0.00,False,False
veh2543,-1260485929#3->515126302,veh_passenger,1705.00,4982.00,3277.00,1379.41,0.00,False,False
veh3673,654297636->14924729#3,veh_passenger,2462.00,4985.00,2523.00,1597.72,0.00,False,False
veh5158,513082635#0-AddedOffRampEdge->-224146621,veh_passenger,3457.00,4988.00,1531.00,1185.99,0.00,False,False
veh3726,1421367925->985133427,veh_passenger,2498.00,4992.00,2494.00,745.67,0.00,False,False
veh4710,40322293->10629474#1,veh_passenger,3157.00,4992.00,1835.00,927.35,0.00,False,False
bus424,-488788630#0->-1226645410,bus_bus,2545.00,4993.00,2448.00,498.80,0.00,False,False
veh1482,1075505400#0->515130027,veh_passenger,994.00,4994.00,4000.00,2038.50,0.00,False,False
veh4146,1068434206->-10629474#1,veh_passenger,2779.00,5000.00,2221.00,856.47,0.00,False,False
veh1350,1068144847->1214520074#2,veh_passenger,906.00,5009.00,4103.00,1354.48,0.00,False,False
veh4352,-39838691#0->1068434256#1,veh_passenger,2917.00,5011.00,2094.00,483.94,0.00,False,False
veh2828,24577455#2->1335304372,veh_passenger,1896.00,5018.00,3122.00,849.23,0.00,False,False
veh5277,1100626103#0->474143552#6,veh_passenger,3537.00,5019.00,1482.00,561.66,0.00,False,False
veh2083,1100626103#1->1068434208#1,veh_passenger,1397.00,5020.00,3623.00,2016.09,0.00,False,False
veh1838,-511409187->1068434202,veh_passenger,2387.00,5023.00,2636.00,529.32,0.00,False,False
veh2209,147711065#2->39838984#0,veh_passenger,1482.00,5039.00,3557.00,711.50,0.00,False,False
veh3085,-1068916336->488786523,veh_passenger,2676.00,5049.00,2373.00,2172.02,35.00,True,False
veh4364,509646057#0->-1260485931#1,veh_passenger,2925.00,5050.00,2125.00,1214.78,0.00,False,False
bus399,39920550#7->40140017#0,bus_bus,2395.00,5052.00,2657.00,1468.66,0.00,False,False
veh4519,15419875#1->1255099064,veh_passenger,3504.00,5054.00,1550.00,587.94,1304.00,False,False
bus332,24577522#0->-511404874#0,bus_bus,1993.00,5057.00,3064.00,2182.44,33.00,True,False
bus183,-515123442#0->1260485931#0,bus_bus,1099.00,5059.00,3960.00,1403.99,0.00,False,False
truck121,513082640->513087668,truck_truck,1453.00,5061.00,3608.00,1943.29,12.00,True,False
veh3257,1204070283#1->479863106#2,veh_passenger,2184.00,5062.00,2878.00,476.56,0.00,False,False
bus573,488788626#0->39920550#3,bus_bus,3439.00,5062.00,1623.00,740.20,0.00,False,False
veh2944,47224972#0->1064476619,veh_passenger,1974.00,5063.00,3089.00,1461.01,0.00,False,False
veh5021,1273251150#1->-1125986377#2,veh_passenger,3366.00,5073.00,1707.00,1601.62,0.00,False,False
veh3693,1237953493->-1068144849#2,veh_passenger,2476.00,5074.00,2598.00,2551.44,44.00,False,False
bus289,178583145->10250021#3,bus_bus,1735.00,5076.00,3341.00,1563.64,0.00,False,False
bus249,-1338361263->72157792,bus_bus,1495.00,5078.00,3583.00,941.14,0.00,False,False
veh3122,-488788637#1->499566577#0,veh_passenger,3698.00,5081.00,1383.00,518.67,0.00,False,False
veh2391,1074771163#1->40109290#0,veh_passenger,1603.00,5083.00,3480.00,1362.62,2293.00,True,False
veh3191,1272337498#0->-654297632#2,veh_passenger,2139.00,5083.00,2944.00,972.75,0.00,False,False
veh4435,-50323229#11->40140141#6,veh_passenger,3041.00,5084.00,2043.00,2349.89,0.00,False,False
veh4739,-10628442#1->1068144849#1,veh_passenger,3177.00,5088.00,1911.00,2251.78,54.00,False,False
veh3723,511409188#0->813852683,veh_passenger,2496.00,5090.00,2594.00,2515.67,68.00,True,False
veh4154,482569917#1->1337115429,veh_passenger,2785.00,5091.00,2306.00,2187.54,0.00,False,False
veh2705,-39838751#0->47087992#1,veh_passenger,1814.00,5093.00,3279.00,1648.20,0.00,False,False
bus167,39920505#12->1067928307#2,bus_bus,1003.00,5095.00,4092.00,3345.24,33.00,True,False
veh3812,-449565665#2->40139504#1,veh_passenger,2556.00,5095.00,2539.00,956.52,0.00,False,False
veh2817,-39920593#1->-238219441#2,veh_passenger,1889.00,5097.00,3208.00,1319.00,0.00,False,False
veh1989,40035606#3->1125986373#2,veh_passenger,1334.00,5098.00,3764.00,1497.55,0.00,True,False
veh4563,238219446#1->39838520#2,veh_passenger,3059.00,5098.00,2039.00,1181.63,0.00,False,False
veh1356,-50323229#9->10250021#2,veh_passenger,910.00,5100.00,4190.00,1643.45,0.00,False,False
veh1662,1234244925#0->-147711065#2,veh_passenger,1115.00,5104.00,3989.00,578.04,0.00,False,False
veh1597,39838691#8->-47267007#0,veh_passenger,1071.00,5106.00,4035.00,1240.57,0.00,False,False
bus408,13909444#0->521701857,bus_bus,2449.00,5109.00,2660.00,664.99,0.00,False,False
truck206,39920593#5->9704194#4,truck_truck,2473.00,5109.00,2636.00,1938.88,0.00,False,False
bus373,511404872->1226645410,bus_bus,2479.00,5112.00,2633.00,1087.20,0.00,False,False
veh2801,39920505#0->-761486028#1,veh_passenger,1878.00,5113.00,3235.00,2422.70,0.00,False,False
veh1999,1125986406#0->-10250021#0,veh_passenger,1341.00,5124.00,3783.00,501.33,0.00,False,False
veh4034,428730813#3->428730818#3,veh_passenger,2704.00,5125.00,2421.00,353.13,0.00,False,False
veh3268,687878722#1->450616334#1,veh_passenger,2191.00,5129.00,2938.00,1530.47,0.00,False,False
veh4888,1273405490->-1273251152,veh_passenger,3276.00,5131.00,1855.00,301.04,0.00,False,False
veh3392,-39920593#4->-1254633077#0,veh_passenger,2274.00,5135.00,2861.00,593.21,0.00,False,False
truck145,-654297637#0->-147711065#1,truck_truck,1741.00,5138.00,3397.00,955.24,0.00,False,False
veh3100,1068916339->24576922#1,veh_passenger,2118.00,5138.00,3020.00,1096.26,0.00,False,False
bus478,40138633#0->-474143552#6,bus_bus,2869.00,5140.00,2271.00,1256.88,0.00,False,False
veh3386,-39838691#1->-474143552#3,veh_passenger,2270.00,5142.00,2872.00,1551.92,0.00,False,False
veh4244,975216739->-83428923#1,veh_passenger,2845.00,5143.00,2298.00,682.71,451.00,False,False
truck195,509646061->-1260485931#1,truck_truck,2341.00,5144.00,2803.00,1307.48,0.00,False,False
veh1861,-1214520076->488788626#2,veh_passenger,1938.00,5145.00,3207.00,899.89,0.00,False,False
truck164,654297629#5->-24576913#0,truck_truck,2415.00,5146.00,2731.00,332.88,0.00,False,False
veh2975,-437445542->-428730813#0,veh_passenger,1995.00,5150.00,3155.00,699.34,0.00,False,False
veh4940,-40140017#1->515136608,veh_passenger,3311.00,5150.00,1839.00,2325.89,0.00,False,False
bus481,12090453#1->-1332638368#0,bus_bus,2887.00,5156.00,2269.00,2016.51,1027.00,True,False
veh4831,1323097576->1075505400#2,veh_passenger,3238.00,5162.00,1924.00,2185.14,0.00,False,False
veh1474,39838657#3->-654297635#1,veh_passenger,989.00,5163.00,4174.00,1394.13,0.00,False,False
veh3625,449565665#2->1214520067,veh_passenger,3726.00,5167.00,1441.00,640.88,0.00,False,False
veh2462,24577522#2->499566574#2,veh_passenger,1651.00,5168.00,3517.00,1493.02,0.00,False,False
veh3074,40109290#5->1260485929#0,veh_passenger,2061.00,5170.00,3109.00,2035.15,0.00,False,False
veh5139,479863106#0->1125986374,veh_passenger,3445.00,5171.00,1726.00,964.51,0.00,False,False
truck137,428730813#1->178699056#0,truck_truck,1645.00,5173.00,3528.00,2727.50,0.00,False,False
veh2770,-142741729#1->39921192#0,veh_passenger,1857.00,5179.00,3322.00,669.58,0.00,False,True
bus240,40115810#1->-1260485929#3,bus_bus,1441.00,5187.00,3746.00,564.68,0.00,False,False
veh4916,-488788629->40138239#2,veh_passenger,3295.00,5192.00,1897.00,1694.10,0.00,False,False
veh2498,488788626#3->465144361,veh_passenger,2374.00,5193.00,2819.00,103.75,0.00,False,False
bus362,40138633#2->1204070281,bus_bus,2173.00,5194.00,3021.00,2382.08,0.00,False,False
veh2015,-479863106#2->1335304373#0,veh_passenger,1352.00,5196.00,3844.00,1171.26,0.00,False,False
bus502,11631594#3->-39838691#8,bus_bus,3013.00,5200.00,2187.00,1398.15,0.00,False,False
veh2255,39920550#13->1068434199,veh_passenger,1512.00,5204.00,3692.00,1776.31,0.00,False,False
bus338,-654297635#1->50323229#3,bus_bus,2029.00,5206.00,3177.00,750.65,0.00,False,False
bus331,1222703384#1->40035904#1,bus_bus,1987.00,5220.00,3233.00,942.37,1760.00,False,False
veh4883,-1335304373#1->421846558#0,veh_passenger,3466.00,5220.00,1754.00,763.75,0.00,True,False
veh4823,83563455->1068144848#0,veh_passenger,3233.00,5228.00,1995.00,1344.47,8.00,True,False
truck152,1074409255#1->654297629#0,truck_truck,1825.00,5229.00,3404.00,1250.11,0.00,False,False
bus300,40035606#3->1235501861#0,bus_bus,1801.00,5230.00,3429.00,1115.34,733.00,False,False
veh2715,1254816442->39920593#0,veh_passenger,1994.00,5230.00,3236.00,1428.43,52.00,False,False
bus555,-39920593#5->-12247569,bus_bus,3331.00,5230.00,1899.00,1874.59,0.00,False,False
veh4380,-1255099069->1235501861#0,veh_passenger,2936.00,5233.00,2297.00,572.24,0.00,False,False
truck297,654297631->1323097579#1,truck_truck,3565.00,5234.00,1669.00,1629.90,0.00,True,False
veh1606,1064476620#2->509647506,veh_passenger,1078.00,5238.00,4160.00,1217.91,0.00,False,False
veh2428,1332638391#1->1254633078#1,veh_passenger,1628.00,5238.00,3610.00,1787.66,0.00,False,False
veh4574,50323229#3->-1068144849#2,veh_passenger,3331.00,5238.00,1907.00,3929.40,73.00,True,False
veh5155,39920550#4->11631594#0,veh_passenger,3706.00,5240.00,1534.00,463.38,0.00,False,False
veh2028,39920593#1->513272951#0,veh_passenger,1360.00,5243.00,3883.00,1314.02,8.00,True,False
veh1478,499566574#2->1067953239#0,veh_passenger,992.00,5244.00,4252.00,605.28,0.00,False,False
veh2604,654297634->967985513#3,veh_passenger,1746.00,5245.00,3499.00,1788.53,540.00,False,False
veh3952,488788626#0->39920505#6,veh_passenger,2816.00,5245.00,2429.00,669.96,0.00,False,False
veh4498,1068916335->11631594#0,veh_passenger,3015.00,5245.00,2230.00,895.72,0.00,False,False
bus513,39920550#8->1292541108,bus_bus,3079.00,5247.00,2168.00,1301.11,0.00,False,False
veh5290,1273405490->975216742,veh_passenger,3546.00,5249.00,1703.00,1792.50,12.00,True,False
bus264,40035606#0->-654297637#2,bus_bus,1585.00,5251.00,3666.00,1075.38,265.00,False,False
veh4136,11635095-AddedOffRampEdge->39838984#1,veh_passenger,2773.00,5256.00,2483.00,1414.68,0.00,False,False
veh4865,1260485930#1->11631594#2,veh_passenger,3261.00,5256.00,1995.00,1838.85,0.00,False,False
bus470,-1273251151->24621218#1,bus_bus,3040.00,5261.00,2221.00,1404.20,0.00,False,False
veh2334,178699051#0->1260485931#1,veh_passenger,1565.00,5266.00,3701.00,1734.78,0.00,False,False
veh2270,1234244927#0->-40297715#3,veh_passenger,1523.00,5272.00,3749.00,1475.73,0.00,False,False
truck92,83428923#1->564273553#2,truck_truck,1105.00,5282.00,4177.00,1249.33,0.00,False,False
veh2496,39920684#2->-1125986379#1,veh_passenger,1674.00,5285.00,3611.00,886.69,0.00,False,False
veh3379,39920550#2->-1260485929#2,veh_passenger,2483.00,5293.00,2810.00,1125.18,0.00,False,False
veh4764,1214520076->509646053#1,veh_passenger,4665.00,5293.00,628.00,372.83,0.00,False,False
veh5220,15419906#0->488788629,veh_passenger,3499.00,5295.00,1796.00,1134.12,0.00,False,False
veh4040,1260485931#0->509524228,veh_passenger,2708.00,5301.00,2593.00,2467.91,34.00,True,False
veh4093,1125986374->-654297629#1,veh_passenger,2744.00,5305.00,2561.00,1568.31,0.00,False,False
veh4219,-1254816454->-142741729#1,veh_passenger,2828.00,5313.00,2485.00,637.00,0.00,False,False
bus153,1067928306#2->511187818,bus_bus,919.00,5318.00,4399.00,1045.67,0.00,False,False
veh2860,-39838751#0->1214520074#6,veh_passenger,1918.00,5319.00,3401.00,1072.91,0.00,False,False
veh5358,1260485932->178583145,veh_passenger,3591.00,5321.00,1730.00,1774.51,0.00,False,False
veh2422,1260481154->515126385#0,veh_passenger,1624.00,5327.00,3703.00,1173.32,0.00,False,False
veh3053,-654297632#2->490474063#2,veh_passenger,2047.00,5331.00,3284.00,681.36,622.00,True,False
veh3921,509647506->8758061,veh_passenger,2629.00,5334.00,2705.00,2100.58,0.00,False,False
veh3192,967985513#2->10748045#2,veh_passenger,2140.00,5335.00,3195.00,1639.97,0.00,False,False
bus384,-10629474#0->479863106#1,bus_bus,2305.00,5339.00,3034.00,762.86,0.00,False,False
bus582,-1335304373#2->465144361,bus_bus,4445.00,5340.00,895.00,549.28,0.00,False,False
veh2268,1298335703->39921192#1,veh_passenger,1521.00,5342.00,3821.00,2292.40,1957.00,True,False
veh3972,-1335304372->40297715#0,veh_passenger,2663.00,5344.00,2681.00,444.99,1169.00,True,False
veh4296,1222703384#0->-1068916336,veh_passenger,2880.00,5345.00,2465.00,146.36,0.00,False,False
veh4333,1234244925#1->-1068916336,veh_passenger,2905.00,5347.00,2442.00,1028.24,0.00,False,False
veh3021,479863106#0->509646063#0,veh_passenger,2026.00,5348.00,3322.00,262.14,0.00,False,False
veh2982,39838520#0->8887999#2,veh_passenger,1999.00,5349.00,3350.00,1048.64,0.00,False,False
veh3425,-499566577#0->-10748045#2,veh_passenger,2296.00,5358.00,3062.00,590.98,994.00,True,False
veh3792,1074771163#0->1323097580#0,veh_passenger,2542.00,5358.00,2816.00,1047.40,0.00,False,False
veh2608,405382146#1->515130026#0,veh_passenger,1749.00,5360.00,3611.00,1625.40,0.00,False,False
veh5263,1231065644->509646052,veh_passenger,3528.00,5361.00,1833.00,633.67,986.00,False,False
veh3409,1068916335->1260485932,veh_passenger,2286.00,5367.00,3081.00,1288.32,1986.00,False,False
bus303,39920011#3->654297629#0,bus_bus,1819.00,5374.00,3555.00,1303.21,0.00,False,False
veh1986,967985513#0->475044040#0,veh_passenger,1332.00,5378.00,4046.00,1230.25,1979.00,False,False
veh3791,1222181936->1068144846#0,veh_passenger,2541.00,5378.00,2837.00,1171.33,0.00,False,False
truck159,475044040#1->-509646056,truck_truck,1909.00,5393.00,3484.00,1510.97,124.00,False,False
veh1797,10628442#2->40035325#2,veh_passenger,1205.00,5396.00,4191.00,1204.59,0.00,False,False
veh3533,437445542->654297628,veh_passenger,2369.00,5396.00,3027.00,1346.86,0.00,False,False
veh4726,1207401652#1->1323097575#3,veh_passenger,3169.00,5397.00,2228.00,1805.96,0.00,False,False
veh2180,-39838691#3->-47267010,veh_passenger,1462.00,5398.00,3936.00,876.45,0.00,False,False
veh4139,24576922#2->1067928305#2,veh_passenger,2775.00,5398.00,2623.00,2758.76,37.00,True,False
veh2863,142741729#0->856175963,veh_passenger,1920.00,5399.00,3479.00,969.80,0.00,False,False
veh3288,666886084#0->1074409255#0,veh_passenger,2204.00,5400.00,3196.00,946.55,0.00,False,False
veh2176,-40035606#0->511409188#1,veh_passenger,1459.00,5405.00,3946.00,1586.12,0.00,True,False
veh3504,654297630->856175964,veh_passenger,2349.00,5407.00,3058.00,567.19,0.00,False,False
veh3464,-40035606#3->-474143552#1,veh_passenger,2322.00,5409.00,3087.00,628.42,0.00,False,False
bus198,-515123442#4->39838657#0,bus_bus,1189.00,5410.00,4221.00,975.03,0.00,False,False
veh1805,1214520074#4->1074771163#1-AddedOffRampEdge,veh_passenger,1211.00,5412.00,4201.00,2195.07,0.00,False,False
bus445,238219472#0->-1068144846#1,bus_bus,2671.00,5418.00,2747.00,2081.83,0.00,False,False
veh3283,1272337501->475044040#1,veh_passenger,2201.00,5422.00,3221.00,416.96,2293.00,False,False
veh2797,1068074792->1254633077#1,veh_passenger,1875.00,5424.00,3549.00,845.04,0.00,False,False
veh1862,1323097577->178583148#2,veh_passenger,1249.00,5426.00,4177.00,1434.02,306.00,True,False
veh4545,40139504#1->-33683346#1,veh_passenger,3047.00,5427.00,2380.00,801.72,0.00,False,False
bus169,40138239#2->-985133430,bus_bus,1015.00,5428.00,4413.00,1770.13,0.00,False,False
bus218,1125986385#0->178583153-AddedOnRampEdge,bus_bus,2476.00,5430.00,2954.00,1766.73,0.00,False,False
bus260,1100626103#1->-1068916338,bus_bus,1561.00,5430.00,3869.00,1324.18,0.00,False,False
veh2998,-1204070283#1->-10628444#0,veh_passenger,2010.00,5433.00,3423.00,240.86,0.00,False,False
bus326,9704194#0->39920505#1,bus_bus,1957.00,5435.00,3478.00,2233.56,0.00,False,False
bus255,1222181937->40297647#0,bus_bus,1531.00,5439.00,3908.00,1176.93,0.00,False,False
veh1933,1297720376#1->-10628444#1,veh_passenger,1297.00,5441.00,4144.00,343.25,0.00,False,False
veh2120,39920550#10->-1326193810,veh_passenger,1422.00,5443.00,4021.00,1074.58,0.00,False,False
veh2021,-1260485929#3->1068144845#1,veh_passenger,1356.00,5444.00,4088.00,1197.90,4.00,False,False
veh3666,-422842976->178702239#0,veh_passenger,2458.00,5446.00,2988.00,2553.52,25.00,True,False
veh4356,-40109290#1->-1335304373#2,veh_passenger,3017.00,5450.00,2433.00,604.23,0.00,False,False
veh2866,474143552#4->1068434208#0,veh_passenger,2150.00,5455.00,3305.00,1364.74,0.00,False,False
veh3563,10629474#0->40138239#4,veh_passenger,2389.00,5455.00,3066.00,990.41,1230.00,True,False
veh2923,511404874#0->-405382146#1,veh_passenger,2253.00,5456.00,3203.00,1249.24,0.00,False,False
bus251,40036009#3->1222703383,bus_bus,1507.00,5457.00,3950.00,830.01,0.00,True,False
veh2943,509646144->-40109290#4,veh_passenger,2510.00,5457.00,2947.00,1719.71,0.00,False,False
bus394,-1125986406#1->24577522#3,bus_bus,2365.00,5462.00,3097.00,1059.88,0.00,False,False
veh4972,40140141#1->1421367508,veh_passenger,3333.00,5471.00,2138.00,858.93,0.00,False,False
veh2735,1204070282->40035325#0,veh_passenger,1834.00,5472.00,3638.00,910.56,0.00,False,False
veh5159,-40109290#5->1335304386#0,veh_passenger,3458.00,5476.00,2018.00,797.71,0.00,False,False
truck226,1074771163#0->40035325#0,truck_truck,2713.00,5482.00,2769.00,961.55,0.00,False,False
veh3155,-142741729#0->-40138239#3,veh_passenger,2115.00,5485.00,3370.00,908.05,1151.00,True,False
truck192,39920684#5->-50323229#5,truck_truck,2305.00,5485.00,3180.00,640.94,0.00,False,False
bus479,1234244925#2->-50323229#10,bus_bus,2875.00,5487.00,2612.00,1939.99,0.00,False,False
veh4323,499566573->40035606#0,veh_passenger,2898.00,5488.00,2590.00,858.11,0.00,False,False
veh2625,40297715#2->1260481154,veh_passenger,1760.00,5494.00,3734.00,1430.02,0.00,False,False
veh2748,39921025#2->39920593#3,veh_passenger,1843.00,5500.00,3657.00,720.32,0.00,False,False
veh4591,509524270->39920593#4,veh_passenger,3102.00,5503.00,2401.00,1608.20,0.00,False,False
veh3451,975216740->511187808#1,veh_passenger,2379.00,5505.00,3126.00,455.32,0.00,False,False
veh2174,47087992#1->521701860,veh_passenger,1458.00,5508.00,4050.00,1702.93,10.00,True,False
truck212,-1290439817#0->1064476620#0,truck_truck,2545.00,5514.00,2969.00,1419.00,0.00,False,False
veh3609,1290439817#1->-39920593#6,veh_passenger,2420.00,5515.00,3095.00,702.55,0.00,False,False
truck289,-451728952#3->-509646052,truck_truck,3469.00,5517.00,2048.00,1282.50,0.00,False,True
veh2870,-47224972#0->1226645408,veh_passenger,4321.00,5525.00,1204.00,1138.05,0.00,False,False
veh3500,1297720376#1->-40035992,veh_passenger,2346.00,5527.00,3181.00,1104.96,0.00,False,False
veh5076,39920550#2->40036062#0,veh_passenger,4011.00,5527.00,1516.00,1017.78,0.00,False,False
veh1571,-1125986386->-401226926#0,veh_passenger,1054.00,5528.00,4474.00,1495.91,0.00,False,False
bus282,39921673#0->-33683346#0,bus_bus,1693.00,5529.00,3836.00,1604.77,1686.00,False,False
bus356,479863106#2->1125986369,bus_bus,2137.00,5531.00,3394.00,196.94,0.00,False,False
veh5289,1260481154->-116783847,veh_passenger,3625.00,5535.00,1910.00,1567.66,0.00,False,False
veh2504,1068916335->-47087366#2,veh_passenger,1679.00,5539.00,3860.00,1512.29,0.00,False,False
veh2045,178699056#3->564273553#1,veh_passenger,1372.00,5542.00,4170.00,917.91,0.00,False,False
veh3324,511187815->1214520074#0,veh_passenger,4267.00,5549.00,1282.00,223.73,0.00,False,False
veh2622,11635095->1064476618#1,veh_passenger,1758.00,5554.00,3796.00,4021.43,1655.00,True,False
veh1763,-422842976->72157792,veh_passenger,1183.00,5559.00,4376.00,888.53,0.00,False,False
veh4952,511409188#0->-40140017#2,veh_passenger,3319.00,5561.00,2242.00,995.76,0.00,False,False
veh3295,-47087366#2->-40140017#0,veh_passenger,2209.00,5562.00,3353.00,1865.61,0.00,False,False
bus414,761486028#1->511187808#4,bus_bus,2485.00,5562.00,3077.00,1195.62,0.00,False,False
veh1472,1068434235->509524229,veh_passenger,988.00,5567.00,4579.00,1042.70,0.00,False,False
veh4646,-1067928307#3->509524225,veh_passenger,3114.00,5575.00,2461.00,1439.51,0.00,False,False
veh3410,-687878722#1->13909444#0,veh_passenger,2286.00,5576.00,3290.00,968.17,0.00,False,False
truck162,822782498->10629474#0,truck_truck,1945.00,5592.00,3647.00,998.81,0.00,False,False
veh3870,-654297635#1->-1323097576,veh_passenger,3000.00,5592.00,2592.00,793.75,0.00,False,False
veh2920,1326193809->1335304373#2,veh_passenger,3378.00,5595.00,2217.00,583.04,0.00,False,False
veh3072,-10628444#0->10629474#1,veh_passenger,2730.00,5595.00,2865.00,464.89,0.00,False,False
veh4756,-1222703383->39920011#1,veh_passenger,3371.00,5599.00,2228.00,1125.49,0.00,False,True
veh4033,968332513#1->654297634,veh_passenger,2704.00,5609.00,2905.00,1049.62,0.00,False,False
veh2314,968332513#1->1222181934,veh_passenger,1552.00,5611.00,4059.00,1821.11,0.00,False,False
veh4729,509524271->687878724,veh_passenger,3170.00,5614.00,2444.00,1403.61,0.00,False,False
truck122,11631594#0->-40036009#3,truck_truck,1465.00,5617.00,4152.00,1409.51,0.00,False,False
veh2514,-47267010->-39838657#1,veh_passenger,1686.00,5617.00,3931.00,1168.37,0.00,False,False
bus393,39920684#3->428730800,bus_bus,2359.00,5617.00,3258.00,2896.35,33.00,True,False
veh5265,-143546557->488788636#1,veh_passenger,3529.00,5617.00,2088.00,2219.71,0.00,False,False
bus412,1068144846#0->-178702258#1,bus_bus,2473.00,5620.00,3147.00,1064.99,0.00,False,False
veh2754,-1068916336->-1125986386,veh_passenger,1969.00,5621.00,3652.00,801.85,0.00,False,False
truck96,-900279886->474143552#0,truck_truck,1153.00,5624.00,4471.00,878.05,0.00,False,False
truck228,1297720367->-39838657#2,truck_truck,2737.00,5624.00,2887.00,1164.85,0.00,False,False
veh2589,856175964->509646056,veh_passenger,1736.00,5627.00,3891.00,397.42,0.00,False,False
veh1404,1368740247->-39838691#9,veh_passenger,942.00,5634.00,4692.00,2006.28,1153.00,False,False
bus525,178699056#3->178699056#3,bus_bus,4895.00,5635.00,740.00,51.31,0.00,False,False
veh2928,-1278784167#1->47087993#3,veh_passenger,1963.00,5636.00,3673.00,2545.62,21.00,True,False
veh1761,-1125986375#1->238219446#1,veh_passenger,1181.00,5639.00,4458.00,1013.39,0.00,False,False
veh2448,50323229#7->1260485931#0,veh_passenger,1642.00,5639.00,3997.00,671.85,0.00,False,False
veh4223,-474143552#4->474143552#3,veh_passenger,2831.00,5645.00,2814.00,160.47,0.00,False,False
bus310,1297720376#1->-1273251151,bus_bus,1861.00,5655.00,3794.00,1157.94,0.00,False,False
bus333,-40035606#2->15420801#3,bus_bus,1999.00,5659.00,3660.00,1890.46,0.00,False,False
veh1965,1290439818->47088302#1,veh_passenger,1318.00,5662.00,4344.00,1612.48,0.00,False,False
veh4500,-39920593#4->1068916336,veh_passenger,3016.00,5662.00,2646.00,688.65,0.00,False,False
veh3763,428730818#1->515130026#1,veh_passenger,2662.00,5664.00,3002.00,533.03,0.00,False,False
veh4743,10628442#1->1323097580#0,veh_passenger,3179.00,5681.00,2502.00,1444.92,0.00,False,False
veh3694,-39838630#1->-232920701,veh_passenger,3292.00,5685.00,2393.00,1731.34,0.00,False,True
veh4006,-1260485931#1->1211151635#1,veh_passenger,2686.00,5685.00,2999.00,2246.79,0.00,False,False
veh2814,1222181935->1125986377#2,veh_passenger,2066.00,5687.00,3621.00,498.54,0.00,False,False
veh3369,9374529#1->-474143552#1,veh_passenger,2259.00,5690.00,3431.00,891.47,0.00,False,False
veh3530,40297715#2->-1327579142,veh_passenger,2367.00,5692.00,3325.00,609.50,0.00,False,False
veh1929,1254816455->1125986379#1,veh_passenger,1294.00,5693.00,4399.00,404.89,0.00,False,False
veh3353,40140141#8->1292541108,veh_passenger,2248.00,5696.00,3448.00,641.10,0.00,False,False
veh4280,-40036009#2->-1323097580#1,veh_passenger,2869.00,5703.00,2834.00,1438.65,0.00,False,False
bus416,1074409256#0->47267007#2,bus_bus,2972.00,5708.00,2736.00,1279.31,0.00,False,False
veh2519,-40139504#0->856175963,veh_passenger,1689.00,5709.00,4020.00,615.66,0.00,False,False
veh5133,490474063#0->-1332638391#2,veh_passenger,3491.00,5710.00,2219.00,1479.23,305.00,False,False
bus579,654297635#1->1290456019,bus_bus,4322.00,5710.00,1388.00,1464.11,12.00,True,False
veh3620,40109290#5->-1211151638,veh_passenger,2427.00,5713.00,3286.00,2359.80,301.00,False,False
bus228,39838751#2->437445541#2,bus_bus,1369.00,5716.00,4347.00,1459.14,0.00,False,False
veh3705,1100626087->437445541#2,veh_passenger,2484.00,5718.00,3234.00,1539.67,0.00,False,False
veh4953,654297629#2->521713925,veh_passenger,3888.00,5718.00,1830.00,1019.38,0.00,False,False
veh5047,1255099069->39920011#1,veh_passenger,3383.00,5718.00,2335.00,944.25,0.00,False,False
bus366,509646054->511187808#3,bus_bus,2197.00,5719.00,3522.00,601.86,0.00,False,False
veh3352,47267007#2->460316444,veh_passenger,2247.00,5723.00,3476.00,831.02,0.00,False,False
veh1976,10628442#2->-33683346#2,veh_passenger,1325.00,5725.00,4400.00,1686.28,0.00,False,False
truck150,488788633#2->513272950#0,truck_truck,1801.00,5725.00,3924.00,1746.78,0.00,False,False
veh4020,39921673#0->10250021#4,veh_passenger,2695.00,5725.00,3030.00,426.39,0.00,False,False
veh2218,10629709#1->475044040#2,veh_passenger,1488.00,5727.00,4239.00,827.08,2916.00,False,False
veh2997,178723097#0->509524230,veh_passenger,2009.00,5728.00,3719.00,784.21,0.00,False,False
veh2284,39920593#1->475044040#0,veh_passenger,1532.00,5735.00,4203.00,295.87,1341.00,True,False
bus298,238219443->-8758061,bus_bus,1789.00,5738.00,3949.00,3531.10,2382.00,True,False
veh4130,24576913#0->47087993#1,veh_passenger,2829.00,5745.00,2916.00,2083.88,0.00,False,True
veh1922,178583140#0->10628429,veh_passenger,1289.00,5746.00,4457.00,1241.16,0.00,False,False
truck240,39920505#5->450616334#1,truck_truck,2931.00,5746.00,2815.00,2182.89,0.00,False,False
veh4306,39920505#2->1074409255#3,veh_passenger,3106.00,5748.00,2642.00,770.81,0.00,False,False
veh668,1125986386->1204070283#0,veh_passenger,3700.00,5754.00,2054.00,592.98,0.00,False,False
veh2087,-1125986385#1->499566574#3,veh_passenger,1520.00,5755.00,4235.00,580.04,0.00,False,False
veh4004,509647505->1064476624,veh_passenger,2684.00,5763.00,3079.00,1702.28,0.00,False,False
bus418,1235501861#0->39920550#7,bus_bus,5232.00,5770.00,538.00,569.24,0.00,False,False
veh4653,-8887999#2->39920550#6,veh_passenger,3119.00,5773.00,2654.00,1400.16,0.00,False,False
bus452,-10250021#4->511187808#2,bus_bus,2713.00,5775.00,3062.00,846.46,0.00,False,False
truck87,1231065653->10628444#2,truck_truck,1045.00,5778.00,4733.00,1026.50,0.00,False,False
veh4826,-10250021#0->-39921673#1,veh_passenger,4461.00,5778.00,1317.00,254.58,0.00,False,False
veh1370,449565665#1->-40139504#1,veh_passenger,919.00,5779.00,4860.00,1106.25,0.00,False,False
veh1394,515124965#1->-1068144846#0,veh_passenger,935.00,5782.00,4847.00,1456.98,0.00,False,False
veh3468,900279869->39920505#8,veh_passenger,2563.00,5783.00,3220.00,1065.08,0.00,False,False
veh4074,490474063#3->50323226,veh_passenger,3801.00,5784.00,1983.00,796.82,305.00,False,False
veh4787,1100626103#2->39920505#11,veh_passenger,3209.00,5784.00,2575.00,781.61,0.00,False,False
veh1376,515138054->-1255099069,veh_passenger,923.00,5789.00,4866.00,3218.36,2438.00,False,False
veh4390,564273553#2->1337646271#0,veh_passenger,2943.00,5789.00,2846.00,595.76,0.00,False,False
veh2418,-50323229#0->39920505#13,veh_passenger,1622.00,5790.00,4168.00,1107.07,1225.00,False,False
veh1462,47224972#0->1332638368#2,veh_passenger,981.00,5791.00,4810.00,1098.15,0.00,False,False
bus506,10748036->40140017#1,bus_bus,3037.00,5791.00,2754.00,596.97,0.00,False,False
veh3845,-1222703384#1->499566574#0,veh_passenger,2643.00,5793.00,3150.00,865.95,0.00,False,False
bus442,-422842976->-240666072#1,bus_bus,2653.00,5793.00,3140.00,1185.55,0.00,False,False
bus353,178699051#0->-50323229#5,bus_bus,2119.00,5794.00,3675.00,1552.50,0.00,False,False
veh3721,654297635#0->-401226926#1,veh_passenger,2495.00,5794.00,3299.00,1183.93,2029.00,False,False
veh3885,39920550#0->-50323229#7,veh_passenger,2604.00,5795.00,3191.00,1159.52,0.00,False,False
veh2678,-39920593#3->-50323229#9,veh_passenger,2012.00,5796.00,3784.00,400.91,0.00,False,False
veh1712,1125986375#0->1068144845#3,veh_passenger,1149.00,5797.00,4648.00,1848.72,9.00,False,False
veh5190,1207401652#1->-116783847,veh_passenger,3479.00,5799.00,2320.00,1691.80,0.00,False,False
veh4361,515123438->451728952#3,veh_passenger,2923.00,5802.00,2879.00,1526.88,0.00,False,False
veh2046,-40036009#1->-1125986375#0,veh_passenger,1372.00,5803.00,4431.00,2167.05,1337.00,False,False
veh3801,1125986379#0->1068144845#2,veh_passenger,2548.00,5805.00,3257.00,1612.39,6.00,False,False
veh3667,479863106#1->-39366819#1,veh_passenger,2458.00,5808.00,3350.00,722.82,0.00,False,False
veh2431,-10250021#4->687878722#1,veh_passenger,1630.00,5810.00,4180.00,1980.31,0.00,False,False
veh1772,-511409187->1207401652#2,veh_passenger,1337.00,5812.00,4475.00,1223.49,0.00,False,False
veh3189,39921531->10749498,veh_passenger,2138.00,5812.00,3674.00,1266.32,0.00,False,False
veh5081,-40035606#3->-40035606#1,veh_passenger,4424.00,5812.00,1388.00,98.89,0.00,False,False
veh2796,-40035606#1->40036009#0,veh_passenger,1875.00,5813.00,3938.00,594.93,0.00,False,False
veh2851,654297630->1322916760#2,veh_passenger,1912.00,5814.00,3902.00,1651.90,12.00,False,False
veh4008,1292578228-AddedOnRampEdge->39920505#12,veh_passenger,2687.00,5816.00,3129.00,394.11,0.00,False,False
veh2364,24577522#3->-40035606#2,veh_passenger,1585.00,5817.00,4232.00,1332.50,0.00,False,False
veh2979,-257421487#1->-40139504#0,veh_passenger,1997.00,5817.00,3820.00,978.61,0.00,False,False
veh3576,-451728952#5->-39920593#4,veh_passenger,2397.00,5818.00,3421.00,2581.83,0.00,False,True
truck101,83428923#1->240666072#2,truck_truck,1213.00,5819.00,4606.00,1620.34,0.00,False,False
truck231,-1068916335->39920505#12,truck_truck,2773.00,5820.00,3047.00,488.11,0.00,False,False
veh1402,450616334#0->511409187,veh_passenger,941.00,5822.00,4881.00,971.78,0.00,False,False
veh3492,474143552#6->-1068144845#4,veh_passenger,2551.00,5824.00,3273.00,2035.35,18.00,False,False
veh5299,50323229#11->-142741729#1,veh_passenger,3961.00,5825.00,1864.00,1259.20,0.00,False,False
veh5207,1125986385#1->39920505#12,veh_passenger,3490.00,5826.00,2336.00,1257.83,0.00,False,False
truck125,39920505#8->-10628444#0,truck_truck,1501.00,5835.00,4334.00,727.75,0.00,False,False
veh2798,1068434206->509524225,veh_passenger,1876.00,5839.00,3963.00,1271.62,0.00,False,False
veh3242,-178723097#1->-653860562,veh_passenger,2653.00,5845.00,3192.00,572.86,0.00,False,False
veh3407,-499566577#1->1335304374,veh_passenger,2284.00,5847.00,3563.00,1180.82,992.00,True,False
truck133,509646056->-1332638391#1,truck_truck,1901.00,5850.00,3949.00,266.12,0.00,False,False
veh3328,24576913#0->1297720367,veh_passenger,2528.00,5864.00,3336.00,526.80,0.00,False,False
veh1690,654297637#1->1068144845#2,veh_passenger,1134.00,5865.00,4731.00,2103.79,7.00,False,False
veh5352,39921531->-1254816452,veh_passenger,3587.00,5865.00,2278.00,1011.45,0.00,False,False
veh1560,39838520#0->1068144845#2,veh_passenger,1047.00,5866.00,4819.00,1812.59,7.00,False,False
veh4363,39086240-AddedOffRampEdge->-240666072#1,veh_passenger,2925.00,5868.00,2943.00,1601.12,675.00,False,False
veh2755,509524226->1100626103#1,veh_passenger,1847.00,5870.00,4023.00,1712.09,3096.00,False,False
veh2933,-1297720376#1->509524226,veh_passenger,1967.00,5873.00,3906.00,2296.04,35.00,True,False
veh2262,-474143552#5->1100626103#3,veh_passenger,1517.00,5874.00,4357.00,828.50,0.00,False,False
veh2199,1234244927#1->178699054,veh_passenger,1475.00,5875.00,4400.00,753.45,0.00,False,False
truck158,1290439817#1->1068144845#3,truck_truck,1897.00,5877.00,3980.00,1764.71,12.00,False,False
veh2680,-1292541108->40109290#1,veh_passenger,2062.00,5882.00,3820.00,1589.11,0.00,False,False
veh1494,1322916760#1->-40035904#1,veh_passenger,1002.00,5885.00,4883.00,2643.49,24.00,False,False
veh3018,40139504#0->730912750,veh_passenger,2024.00,5885.00,3861.00,2041.17,0.00,False,False
veh3520,39921192#0->-687878722#1,veh_passenger,2363.00,5893.00,3530.00,3142.45,37.00,True,False
veh1855,178583144->-1125986379#0,veh_passenger,1244.00,5897.00,4653.00,1498.29,0.00,False,False
bus500,40035606#3->10628442#1,bus_bus,3001.00,5911.00,2910.00,1487.55,0.00,False,False
veh3660,488788637#0->-1068144845#4,veh_passenger,2454.00,5913.00,3459.00,1573.44,55.00,False,False
veh2764,1290439818->511404875,veh_passenger,1853.00,5914.00,4061.00,1243.02,0.00,False,False
veh1873,11635067->511187809,veh_passenger,1256.00,5915.00,4659.00,1585.23,0.00,False,False
veh2321,1214520070->1068434206,veh_passenger,1557.00,5922.00,4365.00,383.98,0.00,False,False
veh2456,39920505#8->1322916760#2,veh_passenger,1647.00,5922.00,4275.00,2263.56,17.00,False,False
veh2071,-39838691#3->-1297720376#1,veh_passenger,1389.00,5925.00,4536.00,1122.04,0.00,False,False
veh5146,-1323097580#0->39920505#2,veh_passenger,3449.00,5927.00,2478.00,594.33,0.00,False,False
truck244,40109290#4->47087993#2,truck_truck,4265.00,5933.00,1668.00,3699.44,32.00,True,False
veh2354,40297715#1->178702258#1,veh_passenger,1579.00,5937.00,4358.00,1445.58,0.00,False,False
bus274,-515126385#2->-238219441#2,bus_bus,1645.00,5939.00,4294.00,1526.13,0.00,False,False
veh2654,1231065644->521701860,veh_passenger,1780.00,5947.00,4167.00,781.41,199.00,False,False
veh1626,761486028#1->1067928306#0,veh_passenger,1091.00,5948.00,4857.00,1964.37,0.00,False,False
veh5118,39921025#1->1068916336,veh_passenger,3431.00,5948.00,2517.00,282.91,0.00,False,False
bus188,-142741729#1->1214520074#1,bus_bus,1129.00,5951.00,4822.00,1446.85,0.00,False,False
bus388,39838530->1214520074#0,bus_bus,4617.00,5957.00,1340.00,514.38,0.00,False,False
veh3734,15419875#0->-50323229#6,veh_passenger,2503.00,5959.00,3456.00,988.14,2488.00,False,False
veh2224,1074409232#0->1074771163#1-AddedOffRampEdge,veh_passenger,1492.00,5960.00,4468.00,1471.78,0.00,False,False
veh3090,39838691#0->1118804256#1,veh_passenger,2072.00,5962.00,3890.00,2218.80,0.00,False,False
bus155,9374529#1->142741729#1,bus_bus,931.00,5963.00,5032.00,724.11,0.00,False,False
truck249,68574206->1214520074#1,truck_truck,2989.00,5964.00,2975.00,1077.13,0.00,False,False
veh4869,1074771163#1->654297629#5,veh_passenger,3264.00,5966.00,2702.00,1078.88,0.00,False,False
veh1419,10250021#2->1222703384#1,veh_passenger,952.00,5969.00,5017.00,955.04,0.00,False,False
veh3789,1234244926->39838520#3,veh_passenger,2540.00,5970.00,3430.00,655.83,0.00,False,False
veh2921,509646056->511405572,veh_passenger,2222.00,5972.00,3750.00,549.71,0.00,False,False
veh2766,-968332509->401226926#1,veh_passenger,1913.00,5977.00,4064.00,1213.15,0.00,False,False
veh3151,511187811->-1068144848#0,veh_passenger,2367.00,5977.00,3610.00,1181.27,8.00,True,False
veh1451,1067928306#0->511187808#2,veh_passenger,974.00,5980.00,5006.00,1155.02,0.00,False,False
veh2747,1327579142->-224146621,veh_passenger,1842.00,5980.00,4138.00,2940.23,33.00,True,False
veh2799,-1254633077#1->-474143552#0,veh_passenger,3974.00,5984.00,2010.00,1215.30,334.00,False,False
veh2874,39838657#3->515136607,veh_passenger,1927.00,5985.00,4058.00,1719.35,0.00,False,False
veh1801,422842976->511187810,veh_passenger,1208.00,5987.00,4779.00,512.27,0.00,False,False
veh1972,-47224972#0->515123439,veh_passenger,3707.00,5987.00,2280.00,1013.42,0.00,False,False
veh2881,-33683346#2->40140141#6,veh_passenger,1932.00,5990.00,4058.00,2307.71,0.00,False,False
truck138,1235501860->-10629474#0,truck_truck,1657.00,5995.00,4338.00,1184.86,0.00,False,False
veh1663,169562956->40138941#1,veh_passenger,1116.00,6000.00,4884.00,2288.70,0.00,False,False
veh4998,-40139504#1->1075505400#2,veh_passenger,3350.00,6001.00,2651.00,1693.22,0.00,False,False
veh5064,8758061->47087993#2,veh_passenger,3394.00,6003.00,2609.00,862.81,0.00,False,True
veh2673,1068144849#2->1125986377#1,veh_passenger,1792.00,6004.00,4212.00,2218.34,72.00,True,False
veh4285,1068434236->240666072#1,veh_passenger,2872.00,6004.00,3132.00,1383.65,0.00,False,True
truck245,437445541#0->-240666072#2,truck_truck,2941.00,6012.00,3071.00,1664.45,1821.00,True,False
veh2818,421846558#0->654297629#3,veh_passenger,1890.00,6014.00,4124.00,658.01,0.00,False,False
veh3019,50323229#5->39921025#8,veh_passenger,2112.00,6018.00,3906.00,1666.01,1569.00,False,False
truck218,511187808#0->47087993#0,truck_truck,2617.00,6019.00,3402.00,1865.77,0.00,False,True
veh4912,1211151635#1->654297628,veh_passenger,3293.00,6019.00,2726.00,642.27,0.00,False,False
veh3901,-10250021#3->654297629#3,veh_passenger,2615.00,6023.00,3408.00,906.72,0.00,False,False
veh2341,1323097580#0->40109290#1,veh_passenger,1570.00,6025.00,4455.00,1076.52,0.00,False,False
veh3088,9704194#0->-238219441#0,veh_passenger,2070.00,6034.00,3964.00,1260.54,0.00,False,False
bus485,499566574#1->-1326193809,bus_bus,2911.00,6037.00,3126.00,592.16,0.00,False,False
truck199,39920550#1->-10628442#1,truck_truck,2389.00,6039.00,3650.00,1076.51,0.00,False,False
bus337,401226925#1->1327579142,bus_bus,2023.00,6040.00,4017.00,1654.45,0.00,False,False
veh4302,1214520076->-10628442#1,veh_passenger,4357.00,6041.00,1684.00,395.98,0.00,False,False
veh5288,856175964->-654297635#1,veh_passenger,3544.00,6047.00,2503.00,689.51,0.00,False,False
veh5337,968332513#1->-654297633,veh_passenger,3577.00,6047.00,2470.00,1031.71,0.00,False,False
veh5335,1125986373#3->72157792,veh_passenger,3576.00,6048.00,2472.00,535.40,0.00,False,False
veh1789,-449565665#0->40140141#10,veh_passenger,1200.00,6049.00,4849.00,1729.01,0.00,False,False
bus256,-654297629#6->509646062,bus_bus,1886.00,6049.00,4163.00,935.58,0.00,False,False
veh3234,-1068144849#1->437445539#0,veh_passenger,2168.00,6053.00,3885.00,2912.80,99.00,False,False
veh4546,515124965#2->515126385#3,veh_passenger,3047.00,6053.00,3006.00,1184.65,0.00,False,False
veh4701,-40036062#0->1117667177,veh_passenger,3830.00,6053.00,2223.00,1052.62,224.00,True,False
veh2347,475446753->1068434199,veh_passenger,1574.00,6054.00,4480.00,1844.64,0.00,False,False
veh2584,-40140017#0->-856175964,veh_passenger,1733.00,6057.00,4324.00,589.74,0.00,False,False
veh3321,1214520074#5->521708587#2,veh_passenger,2227.00,6063.00,3836.00,994.03,0.00,False,False
truck220,1118804250->450616334#0,truck_truck,2641.00,6063.00,3422.00,2803.55,129.00,True,False
veh5157,488788633#1->-413789558#1,veh_passenger,3457.00,6063.00,2606.00,417.36,0.00,False,False
veh4045,838061038->240666069#2,veh_passenger,2712.00,6064.00,3352.00,1208.60,0.00,False,False
bus475,24576922#1->-1335304371,bus_bus,2851.00,6070.00,3219.00,1529.90,0.00,False,False
bus565,39920550#7->-687878722#1,bus_bus,3391.00,6072.00,2681.00,2795.85,39.00,True,False
veh4582,-257421487#1->1118804256#0,veh_passenger,3071.00,6073.00,3002.00,2481.94,66.00,False,False
veh2447,1068144846#2->178441748#0,veh_passenger,1641.00,6079.00,4438.00,2372.38,968.00,True,False
veh4098,10628442#1->654297629#6,veh_passenger,2747.00,6079.00,3332.00,923.75,0.00,False,False
bus330,15419971#1->564273552,bus_bus,1981.00,6081.00,4100.00,1769.74,0.00,False,False
truck93,509646059->-40138239#1,truck_truck,1117.00,6085.00,4968.00,1999.34,0.00,False,False
bus295,39920011#2->-40035606#1,bus_bus,1771.00,6086.00,4315.00,1038.66,0.00,False,False
veh4925,-1068144847->8887999#1,veh_passenger,3301.00,6088.00,2787.00,1490.10,35.00,True,False
veh4967,39920505#1->178441748#0,veh_passenger,3329.00,6089.00,2760.00,536.53,0.00,False,False
bus435,1292578228->1196008691#1,bus_bus,2805.00,6090.00,3285.00,688.91,0.00,False,False
veh3941,-10629474#1->509524228,veh_passenger,2642.00,6092.00,3450.00,2418.69,35.00,True,False
veh4137,-1254633077#1->-40138239#2,veh_passenger,6045.00,6093.00,48.00,273.06,0.00,False,False
veh2091,511404874#1->50323226,veh_passenger,1402.00,6097.00,4695.00,3613.87,1436.00,False,False
veh4803,-10748045#2->40138633#2,veh_passenger,3220.00,6099.00,2879.00,877.38,0.00,False,False
veh4322,967985513#1->50323226,veh_passenger,2897.00,6100.00,3203.00,1883.29,0.00,False,False
veh1908,654297630->40138633#2,veh_passenger,1280.00,6101.00,4821.00,1806.99,0.00,False,False
veh5061,1226645409->47087992#1,veh_passenger,3392.00,6106.00,2714.00,462.99,0.00,False,False
veh4645,451728952#4->1226645409,veh_passenger,3114.00,6107.00,2993.00,1215.69,0.00,False,False
veh2288,-40139708->47087993#3,veh_passenger,1534.00,6108.00,4574.00,3630.07,45.00,True,False
bus564,-1235501861#1->-1327579142,bus_bus,3385.00,6108.00,2723.00,690.14,0.00,False,False
bus395,1298335705->515130025,bus_bus,3299.00,6109.00,2810.00,1003.27,0.00,False,False
veh2315,-39838657#2->1067928306#0,veh_passenger,1553.00,6114.00,4561.00,962.17,0.00,False,False
veh4864,-83428923#1->39839107,veh_passenger,3260.00,6115.00,2855.00,1953.38,21.00,True,False
bus309,39921025#0->40036009#0,bus_bus,1855.00,6117.00,4262.00,1280.78,0.00,False,False
veh2480,513272949->1226645410,veh_passenger,2015.00,6124.00,4109.00,1584.26,0.00,False,False
veh4348,451728952#5->1068144845#0,veh_passenger,2915.00,6125.00,3210.00,794.21,3110.00,True,False
veh4249,-240666072#1->40036009#1,veh_passenger,2848.00,6127.00,3279.00,2846.49,0.00,False,True
bus559,-515123442#4->12247568#0,bus_bus,3355.00,6129.00,2774.00,1300.98,0.00,False,False
veh3360,50323229#7->10748036,veh_passenger,2716.00,6131.00,3415.00,1886.70,0.00,False,False
veh2423,-40035325#2->39920505#0,veh_passenger,1831.00,6136.00,4305.00,989.48,9.00,True,False
veh3437,50323229#14->-40138239#3,veh_passenger,2304.00,6136.00,3832.00,210.45,0.00,False,False
veh4620,40297715#3->10748036,veh_passenger,3097.00,6136.00,3039.00,1582.03,0.00,False,False
veh4449,-24576913#0->1337115429,veh_passenger,3152.00,6141.00,2989.00,740.90,0.00,False,False
veh3329,39838520#3->1234244927#1,veh_passenger,2232.00,6142.00,3910.00,726.90,0.00,False,False
veh2138,-968332509->178723097#1,veh_passenger,1531.00,6147.00,4616.00,961.86,0.00,False,False
veh2353,1064476623->-1100626088,veh_passenger,1578.00,6147.00,4569.00,863.56,0.00,False,False
veh2854,40109290#3->13909444#1,veh_passenger,1914.00,6150.00,4236.00,2107.93,301.00,False,False
veh1769,39920550#2->-900279886,veh_passenger,1187.00,6153.00,4966.00,463.95,0.00,False,False
veh1990,-39838691#8->515126385#4,veh_passenger,1335.00,6153.00,4818.00,1381.11,0.00,False,False
veh4419,-451728952#3->1254633078#1,veh_passenger,2962.00,6154.00,3192.00,2759.43,0.00,True,False
truck263,10250021#4->490474063#0,truck_truck,3157.00,6155.00,2998.00,1399.45,0.00,False,False
bus363,1260481150->83563455,bus_bus,2179.00,6158.00,3979.00,4519.59,36.00,True,False
veh4395,1074771163#1-AddedOffRampEdge->-8758061,veh_passenger,2946.00,6159.00,3213.00,2569.70,32.00,True,False
veh4537,39838691#8->47223733,veh_passenger,4179.00,6160.00,1981.00,1196.97,0.00,False,False
veh2369,-1323097580#0->-39921531,veh_passenger,1589.00,6164.00,4575.00,990.02,0.00,False,False
veh3713,968332513#1->488788626#1,veh_passenger,2489.00,6165.00,3676.00,1120.15,0.00,False,False
bus556,-1335304386#0->515126303,bus_bus,3341.00,6167.00,2826.00,2802.73,33.00,True,False
veh2505,39921025#4->1068916335,veh_passenger,1680.00,6171.00,4491.00,656.74,0.00,False,False
veh4216,39920505#0->72157794,veh_passenger,2826.00,6184.00,3358.00,1018.14,0.00,False,False
veh3594,422842976->1204070281,veh_passenger,2409.00,6187.00,3778.00,1099.15,0.00,False,False
veh1634,-1204070283#1->654297629#2,veh_passenger,1096.00,6188.00,5092.00,701.73,0.00,False,False
veh2070,1064476624->1214520072,veh_passenger,1388.00,6190.00,4802.00,1065.45,0.00,False,False
bus334,15420537#2->-1326193809,bus_bus,2005.00,6190.00,4185.00,3096.87,21.00,True,False
veh3550,-143546557->-1226645410,veh_passenger,2380.00,6190.00,3810.00,2703.84,32.00,True,False
truck242,-1068144845#4->-40035606#3,truck_truck,2945.00,6191.00,3246.00,2511.46,873.00,False,False
veh3366,666886084#0->1074409232#0,veh_passenger,2257.00,6208.00,3951.00,1376.77,0.00,False,False
bus517,-474143552#0->-39838691#1,bus_bus,3103.00,6214.00,3111.00,1797.94,0.00,False,False
veh3765,1323097578->39920684#3,veh_passenger,2524.00,6220.00,3696.00,411.22,0.00,False,False
veh2808,488788626#0->39920593#1,veh_passenger,2105.00,6221.00,4116.00,1065.46,0.00,False,False
veh3648,10628442#1->39920550#2,veh_passenger,2446.00,6230.00,3784.00,977.24,0.00,False,False
veh1912,-1068434202->1214520074#1,veh_passenger,1917.00,6232.00,4315.00,430.97,0.00,False,False
bus526,40036066->1211151636,bus_bus,3157.00,6234.00,3077.00,2198.72,0.00,False,False
veh4974,-39838630#1->-39921672,veh_passenger,4689.00,6236.00,1547.00,901.48,0.00,False,False
veh3174,39838984#0->-474143552#0,veh_passenger,2128.00,6237.00,4109.00,1521.12,0.00,False,False
bus509,39920550#13->-654297633,bus_bus,3056.00,6242.00,3186.00,1614.26,0.00,False,False
veh1857,1335304371->9704194#0,veh_passenger,1246.00,6257.00,5011.00,1976.99,0.00,False,True
veh3116,-1125986377#1->-40035904#1,veh_passenger,2650.00,6260.00,3610.00,1323.24,0.00,False,False
veh2031,-40109239->985133427,veh_passenger,1362.00,6262.00,4900.00,3140.93,654.00,True,False
bus494,1074771163#0->439836132,bus_bus,2965.00,6262.00,3297.00,1633.30,54.00,True,False
veh3162,12247569->1068434257,veh_passenger,2120.00,6263.00,4143.00,657.51,0.00,False,False
veh5241,50323229#7->-1260485929#3,veh_passenger,3658.00,6264.00,2606.00,1504.75,0.00,False,False
veh4159,39920011#1->511187812,veh_passenger,2788.00,6267.00,3479.00,1675.27,0.00,False,False
bus364,1068144846#0->39921673#1,bus_bus,2185.00,6269.00,4084.00,1733.41,0.00,False,False
veh1036,1226645407->761486028#1,veh_passenger,2101.00,6271.00,4170.00,1956.00,42.00,True,False
veh4360,413789557->-564273553#4,veh_passenger,2923.00,6271.00,3348.00,505.19,0.00,False,False
veh4439,40109290#2->1337646276,veh_passenger,2976.00,6274.00,3298.00,3051.10,36.00,True,False
veh4903,10628442#3->39921025#5,veh_passenger,3287.00,6276.00,2989.00,1450.91,0.00,False,False
veh4329,39920593#5->72157794,veh_passenger,2902.00,6285.00,3383.00,862.20,0.00,False,False
veh1442,515130026#1->39921025#6,veh_passenger,968.00,6290.00,5322.00,2348.55,1981.00,False,False
bus407,143546557->856175963,bus_bus,2443.00,6291.00,3848.00,1024.33,0.00,False,False
veh2333,-422842976->13909444#5,veh_passenger,1565.00,6293.00,4728.00,1520.06,0.00,False,False
veh4211,13866211->-1214520068,veh_passenger,2823.00,6307.00,3484.00,2281.01,67.00,False,False
veh2298,238219443->1332638368#1,veh_passenger,1541.00,6308.00,4767.00,2007.67,0.00,False,False
veh2638,50323229#7->1068144845#1,veh_passenger,1803.00,6310.00,4507.00,2526.72,3.00,False,False
veh4103,1335304373#1->1125986377#0,veh_passenger,2751.00,6310.00,3559.00,1122.84,0.00,False,False
veh1796,1234244925#0->1125986379#1,veh_passenger,1205.00,6313.00,5108.00,843.30,0.00,False,False
veh4767,1255099069->10628442#2,veh_passenger,3195.00,6314.00,3119.00,797.61,0.00,False,False
veh2909,437445541#0->564273553#2,veh_passenger,1951.00,6315.00,4364.00,1449.11,0.00,False,False
veh2340,40138239#2->-240666072#0,veh_passenger,1569.00,6316.00,4747.00,2956.34,0.00,False,True
veh2656,15420532->654297631,veh_passenger,1781.00,6316.00,4535.00,2592.79,77.00,True,False
veh4455,-1125986385#0->-474143552#3,veh_passenger,3169.00,6316.00,3147.00,967.03,0.00,False,False
veh1395,490474063#4->1068144845#0,veh_passenger,997.00,6321.00,5324.00,1949.39,576.00,False,False
veh4560,1068434206->-40297715#2,veh_passenger,3057.00,6322.00,3265.00,1280.22,0.00,False,False
veh2276,856175964->451728952#3,veh_passenger,1526.00,6328.00,4802.00,1306.65,0.00,False,False
veh5246,39920684#5->47087366#1,veh_passenger,3516.00,6331.00,2815.00,3122.21,34.00,True,False
veh2720,8887999#0->1074771170,veh_passenger,1824.00,6335.00,4511.00,1199.23,0.00,False,False
veh1564,178702243#1-AddedOnRampEdge->39838657#0,veh_passenger,1049.00,6336.00,5287.00,3073.46,48.00,False,False
veh3926,-1068434202->83428923#0,veh_passenger,2854.00,6338.00,3484.00,464.37,0.00,False,False
veh1917,1064476618#0->39838691#6,veh_passenger,1286.00,6340.00,5054.00,1931.32,0.00,False,False
veh4467,1211151635#0->40297885#1,veh_passenger,2994.00,6341.00,3347.00,957.72,0.00,False,False
veh4105,1332638391#1->-1068144846#2,veh_passenger,2752.00,6342.00,3590.00,1159.14,0.00,False,False
bus534,-178699051#1->1332638368#1,bus_bus,3205.00,6342.00,3137.00,1880.34,0.00,False,False
veh2433,178702258#2->654297629#6,veh_passenger,1632.00,6348.00,4716.00,807.15,0.00,False,False
veh4721,515123442#3->-1211151635#1,veh_passenger,3165.00,6352.00,3187.00,1685.27,0.00,False,False
veh2508,-50323229#13->1322916760#1,veh_passenger,1682.00,6356.00,4674.00,2754.92,451.00,False,False
veh4674,178583149->1068434199,veh_passenger,3133.00,6357.00,3224.00,1943.29,0.00,False,False
veh4268,83563432->1337115429,veh_passenger,2861.00,6358.00,3497.00,1713.83,0.00,False,False
bus360,178725446#2->511404875,bus_bus,2161.00,6360.00,4199.00,819.17,0.00,False,False
veh4054,24621218#3->178583153,veh_passenger,5629.00,6361.00,732.00,557.00,0.00,False,False
veh3651,39920684#0->13909444#6,veh_passenger,2449.00,6362.00,3913.00,2550.57,33.00,True,False
veh2628,515123442#4->-39920222,veh_passenger,1762.00,6363.00,4601.00,2703.14,3301.00,True,False
veh4490,511187809->24576913#0,veh_passenger,3010.00,6363.00,3353.00,589.72,0.00,False,False
veh2647,178702258#0->511409188#1,veh_passenger,1775.00,6367.00,4592.00,163.59,0.00,False,False
veh2795,1125986379#1->-40035325#0,veh_passenger,1874.00,6367.00,4493.00,972.81,1506.00,True,False
veh2527,238219443->-10628442#0,veh_passenger,1695.00,6378.00,4683.00,910.24,0.00,False,False
veh5145,1068074792->985675139,veh_passenger,3449.00,6378.00,2929.00,933.66,0.00,False,False
veh3914,238219472#3->40109290#5,veh_passenger,2624.00,6380.00,3756.00,1169.16,0.00,False,False
veh4330,1335304372->39921025#0,veh_passenger,2903.00,6387.00,3484.00,768.54,0.00,False,True
bus548,-1214520076->1326437250,bus_bus,5017.00,6395.00,1378.00,1033.17,0.00,False,False
truck194,-654297632#0->1323097576,truck_truck,2329.00,6398.00,4069.00,987.94,0.00,False,True
bus172,-33683346#2->1214520068,bus_bus,1033.00,6402.00,5369.00,2179.72,762.00,True,False
veh4807,-142741729#1->521704031#1,veh_passenger,3222.00,6404.00,3182.00,1960.88,0.00,False,False
veh4080,39838984#0->9374529#1,veh_passenger,2735.00,6405.00,3670.00,1138.06,0.00,False,False
veh2994,401226926#1->822782498,veh_passenger,2007.00,6409.00,4402.00,1725.07,0.00,False,False
veh5229,856175962->515126302,veh_passenger,3505.00,6420.00,2915.00,1250.38,0.00,False,False
veh4028,-40109290#3->40138239#1,veh_passenger,3020.00,6422.00,3402.00,275.18,0.00,False,False
bus287,488788637#0->11631594#0,bus_bus,1723.00,6429.00,4706.00,1416.21,0.00,False,False
veh3428,488788636#0->39920505#1,veh_passenger,2298.00,6432.00,4134.00,2329.63,0.00,False,False
veh4641,47087993#1->-654297634,veh_passenger,3111.00,6435.00,3324.00,2212.82,1721.00,True,False
veh4409,838061038->-1068144846#2,veh_passenger,2956.00,6436.00,3480.00,1243.09,0.00,False,False
veh1909,-1297720376#0->-40138239#2,veh_passenger,1281.00,6445.00,5164.00,1498.41,0.00,False,False
veh2414,666886086#1->-900279886,veh_passenger,1619.00,6445.00,4826.00,896.15,0.00,False,False
veh4938,499566577#1->1260485931#0,veh_passenger,3310.00,6446.00,3136.00,880.68,1339.00,True,False
veh4002,39838520#3->39920505#2,veh_passenger,2683.00,6447.00,3764.00,1213.47,0.00,False,False
veh2301,-1260485929#2->-178723097#1,veh_passenger,1543.00,6449.00,4906.00,967.74,0.00,False,False
veh4802,116831467->24621218#1,veh_passenger,3219.00,6451.00,3232.00,1152.65,0.00,False,False
veh3702,40115810#0->511404880#0,veh_passenger,2482.00,6452.00,3970.00,1136.90,0.00,False,False
veh3971,1290456019->515040940#0,veh_passenger,2665.00,6457.00,3792.00,2514.45,30.00,False,False
veh2546,475044040#0->474143552#6,veh_passenger,1707.00,6460.00,4753.00,995.31,55.00,False,False
veh2434,1125986375#1->40035606#1,veh_passenger,1632.00,6467.00,4835.00,1682.33,0.00,False,False
bus547,10250021#0->-654297636,bus_bus,3283.00,6473.00,3190.00,588.36,0.00,False,False
veh2024,15419906#2->-654297635#1,veh_passenger,1358.00,6494.00,5136.00,1388.63,1660.00,False,False
bus527,-178702258#1->-1068144846#0,bus_bus,3163.00,6495.00,3332.00,1146.48,0.00,False,False
veh2185,24577455#2->1323097577,veh_passenger,1467.00,6501.00,5034.00,1290.21,2522.00,False,False
veh1665,39920505#0->654297635#0,veh_passenger,1117.00,6503.00,5386.00,1312.07,2549.00,True,False
veh2772,47053612->10748036,veh_passenger,1859.00,6504.00,4645.00,2791.81,30.00,False,False
veh3315,39920550#8->-1254816452,veh_passenger,2223.00,6509.00,4286.00,1272.67,0.00,False,False
veh5279,150928465->654297635#1,veh_passenger,3538.00,6510.00,2972.00,1468.86,0.00,False,False
veh4121,40297715#2->654297635#0,veh_passenger,2763.00,6511.00,3748.00,1104.00,0.00,False,False
bus422,-1068144849#2->513082641#2-AddedOnRampEdge,bus_bus,2533.00,6515.00,3982.00,1871.46,108.00,False,True
veh3400,-40297715#1->-654297636,veh_passenger,2447.00,6518.00,4071.00,1045.10,0.00,False,False
bus281,13909444#5->-654297636,bus_bus,1687.00,6521.00,4834.00,3158.13,2620.00,True,False
veh3038,39920684#1->40140017#1,veh_passenger,2037.00,6521.00,4484.00,1282.47,0.00,False,False
veh4203,10628444#1->-401226926#0,veh_passenger,3231.00,6521.00,3290.00,864.51,0.00,False,False
bus471,-1235501861#0->-654297637#0,bus_bus,2827.00,6523.00,3696.00,1576.90,0.00,False,False
veh3051,509646059->1254816453#1,veh_passenger,2046.00,6526.00,4480.00,2091.76,0.00,False,False
veh3126,178702258#0->515130026#0,veh_passenger,2096.00,6527.00,4431.00,1351.12,0.00,False,False
veh2302,490474063#0->47157282#0,veh_passenger,1544.00,6543.00,4999.00,572.75,1341.00,False,False
veh1895,424580475->515123442#2,veh_passenger,1271.00,6545.00,5274.00,1992.67,90.00,True,False
veh2458,40115810#1->-39838691#10,veh_passenger,1648.00,6546.00,4898.00,1795.96,0.00,False,False
veh3897,1100626103#1->-147711065#2,veh_passenger,2612.00,6546.00,3934.00,1148.05,0.00,False,False
veh4966,-33683458#1->47225638#3,veh_passenger,3329.00,6546.00,3217.00,2663.45,0.00,False,False
veh2469,-39838751#2->509646052,veh_passenger,1656.00,6552.00,4896.00,867.67,0.00,False,False
veh5166,-1067928307#3->515126385#1,veh_passenger,3463.00,6558.00,3095.00,1384.05,0.00,False,False
veh1374,39838691#0->509524230,veh_passenger,922.00,6568.00,5646.00,702.13,0.00,False,False
veh2407,654297629#1->39920011#3,veh_passenger,1614.00,6568.00,4954.00,1716.43,0.00,False,False
veh4980,1332638391#2->-654297631,veh_passenger,3338.00,6575.00,3237.00,1018.24,0.00,False,False
veh4410,-1222703382->47224972#0,veh_passenger,2956.00,6578.00,3622.00,1064.32,0.00,True,False
veh2412,47157282#0->1204070283#0,veh_passenger,1707.00,6580.00,4873.00,535.73,0.00,False,False
veh4548,1260485929#2->1222703384#0,veh_passenger,3051.00,6580.00,3529.00,961.76,0.00,False,False
veh4762,24576922#2->666886081,veh_passenger,3192.00,6584.00,3392.00,1808.07,36.00,True,False
veh2636,1204070281->178699058,veh_passenger,1768.00,6589.00,4821.00,646.62,7.00,True,False
veh4941,1204070283#0->39920550#2,veh_passenger,3312.00,6590.00,3278.00,757.27,0.00,False,False
veh3762,-1125986377#1->1214520073#0,veh_passenger,3160.00,6591.00,3431.00,592.95,0.00,False,False
veh2832,513082635#0-AddedOffRampEdge->654297632#0,veh_passenger,1899.00,6593.00,4694.00,2314.67,0.00,False,False
veh3803,178699051#0->511404874#0,veh_passenger,2550.00,6595.00,4045.00,871.04,0.00,False,False
truck109,515040937->-654297633,truck_truck,1309.00,6601.00,5292.00,1446.77,0.00,False,False
bus257,499566573->-1297720367,bus_bus,1543.00,6605.00,5062.00,1291.48,485.00,False,False
veh5014,178699054->178441748#1,veh_passenger,4000.00,6608.00,2608.00,690.50,0.00,False,False
veh1839,666886086#1->147711065#1,veh_passenger,1234.00,6609.00,5375.00,1029.48,0.00,False,False
veh5068,1068434235->475044040#3,veh_passenger,3397.00,6616.00,3219.00,1816.72,0.00,False,False
veh3684,1204070281->515130028#1-AddedOnRampEdge,veh_passenger,2470.00,6622.00,4152.00,2640.04,38.00,True,False
veh3996,511187808#4->1214520075,veh_passenger,2679.00,6622.00,3943.00,307.13,0.00,False,False
veh1484,654297637#2->521705694#1,veh_passenger,996.00,6625.00,5629.00,1535.28,0.00,False,False
veh3205,-50323229#14->-1068144845#4,veh_passenger,2429.00,6638.00,4209.00,2759.33,44.00,False,False
bus586,499566574#0->47053612,bus_bus,3517.00,6638.00,3121.00,1828.31,26.00,True,False
veh5103,178702253->8887999#2,veh_passenger,3421.00,6641.00,3220.00,1199.90,0.00,False,False
veh2596,1075505400#2->11631594#2,veh_passenger,1741.00,6642.00,4901.00,1619.27,0.00,False,False
veh4943,-39838984#1->39838657#0,veh_passenger,3313.00,6646.00,3333.00,1070.04,0.00,False,False
veh2001,511187808#1->47225638#1,veh_passenger,1342.00,6654.00,5312.00,1417.58,0.00,False,False
veh4811,238219449->1254633077#0,veh_passenger,3225.00,6657.00,3432.00,982.87,0.00,False,False
veh1536,-856175964->1068434200#1,veh_passenger,1031.00,6661.00,5630.00,755.88,0.00,False,False
veh4830,-654297632#0->40035904#2,veh_passenger,4160.00,6664.00,2504.00,1582.57,0.00,False,True
bus469,515130025->-1260481154,bus_bus,2815.00,6667.00,3852.00,1341.36,0.00,False,False
veh4709,-1290439817#0->-40035904#0,veh_passenger,3157.00,6670.00,3513.00,1496.45,0.00,False,False
veh2163,1260485931#1->40322293,veh_passenger,1451.00,6672.00,5221.00,1337.52,0.00,False,False
veh2197,564273553#2->-1335304371,veh_passenger,1473.00,6672.00,5199.00,2012.12,0.00,False,False
veh3860,-401226926#0->-40297715#1,veh_passenger,2588.00,6674.00,4086.00,527.36,0.00,False,False
veh5360,654297636->-39920593#6,veh_passenger,3593.00,6675.00,3082.00,1126.48,0.00,False,False
bus484,521704031#1->-1235501862,bus_bus,2905.00,6680.00,3775.00,1685.05,0.00,False,False
veh4515,238219446#0->178583167#1,veh_passenger,3027.00,6687.00,3660.00,1464.23,305.00,False,False
veh2843,1214520067->967985512,veh_passenger,1906.00,6690.00,4784.00,2207.82,0.00,False,False
veh2375,1100626087->39920505#12,veh_passenger,1593.00,6695.00,5102.00,1044.23,0.00,False,False
veh4369,-40109290#5->49224804#0,veh_passenger,2929.00,6695.00,3766.00,825.10,0.00,False,False
veh1911,513082635#0->178699049,veh_passenger,1282.00,6696.00,5414.00,2727.37,1006.00,True,False
veh4420,-12247568#0->-521701857,veh_passenger,2963.00,6700.00,3737.00,1055.45,0.00,False,False
veh3414,-10629474#1->-240666072#2,veh_passenger,2289.00,6701.00,4412.00,1619.60,0.00,False,False
veh2483,12247568#1->654297633,veh_passenger,1665.00,6702.00,5037.00,2522.26,0.00,False,False
veh2954,1237953494->1234244927#1,veh_passenger,1981.00,6702.00,4721.00,940.85,0.00,False,False
veh2189,39920505#7->-1125986374,veh_passenger,1468.00,6709.00,5241.00,1395.57,0.00,False,False
veh4755,1231065644->509646144,veh_passenger,3187.00,6710.00,3523.00,723.82,1022.00,False,False
veh3322,24576913#0->-1125986374,veh_passenger,2227.00,6711.00,4484.00,1056.24,0.00,False,False
veh4319,131671623->509524228,veh_passenger,2895.00,6712.00,3817.00,2236.95,29.00,True,False
veh2890,1273405490->-10629474#0,veh_passenger,1938.00,6714.00,4776.00,802.96,0.00,True,False
veh2506,47224972#0->1068916335,veh_passenger,1681.00,6716.00,5035.00,924.76,0.00,False,False
veh5186,450616334#1->-39838691#2,veh_passenger,3476.00,6724.00,3248.00,1017.50,0.00,False,False
veh2771,1074771160->1337646276,veh_passenger,3224.00,6726.00,3502.00,1407.39,0.00,False,False
veh3509,178702258#0->-451728952#1,veh_passenger,2353.00,6730.00,4377.00,1336.02,0.00,False,True
veh4754,511404878->-39838691#2,veh_passenger,3187.00,6733.00,3546.00,358.82,0.00,False,False
bus297,-10250021#4->1234244925#2,bus_bus,1783.00,6739.00,4956.00,1225.25,0.00,False,False
veh3176,968332509->47267011#1,veh_passenger,2312.00,6744.00,4432.00,931.06,0.00,False,False
veh2477,-1067953246->1332638368#2,veh_passenger,1661.00,6758.00,5097.00,1988.95,1560.00,True,False
veh4458,178583144->1100626103#0,veh_passenger,2988.00,6758.00,3770.00,695.87,0.00,False,False
bus562,1068144845#4->240666069#3,bus_bus,3373.00,6758.00,3385.00,2308.58,1347.00,False,False
veh2300,-40297715#2->687878725,veh_passenger,1543.00,6760.00,5217.00,2611.85,36.00,True,False
veh2026,437445542->1226645409,veh_passenger,1359.00,6762.00,5403.00,643.77,0.00,False,False
veh2553,178702243#0->-1255099069,veh_passenger,1712.00,6762.00,5050.00,4725.82,3417.00,True,False
veh1620,12090453#1->71269779,veh_passenger,1087.00,6764.00,5677.00,1136.62,0.00,False,False
veh3010,654297629#5->1100626088,veh_passenger,2419.00,6768.00,4349.00,672.01,0.00,False,False
veh3822,564273553#2->1338361263,veh_passenger,2562.00,6768.00,4206.00,980.07,0.00,False,False
veh3277,-47267007#0->515138054,veh_passenger,2197.00,6773.00,4576.00,1178.99,0.00,False,False
veh4442,10629474#1->-474143552#0,veh_passenger,2978.00,6775.00,3797.00,1453.36,0.00,False,True
veh2931,39921192#0->1214520072,veh_passenger,1965.00,6777.00,4812.00,1012.88,0.00,False,False
veh4778,509524226->39920505#12,veh_passenger,3203.00,6780.00,3577.00,1925.97,856.00,True,False
bus179,39763700#2->1068144844,bus_bus,1075.00,6783.00,5708.00,2746.52,42.00,True,False
truck214,-515136608->40115810#0,truck_truck,2569.00,6783.00,4214.00,2065.09,0.00,False,False
veh2390,24577455#1->-451728952#3,veh_passenger,1603.00,6784.00,5181.00,2349.91,31.00,True,False
veh4272,479863106#0->-1068074793,veh_passenger,2864.00,6799.00,3935.00,2080.16,0.00,False,False
veh4274,24621218#1->-1214520068,veh_passenger,2865.00,6810.00,3945.00,1826.47,0.00,False,False
veh2451,488788629->39920684#6,veh_passenger,1644.00,6815.00,5171.00,1215.68,0.00,False,False
veh5198,-488788633#2->39838657#2,veh_passenger,3484.00,6820.00,3336.00,1326.89,0.00,False,False
bus258,511409856#1->-515040940#0,bus_bus,1549.00,6835.00,5286.00,528.90,0.00,False,False
veh3077,47225638#0->1222181934,veh_passenger,2063.00,6845.00,4782.00,1154.33,0.00,False,False
veh3708,-10628444#2->142741729#0,veh_passenger,3243.00,6856.00,3613.00,572.78,0.00,False,False
veh1731,1260481154->-40297715#3,veh_passenger,1174.00,6860.00,5686.00,1422.63,0.00,False,False
veh2566,-1254816454->515124965#2,veh_passenger,1721.00,6861.00,5140.00,1703.36,0.00,False,False
bus566,40138941#0->39920222,bus_bus,3397.00,6862.00,3465.00,1825.13,0.00,False,False
veh1682,-39838751#1->1211151640,veh_passenger,1128.00,6863.00,5735.00,1247.70,0.00,False,False
truck295,1297720376#1->1254816455,truck_truck,3541.00,6863.00,3322.00,623.27,0.00,False,False
veh2127,1068144848#0->40139708,veh_passenger,1427.00,6873.00,5446.00,2990.48,2809.00,True,False
bus370,521701859->9833223-AddedOnRampEdge,bus_bus,2393.00,6879.00,4486.00,1515.74,0.00,False,False
veh4511,50323229#15->-10748045#0,veh_passenger,3024.00,6880.00,3856.00,489.74,0.00,False,False
bus521,499566574#3->482569917#1,bus_bus,4181.00,6892.00,2711.00,3533.39,33.00,True,False
veh1379,1273405490->513082635#1,veh_passenger,925.00,6898.00,5973.00,2037.09,1056.00,True,False
veh3484,40140141#6->-654297632#0,veh_passenger,2336.00,6900.00,4564.00,1140.27,0.00,False,False
veh1893,39920505#13->-40140017#1,veh_passenger,1270.00,6905.00,5635.00,1191.95,2000.00,True,False
veh4529,1231065643->238219441#0,veh_passenger,3036.00,6905.00,3869.00,738.33,0.00,False,False
truck123,50323229#6->40139504#0,truck_truck,1477.00,6913.00,5436.00,1195.00,1472.00,False,False
veh2602,1074409255#0->40139708,veh_passenger,1745.00,6914.00,5169.00,1334.39,0.00,False,False
bus553,515040940#0->1234244925#0,bus_bus,3319.00,6926.00,3607.00,1195.89,0.00,False,False
veh2006,39839521->-238219441#0,veh_passenger,1346.00,6934.00,5588.00,1529.09,0.00,False,False
veh4765,39920684#1->-1254816452,veh_passenger,3194.00,6934.00,3740.00,1073.49,0.00,False,False
veh2992,1322916760#1->-1068144846#2,veh_passenger,2006.00,6937.00,4931.00,1348.40,22.00,False,False
veh3529,1204070282->1068144846#2,veh_passenger,2366.00,6948.00,4582.00,2097.58,29.00,True,False
veh2665,1326193809->10748045#0,veh_passenger,1787.00,6954.00,5167.00,570.14,0.00,False,False
veh4523,1125986378#0->1273251152,veh_passenger,3032.00,6955.00,3923.00,1728.97,0.00,False,False
veh5254,515040940#0->-238219449,veh_passenger,3522.00,6957.00,3435.00,1801.58,0.00,False,False
bus589,39920550#4->-509646056,bus_bus,4314.00,6959.00,2645.00,1013.23,0.00,False,False
bus400,39920011#0->509524225,bus_bus,2401.00,6961.00,4560.00,1887.62,0.00,False,False
veh5024,50323229#15->-1254633077#0,veh_passenger,3697.00,6961.00,3264.00,142.36,0.00,False,False
veh3917,521704042#0->-12247569,veh_passenger,2626.00,6966.00,4340.00,492.67,0.00,False,False
veh3059,475044040#0->1125986377#0,veh_passenger,2051.00,6967.00,4916.00,1527.68,41.00,False,False
bus166,1074409255#2->-1254633077#1,bus_bus,997.00,6968.00,5971.00,1402.44,309.00,True,False
veh2274,490474063#4->40140141#5,veh_passenger,1665.00,6970.00,5305.00,1682.71,4356.00,False,False
veh4186,39920550#5->900287035,veh_passenger,5312.00,6977.00,1665.00,1146.74,0.00,False,False
veh3519,-856175964->1273251152,veh_passenger,2359.00,6979.00,4620.00,1675.23,0.00,False,False
veh3841,1131969257->-1322916760#1,veh_passenger,2575.00,6981.00,4406.00,2015.06,473.00,False,False
veh1598,39838657#0->1064476624,veh_passenger,1072.00,6989.00,5917.00,1243.57,0.00,False,False
veh2669,39366819#1->509524227#0,veh_passenger,1790.00,6990.00,5200.00,1242.91,0.00,False,False
veh3835,-40139708->-1125986406#0,veh_passenger,2571.00,7003.00,4432.00,1298.65,0.00,False,True
bus523,-1125986377#0->-1068144845#2,bus_bus,3139.00,7004.00,3865.00,1624.57,443.00,False,False
bus323,488788626#1->15420801#2,bus_bus,1944.00,7010.00,5066.00,1761.64,0.00,False,False
veh3435,39920684#0->-50323229#11,veh_passenger,2303.00,7010.00,4707.00,1219.52,0.00,False,False
veh4927,-564273553#1->521708587#2,veh_passenger,4969.00,7014.00,2045.00,593.16,0.00,False,False
veh1978,-1125986378#0->474143552#0,veh_passenger,1327.00,7025.00,5698.00,1668.54,0.00,False,False
truck254,-33683458#1->968332513#0,truck_truck,3049.00,7028.00,3979.00,512.09,0.00,False,False
bus495,178699056#1->488786523,bus_bus,4287.00,7033.00,2746.00,2407.99,33.00,True,False
veh4987,1125986378#1->1067852461,veh_passenger,3343.00,7034.00,3691.00,1221.05,0.00,False,False
bus365,39838691#9->509646062,bus_bus,2957.00,7037.00,4080.00,888.58,0.00,False,False
veh1365,1323097575#2->-1290439817#1,veh_passenger,933.00,7040.00,6107.00,750.60,5795.00,True,False
veh2542,39838691#9->511404873#0,veh_passenger,1887.00,7044.00,5157.00,625.65,0.00,False,False
veh1579,509524227#0->24621218#1,veh_passenger,1074.00,7051.00,5977.00,1850.14,3301.00,True,False
veh3571,39366819#0->-1297720368,veh_passenger,2394.00,7051.00,4657.00,1399.14,0.00,False,False
veh4197,511187808#3->47087366#1,veh_passenger,2813.00,7054.00,4241.00,1559.13,0.00,False,False
veh3260,1068916339->-450616334#0,veh_passenger,2444.00,7058.00,4614.00,1499.30,0.00,False,False
veh1353,-437445539#0->515040940#0,veh_passenger,908.00,7065.00,6157.00,2083.81,0.00,False,False
bus313,-1323097580#1->730912750,bus_bus,1879.00,7066.00,5187.00,2331.50,0.00,False,False
veh5371,654530820#0->1211151635#0,veh_passenger,3600.00,7067.00,3467.00,1562.10,0.00,False,False
veh1959,1298335702->-449565665#3,veh_passenger,1326.00,7071.00,5745.00,1428.90,0.00,False,False
veh2233,40035325#1->488788626#3,veh_passenger,1498.00,7071.00,5573.00,618.74,2150.00,True,False
veh3512,13909444#1->1332638391#1,veh_passenger,2356.00,7072.00,4716.00,681.16,0.00,False,False
veh4625,39366819#1->1074409232#0,veh_passenger,3100.00,7074.00,3974.00,1036.44,0.00,False,False
veh3292,1064476625->-451728952#1,veh_passenger,2207.00,7076.00,4869.00,2745.24,38.00,True,False
veh1765,39920550#5->1064476618#0,veh_passenger,1184.00,7077.00,5893.00,1389.50,3980.00,True,False
veh2102,47267011#2->39838630#2,veh_passenger,1410.00,7078.00,5668.00,1223.28,0.00,False,False
veh1219,-521705694#1->1100626088,veh_passenger,1999.00,7081.00,5082.00,680.77,0.00,False,False
veh1531,1125986375#0->-1068916338,veh_passenger,1027.00,7083.00,6056.00,926.02,0.00,False,False
veh4396,1074409256#0->47087992#4,veh_passenger,3232.00,7083.00,3851.00,1837.79,0.00,False,False
veh1534,521704040->-238219449,veh_passenger,1029.00,7086.00,6057.00,1854.62,0.00,False,False
veh5286,509646061->-687878722#0,veh_passenger,3543.00,7086.00,3543.00,1709.30,0.00,False,False
truck131,39838751#0->-900279869,truck_truck,1573.00,7090.00,5517.00,643.19,0.00,False,False
truck146,47224972#1->513272951#1,truck_truck,2218.00,7099.00,4881.00,863.28,0.00,False,False
bus567,515126385#0->511405572,bus_bus,3403.00,7110.00,3707.00,893.31,0.00,False,False
veh4058,521708587#0->511187815,veh_passenger,2720.00,7121.00,4401.00,1145.96,0.00,False,False
veh1880,-40035606#0->488788636#1,veh_passenger,1261.00,7122.00,5861.00,3298.08,4116.00,True,False
veh2898,-1125986386->-687878722#0,veh_passenger,1943.00,7122.00,5179.00,1862.58,0.00,False,False
bus512,1214520075->-666886086#3,bus_bus,5627.00,7133.00,1506.00,1251.66,0.00,False,False
veh1389,10628442#1->-39920593#5,veh_passenger,932.00,7137.00,6205.00,1103.18,0.00,False,False
veh2362,511187808#2->-1067928307#2,veh_passenger,1584.00,7137.00,5553.00,1469.72,0.00,False,False
veh1817,488788626#1->1064476620#0,veh_passenger,1219.00,7138.00,5919.00,1179.03,1085.00,False,False
veh1815,654297636->50323226,veh_passenger,1222.00,7144.00,5922.00,836.32,0.00,False,False
veh3782,-654297635#0->50323226,veh_passenger,6202.00,7149.00,947.00,784.15,0.00,False,False
veh1456,1204070281->1067953239#0,veh_passenger,977.00,7151.00,6174.00,1548.73,1369.00,False,False
veh2897,654297629#5->83563455,veh_passenger,2055.00,7152.00,5097.00,1784.88,0.00,False,False
veh3873,422842976->1074771163#1-AddedOffRampEdge,veh_passenger,2596.00,7157.00,4561.00,1436.87,0.00,False,False
veh3068,147711065#2->1067928306#2,veh_passenger,2057.00,7159.00,5102.00,1742.72,0.00,False,False
veh4604,1211151640->1125986373#0,veh_passenger,3086.00,7163.00,4077.00,1451.01,0.00,False,False
veh4454,511187812->1207401652#1,veh_passenger,2986.00,7171.00,4185.00,1524.92,0.00,False,False
veh4106,-1272337500->72157794,veh_passenger,2753.00,7172.00,4419.00,1366.32,0.00,False,False
veh2996,24576913#2->-47267007#0,veh_passenger,2009.00,7175.00,5166.00,1353.78,0.00,False,False
veh4801,24576922#2->11631594#1,veh_passenger,3218.00,7181.00,3963.00,915.08,0.00,False,False
veh1392,1074409255#0->-573632774,veh_passenger,934.00,7183.00,6249.00,1997.27,2429.00,True,False
veh2681,47087993#5->460316444,veh_passenger,1798.00,7184.00,5386.00,2687.49,20.00,False,False
veh3628,511187808#0->1214520071,veh_passenger,2432.00,7193.00,4761.00,866.25,0.00,False,False
bus189,-40138633#1->687878725,bus_bus,1135.00,7195.00,6060.00,2992.37,34.00,True,False
