vehID,routeKey,class,depart,arrival,travel_time,distance_m,on_express_s,admitted,denied
veh8,488788627->40138239#3,veh_passenger,55.00,108.00,53.00,433.95,0.00,False,False
veh4,-1068434202->-47087366#2,veh_passenger,28.00,130.00,102.00,881.77,0.00,False,False
veh9,10748045#1->-40036009#0,veh_passenger,62.00,163.00,101.00,455.63,0.00,False,False
veh20,-143546557->10628444#2,veh_passenger,135.00,207.00,72.00,483.23,0.00,False,False
veh11,-1335304371->-1335304377,veh_passenger,75.00,222.00,147.00,926.67,0.00,False,False
veh10,666886086#3->1074771163#0,veh_passenger,68.00,224.00,156.00,1585.68,0.00,False,False
veh21,39838984#0->1125986379#0,veh_passenger,142.00,281.00,139.00,883.72,0.00,False,False
veh23,-968332509->654297632#0,veh_passenger,175.00,294.00,119.00,626.25,0.00,False,False
bus0,39838630#1->-1068144849#1,bus_bus,1.00,297.00,296.00,2131.07,0.00,False,False
veh3,1231065653->-1074409256#0,veh_passenger,22.00,298.00,276.00,1244.96,0.00,False,False
veh29,-511187818->-10748036,veh_passenger,196.00,298.00,102.00,711.96,0.00,False,False
veh30,1068434202->10250021#0,veh_passenger,202.00,299.00,97.00,379.42,0.00,False,False
veh17,40138239#2->-1125986406#0,veh_passenger,115.00,323.00,208.00,1689.66,0.00,False,False
veh28,509646052->47225638#1,veh_passenger,192.00,323.00,131.00,1261.33,0.00,False,False
bus4,1214520068->-1074409256#0,bus_bus,241.00,336.00,95.00,506.53,0.00,False,False
veh14,160078084->8887999#1,veh_passenger,95.00,339.00,244.00,1926.51,0.00,False,False
veh16,511187811->240666069#3,veh_passenger,109.00,339.00,230.00,1636.08,0.00,False,False
veh2,515123438->-1326193809,veh_passenger,15.00,341.00,326.00,2583.04,0.00,False,False
veh0,10628442#1->-50323229#2,veh_passenger,1.00,348.00,347.00,1558.74,0.00,False,False
truck0,10628442#1->-50323229#2,truck_truck,4.00,356.00,352.00,1558.74,0.00,False,False
veh35,24576913#1->515126385#2,veh_passenger,236.00,382.00,146.00,1294.41,0.00,False,False
bus3,513272949->-1297720368,bus_bus,181.00,400.00,219.00,916.98,0.00,False,False
veh7,488788633#0->-10628442#2,veh_passenger,48.00,407.00,359.00,2244.52,0.00,False,False
veh6,-50323229#13->24621218#2,veh_passenger,42.00,413.00,371.00,1552.82,0.00,False,False
veh26,-401226926#1->1196008691#1,veh_passenger,176.00,416.00,240.00,815.76,0.00,False,False
veh49,1335304386#1->-40297715#3,veh_passenger,330.00,421.00,91.00,511.13,0.00,False,False
veh13,488788629->428730793#1,veh_passenger,89.00,423.00,334.00,2426.02,0.00,False,False
veh33,39920550#0->1214520073#1,veh_passenger,223.00,424.00,201.00,1353.50,0.00,False,False
bus2,40140141#8->39920593#4,bus_bus,121.00,428.00,307.00,1864.61,0.00,False,False
veh22,11631594#1->-479863106#1,veh_passenger,149.00,433.00,284.00,1648.43,0.00,False,False
veh15,50323229#13->39838630#2,veh_passenger,102.00,434.00,332.00,1888.98,0.00,False,False
veh19,-1297720367->-521705694#0,veh_passenger,129.00,457.00,328.00,1460.11,0.00,False,False
veh5,39920505#2->178583159,veh_passenger,35.00,465.00,430.00,4427.98,0.00,False,False
veh18,-509646056->1064476622#1,veh_passenger,122.00,467.00,345.00,1617.69,0.00,False,False
veh37,-1332638391#1->-1131969257,veh_passenger,249.00,474.00,225.00,868.53,0.00,False,False
veh1,424580475->39921672,veh_passenger,8.00,478.00,470.00,2702.56,0.00,False,False
bus7,-488786523->232920701,bus_bus,421.00,493.00,72.00,855.80,0.00,False,False
veh55,-1015424648->1068434257,veh_passenger,370.00,497.00,127.00,653.41,0.00,False,False
veh12,509646057#1->33683458#1,veh_passenger,82.00,507.00,425.00,1672.90,0.00,False,False
truck2,515123438->-1326193809,truck_truck,241.00,517.00,276.00,2583.04,0.00,False,False
veh44,39921192#1->178583140#1,veh_passenger,296.00,528.00,232.00,556.62,0.00,False,False
veh69,-33683458#1->-50323229#5,veh_passenger,465.00,528.00,63.00,279.56,0.00,False,False
veh57,513082635#0->509524227#0,veh_passenger,383.00,535.00,152.00,1115.77,0.00,False,False
veh42,838061038->511404873#1,veh_passenger,283.00,538.00,255.00,1124.84,0.00,False,False
bus5,-482569917#0->1326094888,bus_bus,301.00,544.00,243.00,2727.76,0.00,False,False
veh34,-900279869->-654297633,veh_passenger,229.00,554.00,325.00,919.79,0.00,False,False
veh53,451728952#5->178583148#0,veh_passenger,357.00,560.00,203.00,2326.84,0.00,False,False
veh70,1074771163#1-AddedOffRampEdge->24621218#1,veh_passenger,470.00,563.00,93.00,669.07,0.00,False,False
veh24,39920505#11->39366819#1,veh_passenger,162.00,569.00,407.00,1454.03,0.00,False,False
veh46,-238219441#2->1254633077#0,veh_passenger,310.00,573.00,263.00,1129.33,0.00,False,False
veh58,1068144846#2->-1222703384#1,veh_passenger,390.00,573.00,183.00,2084.09,0.00,False,False
veh27,178699058->40035904#2,veh_passenger,182.00,580.00,398.00,4085.49,0.00,False,False
veh59,513082632->666886084#0,veh_passenger,397.00,581.00,184.00,1139.88,0.00,False,False
veh48,511409856#1->-8887999#2,veh_passenger,323.00,608.00,285.00,1125.09,0.00,False,False
veh38,-238219441#0->39838691#7,veh_passenger,256.00,618.00,362.00,1509.02,0.00,False,False
veh31,-488788630#0->654297637#2,veh_passenger,209.00,620.00,411.00,2698.57,0.00,False,False
veh40,-1254633077#0->1204070281,veh_passenger,269.00,628.00,359.00,2210.97,0.00,False,False
veh68,1254816442->14924729#0,veh_passenger,457.00,634.00,177.00,510.43,0.00,False,False
veh45,-968332509->39920505#1,veh_passenger,325.00,653.00,328.00,1374.87,0.00,False,False
truck1,424580475->39921672,truck_truck,121.00,657.00,536.00,2702.56,0.00,False,False
veh84,1214520075->1074771170,veh_passenger,564.00,662.00,98.00,983.71,0.00,False,False
veh43,-1067928305#0->40297885#1,veh_passenger,290.00,673.00,383.00,1621.46,0.00,False,False
veh60,-1326094888->1332638368#0,veh_passenger,403.00,673.00,270.00,1952.05,0.00,False,False
veh51,1067953239#1->39920011#3,veh_passenger,343.00,675.00,332.00,1923.84,0.00,False,False
veh76,-488788633#2->-39838691#3,veh_passenger,511.00,678.00,167.00,1234.36,0.00,False,False
bus6,-1068916335->-449565665#1,bus_bus,361.00,680.00,319.00,970.01,0.00,False,False
veh64,-900279869->513082635#0-AddedOffRampEdge,veh_passenger,430.00,683.00,253.00,2103.95,0.00,False,False
truck4,-1068434202->-47087366#2,truck_truck,481.00,686.00,205.00,881.77,0.00,False,False
veh41,9832326#0->15420801#3,veh_passenger,276.00,693.00,417.00,1975.19,0.00,False,False
veh36,1214520074#2->-50323229#10,veh_passenger,243.00,702.00,459.00,3290.65,0.00,False,False
veh39,474143552#4->1234244925#0,veh_passenger,263.00,703.00,440.00,1578.12,0.00,False,False
veh62,47087366#0->-39838657#3,veh_passenger,417.00,711.00,294.00,1534.44,0.00,False,False
veh61,-1260485929#1->47087366#1,veh_passenger,410.00,718.00,308.00,1792.31,0.00,False,False
bus9,475044040#2->40035904#1,bus_bus,541.00,718.00,177.00,816.01,0.00,False,False
veh25,-40139708->428730793#0,veh_passenger,169.00,721.00,552.00,3642.68,0.00,False,False
veh83,967993112#1->-1335304386#0,veh_passenger,558.00,728.00,170.00,1272.73,0.00,False,False
veh52,381945549#0->-40035904#0,veh_passenger,350.00,736.00,386.00,3877.55,0.00,False,False
bus8,478286980#1->-10628442#2,bus_bus,481.00,737.00,256.00,721.64,0.00,False,False
veh50,515136608->513082627,veh_passenger,336.00,741.00,405.00,2783.09,0.00,False,False
bus1,-654297637#0->-488788633#0,bus_bus,61.00,743.00,682.00,2523.35,0.00,False,False
veh95,1214520074#5->-12247568#1,veh_passenger,638.00,744.00,106.00,1159.71,0.00,False,False
veh72,-1260485930#1->39838882,veh_passenger,484.00,753.00,269.00,1647.71,0.00,False,False
veh56,-1068144845#3->653860562,veh_passenger,377.00,754.00,377.00,2836.73,0.00,False,False
veh90,178583167#1->-1204070283#1,veh_passenger,604.00,758.00,154.00,992.31,0.00,False,False
veh67,-47267007#2->1068144849#2,veh_passenger,450.00,760.00,310.00,1979.17,0.00,False,False
bus10,1068144846#2->-40035325#2,bus_bus,601.00,762.00,161.00,2293.45,0.00,False,False
veh79,488788630#0->-449565665#1,veh_passenger,531.00,768.00,237.00,1901.76,0.00,False,False
veh65,1233759524->-488788630#1,veh_passenger,437.00,770.00,333.00,2181.77,0.00,False,False
veh80,-1335304385->1236283454,veh_passenger,537.00,770.00,233.00,771.72,0.00,False,False
veh32,513082623->1068434201,veh_passenger,216.00,783.00,567.00,3173.48,0.00,False,False
veh71,-513272949->-50323229#11,veh_passenger,477.00,793.00,316.00,1645.73,0.00,False,False
veh74,511187808#4-AddedOnRampEdge->-1260485929#3,veh_passenger,497.00,830.00,333.00,759.16,0.00,False,False
veh87,1231065653->10628444#2,veh_passenger,584.00,838.00,254.00,1026.50,0.00,False,False
veh96,-900279886->474143552#0,veh_passenger,645.00,851.00,206.00,878.05,0.00,False,False
veh73,-511187818->515136604,veh_passenger,491.00,852.00,361.00,1959.42,0.00,False,False
veh116,1068434203->449565665#2,veh_passenger,779.00,857.00,78.00,577.70,0.00,False,False
veh107,24621218#3->39921192#1,veh_passenger,718.00,866.00,148.00,580.37,0.00,False,False
veh113,-474143552#2->40297647#0,veh_passenger,759.00,867.00,108.00,502.63,0.00,False,False
veh103,-1222703384#1->24577455#2,veh_passenger,692.00,869.00,177.00,746.85,0.00,False,False
veh98,68574202->9832326#1,veh_passenger,658.00,895.00,237.00,2339.54,0.00,False,False
veh66,178441748#2->428730793#1,veh_passenger,444.00,905.00,461.00,3412.52,0.00,False,False
veh128,-39838691#7->-24576913#0,veh_passenger,859.00,912.00,53.00,462.49,0.00,False,False
veh85,511187811->-654297635#1,veh_passenger,571.00,917.00,346.00,1071.66,0.00,False,False
veh63,1323097575#1->178699051#1,veh_passenger,424.00,920.00,496.00,1031.40,0.00,False,False
veh133,509646056->-1332638391#1,veh_passenger,893.00,939.00,46.00,266.12,0.00,False,False
veh93,509646059->-40138239#1,veh_passenger,625.00,943.00,318.00,1999.34,0.00,False,False
veh88,-654297637#0->538432099,veh_passenger,591.00,950.00,359.00,1569.77,0.00,False,False
veh89,1255099069->511404873#1,veh_passenger,598.00,953.00,355.00,1063.82,0.00,False,False
veh101,83428923#1->240666072#2,veh_passenger,678.00,960.00,282.00,1620.34,0.00,False,False
veh104,1337646271#1->511187808#4,veh_passenger,698.00,966.00,268.00,1690.66,0.00,False,False
veh105,-40036062#1->761486028#0,veh_passenger,705.00,967.00,262.00,1332.16,0.00,False,False
veh54,47223733->160077493,veh_passenger,363.00,978.00,615.00,2215.52,0.00,False,False
veh111,1231065643->24577455#1,veh_passenger,745.00,999.00,254.00,1478.73,0.00,False,False
veh131,39838751#0->-900279869,veh_passenger,879.00,1004.00,125.00,643.19,0.00,False,False
truck8,488788627->40138239#3,truck_truck,961.00,1012.00,51.00,433.95,0.00,False,False
veh109,515040937->-654297633,veh_passenger,732.00,1016.00,284.00,1446.77,0.00,False,False
bus11,666886086#1->1068144845#1,bus_bus,661.00,1021.00,360.00,3384.50,0.00,False,False
veh125,39920505#8->-10628444#0,veh_passenger,839.00,1023.00,184.00,727.75,0.00,False,False
truck3,1231065653->-1074409256#0,truck_truck,361.00,1025.00,664.00,1244.96,0.00,False,False
veh112,150928465->654297629#6,veh_passenger,752.00,1032.00,280.00,1284.50,0.00,False,False
veh124,39086240-AddedOffRampEdge->9704194#3,veh_passenger,832.00,1036.00,204.00,1327.44,0.00,False,False
veh82,40297885#1->39921025#8,veh_passenger,551.00,1040.00,489.00,1972.79,0.00,False,False
veh75,-653860562->39921025#2,veh_passenger,504.00,1045.00,541.00,1130.95,0.00,False,False
veh92,83428923#1->564273553#2,veh_passenger,618.00,1052.00,434.00,1249.33,0.00,False,False
veh78,1298335705->474143552#1,veh_passenger,524.00,1053.00,529.00,1734.08,0.00,False,False
bus12,-1326193809->-1332638391#0,bus_bus,721.00,1054.00,333.00,1728.62,0.00,False,False
veh129,-178723097#0->178699056#3,veh_passenger,866.00,1060.00,194.00,1311.90,0.00,False,False
veh114,-654297629#0->1214520073#1,veh_passenger,765.00,1071.00,306.00,604.79,0.00,False,False
veh97,1272548721->1234244925#1,veh_passenger,651.00,1076.00,425.00,1423.48,0.00,False,False
veh147,1222181935->39838657#1,veh_passenger,986.00,1083.00,97.00,711.63,0.00,False,False
veh142,1068144847->515126385#4,veh_passenger,953.00,1091.00,138.00,849.30,0.00,False,False
veh91,985133430->509646052,veh_passenger,611.00,1094.00,483.00,681.47,0.00,False,False
veh121,513082640->513087668,veh_passenger,812.00,1095.00,283.00,1943.29,0.00,False,False
veh130,40140141#10->-474143552#0,veh_passenger,872.00,1103.00,231.00,1752.17,0.00,False,False
veh123,50323229#6->40139504#0,veh_passenger,826.00,1121.00,295.00,1195.00,0.00,False,False
veh122,11631594#0->-40036009#3,veh_passenger,819.00,1124.00,305.00,1409.51,0.00,False,False
veh77,654297629#0->238219446#0,veh_passenger,517.00,1135.00,618.00,1285.63,0.00,False,False
truck6,-50323229#13->24621218#2,truck_truck,721.00,1136.00,415.00,1552.82,0.00,False,False
veh146,47224972#1->513272951#1,veh_passenger,982.00,1142.00,160.00,863.28,0.00,False,False
veh110,24621218#3->39838657#0,veh_passenger,738.00,1143.00,405.00,1457.91,0.00,False,False
bus18,-1273251150#1->-50323229#3,bus_bus,1081.00,1170.00,89.00,504.31,0.00,False,False
veh81,1234244925#0->1298335702,veh_passenger,544.00,1174.00,630.00,1576.70,0.00,False,False
veh106,-1297720376#0->-428730813#1,veh_passenger,712.00,1174.00,462.00,2829.19,0.00,False,False
truck9,10748045#1->-40036009#0,truck_truck,1081.00,1178.00,97.00,455.63,0.00,False,False
veh47,1272337500->687878722#1,veh_passenger,316.00,1184.00,868.00,3887.32,0.00,False,False
veh164,654297629#5->-24576913#0,veh_passenger,1100.00,1185.00,85.00,332.88,0.00,False,False
veh94,1326193810->-488788633#0,veh_passenger,631.00,1187.00,556.00,3148.61,0.00,False,False
veh127,39920550#8->654297634,veh_passenger,852.00,1204.00,352.00,1338.23,0.00,False,False
veh150,488788633#2->513272950#0,veh_passenger,1006.00,1207.00,201.00,1746.78,0.00,False,False
truck7,488788633#0->-10628442#2,truck_truck,841.00,1209.00,368.00,2244.52,0.00,False,False
veh132,1332638368#1->515136604,veh_passenger,886.00,1214.00,328.00,2168.59,0.00,False,False
bus16,40035904#2->-1125986379#1,bus_bus,961.00,1221.00,260.00,1530.20,0.00,False,False
veh137,428730813#1->178699056#0,veh_passenger,919.00,1233.00,314.00,2727.50,0.00,False,False
bus14,475044040#4->40140141#8,bus_bus,841.00,1237.00,396.00,2069.69,0.00,False,False
veh176,1068434200#0->510107701,veh_passenger,1181.00,1240.00,59.00,337.03,0.00,False,False
veh115,39920684#4->1067953246,veh_passenger,772.00,1255.00,483.00,3052.24,0.00,False,False
veh145,-654297637#0->-147711065#1,veh_passenger,973.00,1257.00,284.00,955.24,0.00,False,False
veh144,515126302->-479863106#2,veh_passenger,966.00,1258.00,292.00,1805.66,0.00,False,False
veh159,475044040#1->-509646056,veh_passenger,1067.00,1260.00,193.00,1510.97,0.00,False,False
veh154,488788633#2->1005394020,veh_passenger,1033.00,1266.00,233.00,1441.35,0.00,False,False
veh180,654297630->39921673#0,veh_passenger,1207.00,1271.00,64.00,397.34,0.00,False,False
veh152,1074409255#1->654297629#0,veh_passenger,1020.00,1275.00,255.00,1250.11,0.00,False,False
veh100,-40036009#1->1067928307#2,veh_passenger,671.00,1279.00,608.00,3229.08,0.00,False,False
veh157,-50323229#15->499566574#1,veh_passenger,1053.00,1279.00,226.00,1122.59,0.00,False,False
veh120,-900279886->654297629#4,veh_passenger,805.00,1288.00,483.00,1166.36,0.00,False,False
veh160,-1068144848#0->-450616334#1,veh_passenger,1073.00,1288.00,215.00,1722.28,0.00,False,False
veh135,-10628429->47157282#0,veh_passenger,906.00,1295.00,389.00,919.16,0.00,False,False
veh141,-40035325#1->-39838657#1,veh_passenger,946.00,1295.00,349.00,2054.61,0.00,False,False
veh117,-1260485931#1->1290439817#1,veh_passenger,785.00,1297.00,512.00,1693.49,0.00,False,False
veh188,475044040#2->-40138633#1,veh_passenger,1261.00,1311.00,50.00,560.21,0.00,False,False
veh151,-1068144848#1->428730818#3,veh_passenger,1013.00,1322.00,309.00,2460.18,0.00,False,False
veh166,72157794->-9374529#1,veh_passenger,1114.00,1322.00,208.00,995.01,0.00,False,False
veh163,967985512->178583140#0,veh_passenger,1094.00,1329.00,235.00,1374.76,0.00,False,False
veh155,47267011#0->-178723097#0,veh_passenger,1040.00,1333.00,293.00,1535.13,0.00,False,False
veh178,1214520075->1067928306#2,veh_passenger,1194.00,1334.00,140.00,1256.28,0.00,False,False
bus22,-654297629#4->654297629#4,bus_bus,1321.00,1341.00,20.00,112.42,0.00,False,False
veh148,-40036009#1->654297628,veh_passenger,993.00,1343.00,350.00,2179.46,0.00,False,False
veh179,-39838657#1->1231065653,veh_passenger,1201.00,1348.00,147.00,822.50,0.00,False,False
veh153,482569917#0->511404877,veh_passenger,1027.00,1352.00,325.00,1907.87,0.00,False,False
bus15,1100626103#1->160077493,bus_bus,901.00,1356.00,455.00,1517.16,0.00,False,False
veh184,1235501861#2->24576913#0,veh_passenger,1234.00,1356.00,122.00,690.22,0.00,False,False
veh190,39838691#9->1074409256#2,veh_passenger,1274.00,1357.00,83.00,246.60,0.00,False,False
veh134,1234244925#0->10628444#0,veh_passenger,899.00,1361.00,462.00,807.99,0.00,False,False
bus13,509524229->24577455#1,bus_bus,781.00,1362.00,581.00,1409.92,0.00,False,False
veh118,985133427->9832326#2,veh_passenger,792.00,1363.00,571.00,2043.04,0.00,False,False
veh172,178441748#0->40297715#2,veh_passenger,1154.00,1368.00,214.00,667.59,0.00,False,False
veh99,178699056#2->40297715#0,veh_passenger,665.00,1384.00,719.00,1334.91,0.00,False,False
veh192,39920684#5->-50323229#5,veh_passenger,1288.00,1389.00,101.00,640.94,0.00,False,False
veh102,178583145->439836130#0-AddedOffRampEdge,veh_passenger,685.00,1391.00,706.00,1804.79,0.00,False,False
veh203,147711065#0->-1204070283#0,veh_passenger,1362.00,1395.00,33.00,428.11,0.00,False,False
veh171,-10250021#2->564273553#1,veh_passenger,1147.00,1401.00,254.00,1115.03,0.00,False,False
truck10,666886086#3->1074771163#0,truck_truck,1201.00,1401.00,200.00,1585.68,0.00,False,False
veh173,428730813#2->39921025#4,veh_passenger,1161.00,1405.00,244.00,2998.34,0.00,False,False
bus20,39763700#6->1074409255#3,bus_bus,1201.00,1410.00,209.00,977.63,0.00,False,False
veh161,1068916339->511404878,veh_passenger,1080.00,1426.00,346.00,1041.01,0.00,False,False
veh174,1125986379#1->-1260485929#2,veh_passenger,1167.00,1427.00,260.00,496.26,0.00,False,False
veh198,1335304373#1->-654297630,veh_passenger,1328.00,1461.00,133.00,1013.18,0.00,False,False
veh177,1068144848#1->1222703384#0,veh_passenger,1187.00,1469.00,282.00,2365.22,0.00,False,False
veh193,-47224972#1->-1068144849#0,veh_passenger,1295.00,1477.00,182.00,1758.89,0.00,False,False
veh143,475044040#2->511404873#1,veh_passenger,960.00,1492.00,532.00,1309.96,0.00,False,False
veh156,511404880#1->511187821,veh_passenger,1047.00,1492.00,445.00,664.64,0.00,False,False
veh138,1235501860->-10629474#0,veh_passenger,926.00,1493.00,567.00,1184.86,0.00,False,False
veh194,-654297632#0->1323097576,veh_passenger,1301.00,1493.00,192.00,987.94,0.00,False,False
veh136,39839093->-8887999#0,veh_passenger,913.00,1501.00,588.00,2330.75,0.00,False,False
veh224,-50323229#13->-50323229#10,veh_passenger,1502.00,1507.00,5.00,1.78,0.00,False,False
veh204,-654297636->511185049,veh_passenger,1368.00,1508.00,140.00,1055.53,0.00,False,False
veh202,-40297715#2->72157792,veh_passenger,1355.00,1510.00,155.00,1084.48,0.00,False,False
veh108,-564273553#2->-33683346#2,veh_passenger,725.00,1519.00,794.00,2389.25,0.00,False,False
veh187,131671623->515130026#1,veh_passenger,1254.00,1523.00,269.00,1930.55,0.00,False,False
truck5,39920505#2->178583159,truck_truck,601.00,1537.00,936.00,4427.98,0.00,False,False
veh215,40138633#0->-1254633077#1,veh_passenger,1442.00,1541.00,99.00,644.17,0.00,False,False
veh86,-449565665#2->1260485930#1,veh_passenger,578.00,1543.00,965.00,1150.15,0.00,False,False
veh182,1068074792->178583167#1,veh_passenger,1221.00,1545.00,324.00,1577.96,0.00,False,False
truck11,-1335304371->-1335304377,truck_truck,1321.00,1551.00,230.00,926.67,0.00,False,False
veh181,515126385#1->39838520#2,veh_passenger,1214.00,1568.00,354.00,1453.60,0.00,False,False
veh140,50323229#7->24576922#1,veh_passenger,939.00,1569.00,630.00,2270.16,0.00,False,False
veh158,1290439817#1->1068144845#3,veh_passenger,1060.00,1580.00,520.00,1764.71,0.00,False,False
veh167,-224146621->1254633077#0,veh_passenger,1120.00,1580.00,460.00,3909.16,0.00,False,False
veh162,822782498->10629474#0,veh_passenger,1087.00,1585.00,498.00,998.81,0.00,False,False
veh170,1207401652#1->240666069#2,veh_passenger,1140.00,1588.00,448.00,2116.49,0.00,False,False
veh211,39838691#0->10628442#1,veh_passenger,1415.00,1595.00,180.00,1181.29,0.00,False,False
veh225,1237953497->-1068916339,veh_passenger,1509.00,1624.00,115.00,738.99,0.00,False,False
veh195,509646061->-1260485931#1,veh_passenger,1308.00,1627.00,319.00,1307.48,0.00,False,False
veh139,-1273251152->513272951#0,veh_passenger,933.00,1631.00,698.00,1659.35,0.00,False,False
veh199,39920550#1->-10628442#1,veh_passenger,1335.00,1635.00,300.00,1076.51,0.00,False,False
veh200,439836128#0-AddedOffRampEdge->47088302#0,veh_passenger,1341.00,1635.00,294.00,2503.22,0.00,False,False
veh212,-1290439817#0->1064476620#0,veh_passenger,1422.00,1642.00,220.00,1419.00,0.00,False,False
bus17,-50323226->-838061037,bus_bus,1021.00,1645.00,624.00,2770.02,0.00,False,False
veh223,178583149->33683458#0,veh_passenger,1496.00,1646.00,150.00,1091.06,0.00,False,False
veh168,40297715#3->1068434200#0,veh_passenger,1127.00,1648.00,521.00,1811.23,0.00,False,False
veh216,1226645407->-474143552#4,veh_passenger,1449.00,1650.00,201.00,2357.48,0.00,False,False
veh233,-1204070283#1->1196008691#0,veh_passenger,1563.00,1651.00,88.00,1004.08,0.00,False,False
veh210,47087366#0->15419875#0,veh_passenger,1408.00,1666.00,258.00,2630.47,0.00,False,False
veh209,-654297634->39920011#1,veh_passenger,1402.00,1667.00,265.00,1441.40,0.00,False,False
veh226,1074771163#0->40035325#0,veh_passenger,1516.00,1669.00,153.00,961.55,0.00,False,False
veh230,1214520070->178702258#2,veh_passenger,1542.00,1669.00,127.00,857.02,0.00,False,False
veh126,490474063#4->1067953246,veh_passenger,846.00,1671.00,825.00,3063.70,0.00,False,False
veh206,39920593#5->9704194#4,veh_passenger,1382.00,1677.00,295.00,1938.88,0.00,False,False
bus26,160078084->39921025#2,bus_bus,1561.00,1677.00,116.00,950.70,0.00,False,False
veh175,39920593#0->1074409232#0,veh_passenger,1174.00,1679.00,505.00,2206.18,0.00,False,False
bus23,39838691#6->24621218#3,bus_bus,1381.00,1681.00,300.00,1521.51,0.00,False,False
veh201,-169562956->1234244927#0,veh_passenger,1348.00,1711.00,363.00,1156.12,0.00,False,False
veh191,490474063#6->449565665#1,veh_passenger,1281.00,1717.00,436.00,1451.01,0.00,False,False
veh213,178583140#0->-39838984#0,veh_passenger,1429.00,1718.00,289.00,1619.31,0.00,False,False
veh119,-1272337500->-488788633#0,veh_passenger,799.00,1726.00,927.00,3272.10,0.00,False,False
veh207,50323229#14->178583167#1,veh_passenger,1388.00,1726.00,338.00,1316.42,0.00,False,False
veh165,838061037->-40297715#2,veh_passenger,1107.00,1733.00,626.00,1926.23,0.00,False,False
veh219,1196008692#1->-10628442#1,veh_passenger,1469.00,1733.00,264.00,1450.72,0.00,False,False
bus25,-40036062#0->1100626103#2,bus_bus,1501.00,1736.00,235.00,1010.39,0.00,False,False
veh231,-1068916335->39920505#12,veh_passenger,1551.00,1746.00,195.00,488.11,0.00,False,False
veh197,-451728952#4->401226926#1,veh_passenger,1321.00,1748.00,427.00,2390.13,0.00,False,False
veh229,39838630#1->-1068916335,veh_passenger,1536.00,1750.00,214.00,1232.59,0.00,False,False
veh149,511187821->900287035,veh_passenger,1000.00,1759.00,759.00,2029.58,0.00,False,False
veh256,1235501861#0->1131969257,veh_passenger,1717.00,1766.00,49.00,726.10,0.00,False,False
veh250,40140017#3->-1273251152,veh_passenger,1676.00,1772.00,96.00,829.73,0.00,False,False
veh214,-515136608->40115810#0,veh_passenger,1435.00,1775.00,340.00,2065.09,0.00,False,False
veh218,511187808#0->47087993#0,veh_passenger,1462.00,1783.00,321.00,1865.77,0.00,False,False
veh261,40138633#2->1254633077#1,veh_passenger,1750.00,1799.00,49.00,474.13,0.00,False,False
veh241,654530820#1->-47224972#0,veh_passenger,1616.00,1815.00,199.00,1938.55,0.00,False,False
veh249,68574206->1214520074#1,veh_passenger,1670.00,1815.00,145.00,1077.13,0.00,False,False
veh254,-33683458#1->968332513#0,veh_passenger,1703.00,1816.00,113.00,512.09,0.00,False,False
veh238,985675139->1100626103#3,veh_passenger,1623.00,1819.00,196.00,1523.72,0.00,False,False
veh234,-488788630#1->1068916336,veh_passenger,1569.00,1824.00,255.00,2844.58,0.00,False,False
veh185,39920505#9->1297720367,veh_passenger,1241.00,1827.00,586.00,1408.29,0.00,False,False
bus28,-50323229#10->-10748045#0,bus_bus,1681.00,1830.00,149.00,618.75,0.00,False,False
veh235,451728952#3->1196008691#0,veh_passenger,1576.00,1831.00,255.00,2552.98,0.00,False,False
bus21,10748036->-47267007#1,bus_bus,1261.00,1835.00,574.00,2261.33,0.00,False,False
veh183,-1015424648->1064476620#2,veh_passenger,1228.00,1835.00,607.00,2511.19,0.00,False,False
veh259,-14924729#3->761486028#0,veh_passenger,1737.00,1839.00,102.00,629.82,0.00,False,False
veh208,1323097575#0->-838061037,veh_passenger,1395.00,1841.00,446.00,2046.69,0.00,False,False
veh220,1118804250->450616334#0,veh_passenger,1475.00,1851.00,376.00,2803.55,0.00,False,False
veh246,490474063#7->826496637,veh_passenger,1650.00,1857.00,207.00,1054.10,0.00,False,False
truck12,509646057#1->33683458#1,truck_truck,1441.00,1861.00,420.00,1672.90,0.00,False,False
veh228,1297720367->-39838657#2,veh_passenger,1529.00,1864.00,335.00,1164.85,0.00,False,False
bus24,-401226926#0->40140141#8,bus_bus,1441.00,1865.00,424.00,2229.60,0.00,False,False
veh217,24576913#1->401226926#0,veh_passenger,1455.00,1871.00,416.00,1647.73,0.00,False,False
veh196,12262310#0-AddedOffRampEdge->39838751#1,veh_passenger,1315.00,1873.00,558.00,2309.11,0.00,False,False
veh252,-147711065#0->47223733,veh_passenger,1712.00,1880.00,168.00,767.77,0.00,False,False
bus19,-1335304373#1->-654530820#1,bus_bus,1141.00,1884.00,743.00,3775.06,0.00,False,False
veh255,47225638#3->1100626097,veh_passenger,1710.00,1898.00,188.00,772.62,0.00,False,False
veh232,-39838751#0->1292541108,veh_passenger,1556.00,1904.00,348.00,783.77,0.00,False,False
veh247,-178723097#1->-1068144849#2,veh_passenger,1656.00,1907.00,251.00,2439.99,0.00,False,False
veh186,1255099064->-488788633#0,veh_passenger,1248.00,1908.00,660.00,2372.33,0.00,False,False
veh237,-1068144845#3->178583148#0,veh_passenger,1589.00,1910.00,321.00,2702.36,0.00,False,False
veh245,437445541#0->-240666072#2,veh_passenger,1643.00,1911.00,268.00,1664.45,0.00,False,False
veh248,1068144849#2->39921673#0,veh_passenger,1663.00,1916.00,253.00,2423.43,0.00,False,False
veh277,1332638391#1->478286980#1,veh_passenger,1857.00,1918.00,61.00,686.77,0.00,False,False
veh227,1214520078->-401226926#1,veh_passenger,1522.00,1922.00,400.00,1739.49,0.00,False,False
veh262,413789558#1->83428923#0,veh_passenger,1757.00,1929.00,172.00,2205.44,0.00,False,False
veh243,-39838657#0->39921025#2,veh_passenger,1630.00,1956.00,326.00,1220.46,0.00,False,False
veh221,509647506->687878722#0,veh_passenger,1482.00,1964.00,482.00,2090.59,0.00,False,False
veh242,-1068144845#4->-40035606#3,veh_passenger,1623.00,1967.00,344.00,2511.46,0.00,False,False
veh189,-1323097580#1->147711065#0,veh_passenger,1268.00,1985.00,717.00,1281.01,0.00,False,False
veh290,-413789558#1->-1067928307#2,veh_passenger,1944.00,1993.00,49.00,504.73,0.00,False,False
veh236,-687878722#0->-1297720376#0,veh_passenger,1583.00,1995.00,412.00,2459.76,0.00,False,False
veh239,39920505#3->47267011#0,veh_passenger,1603.00,2009.00,406.00,1989.62,0.00,False,False
veh205,1273251150#1->488788630#1,veh_passenger,1375.00,2012.00,637.00,3434.57,0.00,False,False
veh251,40035904#1->39838691#7,veh_passenger,1683.00,2018.00,335.00,2469.52,0.00,False,False
veh287,1326094888->413789557,veh_passenger,1924.00,2019.00,95.00,837.12,0.00,False,False
veh222,1231065643->439836130#0,veh_passenger,1489.00,2022.00,533.00,1841.75,0.00,False,False
veh253,509646062->33683346#0,veh_passenger,1697.00,2037.00,340.00,1797.11,0.00,False,False
veh288,1064398309#0->-142741729#0,veh_passenger,1931.00,2043.00,112.00,826.80,0.00,False,False
veh169,33683346#2->1421367508,veh_passenger,1134.00,2051.00,917.00,3182.77,0.00,False,False
veh278,-1335304372->-50323229#14,veh_passenger,1864.00,2052.00,188.00,712.74,0.00,False,False
truck14,160078084->8887999#1,truck_truck,1681.00,2056.00,375.00,1926.51,0.00,False,False
veh306,39838520#3->39366819#1,veh_passenger,2052.00,2068.00,16.00,83.14,0.00,False,False
veh289,-451728952#3->-509646052,veh_passenger,1938.00,2077.00,139.00,1282.50,0.00,False,False
veh308,-479863106#0->-488788629,veh_passenger,2065.00,2079.00,14.00,175.76,0.00,False,False
veh263,10250021#4->490474063#0,veh_passenger,1764.00,2087.00,323.00,1399.45,0.00,False,False
veh268,513082641#0->-654297630,veh_passenger,1797.00,2094.00,297.00,2712.98,0.00,False,False
veh295,1297720376#1->1254816455,veh_passenger,1978.00,2098.00,120.00,623.27,0.00,False,False
veh266,10250021#0->511187808#2,veh_passenger,1784.00,2100.00,316.00,959.50,0.00,False,False
veh269,509646063#0->-413789558#1,veh_passenger,1804.00,2103.00,299.00,1885.29,0.00,False,False
veh240,39920505#5->450616334#1,veh_passenger,1609.00,2104.00,495.00,2182.89,0.00,False,False
veh270,-488788630#1->488788626#0,veh_passenger,1810.00,2105.00,295.00,2856.88,0.00,False,False
veh296,-428730813#3->-1211151635#0,veh_passenger,1985.00,2111.00,126.00,1242.84,0.00,False,False
veh257,1338361263->10748045#1,veh_passenger,1723.00,2113.00,390.00,1959.43,0.00,False,False
bus30,-474143552#0->654297635#1,bus_bus,1801.00,2117.00,316.00,1511.55,0.00,False,False
veh294,511405572->238219472#0,veh_passenger,1971.00,2119.00,148.00,753.80,0.00,False,False
veh282,437445539#0->1074409232#1,veh_passenger,1891.00,2132.00,241.00,2534.40,0.00,False,False
veh273,-10629474#0->666886084#1,veh_passenger,1831.00,2135.00,304.00,946.08,0.00,False,False
veh264,178441748#0->1326437250,veh_passenger,1770.00,2137.00,367.00,1986.69,0.00,False,False
truck13,488788629->428730793#1,truck_truck,1561.00,2146.00,585.00,2426.02,0.00,False,False
veh258,509646061->50323229#11,veh_passenger,1730.00,2162.00,432.00,1953.86,0.00,False,False
veh274,-1326094888->40297715#3,veh_passenger,1838.00,2167.00,329.00,3293.24,0.00,False,False
veh276,40035904#1->39920505#5,veh_passenger,1851.00,2168.00,317.00,899.73,0.00,False,False
veh272,40115810#1->10628442#3,veh_passenger,1824.00,2174.00,350.00,1957.80,0.00,False,False
veh281,15420537#1->1234244927#0,veh_passenger,1884.00,2186.00,302.00,1960.34,0.00,False,False
bus32,39839131->1125986385#0,bus_bus,1921.00,2193.00,272.00,2102.12,0.00,False,False
bus34,-654297629#1->-515123442#3,bus_bus,2041.00,2198.00,157.00,1194.24,0.00,False,False
veh305,975216739->1068144845#3,veh_passenger,2045.00,2200.00,155.00,1488.01,0.00,False,False
truck16,511187811->240666069#3,truck_truck,1921.00,2204.00,283.00,1636.08,0.00,False,False
veh279,40036009#0->1068144845#4,veh_passenger,1871.00,2207.00,336.00,2694.40,0.00,False,False
bus29,10629709#1->-654297629#5,bus_bus,1741.00,2211.00,470.00,2123.09,0.00,False,False
veh293,511404874#1->1335304372,veh_passenger,1965.00,2216.00,251.00,2968.72,0.00,False,False
veh271,10748045#1->513087670,veh_passenger,1817.00,2220.00,403.00,1950.97,0.00,False,False
truck15,50323229#13->39838630#2,truck_truck,1801.00,2240.00,439.00,1888.98,0.00,False,False
veh321,1064476623->-39838630#1,veh_passenger,2152.00,2247.00,95.00,928.14,0.00,False,False
veh301,465144361->381945551,veh_passenger,2018.00,2260.00,242.00,2624.20,0.00,False,False
veh314,401226926#1->1273251150#1,veh_passenger,2105.00,2261.00,156.00,971.16,0.00,False,False
veh325,-1125986377#0->1237953493,veh_passenger,2179.00,2262.00,83.00,497.15,0.00,False,False
veh311,-10250021#3->1260485932,veh_passenger,2085.00,2264.00,179.00,835.57,0.00,False,False
veh280,240666072#0->1323097575#2,veh_passenger,1877.00,2268.00,391.00,2423.13,0.00,False,False
veh334,1332638391#2->-1332638391#0,veh_passenger,2239.00,2273.00,34.00,437.03,0.00,False,False
bus36,178702258#0->515124966,bus_bus,2161.00,2277.00,116.00,752.95,0.00,False,False
veh300,-1214520068->-40035325#2,veh_passenger,2011.00,2278.00,267.00,1756.45,0.00,False,False
veh297,654297631->1323097579#1,veh_passenger,1991.00,2279.00,288.00,1629.90,0.00,False,False
veh310,-40140017#3->-1273251150#1,veh_passenger,2078.00,2280.00,202.00,1125.87,0.00,False,False
veh304,1255099064->511404873#0,veh_passenger,2038.00,2283.00,245.00,660.82,0.00,False,False
veh315,47267011#0->39838691#3,veh_passenger,2112.00,2289.00,177.00,1088.38,0.00,False,False
veh286,-437445539#0->-488788637#1,veh_passenger,1918.00,2295.00,377.00,2616.64,0.00,False,False
veh291,15525299->10628442#0,veh_passenger,1951.00,2305.00,354.00,2580.14,0.00,False,False
veh283,-654530820#1->-33683458#0,veh_passenger,1898.00,2306.00,408.00,3788.97,0.00,False,False
veh333,521701858-AddedOffRampEdge->-413789558#1,veh_passenger,2233.00,2311.00,78.00,969.89,0.00,False,False
veh307,428730807->666886084#1,veh_passenger,2058.00,2313.00,255.00,1792.53,0.00,False,False
bus27,50323229#9->47087992#3,bus_bus,1621.00,2316.00,695.00,3219.23,0.00,False,False
veh327,-1332638391#1->761486028#1,veh_passenger,2192.00,2321.00,129.00,331.63,0.00,False,False
veh299,-1273251150#1->39838751#0,veh_passenger,2005.00,2323.00,318.00,2132.05,0.00,False,False
veh302,474143552#2->-50323229#7,veh_passenger,2025.00,2336.00,311.00,1130.39,0.00,False,False
veh284,-450616334#1->-33683346#2,veh_passenger,1904.00,2338.00,434.00,2869.08,0.00,False,False
bus31,511404877->10629709#1,bus_bus,1861.00,2344.00,483.00,2298.04,0.00,False,False
bus35,178583141->-564273553#4,bus_bus,2101.00,2347.00,246.00,2901.62,0.00,False,False
veh322,40035606#2->40138633#0,veh_passenger,2159.00,2350.00,191.00,935.80,0.00,False,False
veh324,1335304373#0->-1297720367,veh_passenger,2172.00,2353.00,181.00,784.75,0.00,False,False
veh344,449565665#0->39838691#3,veh_passenger,2306.00,2354.00,48.00,469.43,0.00,False,False
veh267,50323229#15->-1326094888,veh_passenger,1790.00,2382.00,592.00,3388.09,0.00,False,False
bus33,515136604->1237953493,bus_bus,1981.00,2389.00,408.00,2161.47,0.00,False,False
veh328,509524224->240666069#0,veh_passenger,2199.00,2389.00,190.00,1507.24,0.00,False,False
truck17,40138239#2->-1125986406#0,truck_truck,2041.00,2396.00,355.00,1689.66,0.00,False,False
veh303,14924729#3->1260485932,veh_passenger,2032.00,2397.00,365.00,2683.07,0.00,False,False
veh313,-521701857->40140017#2,veh_passenger,2099.00,2411.00,312.00,1274.83,0.00,False,False
veh309,39920550#3->-40036009#2,veh_passenger,2072.00,2414.00,342.00,1133.27,0.00,False,False
veh244,40109290#4->47087993#2,veh_passenger,1636.00,2416.00,780.00,3699.44,0.00,False,False
veh335,1100626103#1->1074409255#3,veh_passenger,2246.00,2419.00,173.00,1013.05,0.00,False,False
veh312,24621218#2->1067852461,veh_passenger,2092.00,2435.00,343.00,594.77,0.00,False,False
veh260,39838751#2->50323229#9,veh_passenger,1743.00,2438.00,695.00,2585.61,0.00,False,False
veh326,1068434236->-654297637#1,veh_passenger,2186.00,2448.00,262.00,1255.24,0.00,False,False
veh316,39920550#5->654297629#4,veh_passenger,2119.00,2456.00,337.00,1319.82,0.00,False,False
veh330,39920684#5->10250021#3,veh_passenger,2212.00,2459.00,247.00,1369.39,0.00,False,False
veh292,40109290#1->-39838657#0,veh_passenger,1958.00,2462.00,504.00,2474.18,0.00,False,False
veh355,10628430->509524270,veh_passenger,2380.00,2464.00,84.00,509.16,0.00,False,False
veh349,381945549#0->-654297629#0,veh_passenger,2340.00,2467.00,127.00,1544.96,0.00,False,False
truck20,-143546557->10628444#2,truck_truck,2401.00,2467.00,66.00,483.23,0.00,False,False
veh318,50323226->-1260485930#1,veh_passenger,2132.00,2468.00,336.00,2240.80,0.00,False,False
veh265,1237953497->428730800,veh_passenger,1777.00,2473.00,696.00,3124.74,0.00,False,False
veh363,24576922#2->985133430,veh_passenger,2434.00,2473.00,39.00,486.34,0.00,False,False
veh332,1298335703->39920550#11,veh_passenger,2226.00,2478.00,252.00,2298.33,0.00,False,False
veh342,1214520077->143546557,veh_passenger,2293.00,2478.00,185.00,1204.40,0.00,False,False
veh285,160078084->47087992#1,veh_passenger,1911.00,2484.00,573.00,2753.62,0.00,False,False
veh331,-1125986377#1->451728952#4,veh_passenger,2219.00,2486.00,267.00,1421.67,0.00,False,False
veh346,178583161->564273553#4,veh_passenger,2320.00,2486.00,166.00,1625.47,0.00,False,False
veh356,9374529#1->-654297630,veh_passenger,2387.00,2489.00,102.00,515.00,0.00,False,False
veh337,10725667-AddedOffRampEdge->40109290#5,veh_passenger,2259.00,2510.00,251.00,2504.30,0.00,False,False
veh340,1272548721->1068434201,veh_passenger,2279.00,2514.00,235.00,1436.15,0.00,False,False
veh298,499566573->1214520075,veh_passenger,1998.00,2520.00,522.00,1666.79,0.00,False,False
veh341,1068434256#0->856175963,veh_passenger,2286.00,2524.00,238.00,1383.80,0.00,False,False
veh320,437445542->238219441#0,veh_passenger,2145.00,2526.00,381.00,2588.53,0.00,False,False
veh362,1064398309#0->1067953239#0,veh_passenger,2427.00,2527.00,100.00,570.12,0.00,False,False
veh343,9704194#1->39920550#8,veh_passenger,2300.00,2537.00,237.00,1885.46,0.00,False,False
truck18,-509646056->1064476622#1,truck_truck,2161.00,2543.00,382.00,1617.69,0.00,False,False
bus40,47225638#0->1214520071,bus_bus,2401.00,2558.00,157.00,1011.91,0.00,False,False
veh353,50323229#3->1335304386#1,veh_passenger,2367.00,2575.00,208.00,965.65,0.00,False,False
veh354,40140141#1->13909444#4,veh_passenger,2373.00,2576.00,203.00,1525.81,0.00,False,False
veh350,-40109239->178699054,veh_passenger,2346.00,2578.00,232.00,1277.35,0.00,False,False
veh336,39920684#2->511187818,veh_passenger,2253.00,2581.00,328.00,958.21,0.00,False,False
veh358,521704050->13909444#3,veh_passenger,2400.00,2582.00,182.00,1092.86,0.00,False,False
bus39,-14924729#0->39366819#1,bus_bus,2341.00,2582.00,241.00,1005.62,0.00,False,False
veh338,1064476622#1->666886082#0,veh_passenger,2266.00,2590.00,324.00,1815.91,0.00,False,False
veh275,1332638368#1->465144361,veh_passenger,1844.00,2614.00,770.00,2349.30,0.00,False,False
veh317,39920505#11->515138054,veh_passenger,2125.00,2628.00,503.00,2976.70,0.00,False,False
veh339,488788637#1->178699051#1,veh_passenger,2273.00,2629.00,356.00,1381.11,0.00,False,False
veh347,1254816442->40138239#3,veh_passenger,2326.00,2629.00,303.00,1832.32,0.00,False,False
veh379,39920505#9->-40035904#2,veh_passenger,2541.00,2630.00,89.00,217.38,0.00,False,False
bus37,11631594#1->-482569917#0,bus_bus,2221.00,2642.00,421.00,2893.08,0.00,False,False
veh319,-40138239#3->1068144846#2,veh_passenger,2139.00,2653.00,514.00,3244.07,0.00,False,False
veh329,666886082#0->985675139,veh_passenger,2206.00,2660.00,454.00,2594.61,0.00,False,False
truck21,39838984#0->1125986379#0,truck_truck,2521.00,2661.00,140.00,883.72,0.00,False,False
veh372,488788636#0->12090453#0,veh_passenger,2494.00,2661.00,167.00,1893.09,0.00,False,False
veh323,654297632#2->1337646271#0,veh_passenger,2166.00,2662.00,496.00,1483.00,0.00,False,False
veh360,10628442#3->475044040#2,veh_passenger,2413.00,2664.00,251.00,1014.12,0.00,False,False
veh351,178699051#0->-1335304371,veh_passenger,2353.00,2665.00,312.00,1726.01,0.00,False,False
veh373,39920550#8->50323229#0,veh_passenger,2501.00,2667.00,166.00,1156.16,0.00,False,False
bus38,-1323097580#0->-1125986385#1,bus_bus,2281.00,2669.00,388.00,1608.56,0.00,False,False
veh345,450616334#1->-474143552#0,veh_passenger,2313.00,2678.00,365.00,2396.05,0.00,False,False
veh364,1332638368#2->-40035325#1,veh_passenger,2440.00,2717.00,277.00,2065.48,0.00,False,False
veh380,1297720376#1->856175962,veh_passenger,2547.00,2719.00,172.00,1406.03,0.00,False,False
truck19,-1297720367->-521705694#0,truck_truck,2281.00,2726.00,445.00,1460.11,0.00,False,False
veh369,238219441#0->-521705694#1,veh_passenger,2474.00,2728.00,254.00,1239.58,0.00,False,False
veh392,178702258#0->478286980#1,veh_passenger,2628.00,2728.00,100.00,490.39,0.00,False,False
veh394,511404878->39838657#0,veh_passenger,2641.00,2728.00,87.00,426.41,0.00,False,False
veh374,967985512->1335304376#1,veh_passenger,2507.00,2732.00,225.00,1117.56,0.00,False,False
veh387,521704042#0->9833223-AddedOnRampEdge,veh_passenger,2594.00,2733.00,139.00,1289.01,0.00,False,False
veh359,513082635#0-AddedOffRampEdge->511404877,veh_passenger,2407.00,2739.00,332.00,1878.97,0.00,False,False
bus45,-654297629#4->39838691#1,bus_bus,2701.00,2749.00,48.00,333.13,0.00,False,False
veh367,1273251150#0->1068434235,veh_passenger,2460.00,2755.00,295.00,1819.82,0.00,False,False
veh365,178441748#1->1075505400#3,veh_passenger,2447.00,2756.00,309.00,2284.00,0.00,False,False
veh371,428730818#2->40139708,veh_passenger,2487.00,2757.00,270.00,3038.22,0.00,False,False
veh348,-33683458#2->8887999#1,veh_passenger,2333.00,2776.00,443.00,2176.30,0.00,False,False
veh382,39920505#2->511187808#3,veh_passenger,2561.00,2793.00,232.00,1588.08,0.00,False,False
veh370,47088302#0->-1125986385#0,veh_passenger,2480.00,2794.00,314.00,1655.15,0.00,False,False
veh357,178699049->1204070283#1,veh_passenger,2393.00,2803.00,410.00,3943.59,0.00,False,False
veh395,-654297629#3->521704031#0,veh_passenger,2648.00,2804.00,156.00,697.68,0.00,False,False
bus44,39920593#4->143546557,bus_bus,2641.00,2806.00,165.00,729.78,0.00,False,False
veh389,511404880#1->1260481153,veh_passenger,2608.00,2815.00,207.00,820.75,0.00,False,False
veh396,-39920593#4->1290456019,veh_passenger,2655.00,2818.00,163.00,1254.43,0.00,False,False
truck23,-968332509->654297632#0,truck_truck,2763.00,2843.00,80.00,626.25,0.00,False,False
veh378,40140141#7->12247568#0,veh_passenger,2534.00,2848.00,314.00,2294.99,0.00,False,False
veh393,-40139504#0->-1290439817#1,veh_passenger,2635.00,2849.00,214.00,673.92,0.00,False,False
veh404,-47224972#1->1207401652#1,veh_passenger,2708.00,2859.00,151.00,971.23,0.00,False,False
bus41,9832326#0->13909444#1,bus_bus,2461.00,2861.00,400.00,1445.96,0.00,False,False
veh385,40140141#2->47087366#0,veh_passenger,2581.00,2865.00,284.00,2317.04,0.00,False,False
veh428,40297647#0->967985513#1,veh_passenger,2869.00,2899.00,30.00,504.05,0.00,False,False
veh386,-1260485929#0->39838882,veh_passenger,2588.00,2910.00,322.00,1776.46,0.00,False,False
bus42,83563432->511187808#4-AddedOnRampEdge,bus_bus,2521.00,2911.00,390.00,2047.82,0.00,False,False
veh391,-1125986386->482569917#1,veh_passenger,2621.00,2917.00,296.00,2101.69,0.00,False,False
veh361,13866211->50323226,veh_passenger,2420.00,2930.00,510.00,3941.48,0.00,False,False
veh406,238219441#0->238219472#3,veh_passenger,2722.00,2941.00,219.00,588.50,0.00,False,False
veh434,499566574#0->654297635#1,veh_passenger,2909.00,2952.00,43.00,326.93,0.00,False,False
veh381,1074771170->40109290#4,veh_passenger,2554.00,2954.00,400.00,3204.77,0.00,False,False
veh403,-654297637#1->509646063#1,veh_passenger,2702.00,2966.00,264.00,950.71,0.00,False,False
veh375,-1118804250->1337646275,veh_passenger,2514.00,2974.00,460.00,5053.75,0.00,False,False
veh376,511409188#0->1254816455,veh_passenger,2521.00,2977.00,456.00,717.45,0.00,False,False
veh407,900279869->39920593#0,veh_passenger,2728.00,2978.00,250.00,1440.83,0.00,False,False
veh397,-687878722#2->-761486028#0,veh_passenger,2661.00,2984.00,323.00,1356.94,0.00,False,False
truck22,11631594#1->-479863106#1,truck_truck,2641.00,2986.00,345.00,1648.43,0.00,False,False
veh388,437445540->1237953497,veh_passenger,2601.00,2989.00,388.00,3028.24,0.00,False,False
veh425,1074771170->-240666072#2,veh_passenger,2849.00,2995.00,146.00,894.18,0.00,False,False
veh399,515126384->39921673#0,veh_passenger,2675.00,3000.00,325.00,2017.83,0.00,False,False
veh377,15419906#1->1278784167#1,veh_passenger,2527.00,3001.00,474.00,2001.51,0.00,False,False
veh383,509646144->511404872,veh_passenger,2568.00,3026.00,458.00,894.72,0.00,False,False
veh368,-438516309->40138239#2,veh_passenger,2467.00,3029.00,562.00,4204.13,0.00,False,False
veh409,-1201484855->381945551,veh_passenger,2742.00,3034.00,292.00,2503.86,0.00,False,False
veh412,39838984#1->39838657#2,veh_passenger,2762.00,3045.00,283.00,902.15,0.00,False,False
veh432,1272548721->39921025#7,veh_passenger,2896.00,3049.00,153.00,922.00,0.00,False,False
veh415,39838691#10->515130028#1,veh_passenger,2782.00,3063.00,281.00,2106.92,0.00,False,False
bus43,-1067928305#0->40140017#0,bus_bus,2581.00,3071.00,490.00,2334.12,0.00,False,False
veh398,-10628444#2->488788633#2,veh_passenger,2668.00,3071.00,403.00,2153.22,0.00,False,False
bus48,1323097575#3->-40138633#3,bus_bus,2881.00,3073.00,192.00,778.13,0.00,False,False
veh417,1254816454->24576913#0,veh_passenger,2795.00,3075.00,280.00,599.50,0.00,False,False
veh418,413789557->-1332638368#1,veh_passenger,2802.00,3081.00,279.00,2054.16,0.00,False,False
veh366,178699051#0->178583153,veh_passenger,2454.00,3082.00,628.00,1683.17,0.00,False,False
veh452,-449565665#1->-39366819#0,veh_passenger,3030.00,3083.00,53.00,305.42,0.00,False,False
bus46,-14924729#3->1222703382,bus_bus,2761.00,3092.00,331.00,1842.43,0.00,False,False
veh456,-39838630#3->178702258#2,veh_passenger,3057.00,3092.00,35.00,359.57,0.00,False,False
veh422,50323229#14->-83428923#0,veh_passenger,2829.00,3104.00,275.00,1665.70,0.00,False,False
veh408,10628442#0->178702261,veh_passenger,2735.00,3110.00,375.00,2538.25,0.00,False,False
veh443,-39838691#9->1272548721,veh_passenger,2970.00,3113.00,143.00,1124.04,0.00,False,False
veh427,822782498->511404873#0,veh_passenger,2862.00,3115.00,253.00,1336.25,0.00,False,False
veh390,40036009#3->515130028#1,veh_passenger,2614.00,3117.00,503.00,3398.86,0.00,False,False
veh433,39920684#5->24577455#2,veh_passenger,2903.00,3119.00,216.00,1322.05,0.00,False,False
veh454,39920550#7->39920505#11,veh_passenger,3043.00,3121.00,78.00,228.48,0.00,False,False
veh414,39920550#2->509646054,veh_passenger,2775.00,3133.00,358.00,1086.84,0.00,False,False
veh413,39921025#6->40297885#1,veh_passenger,2769.00,3145.00,376.00,2012.28,0.00,False,False
veh405,1324405511->-564273553#4,veh_passenger,2715.00,3159.00,444.00,1959.90,0.00,False,False
veh411,1064476620#2->488788626#2,veh_passenger,2755.00,3162.00,407.00,1274.26,0.00,False,False
veh402,39839131->1234244926,veh_passenger,2695.00,3169.00,474.00,2435.32,0.00,False,False
veh467,47157282#1->142741729#0,veh_passenger,3130.00,3176.00,46.00,441.52,0.00,False,False
veh384,1196008692#0->1068434204,veh_passenger,2574.00,3178.00,604.00,1654.92,0.00,False,False
bus49,515130028#1->511404877,bus_bus,2941.00,3188.00,247.00,1233.69,0.00,False,False
veh469,654297635#1->-1125986379#1,veh_passenger,3144.00,3189.00,45.00,325.40,0.00,False,False
veh420,-40297715#2->-39838691#3,veh_passenger,2815.00,3191.00,376.00,1578.39,0.00,False,False
bus52,47087366#2->13909444#3,bus_bus,3121.00,3192.00,71.00,807.19,0.00,False,False
veh429,826496637->488788633#2,veh_passenger,2876.00,3193.00,317.00,1614.64,0.00,False,False
veh430,1125986386->475044040#3,veh_passenger,2882.00,3207.00,325.00,1370.66,0.00,False,False
veh421,15420537#1->521704031#1,veh_passenger,2822.00,3210.00,388.00,2462.00,0.00,False,False
veh449,666886082#0->511187811,veh_passenger,3010.00,3210.00,200.00,699.75,0.00,False,False
veh440,-39920222->666886083,veh_passenger,2949.00,3216.00,267.00,1656.36,0.00,False,False
bus47,511404875->-573632774,bus_bus,2821.00,3224.00,403.00,2387.11,0.00,False,False
veh431,-1067928307#2->178583140#1,veh_passenger,2889.00,3229.00,340.00,2984.65,0.00,False,False
veh436,-1068144849#1->515040937,veh_passenger,2923.00,3229.00,306.00,2784.45,0.00,False,False
veh451,1125986375#0->1214520074#3,veh_passenger,3023.00,3231.00,208.00,1310.11,0.00,False,False
veh450,-142741729#0->40036009#1,veh_passenger,3016.00,3235.00,219.00,873.88,0.00,False,False
veh352,1290439819->-257421487#0,veh_passenger,2360.00,3240.00,880.00,2390.80,0.00,False,False
veh458,-474143552#6->-488788637#1,veh_passenger,3070.00,3248.00,178.00,1077.52,0.00,False,False
veh474,40035325#2->1335304371,veh_passenger,3177.00,3248.00,71.00,236.95,0.00,False,False
veh446,1332638368#2->1222703383,veh_passenger,2990.00,3250.00,260.00,1809.82,0.00,False,False
veh441,1068144845#2->1335304373#2,veh_passenger,2956.00,3251.00,295.00,2299.35,0.00,False,False
veh410,1335304376#0->515136603,veh_passenger,2748.00,3256.00,508.00,3182.81,0.00,False,False
veh439,1068144844->1222703384#0,veh_passenger,2943.00,3267.00,324.00,2748.65,0.00,False,False
veh465,-653860562->1068434256#1,veh_passenger,3117.00,3269.00,152.00,1021.62,0.00,False,False
veh460,-10250021#4->511187821,veh_passenger,3083.00,3272.00,189.00,548.01,0.00,False,False
veh462,-654297637#1->-40140017#1,veh_passenger,3097.00,3277.00,180.00,686.81,0.00,False,False
veh426,730912750->-39920593#1,veh_passenger,2856.00,3293.00,437.00,2550.52,0.00,False,False
veh477,-1254816454->10628442#1,veh_passenger,3197.00,3297.00,100.00,664.72,0.00,False,False
veh457,-1260485929#0->47087992#5,veh_passenger,3063.00,3307.00,244.00,2124.11,0.00,False,False
veh400,-40109239->1255099069,veh_passenger,2681.00,3315.00,634.00,2141.25,0.00,False,False
veh438,499566574#2->521701857,veh_passenger,2936.00,3321.00,385.00,2020.63,0.00,False,False
veh445,428730813#2->-40035992,veh_passenger,2983.00,3361.00,378.00,3541.48,0.00,False,False
veh488,1234244927#0->39920684#3,veh_passenger,3271.00,3367.00,96.00,1170.57,0.00,False,False
bus50,-967985513#1->39838657#2,bus_bus,3001.00,3369.00,368.00,1475.26,0.00,False,False
bus53,-1015424648->1064476624,bus_bus,3181.00,3370.00,189.00,1519.24,0.00,False,False
bus51,24577522#0->-39921673#0,bus_bus,3061.00,3373.00,312.00,1406.26,0.00,False,False
veh481,33683346#1->-1335304386#1,veh_passenger,3224.00,3377.00,153.00,921.36,0.00,False,False
veh437,-50323229#14->-1237953494,veh_passenger,2929.00,3379.00,450.00,1942.69,0.00,False,False
veh461,-39921531->-39838691#1,veh_passenger,3090.00,3380.00,290.00,1153.16,0.00,False,False
veh464,-1067928307#3->475044040#2,veh_passenger,3110.00,3387.00,277.00,3358.16,0.00,False,False
veh473,1323097578->1214520076,veh_passenger,3171.00,3388.00,217.00,1378.89,0.00,False,False
truck26,-401226926#1->1196008691#1,truck_truck,3121.00,3389.00,268.00,815.76,0.00,False,False
veh448,11631594#2->1260481151,veh_passenger,3003.00,3391.00,388.00,1954.92,0.00,False,False
truck24,39920505#11->39366819#1,truck_truck,2881.00,3394.00,513.00,1454.03,0.00,False,False
veh453,509646057#2->1273251151,veh_passenger,3037.00,3395.00,358.00,1716.02,0.00,False,False
veh416,39920505#0->1068144847,veh_passenger,2789.00,3412.00,623.00,3201.94,0.00,False,False
veh471,14924729#2->1290439817#1,veh_passenger,3157.00,3413.00,256.00,1846.19,0.00,False,False
veh511,39838691#9->-1074409256#2,veh_passenger,3425.00,3448.00,23.00,216.86,0.00,False,False
veh442,-1335304386#0->515123439,veh_passenger,2963.00,3456.00,493.00,2558.05,0.00,False,False
veh499,39920550#10->-50323229#5,veh_passenger,3345.00,3467.00,122.00,1081.04,0.00,False,False
veh490,50323229#2->-1335304371,veh_passenger,3284.00,3476.00,192.00,717.40,0.00,False,False
veh401,1100626087->24577522#3,veh_passenger,2688.00,3477.00,789.00,1012.06,0.00,False,False
veh512,437445539#0->-488788633#2,veh_passenger,3432.00,3477.00,45.00,527.84,0.00,False,False
truck28,509646052->47225638#1,truck_truck,3363.00,3480.00,117.00,1261.33,0.00,False,False
veh475,515130028#1-AddedOnRampEdge->-1272337500,veh_passenger,3184.00,3483.00,299.00,3093.24,0.00,False,False
veh506,1015424648->-405382146#1,veh_passenger,3392.00,3484.00,92.00,472.03,0.00,False,False
veh424,488788629->439836129,veh_passenger,2842.00,3487.00,645.00,2178.73,0.00,False,False
veh444,654297636->1231065652,veh_passenger,2976.00,3500.00,524.00,2894.99,0.00,False,False
veh435,-224146621->-564273553#0,veh_passenger,2916.00,3507.00,591.00,2409.27,0.00,False,False
bus57,511404880#0->666886081,bus_bus,3422.00,3520.00,98.00,688.22,0.00,False,False
veh447,666886082#1->-10748045#0,veh_passenger,2996.00,3532.00,536.00,2284.11,0.00,False,False
veh500,-224146621->509646063#1,veh_passenger,3351.00,3532.00,181.00,1522.11,0.00,False,False
bus56,10628429->-1222703382,bus_bus,3361.00,3534.00,173.00,1102.90,0.00,False,False
veh502,238219443->488788637#1,veh_passenger,3365.00,3560.00,195.00,785.25,0.00,False,False
veh419,1067928306#2->439836130#0,veh_passenger,2809.00,3569.00,760.00,2479.28,0.00,False,False
veh493,24576922#1->178702252,veh_passenger,3305.00,3570.00,265.00,3645.36,0.00,False,False
veh423,499566574#3->1326094888,veh_passenger,2836.00,3576.00,740.00,3558.91,0.00,False,False
veh472,761486028#0->-1226645410,veh_passenger,3164.00,3577.00,413.00,1652.09,0.00,False,False
veh482,40115810#1->511187808#4,veh_passenger,3231.00,3578.00,347.00,1553.63,0.00,False,False
veh531,521704042#0->511404874#1,veh_passenger,3559.00,3582.00,23.00,203.94,0.00,False,False
veh505,538432101->509524224,veh_passenger,3385.00,3584.00,199.00,914.39,0.00,False,False
veh492,488788636#0->178702239#1,veh_passenger,3298.00,3612.00,314.00,4277.81,0.00,False,False
veh455,47267010->-654297630,veh_passenger,3050.00,3615.00,565.00,1458.48,0.00,False,False
veh476,-1297720376#1->39366819#0,veh_passenger,3191.00,3617.00,426.00,1589.42,0.00,False,False
veh503,509646055->900279869,veh_passenger,3372.00,3627.00,255.00,349.31,0.00,False,False
veh466,-40297715#0->-1211151635#1,veh_passenger,3124.00,3630.00,506.00,1953.43,0.00,False,False
truck29,-511187818->-10748036,truck_truck,3481.00,3635.00,154.00,711.96,0.00,False,False
veh495,1125801626->39920684#3,veh_passenger,3318.00,3643.00,325.00,4183.19,0.00,False,False
truck27,178699058->40035904#2,truck_truck,3241.00,3651.00,410.00,4085.49,0.00,False,False
veh459,-40035325#0->515130026#0,veh_passenger,3077.00,3652.00,575.00,2926.77,0.00,False,False
veh484,40140141#5->-488788633#2,veh_passenger,3244.00,3654.00,410.00,2481.29,0.00,False,False
veh487,1226645408->-1335304373#0,veh_passenger,3264.00,3654.00,390.00,2937.43,0.00,False,False
veh470,47225638#4->511409187,veh_passenger,3150.00,3656.00,506.00,860.43,0.00,False,False
bus58,-1292568612->1290456019,bus_bus,3481.00,3657.00,176.00,891.56,0.00,False,False
veh496,439836128#0->511409188#0,veh_passenger,3325.00,3667.00,342.00,2135.86,0.00,False,False
veh517,-40036062#1->39838630#1,veh_passenger,3465.00,3667.00,202.00,1485.88,0.00,False,False
veh524,-488788630#0->-39838751#1,veh_passenger,3512.00,3667.00,155.00,1660.94,0.00,False,False
veh515,47088302#1->232920697,veh_passenger,3452.00,3675.00,223.00,1591.36,0.00,False,False
veh508,10748045#0->-10628442#1,veh_passenger,3405.00,3696.00,291.00,1317.33,0.00,False,False
bus55,511405572->50323229#13,bus_bus,3301.00,3707.00,406.00,1954.25,0.00,False,False
veh485,1260485931#1->-511187807,veh_passenger,3251.00,3708.00,457.00,1475.72,0.00,False,False
veh519,1254816455->10628430,veh_passenger,3479.00,3715.00,236.00,667.23,0.00,False,False
truck30,1068434202->10250021#0,truck_truck,3601.00,3718.00,117.00,379.42,0.00,False,False
veh468,-232920701->1338361263,veh_passenger,3137.00,3722.00,585.00,3055.83,0.00,False,False
veh504,39920011#0->-1068434202,veh_passenger,3378.00,3722.00,344.00,1589.24,0.00,False,False
veh513,1231065644->10748045#1,veh_passenger,3439.00,3729.00,290.00,2572.72,0.00,False,False
bus61,-654297629#1->511404880#1,bus_bus,3661.00,3729.00,68.00,503.68,0.00,False,False
veh520,1235501861#2->1064398309#1,veh_passenger,3485.00,3731.00,246.00,1257.04,0.00,False,False
veh534,-24576913#2->-1068144846#1,veh_passenger,3579.00,3732.00,153.00,1396.60,0.00,False,False
veh523,-10628444#0->1068074793,veh_passenger,3506.00,3738.00,232.00,1508.88,0.00,False,False
veh510,1214520074#4->-39920593#2,veh_passenger,3421.00,3740.00,319.00,2700.69,0.00,False,False
veh486,10748036->1272548721,veh_passenger,3258.00,3755.00,497.00,1617.16,0.00,False,False
veh480,15420537#1->1272548721,veh_passenger,3217.00,3757.00,540.00,2902.43,0.00,False,False
veh489,521705694#0->-1255099069,veh_passenger,3278.00,3764.00,486.00,1230.09,0.00,False,False
bus60,1260485930#1->15420801#2,bus_bus,3601.00,3772.00,171.00,421.26,0.00,False,False
veh491,-1335304385->437445540,veh_passenger,3292.00,3773.00,481.00,2938.83,0.00,False,False
veh525,-730912750->1068916339,veh_passenger,3519.00,3792.00,273.00,1542.09,0.00,False,False
veh547,39920550#0->-40297715#0,veh_passenger,3666.00,3792.00,126.00,457.89,0.00,False,False
veh463,39920550#4->-1068144849#2,veh_passenger,3104.00,3797.00,693.00,3285.35,0.00,False,False
veh550,39838657#0->511404878,veh_passenger,3686.00,3803.00,117.00,615.75,0.00,False,False
veh562,-40035606#2->-1236283454,veh_passenger,3767.00,3804.00,37.00,412.57,0.00,False,False
veh535,1068434257->488788630#0,veh_passenger,3586.00,3806.00,220.00,1544.60,0.00,False,False
veh509,511404877->178723097#0,veh_passenger,3412.00,3808.00,396.00,2700.04,0.00,False,False
veh532,238219449->238219468,veh_passenger,3566.00,3812.00,246.00,1318.96,0.00,False,False
veh543,515130026#0->1100626103#2,veh_passenger,3640.00,3818.00,178.00,2287.83,0.00,False,False
veh497,40140141#5->838061038,veh_passenger,3331.00,3827.00,496.00,1677.75,0.00,False,False
veh549,1260485929#2->564273552,veh_passenger,3680.00,3827.00,147.00,1008.62,0.00,False,False
veh544,40297715#2->499566577#0,veh_passenger,3646.00,3828.00,182.00,977.06,0.00,False,False
veh533,40138941#1->1231065643,veh_passenger,3573.00,3836.00,263.00,1823.35,0.00,False,False
veh536,39763700#6->509524227#1,veh_passenger,3593.00,3838.00,245.00,1675.48,0.00,False,False
veh542,-24576913#0->13909444#6,veh_passenger,3633.00,3840.00,207.00,1583.39,0.00,False,False
veh548,47087993#2->1335304375,veh_passenger,3673.00,3840.00,167.00,2165.00,0.00,False,False
veh565,-654297635#0->1254816452,veh_passenger,3787.00,3840.00,53.00,153.83,0.00,False,False
veh530,-1125986378#1->-1068144845#3,veh_passenger,3552.00,3850.00,298.00,1523.66,0.00,False,False
veh483,39920505#4->47087993#5,veh_passenger,3238.00,3861.00,623.00,3263.96,0.00,False,False
veh516,-1323097580#1->-1211151638,veh_passenger,3459.00,3879.00,420.00,1948.72,0.00,False,False
veh514,11631594#1->40297885#2,veh_passenger,3445.00,3881.00,436.00,2193.25,0.00,False,False
bus62,1214520071->-474143552#1,bus_bus,3721.00,3883.00,162.00,1378.28,0.00,False,False
veh557,-1278784167#1->511404878,veh_passenger,3733.00,3886.00,153.00,1536.24,0.00,False,False
bus54,-1068144845#3->564273553#1,bus_bus,3241.00,3887.00,646.00,2317.72,0.00,False,False
veh558,511185049->39838520#1,veh_passenger,3740.00,3898.00,158.00,772.61,0.00,False,False
veh518,39920550#6->1332638368#0,veh_passenger,3472.00,3906.00,434.00,2152.04,0.00,False,False
veh526,-10628444#0->439836130#0,veh_passenger,3528.00,3910.00,382.00,1553.87,0.00,False,False
veh521,39921025#7->1332638368#1,veh_passenger,3492.00,3914.00,422.00,2571.35,0.00,False,False
veh501,1125986406#0->47087992#1,veh_passenger,3358.00,3923.00,565.00,1572.42,0.00,False,False
veh522,39920593#4->-1125986386,veh_passenger,3499.00,3924.00,425.00,1437.03,0.00,False,False
veh559,178699056#0->478286980#0,veh_passenger,3747.00,3925.00,178.00,1132.46,0.00,False,False
veh529,-1260485931#0->511404874#0,veh_passenger,3546.00,3928.00,382.00,1337.72,0.00,False,False
veh546,-39921673#0->-47087366#0,veh_passenger,3660.00,3930.00,270.00,1671.26,0.00,False,False
truck25,-40139708->428730793#0,truck_truck,3001.00,3941.00,940.00,3642.68,0.00,False,False
veh540,10748036->1074409255#2,veh_passenger,3619.00,3945.00,326.00,1531.84,0.00,False,False
veh553,1068144845#0->10628442#1,veh_passenger,3707.00,3947.00,240.00,1545.46,0.00,False,False
veh539,1214520072->1068144848#1,veh_passenger,3613.00,3952.00,339.00,1516.71,0.00,False,False
veh479,1068434258->9832326#0,veh_passenger,3211.00,3954.00,743.00,1161.76,0.00,False,False
veh538,509646054->-654297629#6,veh_passenger,3606.00,3965.00,359.00,1209.54,0.00,False,False
veh580,1125986378#0->1125986377#1,veh_passenger,3887.00,3965.00,78.00,252.48,0.00,False,False
veh567,1064398309#0->1222703384#0,veh_passenger,3800.00,3970.00,170.00,789.31,0.00,False,False
veh494,10725667-AddedOffRampEdge->-39366819#0,veh_passenger,3311.00,3986.00,675.00,2293.99,0.00,False,False
veh566,-40109290#0->11631594#2,veh_passenger,3794.00,4005.00,211.00,1389.36,0.00,False,False
veh537,521704036->-1326193810,veh_passenger,3599.00,4019.00,420.00,2455.17,0.00,False,False
veh498,238219472#3->-488788630#2,veh_passenger,3338.00,4031.00,693.00,2865.76,0.00,False,False
veh507,401226926#1->1068144848#0,veh_passenger,3398.00,4037.00,639.00,3175.00,0.00,False,False
veh527,40138239#0->1337646271#0,veh_passenger,3532.00,4039.00,507.00,2646.09,0.00,False,False
veh551,39838691#0->-40035606#1,veh_passenger,3693.00,4055.00,362.00,2086.15,0.00,False,False
veh545,490474063#1->-564273553#3,veh_passenger,3653.00,4061.00,408.00,1823.72,0.00,False,False
bus65,1222703384#1->1335304375,bus_bus,3901.00,4064.00,163.00,302.46,0.00,False,False
veh571,40140141#9->39920550#7,veh_passenger,3827.00,4068.00,241.00,1593.14,0.00,False,False
veh573,-39920593#2->1100626103#3,veh_passenger,3841.00,4069.00,228.00,1250.14,0.00,False,False
veh552,-1260485929#0->1260481150,veh_passenger,3700.00,4072.00,372.00,2003.60,0.00,False,False
veh554,-1222703383->13909444#2,veh_passenger,3713.00,4075.00,362.00,1491.69,0.00,False,False
veh563,-14924729#0->515126385#4,veh_passenger,3774.00,4082.00,308.00,1270.98,0.00,False,False
veh577,488788637#0->39921025#3,veh_passenger,3867.00,4082.00,215.00,1103.08,0.00,False,False
bus64,-450616334#1->10628444#1,bus_bus,3841.00,4086.00,245.00,1724.73,0.00,False,False
veh561,488788633#0->39920550#12,veh_passenger,3760.00,4098.00,338.00,3460.96,0.00,False,False
bus59,-1237953494->439836130#0-AddedOffRampEdge,bus_bus,3541.00,4102.00,561.00,2142.27,0.00,False,False
veh569,-1254816454->-1335304373#0,veh_passenger,3814.00,4103.00,289.00,922.19,0.00,False,False
veh593,1260481150->1064476619,veh_passenger,3975.00,4114.00,139.00,804.07,0.00,False,False
veh599,1290439819->10629709#2,veh_passenger,4015.00,4116.00,101.00,1134.55,0.00,False,False
veh560,515123442#3->1260485931#1,veh_passenger,3755.00,4124.00,369.00,3742.03,0.00,False,False
veh602,479863106#2->-39838984#0,veh_passenger,4035.00,4126.00,91.00,317.87,0.00,False,False
truck31,-488788630#0->654297637#2,truck_truck,3721.00,4136.00,415.00,2698.57,0.00,False,False
veh588,47087366#1->-39838691#2,veh_passenger,3941.00,4145.00,204.00,1324.92,0.00,False,False
veh598,654297637#1->968332513#1,veh_passenger,4008.00,4151.00,143.00,796.47,0.00,False,False
veh478,39838691#9->178699049,veh_passenger,3204.00,4152.00,948.00,1073.12,0.00,False,False
veh585,-143546557->47088302#1,veh_passenger,3921.00,4154.00,233.00,1177.37,0.00,False,False
veh610,-50323229#15->1272337498#0,veh_passenger,4095.00,4158.00,63.00,270.80,0.00,False,False
bus66,-238219449->-488788637#0,bus_bus,3961.00,4161.00,200.00,937.44,0.00,False,False
veh568,47267011#2->39920505#7,veh_passenger,3807.00,4173.00,366.00,2383.58,0.00,False,False
truck32,513082623->1068434201,truck_truck,3841.00,4181.00,340.00,3173.48,0.00,False,False
veh555,1068144849#0->1272337500,veh_passenger,3720.00,4188.00,468.00,4000.46,0.00,False,False
veh574,83428923#0->40138239#3,veh_passenger,3847.00,4189.00,342.00,1851.23,0.00,False,False
veh619,1260485929#2->-10628442#0,veh_passenger,4149.00,4190.00,41.00,346.46,0.00,False,False
veh564,1075505400#1->40140141#7,veh_passenger,3780.00,4196.00,416.00,1897.51,0.00,False,False
veh617,50323229#13->401226926#1,veh_passenger,4135.00,4198.00,63.00,661.37,0.00,False,False
veh587,-1125986374->1074771163#0,veh_passenger,3934.00,4201.00,267.00,1671.65,0.00,False,False
veh570,39921025#7->1064476618#1,veh_passenger,3820.00,4205.00,385.00,2076.25,0.00,False,False
veh614,564273553#1->509646055,veh_passenger,4115.00,4208.00,93.00,1025.12,0.00,False,False
bus63,143546557->40140141#9,bus_bus,3781.00,4210.00,429.00,1873.65,0.00,False,False
veh596,488788630#2->1298335704#1,veh_passenger,3995.00,4212.00,217.00,1503.68,0.00,False,False
veh605,-147711065#1->509646144,veh_passenger,4055.00,4215.00,160.00,717.21,0.00,False,False
veh600,1204070281->15420801#0,veh_passenger,4021.00,4222.00,201.00,1832.85,0.00,False,False
bus67,1068144845#4->232920697,bus_bus,4021.00,4223.00,202.00,1413.64,0.00,False,False
veh528,50323229#6->488788636#1,veh_passenger,3539.00,4240.00,701.00,3592.35,0.00,False,False
veh594,437445541#1->1260485930#1,veh_passenger,3981.00,4244.00,263.00,2197.58,0.00,False,False
veh613,11635146#0->-1068916336,veh_passenger,4109.00,4251.00,142.00,1155.23,0.00,False,False
veh625,1231065644->479863106#1,veh_passenger,4189.00,4259.00,70.00,801.10,0.00,False,False
veh601,822782498->499566574#1,veh_passenger,4028.00,4263.00,235.00,1165.46,0.00,False,False
veh582,654297637#2->1332638368#1,veh_passenger,3901.00,4264.00,363.00,1905.35,0.00,False,False
veh590,488788630#2->-40138239#0,veh_passenger,3954.00,4282.00,328.00,3612.26,0.00,False,False
veh576,654297629#3->1068144848#0,veh_passenger,3861.00,4287.00,426.00,2240.92,0.00,False,False
veh592,39921025#4->-573632774,veh_passenger,3968.00,4301.00,333.00,1689.44,0.00,False,False
veh583,-50323229#9->-39838751#2,veh_passenger,3908.00,4308.00,400.00,2209.02,0.00,False,False
veh584,-1290439817#0->509646063#0,veh_passenger,3914.00,4311.00,397.00,1490.84,0.00,False,False
veh606,509646063#0->1064476619,veh_passenger,4062.00,4334.00,272.00,1396.71,0.00,False,False
veh634,1211151637->1298335705,veh_passenger,4249.00,4335.00,86.00,783.62,0.00,False,False
truck34,-900279869->-654297633,truck_truck,4081.00,4337.00,256.00,919.79,0.00,False,False
veh579,39920505#0->1234244925#1,veh_passenger,3881.00,4338.00,457.00,1937.65,0.00,False,False
veh629,1235501861#1->39838520#1,veh_passenger,4216.00,4339.00,123.00,826.79,0.00,False,False
truck35,24576913#1->515126385#2,truck_truck,4201.00,4353.00,152.00,1294.41,0.00,False,False
veh626,1273251151->-238219441#0,veh_passenger,4238.00,4363.00,125.00,676.14,0.00,False,False
veh607,460316444->10628429,veh_passenger,4068.00,4366.00,298.00,2088.80,0.00,False,False
veh608,515130025->-39921673#1,veh_passenger,4075.00,4368.00,293.00,1609.70,0.00,False,False
veh604,511409188#0->178702239#0,veh_passenger,4048.00,4375.00,327.00,2784.28,0.00,False,False
veh623,-238219441#2->1064476620#3,veh_passenger,4176.00,4377.00,201.00,757.91,0.00,False,False
veh615,39920505#2->475044040#4,veh_passenger,4122.00,4379.00,257.00,897.61,0.00,False,False
veh572,515130026#1->513082635#1,veh_passenger,3834.00,4384.00,550.00,2977.25,0.00,False,False
bus68,-50323229#11->-488788629,bus_bus,4081.00,4385.00,304.00,1694.70,0.00,False,False
veh541,-40138633#2->13909444#7,veh_passenger,3626.00,4402.00,776.00,3815.54,0.00,False,False
veh618,-39838984#1->40140017#0,veh_passenger,4142.00,4418.00,276.00,1327.00,0.00,False,False
veh631,39920593#0->-1323097580#1,veh_passenger,4229.00,4418.00,189.00,1020.78,0.00,False,False
veh630,-654297629#3->1226645411,veh_passenger,4222.00,4422.00,200.00,1846.56,0.00,False,False
veh581,-422842976->-488788633#1,veh_passenger,3894.00,4426.00,532.00,1942.70,0.00,False,False
veh643,1292568612->401226926#0,veh_passenger,4310.00,4428.00,118.00,886.65,0.00,False,False
veh627,-1068074793->147711065#0,veh_passenger,4232.00,4430.00,198.00,1035.23,0.00,False,False
veh603,-654297637#1->39920505#1,veh_passenger,4042.00,4437.00,395.00,1651.25,0.00,False,False
veh635,39838751#2->967985513#3,veh_passenger,4256.00,4449.00,193.00,2154.82,0.00,False,False
veh653,856175964->1335304377,veh_passenger,4377.00,4454.00,77.00,709.32,0.00,False,False
veh575,1211151640->335802675,veh_passenger,3854.00,4461.00,607.00,2228.94,0.00,False,False
veh638,413789558#0->39838691#8,veh_passenger,4276.00,4462.00,186.00,1513.83,0.00,False,False
veh637,47267011#1->1075505400#2,veh_passenger,4269.00,4466.00,197.00,2436.86,0.00,False,False
veh622,40297715#1->15420801#1,veh_passenger,4169.00,4483.00,314.00,1530.66,0.00,False,False
veh636,-687878722#2->-1068144844,veh_passenger,4263.00,4499.00,236.00,1186.14,0.00,False,False
veh632,8758061->-1260481154,veh_passenger,4236.00,4506.00,270.00,1936.86,0.00,False,False
veh628,-654297629#5->-39920593#5,veh_passenger,4209.00,4511.00,302.00,1640.88,0.00,False,False
veh586,50323229#9->513272951#1,veh_passenger,3928.00,4518.00,590.00,1831.72,0.00,False,False
veh645,-1237953494->47225638#1,veh_passenger,4323.00,4523.00,200.00,1408.22,0.00,False,False
veh656,40297715#1->-1290439817#1,veh_passenger,4397.00,4528.00,131.00,625.58,0.00,False,False
veh641,178583149->490474063#8,veh_passenger,4296.00,4532.00,236.00,999.81,0.00,False,False
bus70,509646144->-1254816452,bus_bus,4201.00,4533.00,332.00,1630.68,0.00,False,False
veh616,-39838751#2->1064476620#1,veh_passenger,4129.00,4534.00,405.00,2176.91,0.00,False,False
veh648,-1125986378#0->654297629#4,veh_passenger,4343.00,4535.00,192.00,1123.88,0.00,False,False
veh624,1068074793->-116783847,veh_passenger,4182.00,4539.00,357.00,1402.58,0.00,False,False
veh556,-1222703384#0->509524227#0,veh_passenger,3727.00,4550.00,823.00,2147.18,0.00,False,False
veh658,-1297720376#0->39920593#4,veh_passenger,4410.00,4564.00,154.00,1127.00,0.00,False,False
veh639,47087993#0->428730818#1,veh_passenger,4283.00,4571.00,288.00,2754.41,0.00,False,False
veh652,515123442#2->12090453#1,veh_passenger,4370.00,4582.00,212.00,1016.88,0.00,False,False
veh647,-1125986379#1->-47224972#0,veh_passenger,4336.00,4609.00,273.00,734.73,0.00,False,False
bus71,-509646056->39920550#13,bus_bus,4261.00,4633.00,372.00,1134.75,0.00,False,False
veh683,509646055->1068434208#0,veh_passenger,4578.00,4644.00,66.00,492.21,0.00,False,False
veh589,50323229#2->47157282#0,veh_passenger,3948.00,4648.00,700.00,1076.67,0.00,False,False
veh662,985133427->10628442#1,veh_passenger,4437.00,4649.00,212.00,1211.23,0.00,False,False
veh660,1234244926->40109290#0,veh_passenger,4423.00,4651.00,228.00,1892.96,0.00,False,False
veh609,1254633078#1->666886083,veh_passenger,4082.00,4659.00,577.00,1996.07,0.00,False,False
veh597,50323229#9->1125986386,veh_passenger,4001.00,4668.00,667.00,1675.10,0.00,False,False
bus76,-1332638391#0->1214520078,bus_bus,4561.00,4678.00,117.00,336.33,0.00,False,False
veh611,1100626103#3->-1068434202,veh_passenger,4095.00,4681.00,586.00,1820.61,0.00,False,False
veh682,-1327579142->40035606#1,veh_passenger,4571.00,4686.00,115.00,927.77,0.00,False,False
veh651,-39838630#1->1125986386,veh_passenger,4363.00,4698.00,335.00,591.09,0.00,False,False
veh620,-1297720367->-761486028#1,veh_passenger,4155.00,4700.00,545.00,2503.85,0.00,False,False
veh644,39838691#7->490474063#5,veh_passenger,4316.00,4703.00,387.00,2021.76,0.00,False,False
bus74,1260485929#0->47224972#0,bus_bus,4441.00,4704.00,263.00,564.60,0.00,False,False
veh655,147711065#1->488788630#0,veh_passenger,4390.00,4710.00,320.00,1952.77,0.00,False,False
veh664,-1273251151->39920011#1,veh_passenger,4450.00,4714.00,264.00,1413.88,0.00,False,False
truck37,-1332638391#1->-1131969257,truck_truck,4442.00,4715.00,273.00,868.53,0.00,False,False
veh633,15419906#1->13909444#2,veh_passenger,4243.00,4722.00,479.00,1905.39,0.00,False,False
veh668,1125986386->1204070283#0,veh_passenger,4477.00,4725.00,248.00,592.98,0.00,False,False
veh654,1335304376#1->564273552,veh_passenger,4383.00,4731.00,348.00,1525.42,0.00,False,False
veh578,50323229#11->437445540,veh_passenger,3874.00,4732.00,858.00,3516.95,0.00,False,False
truck33,39920550#0->1214520073#1,truck_truck,3961.00,4732.00,771.00,1353.50,0.00,False,False
veh671,11635067->47087992#2,veh_passenger,4497.00,4734.00,237.00,1628.28,0.00,False,False
veh640,1074409255#1->-1125986385#1,veh_passenger,4289.00,4736.00,447.00,1647.83,0.00,False,False
veh659,1068144846#1->33683346#3,veh_passenger,4417.00,4751.00,334.00,3066.51,0.00,False,False
truck36,1214520074#2->-50323229#10,truck_truck,4321.00,4756.00,435.00,3290.65,0.00,False,False
veh612,-564273553#3->9832326#0,veh_passenger,4102.00,4761.00,659.00,1371.19,0.00,False,False
veh695,499566574#1->-1272337500,veh_passenger,4658.00,4763.00,105.00,692.71,0.00,False,False
veh702,-40035904#2->-401226926#0,veh_passenger,4705.00,4765.00,60.00,612.81,0.00,False,False
veh669,178702258#2->381945549#0,veh_passenger,4484.00,4771.00,287.00,1977.68,0.00,False,False
bus72,-474143552#5->-39838630#1,bus_bus,4321.00,4777.00,456.00,1330.57,0.00,False,False
bus77,1214520072->1255099064,bus_bus,4621.00,4797.00,176.00,670.59,0.00,False,False
veh693,985675139->40297715#1,veh_passenger,4645.00,4801.00,156.00,993.32,0.00,False,False
veh691,1131969257->488788633#1,veh_passenger,4631.00,4812.00,181.00,1287.96,0.00,False,False
veh673,1214520074#0->39920550#0,veh_passenger,4511.00,4813.00,302.00,2759.12,0.00,False,False
veh676,12090453#0->178702252,veh_passenger,4531.00,4817.00,286.00,1837.92,0.00,False,False
veh716,1064476624->71269779,veh_passenger,4799.00,4822.00,23.00,295.55,0.00,False,False
veh666,47225638#0->-10749498,veh_passenger,4466.00,4826.00,360.00,3408.66,0.00,False,False
veh657,178583149->1068434208#1,veh_passenger,4403.00,4831.00,428.00,2007.50,0.00,False,False
veh675,422842976->1337115429,veh_passenger,4524.00,4836.00,312.00,1160.77,0.00,False,False
veh650,511404872->1074409255#1,veh_passenger,4356.00,4845.00,489.00,1191.83,0.00,False,False
veh595,15525299->1068144848#0,veh_passenger,3988.00,4848.00,860.00,3887.05,0.00,False,False
veh703,1068434236->40140141#10,veh_passenger,4712.00,4848.00,136.00,1323.14,0.00,False,False
veh677,-8758061->-856175964,veh_passenger,4537.00,4856.00,319.00,1939.43,0.00,False,False
veh591,1254633078#1->12247568#1,veh_passenger,3961.00,4868.00,907.00,3116.77,0.00,False,False
veh712,-1068916338->-1125986386,veh_passenger,4772.00,4869.00,97.00,335.37,0.00,False,False
veh621,50323229#9->178699049,veh_passenger,4165.00,4872.00,707.00,1166.85,0.00,False,False
veh681,515124966->1260481155,veh_passenger,4564.00,4872.00,308.00,1424.39,0.00,False,False
veh723,421846558#0->511404873#1,veh_passenger,4846.00,4872.00,26.00,295.20,0.00,False,False
veh674,-654297637#0->-240666072#0,veh_passenger,4517.00,4876.00,359.00,1808.78,0.00,False,False
veh642,-40297715#1->47267007#1,veh_passenger,4303.00,4878.00,575.00,2438.71,0.00,False,False
veh649,1125986373#3->47267011#0,veh_passenger,4350.00,4895.00,545.00,1717.34,0.00,False,False
bus69,-50323229#0->515130026#1,bus_bus,4141.00,4896.00,755.00,2875.61,0.00,False,False
veh679,1332638391#2->-39366819#0,veh_passenger,4551.00,4898.00,347.00,1297.93,0.00,False,False
veh661,1118804250->-1125986379#0,veh_passenger,4430.00,4907.00,477.00,2762.80,0.00,False,False
veh684,1100626103#0->-1254816452,veh_passenger,4584.00,4907.00,323.00,1428.60,0.00,False,False
bus81,510107701->-515124965#2,bus_bus,4861.00,4914.00,53.00,524.19,0.00,False,False
veh707,1068144845#0->169562956,veh_passenger,4738.00,4919.00,181.00,2009.23,0.00,False,False
veh687,474143552#6->13909444#4,veh_passenger,4604.00,4921.00,317.00,1691.06,0.00,False,False
veh689,-39838984#1->475044040#3,veh_passenger,4618.00,4921.00,303.00,1879.12,0.00,False,False
veh705,515123442#2->509646144,veh_passenger,4725.00,4932.00,207.00,1532.69,0.00,False,False
veh672,238219443->15420801#3,veh_passenger,4504.00,4939.00,435.00,1281.01,0.00,False,False
veh734,1068144848#0->-1068144848#0,veh_passenger,4919.00,4955.00,36.00,446.10,0.00,False,False
veh710,39920550#13->40297715#3,veh_passenger,4758.00,4957.00,199.00,631.50,0.00,False,False
veh678,1260481154->9832326#2,veh_passenger,4544.00,4962.00,418.00,1699.03,0.00,False,False
bus80,11635095-AddedOffRampEdge->1068144846#0,bus_bus,4801.00,4966.00,165.00,1329.77,0.00,False,False
veh686,521713925->39920011#1,veh_passenger,4598.00,4967.00,369.00,1987.45,0.00,False,False
veh698,1075505400#3->513082641#2-AddedOnRampEdge,veh_passenger,4678.00,4976.00,298.00,2055.12,0.00,False,False
veh733,1421367925->1337115429,veh_passenger,4913.00,4979.00,66.00,1027.52,0.00,False,False
veh670,39921025#7->666886085#0,veh_passenger,4490.00,4982.00,492.00,1300.67,0.00,False,False
veh697,1260485930#1->40035325#2,veh_passenger,4671.00,4992.00,321.00,1604.91,0.00,False,False
veh724,8887999#0->-39838691#10,veh_passenger,4852.00,4992.00,140.00,954.71,0.00,False,False
veh663,900399276->666886084#1,veh_passenger,4444.00,4994.00,550.00,2530.82,0.00,False,False
veh680,509647505->1272337500,veh_passenger,4557.00,4994.00,437.00,2335.09,0.00,False,False
veh696,856175962->39920505#12,veh_passenger,4665.00,4999.00,334.00,1311.92,0.00,False,False
veh700,1236283454->521701858-AddedOffRampEdge,veh_passenger,4691.00,5016.00,325.00,2167.98,0.00,False,False
veh742,1125986386->1214520074#6,veh_passenger,4973.00,5026.00,53.00,882.56,0.00,False,False
truck38,-238219441#0->39838691#7,truck_truck,4561.00,5031.00,470.00,1509.02,0.00,False,False
veh704,1100626088->654297636,veh_passenger,4718.00,5051.00,333.00,1339.70,0.00,False,False
veh709,654297632#0->-40035904#2,veh_passenger,4752.00,5059.00,307.00,1392.71,0.00,False,False
bus78,40140017#2->39920550#8,bus_bus,4681.00,5062.00,381.00,1341.25,0.00,False,False
veh728,1204070283#1->39838520#2,veh_passenger,4879.00,5076.00,197.00,671.34,0.00,False,False
veh708,1337646271#0->-40138239#4,veh_passenger,4745.00,5086.00,341.00,3611.05,0.00,False,False
veh722,1068434168->40297715#0,veh_passenger,4839.00,5098.00,259.00,1596.03,0.00,False,False
veh727,-1335304385->1064476623,veh_passenger,4872.00,5108.00,236.00,1829.46,0.00,False,False
veh714,1226645408->39920011#3,veh_passenger,4785.00,5117.00,332.00,2992.65,0.00,False,False
veh715,1335304377->39838691#7,veh_passenger,4797.00,5117.00,320.00,1578.90,0.00,False,False
veh699,47224972#1->39920222,veh_passenger,4685.00,5147.00,462.00,1584.27,0.00,False,False
veh726,1015424648->-654297635#0,veh_passenger,4866.00,5153.00,287.00,1701.89,0.00,False,False
veh748,-47224972#1->13909444#5,veh_passenger,5013.00,5153.00,140.00,1120.26,0.00,False,False
bus84,-515126384->521708587#0,bus_bus,5041.00,5155.00,114.00,1327.82,0.00,False,False
veh665,1125986379#0->488788630#0,veh_passenger,4457.00,5157.00,700.00,2372.18,0.00,False,False
veh765,39838691#2->39838657#0,veh_passenger,5127.00,5157.00,30.00,259.78,0.00,False,False
bus83,1214520068->-666886081,bus_bus,4981.00,5161.00,180.00,1019.42,0.00,False,False
veh730,-40109290#1->1068916338,veh_passenger,4892.00,5171.00,279.00,1493.72,0.00,False,False
veh745,8758061->1214520072,veh_passenger,4993.00,5176.00,183.00,1334.75,0.00,False,False
veh732,460316444->1335304386#1,veh_passenger,4906.00,5186.00,280.00,3043.49,0.00,False,False
bus79,967985513#2->-1332638391#2,bus_bus,4741.00,5189.00,448.00,2200.69,0.00,False,False
veh735,822782498->-488788633#2,veh_passenger,4926.00,5189.00,263.00,2005.24,0.00,False,False
bus73,564273553#4->178699054,bus_bus,4381.00,5195.00,814.00,1296.57,0.00,False,False
veh720,1254816453#0->1327579131,veh_passenger,4825.00,5199.00,374.00,2344.74,0.00,False,False
veh739,160078084-AddedOnRampEdge->509647506,veh_passenger,4953.00,5209.00,256.00,1888.77,0.00,False,False
veh743,232920697->-451728952#3,veh_passenger,4980.00,5210.00,230.00,1547.89,0.00,False,False
veh711,33683346#0->509646059,veh_passenger,4765.00,5218.00,453.00,2011.38,0.00,False,False
veh646,1273251152->1067928305#2,veh_passenger,4330.00,5219.00,889.00,3408.32,0.00,False,False
veh749,1335304386#1->-1125986386,veh_passenger,5020.00,5229.00,209.00,889.44,0.00,False,False
truck42,838061038->511404873#1,truck_truck,5041.00,5231.00,190.00,1124.84,0.00,False,False
bus82,-428730800->1233759524,bus_bus,4921.00,5234.00,313.00,1612.33,0.00,False,False
veh770,-40035606#2->40109290#1,veh_passenger,5160.00,5252.00,92.00,566.50,0.00,False,False
veh751,131671623->1278784167#1,veh_passenger,5033.00,5264.00,231.00,1686.60,0.00,False,False
veh757,1125986406#1->39921025#9,veh_passenger,5073.00,5273.00,200.00,1245.52,0.00,False,False
veh771,1222703384#0->47224973,veh_passenger,5167.00,5286.00,119.00,782.76,0.00,False,False
veh719,-1260485931#1->-12247569,veh_passenger,4819.00,5301.00,482.00,2085.52,0.00,False,False
bus85,1226645408->511187809,bus_bus,5101.00,5302.00,201.00,1327.23,0.00,False,False
veh762,47225638#3->47225638#1,veh_passenger,5107.00,5304.00,197.00,1017.91,0.00,False,False
veh706,178583167#1->-39838630#2,veh_passenger,4732.00,5309.00,577.00,1607.22,0.00,False,False
veh755,1074771163#0->50323229#9,veh_passenger,5060.00,5319.00,259.00,1511.73,0.00,False,False
veh773,422842976->-1237953493,veh_passenger,5181.00,5323.00,142.00,704.29,0.00,False,False
veh736,1118804257->-1204070283#1,veh_passenger,4933.00,5325.00,392.00,2400.09,0.00,False,False
veh756,1067953247#1->499566573,veh_passenger,5067.00,5325.00,258.00,1546.30,0.00,False,False
veh766,509524270->-40035325#0,veh_passenger,5142.00,5329.00,187.00,1395.50,0.00,False,False
veh738,39920505#8->1322916760#1,veh_passenger,4946.00,5345.00,399.00,2200.05,0.00,False,False
veh747,654297629#5->451728952#1,veh_passenger,5006.00,5347.00,341.00,2228.18,0.00,False,False
veh784,1067953239#0->1064476622#1,veh_passenger,5254.00,5352.00,98.00,867.40,0.00,False,False
veh760,40035606#2->-1068434202,veh_passenger,5093.00,5356.00,263.00,1472.78,0.00,False,False
bus75,475044040#4->-413789558#1,bus_bus,4508.00,5359.00,851.00,3430.18,0.00,False,False
truck39,474143552#4->1234244925#0,truck_truck,4681.00,5363.00,682.00,1578.12,0.00,False,False
veh789,39921025#4->1196008691#1,veh_passenger,5288.00,5374.00,86.00,381.05,0.00,False,False
veh731,238219472#0->1068434199,veh_passenger,4899.00,5388.00,489.00,2118.29,0.00,False,False
veh694,15419906#1->47087993#6,veh_passenger,4651.00,5392.00,741.00,3395.84,0.00,False,False
veh790,9374529#1->499566574#3,veh_passenger,5294.00,5397.00,103.00,718.94,0.00,False,False
veh701,-1222703382->-39838630#1,veh_passenger,4698.00,5402.00,704.00,1346.39,0.00,False,False
veh781,381945549#1->-449565665#3,veh_passenger,5234.00,5417.00,183.00,1521.87,0.00,False,False
veh786,1068434204->1100626103#1,veh_passenger,5268.00,5422.00,154.00,1342.66,0.00,False,False
truck43,-1067928305#0->40297885#1,truck_truck,5161.00,5427.00,266.00,1621.46,0.00,False,False
veh774,-39838984#0->-474143552#5,veh_passenger,5187.00,5440.00,253.00,1220.43,0.00,False,False
veh764,24576913#0->-40138633#2,veh_passenger,5120.00,5444.00,324.00,1995.70,0.00,False,False
veh780,39920011#1->40109290#5,veh_passenger,5227.00,5447.00,220.00,1408.29,0.00,False,False
veh667,-1255099069->47267007#0,veh_passenger,4470.00,5450.00,980.00,2231.02,0.00,False,False
veh769,-1068144845#2->1068434200#0,veh_passenger,5154.00,5463.00,309.00,1646.43,0.00,False,False
veh744,178699054->-1272337500,veh_passenger,4986.00,5465.00,479.00,1237.44,0.00,False,False
veh785,-474143552#6->40139708,veh_passenger,5261.00,5465.00,204.00,784.02,0.00,False,False
veh729,-654297635#1->511404880#0,veh_passenger,4886.00,5471.00,585.00,1498.97,0.00,False,False
truck41,9832326#0->15420801#3,truck_truck,4921.00,5478.00,557.00,1975.19,0.00,False,False
truck44,39921192#1->178583140#1,truck_truck,5281.00,5482.00,201.00,556.62,0.00,False,False
veh778,1075505400#0->1118804256#1,veh_passenger,5214.00,5496.00,282.00,2535.02,0.00,False,False
veh685,178583145->515124965#1,veh_passenger,4591.00,5499.00,908.00,2942.34,0.00,False,False
veh758,900399276->24577455#1,veh_passenger,5080.00,5502.00,422.00,2086.71,0.00,False,False
veh753,-40109290#5->975216742,veh_passenger,5047.00,5505.00,458.00,2101.46,0.00,False,False
veh806,-47224972#1->822782498,veh_passenger,5402.00,5506.00,104.00,720.94,0.00,False,False
veh690,-1068434202->178699058,veh_passenger,4657.00,5508.00,851.00,1351.11,0.00,False,False
veh754,428730800->1067953239#1,veh_passenger,5053.00,5531.00,478.00,2901.39,0.00,False,False
veh801,40140141#10->-142741729#0,veh_passenger,5368.00,5535.00,167.00,1286.46,0.00,False,False
veh804,1222181935->654297629#6,veh_passenger,5388.00,5537.00,149.00,891.84,0.00,False,False
veh763,238219472#0->40297885#2,veh_passenger,5114.00,5544.00,430.00,1534.07,0.00,False,False
veh813,1214520073#1->1335304376#1,veh_passenger,5449.00,5544.00,95.00,792.63,0.00,False,False
veh777,-40140017#2->521701860,veh_passenger,5207.00,5550.00,343.00,1142.75,0.00,False,False
veh779,47087993#0->40297885#1,veh_passenger,5221.00,5551.00,330.00,1919.69,0.00,False,False
veh737,1335304373#2->513272950#1,veh_passenger,4939.00,5557.00,618.00,1344.76,0.00,False,False
veh688,-33683458#2->-47267007#0,veh_passenger,4611.00,5559.00,948.00,3084.53,0.00,False,False
veh799,-654297629#6->39921025#3,veh_passenger,5355.00,5559.00,204.00,1306.30,0.00,False,False
veh821,-437445540->428730818#3,veh_passenger,5502.00,5561.00,59.00,653.54,0.00,False,False
veh692,-1326193809->1068144848#0,veh_passenger,4638.00,5568.00,930.00,3665.70,0.00,False,False
veh815,-10628444#2->232920697,veh_passenger,5462.00,5580.00,118.00,699.47,0.00,False,False
bus88,826496637->538432099,bus_bus,5281.00,5586.00,305.00,818.81,0.00,False,False
bus87,985133430->50323229#6,bus_bus,5221.00,5589.00,368.00,1606.67,0.00,False,False
veh791,666886085#1->488788633#2,veh_passenger,5301.00,5591.00,290.00,1555.51,0.00,False,False
veh788,10628430->-33683458#2,veh_passenger,5283.00,5595.00,312.00,1519.92,0.00,False,False
veh809,40140141#8->654297632#0,veh_passenger,5422.00,5596.00,174.00,873.28,0.00,False,False
veh802,47087992#5->-10628442#0,veh_passenger,5375.00,5601.00,226.00,1893.86,0.00,False,False
bus90,1290439818->-474143552#4,bus_bus,5401.00,5602.00,201.00,602.20,0.00,False,False
bus91,11631594#3->-1222703383,bus_bus,5461.00,5604.00,143.00,836.10,0.00,False,False
veh824,511187808#0->515126385#1,veh_passenger,5522.00,5612.00,90.00,1020.14,0.00,False,False
veh775,1068434257->39920593#6,veh_passenger,5194.00,5614.00,420.00,1984.85,0.00,False,False
veh792,1064476625->1064476620#3,veh_passenger,5308.00,5617.00,309.00,1767.53,0.00,False,False
bus86,15420532->-116783847,bus_bus,5161.00,5629.00,468.00,3644.66,0.00,False,False
veh812,521704036->9833223,veh_passenger,5442.00,5641.00,199.00,1891.97,0.00,False,False
veh822,474143552#2->232920697,veh_passenger,5509.00,5647.00,138.00,1279.15,0.00,False,False
veh820,1278784167#0->-83428923#1,veh_passenger,5495.00,5650.00,155.00,1020.74,0.00,False,False
veh840,437445541#0->381945549#1,veh_passenger,5629.00,5651.00,22.00,216.44,0.00,False,False
veh829,-838061038->-564273553#2,veh_passenger,5556.00,5675.00,119.00,728.05,0.00,False,False
veh805,513082635#0->1323097579#1,veh_passenger,5395.00,5680.00,285.00,3298.68,0.00,False,False
veh767,39921192#0->-1074771160,veh_passenger,5140.00,5684.00,544.00,984.75,0.00,False,False
veh817,654297629#4->511187808#2,veh_passenger,5475.00,5687.00,212.00,830.52,0.00,False,False
veh718,40035325#0->1067928307#3,veh_passenger,4812.00,5690.00,878.00,2761.80,0.00,False,False
veh783,-50323229#6->8887999#0,veh_passenger,5248.00,5694.00,446.00,2177.49,0.00,False,False
truck45,-968332509->39920505#1,truck_truck,5404.00,5696.00,292.00,1374.87,0.00,False,False
veh807,515130028#0->-1332638368#0,veh_passenger,5408.00,5697.00,289.00,1653.19,0.00,False,False
veh826,-1326193809->39921025#2,veh_passenger,5536.00,5701.00,165.00,1245.51,0.00,False,False
veh794,1255099064->-761486028#1,veh_passenger,5321.00,5718.00,397.00,2471.47,0.00,False,False
veh811,513082641#0-AddedOffRampEdge->-40140017#2,veh_passenger,5435.00,5719.00,284.00,2764.55,0.00,False,False
veh816,-178723097#0->968332509,veh_passenger,5469.00,5720.00,251.00,757.41,0.00,False,False
veh842,39920593#0->-50323226,veh_passenger,5643.00,5734.00,91.00,644.33,0.00,False,False
veh721,-474143552#2->381945551,veh_passenger,4832.00,5738.00,906.00,3099.82,0.00,False,False
veh797,40109239->-39838751#2,veh_passenger,5341.00,5745.00,404.00,2538.69,0.00,False,False
veh713,39920505#4->47087993#2,veh_passenger,4779.00,5751.00,972.00,3219.93,0.00,False,False
veh844,511405572->-1297720376#0,veh_passenger,5673.00,5756.00,83.00,949.63,0.00,False,False
veh837,521701858-AddedOffRampEdge->1067928306#1,veh_passenger,5609.00,5761.00,152.00,1340.21,0.00,False,False
veh717,1324405511->488788633#2,veh_passenger,4805.00,5771.00,966.00,2654.34,0.00,False,False
veh830,1068144844->405382146#0,veh_passenger,5562.00,5774.00,212.00,1484.03,0.00,False,False
veh800,15420537#2->39920011#2,veh_passenger,5361.00,5780.00,419.00,3557.68,0.00,False,False
veh845,1260481155->40139504#0,veh_passenger,5663.00,5784.00,121.00,652.42,0.00,False,False
bus92,1100626103#1->968332513#1,bus_bus,5521.00,5792.00,271.00,1462.33,0.00,False,False
veh823,449565665#1->-40140017#2,veh_passenger,5516.00,5794.00,278.00,918.40,0.00,False,False
truck46,-238219441#2->1254633077#0,truck_truck,5521.00,5799.00,278.00,1129.33,0.00,False,False
veh849,-40035606#0->1068916339,veh_passenger,5690.00,5807.00,117.00,1190.03,0.00,False,False
veh810,515136609->-40140017#1,veh_passenger,5428.00,5812.00,384.00,2311.62,0.00,False,False
veh808,238219443->178441748#1,veh_passenger,5415.00,5813.00,398.00,1891.23,0.00,False,False
veh772,521704040->513082635#0-AddedOffRampEdge,veh_passenger,5174.00,5818.00,644.00,2549.07,0.00,False,False
veh827,-437445539#0->-39920593#0,veh_passenger,5542.00,5820.00,278.00,3568.37,0.00,False,False
bus89,509524270->-40109239,bus_bus,5344.00,5822.00,478.00,2032.01,0.00,False,False
veh740,1235501862->513272950#1,veh_passenger,4959.00,5826.00,867.00,1573.25,0.00,False,False
veh750,-39838751#1->1074409255#2,veh_passenger,5026.00,5835.00,809.00,1040.68,0.00,False,False
truck40,-1254633077#0->1204070281,truck_truck,4801.00,5838.00,1037.00,2210.97,0.00,False,False
veh836,1068144849#1->-257421487#0,veh_passenger,5603.00,5853.00,250.00,2075.05,0.00,False,False
veh832,40036009#1->-1237953493,veh_passenger,5576.00,5863.00,287.00,1846.05,0.00,False,False
veh831,-1067928305#0->39920550#2,veh_passenger,5569.00,5870.00,301.00,2952.68,0.00,False,False
veh776,15419906#0->1068434200#0,veh_passenger,5201.00,5872.00,671.00,1894.68,0.00,False,False
veh818,1297720368->-450616334#0,veh_passenger,5482.00,5876.00,394.00,1842.07,0.00,False,False
bus95,666886086#1->9832326#0,bus_bus,5701.00,5877.00,176.00,638.21,0.00,False,False
veh855,488788629->405382146#0,veh_passenger,5730.00,5902.00,172.00,1329.24,0.00,False,False
veh741,40297715#2->47087992#3,veh_passenger,4966.00,5910.00,944.00,2789.68,0.00,False,False
veh866,11635146#0-AddedOffRampEdge->40035606#2,veh_passenger,5804.00,5928.00,124.00,1573.97,0.00,False,False
veh869,15420525->422842976,veh_passenger,5824.00,5936.00,112.00,1844.85,0.00,False,False
bus93,-654297629#1->47223733,bus_bus,5581.00,5937.00,356.00,1024.70,0.00,False,False
veh884,-39920593#5->39920593#3,veh_passenger,5924.00,5946.00,22.00,240.54,0.00,False,False
veh863,47087366#0->967985512,veh_passenger,5784.00,5950.00,166.00,872.33,0.00,False,False
veh847,-1236283454->178583167#1,veh_passenger,5676.00,5956.00,280.00,1174.20,0.00,False,False
veh828,1068434256#0->-654297635#0,veh_passenger,5549.00,5960.00,411.00,1527.52,0.00,False,False
veh796,178441748#1->654297629#3,veh_passenger,5335.00,5963.00,628.00,1699.47,0.00,False,False
veh873,10628442#2->654297632#2,veh_passenger,5851.00,5968.00,117.00,441.91,0.00,False,False
bus96,-40035325#0->-967985513#0,bus_bus,5761.00,5974.00,213.00,1073.96,0.00,False,False
veh865,511404875->515136607,veh_passenger,5797.00,5982.00,185.00,1025.82,0.00,False,False
veh803,178583167#1->653860562,veh_passenger,5382.00,5983.00,601.00,1091.48,0.00,False,False
veh854,13909444#7->1278784167#1,veh_passenger,5723.00,5986.00,263.00,1790.86,0.00,False,False
veh857,428730818#3->240666072#1,veh_passenger,5743.00,5987.00,244.00,1294.06,0.00,False,False
veh843,-654297635#0->451728952#1,veh_passenger,5650.00,5991.00,341.00,1975.69,0.00,False,False
veh853,488788630#2->1272548721,veh_passenger,5717.00,5994.00,277.00,2268.82,0.00,False,False
truck49,1335304386#1->-40297715#3,truck_truck,5881.00,6002.00,121.00,511.13,0.00,False,False
veh819,-240666072#1->-40109290#3,veh_passenger,5489.00,6026.00,537.00,2827.50,0.00,False,False
veh852,-1332638391#1->13909444#7,veh_passenger,5710.00,6026.00,316.00,1791.35,0.00,False,False
veh868,39920505#7->1100626103#0,veh_passenger,5817.00,6038.00,221.00,780.61,0.00,False,False
veh878,-143546557->-10748045#1,veh_passenger,5884.00,6044.00,160.00,724.30,0.00,False,False
veh892,1068074792->40140017#2,veh_passenger,5978.00,6052.00,74.00,550.39,0.00,False,False
veh897,509646057#1->-1332638391#2,veh_passenger,6011.00,6053.00,42.00,510.75,0.00,False,False
veh793,40140017#1->1100626088,veh_passenger,5315.00,6059.00,744.00,1731.79,0.00,False,False
veh870,-50323229#2->-10628429,veh_passenger,5830.00,6068.00,238.00,1578.97,0.00,False,False
veh725,11631594#2->178702252,veh_passenger,4859.00,6077.00,1218.00,3827.61,0.00,False,False
veh861,573632774->-10748036,veh_passenger,5770.00,6083.00,313.00,2108.35,0.00,False,False
veh864,39920222->1231065653,veh_passenger,5790.00,6083.00,293.00,1730.32,0.00,False,False
veh860,654297628->-1260485929#1,veh_passenger,5763.00,6085.00,322.00,1374.47,0.00,False,False
veh876,47087366#1->513272951#1,veh_passenger,5871.00,6105.00,234.00,1503.19,0.00,False,False
veh891,131671623->511187807,veh_passenger,5971.00,6132.00,161.00,734.17,0.00,False,False
bus99,-1214520079->178702258#2,bus_bus,6011.00,6132.00,121.00,278.82,0.00,False,False
veh848,1337646276->238219449,veh_passenger,5683.00,6137.00,454.00,3335.49,0.00,False,False
veh903,1074409255#2->71269779,veh_passenger,6052.00,6141.00,89.00,652.14,0.00,False,False
veh856,1214520072->499566574#0,veh_passenger,5737.00,6142.00,405.00,1078.22,0.00,False,False
veh835,515123442#2->40139504#0,veh_passenger,5596.00,6146.00,550.00,2218.82,0.00,False,False
veh877,-1067953246->-474143552#3,veh_passenger,5877.00,6156.00,279.00,2994.59,0.00,False,False
veh746,475044040#1->1074771170,veh_passenger,5000.00,6157.00,1157.00,2882.06,0.00,False,False
veh851,-474143552#4->24576922#2,veh_passenger,5703.00,6164.00,461.00,1586.87,0.00,False,False
veh798,39763700#2->24577522#2,veh_passenger,5348.00,6177.00,829.00,1487.04,0.00,False,False
veh883,405382146#1->1068434207,veh_passenger,5918.00,6179.00,261.00,1192.42,0.00,False,False
bus101,-40035606#1->72157792,bus_bus,6061.00,6179.00,118.00,902.28,0.00,False,False
bus98,14924729#1->428730813#3,bus_bus,5881.00,6180.00,299.00,2481.61,0.00,False,False
veh814,654297629#1->813852683,veh_passenger,5455.00,6187.00,732.00,2673.05,0.00,False,False
veh895,-654297629#6->-47267010,veh_passenger,5998.00,6191.00,193.00,1262.98,0.00,False,False
veh761,1323097575#0->83563455,veh_passenger,5100.00,6200.00,1100.00,3436.41,0.00,False,False
veh889,47267007#1->1068434207,veh_passenger,5958.00,6210.00,252.00,2174.09,0.00,False,False
veh752,33683346#2->147711065#0,veh_passenger,5040.00,6217.00,1177.00,1708.25,0.00,False,False
veh882,1064476624->499566573,veh_passenger,5911.00,6219.00,308.00,920.84,0.00,False,False
veh922,1335304385->39920550#4,veh_passenger,6179.00,6235.00,56.00,310.54,0.00,False,False
veh850,14924729#0->-24576913#1,veh_passenger,5696.00,6238.00,542.00,1139.40,0.00,False,False
veh795,1323097578->-47267007#1,veh_passenger,5328.00,6239.00,911.00,2770.24,0.00,False,False
veh890,1226645408->-40035325#2,veh_passenger,5964.00,6251.00,287.00,2861.19,0.00,False,False
veh871,-1068144847->1067953239#0,veh_passenger,5837.00,6252.00,415.00,3606.75,0.00,False,False
veh898,40297647#1->-449565665#1,veh_passenger,6018.00,6257.00,239.00,1076.79,0.00,False,False
veh874,40297647#1->-238219449,veh_passenger,5857.00,6265.00,408.00,1561.03,0.00,False,False
bus97,826496637->178702250,bus_bus,5821.00,6269.00,448.00,1554.71,0.00,False,False
veh888,654297632#0->39921025#5,veh_passenger,5951.00,6271.00,320.00,1776.03,0.00,False,False
veh918,-838061038->654297629#6,veh_passenger,6152.00,6274.00,122.00,749.52,0.00,False,False
veh858,-1125986385#1->1075505400#2,veh_passenger,5750.00,6279.00,529.00,1449.73,0.00,False,False
veh921,1196008692#0->509524229,veh_passenger,6172.00,6289.00,117.00,1509.33,0.00,False,False
bus94,1235501861#0->1214520073#0,bus_bus,5641.00,6295.00,654.00,1324.33,0.00,False,False
veh914,1297720376#1->509646056,veh_passenger,6125.00,6300.00,175.00,722.95,0.00,False,False
veh923,40035325#0->-83428923#1,veh_passenger,6186.00,6317.00,131.00,1256.85,0.00,False,False
veh906,985675139->1323097580#0,veh_passenger,6072.00,6330.00,258.00,1497.92,0.00,False,False
veh927,178583145->39920505#11,veh_passenger,6212.00,6333.00,121.00,626.29,0.00,False,False
veh839,-39838691#6->-40035904#1,veh_passenger,5623.00,6336.00,713.00,1987.29,0.00,False,False
bus102,-1273251150#1->-40297715#0,bus_bus,6121.00,6353.00,232.00,1322.71,0.00,False,False
bus100,1323097578->509646063#1,bus_bus,6001.00,6358.00,357.00,1354.44,0.00,False,False
veh880,-499566577#1->511404877,veh_passenger,5897.00,6362.00,465.00,1592.16,0.00,False,False
bus103,238219446#1->39920593#2,bus_bus,6181.00,6362.00,181.00,824.79,0.00,False,False
veh879,1214520075->-564273553#0,veh_passenger,5891.00,6363.00,472.00,803.98,0.00,False,False
veh886,39838657#2->1235501861#0,veh_passenger,5938.00,6369.00,431.00,1370.86,0.00,False,False
veh846,-1290439817#1->178702258#2,veh_passenger,5670.00,6377.00,707.00,1301.46,0.00,False,False
veh901,40297647#0->178702249,veh_passenger,6038.00,6384.00,346.00,4048.32,0.00,False,False
veh768,654297637#2->-232920701,veh_passenger,5147.00,6400.00,1253.00,3820.81,0.00,False,False
veh917,-50323229#14->-39921672,veh_passenger,6145.00,6411.00,266.00,1275.93,0.00,False,False
truck48,511409856#1->-8887999#2,truck_truck,5761.00,6414.00,653.00,1125.09,0.00,False,False
veh881,-1222703383->1338361263,veh_passenger,5904.00,6418.00,514.00,1102.57,0.00,False,False
veh841,1226645407->178699051#0,veh_passenger,5636.00,6422.00,786.00,2263.16,0.00,False,False
veh759,475044040#3->413789558#0,veh_passenger,5087.00,6423.00,1336.00,3567.33,0.00,False,False
veh872,-654297635#0->1100626087,veh_passenger,5844.00,6428.00,584.00,1543.90,0.00,False,False
veh925,-40138633#3->40297715#3,veh_passenger,6199.00,6429.00,230.00,1362.25,0.00,False,False
veh899,10250021#0->39921025#8,veh_passenger,6025.00,6440.00,415.00,1700.47,0.00,False,False
truck51,1067953239#1->39920011#3,truck_truck,6121.00,6441.00,320.00,1923.84,0.00,False,False
veh931,12247568#1->509646059,veh_passenger,6239.00,6441.00,202.00,1415.59,0.00,False,False
veh900,-438516309->47087992#0,veh_passenger,6031.00,6442.00,411.00,2047.09,0.00,False,False
veh924,-40138633#2->479863106#2,veh_passenger,6192.00,6449.00,257.00,2001.47,0.00,False,False
veh939,10628442#0->9374529#1,veh_passenger,6293.00,6449.00,156.00,940.17,0.00,False,False
veh912,13909444#6->1335304386#0,veh_passenger,6112.00,6450.00,338.00,3430.44,0.00,False,False
veh945,1214520073#1->11631594#2,veh_passenger,6333.00,6463.00,130.00,1332.09,0.00,False,False
veh838,39763700#1->-50323229#0,veh_passenger,5616.00,6469.00,853.00,2236.77,0.00,False,False
bus106,238219446#0->33683346#0,bus_bus,6361.00,6471.00,110.00,747.10,0.00,False,False
veh825,50323226->147711065#0,veh_passenger,5529.00,6487.00,958.00,1929.41,0.00,False,False
veh893,488788626#3->521704040,veh_passenger,5985.00,6492.00,507.00,1340.67,0.00,False,False
veh951,-1222703383->-10628444#2,veh_passenger,6373.00,6495.00,122.00,403.42,0.00,False,False
veh943,-1335304377->-40035325#1,veh_passenger,6320.00,6498.00,178.00,705.25,0.00,False,False
veh934,11635095->39838630#1,veh_passenger,6259.00,6500.00,241.00,2037.32,0.00,False,False
veh929,509646057#0->666886082#0,veh_passenger,6226.00,6506.00,280.00,1075.98,0.00,False,False
veh787,573632774->482569917#0,veh_passenger,5274.00,6507.00,1233.00,3808.25,0.00,False,False
veh913,-1338361263->967985513#3,veh_passenger,6119.00,6510.00,391.00,1431.00,0.00,False,False
veh957,511404874#0->515123439,veh_passenger,6413.00,6517.00,104.00,859.10,0.00,False,False
bus107,1211151638->178702258#2,bus_bus,6421.00,6524.00,103.00,610.09,0.00,False,False
veh907,-654297629#6->33683458#2,veh_passenger,6078.00,6542.00,464.00,2105.42,0.00,False,False
veh954,178702258#0->511187821,veh_passenger,6393.00,6546.00,153.00,513.39,0.00,False,False
veh919,240666069#0->1231065643,veh_passenger,6159.00,6550.00,391.00,1853.84,0.00,False,False
veh936,1324405511->1332638391#0,veh_passenger,6273.00,6553.00,280.00,1225.26,0.00,False,False
veh937,-10628442#2->178699056#0,veh_passenger,6279.00,6559.00,280.00,1592.59,0.00,False,False
veh894,178702250->838061037,veh_passenger,5991.00,6579.00,588.00,2260.08,0.00,False,False
veh905,72157792->-257421487#0,veh_passenger,6065.00,6583.00,518.00,1736.18,0.00,False,False
veh928,-12247568#1->-10748045#2,veh_passenger,6219.00,6586.00,367.00,3689.10,0.00,False,False
veh967,1211151636->515126385#0,veh_passenger,6480.00,6594.00,114.00,1109.44,0.00,False,False
veh953,1237953494->474143552#1,veh_passenger,6387.00,6596.00,209.00,1506.60,0.00,False,False
truck53,451728952#5->178583148#0,truck_truck,6361.00,6597.00,236.00,2326.84,0.00,False,False
veh961,-10748045#0->573632774,veh_passenger,6440.00,6598.00,158.00,688.41,0.00,False,False
veh926,1332638368#1->521704053,veh_passenger,6206.00,6599.00,393.00,1613.48,0.00,False,False
veh972,666886085#1->1214520074#1,veh_passenger,6514.00,6607.00,93.00,633.34,0.00,False,False
veh940,-1068144844->490474063#8,veh_passenger,6299.00,6608.00,309.00,3292.68,0.00,False,False
veh909,178699051#0->47225638#0,veh_passenger,6092.00,6611.00,519.00,1982.77,0.00,False,False
veh963,24576922#2->449565665#2,veh_passenger,6454.00,6612.00,158.00,857.33,0.00,False,False
veh966,-654297629#3->509524270,veh_passenger,6474.00,6612.00,138.00,732.22,0.00,False,False
veh904,-1067953246->654297632#0,veh_passenger,6058.00,6614.00,556.00,2543.66,0.00,False,False
veh902,1323097579#0->511409856#1,veh_passenger,6045.00,6619.00,574.00,1756.69,0.00,False,False
veh942,515130028#1-AddedOnRampEdge->-169562956,veh_passenger,6313.00,6619.00,306.00,1741.40,0.00,False,False
veh958,1323097575#1->-1125986406#1,veh_passenger,6420.00,6619.00,199.00,948.12,0.00,False,False
veh896,39920505#1->538432098,veh_passenger,6005.00,6622.00,617.00,2052.54,0.00,False,False
veh910,1196008692#1->169562956,veh_passenger,6098.00,6630.00,532.00,2041.78,0.00,False,False
veh933,-10628444#2->13909444#0,veh_passenger,6253.00,6632.00,379.00,862.51,0.00,False,False
veh938,-1067928305#1->15420801#3,veh_passenger,6286.00,6633.00,347.00,2284.86,0.00,False,False
bus104,-50323229#7->-238219441#1,bus_bus,6241.00,6635.00,394.00,1755.36,0.00,False,False
veh932,-521701857->40140017#2,veh_passenger,6246.00,6639.00,393.00,1274.83,0.00,False,False
veh946,1222181934->178702260,veh_passenger,6340.00,6640.00,300.00,2438.52,0.00,False,False
veh911,1125986375#1->-8887999#0,veh_passenger,6105.00,6641.00,536.00,1241.71,0.00,False,False
veh947,975216739->-50323229#7,veh_passenger,6346.00,6642.00,296.00,1837.41,0.00,False,False
veh962,1068434200#1->761486028#1,veh_passenger,6447.00,6659.00,212.00,819.07,0.00,False,False
veh976,39921025#8->39920593#3,veh_passenger,6541.00,6664.00,123.00,844.57,0.00,False,False
truck52,381945549#0->-40035904#0,truck_truck,6241.00,6668.00,427.00,3877.55,0.00,False,False
veh949,39920505#8->511187821,veh_passenger,6360.00,6668.00,308.00,1228.91,0.00,False,False
veh941,39921025#0->488788636#1,veh_passenger,6306.00,6669.00,363.00,2986.01,0.00,False,False
veh908,-474143552#2->521704040,veh_passenger,6085.00,6672.00,587.00,1712.74,0.00,False,False
veh948,39921673#1->510107701,veh_passenger,6353.00,6682.00,329.00,873.55,0.00,False,False
veh975,654297631->1237953493,veh_passenger,6534.00,6686.00,152.00,683.06,0.00,False,False
veh982,-169562956->-10628442#0,veh_passenger,6583.00,6691.00,108.00,717.68,0.00,False,False
veh990,515130025->967985512,veh_passenger,6634.00,6693.00,59.00,631.84,0.00,False,False
veh950,450616334#0->-1335304371,veh_passenger,6366.00,6697.00,331.00,2185.85,0.00,False,False
veh782,-654297633->178702248,veh_passenger,5241.00,6719.00,1478.00,4106.31,0.00,False,False
veh920,-40035904#1->1074409232#0,veh_passenger,6165.00,6720.00,555.00,2499.73,0.00,False,False
veh833,-33683346#1->1068144846#0,veh_passenger,5583.00,6723.00,1140.00,3112.98,0.00,False,False
veh960,515126302->178702258#1,veh_passenger,6433.00,6731.00,298.00,2257.32,0.00,False,False
veh834,1214520079->1337646275,veh_passenger,5589.00,6751.00,1162.00,3357.73,0.00,False,False
veh988,1067928305#0->1211151635#1,veh_passenger,6621.00,6764.00,143.00,1585.73,0.00,False,False
veh973,47087993#3->-1068916339,veh_passenger,6521.00,6772.00,251.00,1589.94,0.00,False,False
veh969,40297647#0->1337646271#1,veh_passenger,6494.00,6780.00,286.00,1706.30,0.00,False,False
bus108,1335304386#1->654297629#1,bus_bus,6481.00,6781.00,300.00,1088.95,0.00,False,False
truck55,-1015424648->1068434257,truck_truck,6601.00,6782.00,181.00,653.41,0.00,False,False
veh970,1254633077#1->509646055,veh_passenger,6500.00,6785.00,285.00,1658.47,0.00,False,False
veh935,39920593#4->39838520#3,veh_passenger,6266.00,6786.00,520.00,1728.08,0.00,False,False
veh968,1074409255#0->451728952#3,veh_passenger,6487.00,6789.00,302.00,3624.97,0.00,False,False
veh983,1068144847->1125986374,veh_passenger,6588.00,6790.00,202.00,1989.48,0.00,False,False
veh1003,-47267007#1->1068434200#1,veh_passenger,6722.00,6804.00,82.00,1171.18,0.00,False,False
veh1009,-24576913#0->178702258#1,veh_passenger,6762.00,6809.00,47.00,513.35,0.00,False,False
veh955,-1335304373#2->15420801#1,veh_passenger,6400.00,6824.00,424.00,1506.69,0.00,False,False
veh964,40139708->1214520074#3,veh_passenger,6460.00,6835.00,375.00,1717.95,0.00,False,False
veh981,428730800->1068434204,veh_passenger,6574.00,6838.00,264.00,1330.39,0.00,False,False
veh875,488788633#0->1231065652,veh_passenger,5864.00,6843.00,979.00,4854.78,0.00,False,False
veh1005,1067928305#0->40115810#1,veh_passenger,6735.00,6845.00,110.00,1283.99,0.00,False,False
veh985,178699056#1->1222703383,veh_passenger,6601.00,6867.00,266.00,1234.29,0.00,False,False
veh979,-1322916760#2->-40035904#2,veh_passenger,6561.00,6871.00,310.00,2422.16,0.00,False,False
veh991,238219441#0->-40138633#0,veh_passenger,6641.00,6871.00,230.00,953.19,0.00,False,False
veh995,-1278784167#1->-654297637#2,veh_passenger,6668.00,6878.00,210.00,1290.80,0.00,False,False
veh915,515138054->1131969257,veh_passenger,6132.00,6889.00,757.00,3223.88,0.00,False,False
veh984,10250021#3->-39838691#5,veh_passenger,6594.00,6889.00,295.00,1010.50,0.00,False,False
veh1016,39838691#9->-654297629#4,veh_passenger,6809.00,6890.00,81.00,202.57,0.00,False,False
veh1012,40138633#3->1254816453#0,veh_passenger,6782.00,6891.00,109.00,1004.22,0.00,False,False
veh993,1068074793->1335304374,veh_passenger,6655.00,6895.00,240.00,1087.12,0.00,False,False
veh1011,666886084#0->1292541108,veh_passenger,6777.00,6905.00,128.00,760.26,0.00,False,False
veh987,1068434257->1207401652#2,veh_passenger,6614.00,6910.00,296.00,1704.22,0.00,False,False
veh992,1196008692#1->-39838984#1,veh_passenger,6648.00,6910.00,262.00,1656.50,0.00,False,False
veh956,-1125986378#1->-488788630#0,veh_passenger,6407.00,6918.00,511.00,2410.47,0.00,False,False
veh862,1222703382->47087993#6,veh_passenger,5777.00,6919.00,1142.00,3102.08,0.00,False,False
veh965,-1278784167#1->-40109290#3,veh_passenger,6467.00,6921.00,454.00,2469.74,0.00,False,False
bus113,-1254816455->1237953493,bus_bus,6781.00,6948.00,167.00,769.42,0.00,False,False
bus109,-460316444->40138633#2,bus_bus,6541.00,6950.00,409.00,3983.37,0.00,False,False
veh1008,490474063#3->1214520070,veh_passenger,6755.00,6955.00,200.00,1334.84,0.00,False,False
veh977,-1326094888->39838630#2,veh_passenger,6547.00,6957.00,410.00,2426.59,0.00,False,False
veh1007,-654297629#6->11635146#0,veh_passenger,6748.00,6966.00,218.00,2406.43,0.00,False,False
bus115,-1255099069->-474143552#3,bus_bus,6901.00,6968.00,67.00,702.29,0.00,False,False
truck57,513082635#0->509524227#0,truck_truck,6841.00,6978.00,137.00,1115.77,0.00,False,False
veh959,-1273251150#1->564273553#1,veh_passenger,6427.00,6982.00,555.00,2448.26,0.00,False,False
veh1020,1214520074#4->13909444#1,veh_passenger,6835.00,6989.00,154.00,1282.93,0.00,False,False
veh978,475446753->40140141#6,veh_passenger,6554.00,6991.00,437.00,2108.18,0.00,False,False
veh986,-1068434202->1118804256#1,veh_passenger,6608.00,6997.00,389.00,2251.83,0.00,False,False
veh1031,240666069#2->240666069#0,veh_passenger,6909.00,7036.00,127.00,1345.69,0.00,False,False
veh944,490474063#1->1015424648,veh_passenger,6330.00,7038.00,708.00,1908.60,0.00,False,False
veh1024,160078084-AddedOnRampEdge->39920011#2,veh_passenger,6862.00,7038.00,176.00,1539.05,0.00,False,False
bus116,-654297629#1->654297628,bus_bus,6961.00,7043.00,82.00,388.74,0.00,False,False
veh885,-1226645410->666886085#0,veh_passenger,5931.00,7051.00,1120.00,2431.52,0.00,False,False
veh1000,39838520#2->488788633#1,veh_passenger,6701.00,7060.00,359.00,1236.35,0.00,False,False
veh998,-178723097#0->1068144845#2,veh_passenger,6688.00,7062.00,374.00,1819.53,0.00,False,False
veh994,-1237953494->1254633077#0,veh_passenger,6661.00,7066.00,405.00,2064.77,0.00,False,False
veh1023,1125986377#0->515126384,veh_passenger,6856.00,7066.00,210.00,1562.87,0.00,False,False
veh996,-654297634->39838691#3,veh_passenger,6675.00,7069.00,394.00,2287.60,0.00,False,False
veh1022,178583148#0->475044040#3,veh_passenger,6849.00,7080.00,231.00,1136.26,0.00,False,False
veh1030,13909444#3->14924729#2,veh_passenger,6902.00,7085.00,183.00,1306.98,0.00,False,False
veh1019,975216740->1323097580#0,veh_passenger,6829.00,7118.00,289.00,1547.46,0.00,False,False
veh1035,-1068144848#1->-14924729#0,veh_passenger,6936.00,7122.00,186.00,1490.38,0.00,False,False
veh1057,15419971#1->39920011#3,veh_passenger,7083.00,7125.00,42.00,335.81,0.00,False,False
veh1032,1260481154->1214520067,veh_passenger,6916.00,7127.00,211.00,1136.40,0.00,False,False
veh1044,967993112#0->-654297630,veh_passenger,6996.00,7134.00,138.00,854.53,0.00,False,False
veh1027,967993112#0->39921673#0,veh_passenger,6882.00,7137.00,255.00,966.59,0.00,False,False
truck58,1068144846#2->-1222703384#1,truck_truck,6961.00,7154.00,193.00,2084.09,0.00,False,False
veh1037,-257421487#0->654297635#1,veh_passenger,6949.00,7155.00,206.00,977.69,0.00,False,False
veh1002,490474063#2->511404872,veh_passenger,6715.00,7159.00,444.00,1330.56,0.00,False,False
veh1026,39920505#1->-1125986385#1,veh_passenger,6876.00,7170.00,294.00,1343.88,0.00,False,False
veh1004,761486028#1->838061038,veh_passenger,6728.00,7173.00,445.00,1545.48,0.00,False,False
veh1039,1273251150#0->-474143552#4,veh_passenger,6963.00,7183.00,220.00,1229.30,0.00,False,False
veh1045,-40297715#0->-40109290#0,veh_passenger,7003.00,7184.00,181.00,998.30,0.00,False,False
veh1055,1068916335->1290439817#0,veh_passenger,7070.00,7188.00,118.00,1157.49,0.00,False,False
veh1043,39921025#5->-401226926#0,veh_passenger,6990.00,7201.00,211.00,1006.47,0.00,False,False
veh1017,39920550#13->40140141#9,veh_passenger,6815.00,7203.00,388.00,2265.85,0.00,False,False
bus117,511409188#1->513082635#1,bus_bus,7021.00,7204.00,183.00,2110.57,0.00,False,False
bus110,-511187807->1125986385#0,bus_bus,6601.00,7206.00,605.00,1146.26,0.00,False,False
truck47,1272337500->687878722#1,truck_truck,5641.00,7207.00,1566.00,3887.32,0.00,False,False
veh1058,24576922#2->1100626103#0,veh_passenger,7090.00,7209.00,119.00,513.35,0.00,False,False
veh1060,488788637#1->40140017#0,veh_passenger,7103.00,7209.00,106.00,348.73,0.00,False,False
veh1001,10725667-AddedOffRampEdge->1074409256#0,veh_passenger,6708.00,7211.00,503.00,1993.70,0.00,False,False
veh867,39920550#5->178583146,veh_passenger,5810.00,7215.00,1405.00,4416.60,0.00,False,False
veh1015,1222703383->1337115429,veh_passenger,6802.00,7220.00,418.00,2011.56,0.00,False,False
veh1048,-428730813#3->39920505#0,veh_passenger,7023.00,7221.00,198.00,2752.13,0.00,False,False
veh1047,-521701857->1222181935,veh_passenger,7043.00,7224.00,181.00,660.08,0.00,False,False
veh1052,40138239#2->-474143552#3,veh_passenger,7050.00,7226.00,176.00,1378.02,0.00,False,False
truck50,515136608->513082627,truck_truck,6001.00,7232.00,1231.00,2783.09,0.00,False,False
veh1028,1214520074#3->449565665#3,veh_passenger,6889.00,7245.00,356.00,1653.05,0.00,False,False
veh1049,1235754993#1->-1068916339,veh_passenger,7030.00,7256.00,226.00,838.08,0.00,False,False
veh1040,1254816442->40138239#1,veh_passenger,6969.00,7259.00,290.00,1854.19,0.00,False,False
veh1061,1067928307#3->39838520#1,veh_passenger,7110.00,7264.00,154.00,1465.75,0.00,False,False
veh1053,-1237953493->-143546557,veh_passenger,7057.00,7269.00,212.00,1349.38,0.00,False,False
veh1013,1067928305#0->40109290#4,veh_passenger,6789.00,7273.00,484.00,3449.48,0.00,False,False
bus119,499566577#0->40036066,bus_bus,7141.00,7273.00,132.00,834.37,0.00,False,False
veh859,-1254633077#0->9792174#1-AddedOnRampEdge,veh_passenger,5757.00,7276.00,1519.00,2901.14,0.00,False,False
veh1034,1335304386#1->1075505400#3,veh_passenger,6929.00,7278.00,349.00,1771.97,0.00,False,False
veh1050,39763700#0->-47087366#0,veh_passenger,7036.00,7282.00,246.00,2082.03,0.00,False,False
veh1054,511404880#1->-428730813#3,veh_passenger,7063.00,7285.00,222.00,1827.68,0.00,False,False
veh1051,24577522#3->1211151636,veh_passenger,7043.00,7303.00,260.00,1613.12,0.00,False,False
veh1066,40036009#2->39920505#4,veh_passenger,7144.00,7306.00,162.00,1089.38,0.00,False,False
veh1065,-39838984#0->1204070283#1,veh_passenger,7137.00,7308.00,171.00,870.21,0.00,False,False
veh1041,488788633#1->-240666072#2,veh_passenger,6979.00,7313.00,334.00,1851.44,0.00,False,False
veh1059,509646055->39838630#1,veh_passenger,7097.00,7315.00,218.00,943.99,0.00,False,False
veh1042,509646061->39920505#8,veh_passenger,6983.00,7317.00,334.00,1413.92,0.00,False,False
veh1033,47087993#1->24621218#1,veh_passenger,6923.00,7320.00,397.00,2971.97,0.00,False,False
veh1036,1226645407->761486028#1,veh_passenger,6943.00,7323.00,380.00,1956.00,0.00,False,False
veh1093,-474143552#6->-474143552#5,veh_passenger,7325.00,7333.00,8.00,69.23,0.00,False,False
veh916,12262310#0-AddedOffRampEdge->178702253,veh_passenger,6139.00,7338.00,1199.00,1736.01,0.00,False,False
veh1084,975216739->-147711065#0,veh_passenger,7264.00,7338.00,74.00,769.11,0.00,False,False
veh1006,1332638391#1->240666069#1,veh_passenger,6742.00,7343.00,601.00,1801.85,0.00,False,False
veh1071,-10628444#2->-39838751#0,veh_passenger,7177.00,7346.00,169.00,1136.97,0.00,False,False
veh1029,-10629474#1->-838061037,veh_passenger,6896.00,7358.00,462.00,1496.75,0.00,False,False
veh1021,521704040->40109290#2,veh_passenger,6842.00,7361.00,519.00,2464.62,0.00,False,False
veh1075,509524229->1332638391#1,veh_passenger,7204.00,7371.00,167.00,1546.82,0.00,False,False
veh1056,-8758061->511404874#1,veh_passenger,7077.00,7373.00,296.00,1514.62,0.00,False,False
veh1082,499566574#1->1125986385#0,veh_passenger,7251.00,7383.00,132.00,524.96,0.00,False,False
bus118,1074771170->-40035606#2,bus_bus,7081.00,7385.00,304.00,2978.21,0.00,False,False
bus114,985133427->9832326#2,bus_bus,6841.00,7388.00,547.00,2043.04,0.00,False,False
veh1038,-39920593#2->1068434168,veh_passenger,6956.00,7412.00,456.00,2318.39,0.00,False,False
veh1046,178702243#1->72157792,veh_passenger,7010.00,7414.00,404.00,3385.43,0.00,False,False
veh1062,-1323097580#1->-39838691#7,veh_passenger,7117.00,7417.00,300.00,1758.32,0.00,False,False
veh1089,-573632774->490474063#4,veh_passenger,7298.00,7424.00,126.00,1033.44,0.00,False,False
veh1086,1067953239#0->985675139,veh_passenger,7278.00,7430.00,152.00,623.74,0.00,False,False
veh1088,490474063#3->1254816453#1,veh_passenger,7291.00,7430.00,139.00,853.40,0.00,False,False
veh1068,1332638368#2->-39920593#0,veh_passenger,7157.00,7435.00,278.00,2151.63,0.00,False,False
veh1083,499566574#0->-1125986378#1,veh_passenger,7258.00,7440.00,182.00,812.79,0.00,False,False
veh1079,428730813#3->47087993#0,veh_passenger,7231.00,7442.00,211.00,1034.34,0.00,False,False
veh1081,-24576913#0->47224973,veh_passenger,7244.00,7453.00,209.00,606.85,0.00,False,False
veh999,654530820#0->1074409255#1,veh_passenger,6695.00,7455.00,760.00,2924.03,0.00,False,False
veh1077,451728952#3->1067928305#0,veh_passenger,7217.00,7466.00,249.00,1547.74,0.00,False,False
veh1063,-33683346#1->1068144845#3,veh_passenger,7124.00,7486.00,362.00,2647.67,0.00,False,False
veh1072,490474063#1->822782498,veh_passenger,7184.00,7486.00,302.00,1576.96,0.00,False,False
veh887,1335304374->8758061,veh_passenger,5944.00,7488.00,1544.00,2947.18,0.00,False,False
veh1076,-1323097576->-1074409256#2,veh_passenger,7211.00,7491.00,280.00,1472.04,0.00,False,False
veh1073,1337646276->1335304376#0,veh_passenger,7191.00,7496.00,305.00,2484.78,0.00,False,False
bus121,39839093->-10628444#0,bus_bus,7261.00,7497.00,236.00,1954.39,0.00,False,False
bus124,-39838630#3->-178702258#1,bus_bus,7441.00,7507.00,66.00,459.44,0.00,False,False
veh1018,47267011#2->-1273251150#0,veh_passenger,6822.00,7514.00,692.00,3105.60,0.00,False,False
truck60,-1326094888->1332638368#0,truck_truck,7201.00,7521.00,320.00,1952.05,0.00,False,False
veh1099,39921025#8->-1335304373#1,veh_passenger,7365.00,7523.00,158.00,1080.84,0.00,False,False
veh1069,1068434200#1->1260485932,veh_passenger,7164.00,7527.00,363.00,2423.89,0.00,False,False
veh1070,-1214520068->1125986373#3,veh_passenger,7203.00,7532.00,329.00,1403.14,0.00,False,False
veh930,39920593#6->47087992#4,veh_passenger,6232.00,7533.00,1301.00,2920.24,0.00,False,False
veh1102,511404873#0->-39838657#0,veh_passenger,7385.00,7533.00,148.00,869.91,0.00,False,False
bus120,24621218#0->9704194#2,bus_bus,7201.00,7545.00,344.00,2111.81,0.00,False,False
veh1112,413789557->428730800,veh_passenger,7452.00,7545.00,93.00,986.27,0.00,False,False
veh1114,1125986375#0->-1237953494,veh_passenger,7465.00,7564.00,99.00,459.42,0.00,False,False
veh1104,40139504#0->50323229#9,veh_passenger,7398.00,7575.00,177.00,1015.72,0.00,False,False
truck59,513082632->666886084#0,truck_truck,7083.00,7580.00,497.00,1139.88,0.00,False,False
veh952,-40139708->1337646270,veh_passenger,6380.00,7596.00,1216.00,2906.78,0.00,False,False
veh1090,24577455#0->1117667177,veh_passenger,7304.00,7602.00,298.00,1094.25,0.00,False,False
veh1115,15525299->-499566577#1,veh_passenger,7472.00,7605.00,133.00,2132.18,0.00,False,False
veh1121,-39838630#1->511187818,veh_passenger,7512.00,7622.00,110.00,418.13,0.00,False,False
veh1106,1332638368#2->240666069#3,veh_passenger,7412.00,7623.00,211.00,2117.68,0.00,False,False
veh1111,-10250021#3->47224972#1,veh_passenger,7445.00,7630.00,185.00,529.34,0.00,False,False
veh1064,-428730813#1->40109290#5,veh_passenger,7130.00,7637.00,507.00,3606.48,0.00,False,False
bus122,488788630#0->-968332509,bus_bus,7321.00,7646.00,325.00,1713.03,0.00,False,False
veh1097,1064476624->1015424648,veh_passenger,7351.00,7652.00,301.00,1464.42,0.00,False,False
veh1092,-40138239#4->-39838984#1,veh_passenger,7318.00,7653.00,335.00,2263.54,0.00,False,False
truck61,-1260485929#1->47087366#1,truck_truck,7321.00,7654.00,333.00,1792.31,0.00,False,False
veh1100,72157794->474143552#3,veh_passenger,7371.00,7659.00,288.00,1312.79,0.00,False,False
veh1087,1260485930#1->1100626103#1,veh_passenger,7284.00,7663.00,379.00,1708.47,0.00,False,False
veh1103,511404872->-654297637#0,veh_passenger,7392.00,7668.00,276.00,1423.00,0.00,False,False
veh1080,178583167#0->-240666072#0,veh_passenger,7237.00,7671.00,434.00,2475.52,0.00,False,False
veh1108,1421564739->10628444#2,veh_passenger,7425.00,7673.00,248.00,2024.77,0.00,False,False
veh1125,39920505#2->-40036062#1,veh_passenger,7539.00,7674.00,135.00,809.15,0.00,False,False
veh1098,511187808#2->9704194#0,veh_passenger,7358.00,7675.00,317.00,1265.04,0.00,False,False
bus126,39763700#4->-653860562,bus_bus,7561.00,7678.00,117.00,426.05,0.00,False,False
veh1134,-50323229#9->40035325#1,veh_passenger,7599.00,7681.00,82.00,607.82,0.00,False,False
veh1091,40139504#0->39838984#1,veh_passenger,7311.00,7684.00,373.00,1396.17,0.00,False,False
veh1105,451728952#3->39921531,veh_passenger,7405.00,7684.00,279.00,2444.07,0.00,False,False
truck56,-1068144845#3->653860562,truck_truck,6721.00,7691.00,970.00,2836.73,0.00,False,False
veh1113,1273405490->39920684#2,veh_passenger,7459.00,7693.00,234.00,922.58,0.00,False,False
veh1096,1068434256#0->40139504#0,veh_passenger,7345.00,7695.00,350.00,1378.92,0.00,False,False
bus123,39920505#1->654297631,bus_bus,7381.00,7706.00,325.00,1149.61,0.00,False,False
veh1123,68574206->-47267007#2,veh_passenger,7526.00,7707.00,181.00,1530.44,0.00,False,False
veh1094,-12247569->1117667177,veh_passenger,7331.00,7714.00,383.00,2014.75,0.00,False,False
veh1119,178702258#1->1327579142,veh_passenger,7499.00,7719.00,220.00,1752.45,0.00,False,False
veh971,10748045#1->47087993#6,veh_passenger,6507.00,7738.00,1231.00,3502.44,0.00,False,False
veh1085,50323229#14->449565665#1,veh_passenger,7271.00,7743.00,472.00,1980.29,0.00,False,False
veh1138,-1260485929#3->1204070283#0,veh_passenger,7626.00,7750.00,124.00,1078.44,0.00,False,False
bus105,513082641#2-AddedOnRampEdge->-515123442#3,bus_bus,6301.00,7751.00,1450.00,2796.49,0.00,False,False
truck62,47087366#0->-39838657#3,truck_truck,7441.00,7767.00,326.00,1534.44,0.00,False,False
veh1118,1074771163#1-AddedOffRampEdge->240666072#1,veh_passenger,7492.00,7784.00,292.00,3397.47,0.00,False,False
veh1116,1235501861#1->-488788630#1,veh_passenger,7479.00,7789.00,310.00,2460.24,0.00,False,False
veh1126,564273553#4->10628442#0,veh_passenger,7546.00,7796.00,250.00,1146.70,0.00,False,False
veh1147,-1326193809->-142741729#0,veh_passenger,7686.00,7802.00,116.00,1083.04,0.00,False,False
truck54,47223733->160077493,truck_truck,6481.00,7804.00,1323.00,2215.52,0.00,False,False
veh1135,-10628444#2->401226926#0,veh_passenger,7606.00,7815.00,209.00,1025.96,0.00,False,False
veh1156,437445541#0->1067928306#2,veh_passenger,7747.00,7837.00,90.00,856.20,0.00,False,False
veh1132,40138239#0->-10250021#0,veh_passenger,7586.00,7856.00,270.00,1897.17,0.00,False,False
veh1141,-39838751#2->47224972#0,veh_passenger,7646.00,7856.00,210.00,489.56,0.00,False,False
veh1162,653860562->-39838691#3,veh_passenger,7787.00,7872.00,85.00,580.44,0.00,False,False
veh1143,39920505#2->1254816455,veh_passenger,7660.00,7873.00,213.00,1046.42,0.00,False,False
veh1124,40035606#2->-39838691#3,veh_passenger,7532.00,7874.00,342.00,1951.14,0.00,False,False
veh1161,900279869->9704194#2,veh_passenger,7780.00,7879.00,99.00,811.66,0.00,False,False
veh1136,490474063#4->9704194#4,veh_passenger,7613.00,7885.00,272.00,1797.69,0.00,False,False
veh974,10628429->9792174#0,veh_passenger,6527.00,7890.00,1363.00,2611.08,0.00,False,False
veh1107,10250021#2->1226645407,veh_passenger,7418.00,7901.00,483.00,1969.71,0.00,False,False
veh1117,10250021#0->50323229#9,veh_passenger,7485.00,7924.00,439.00,1684.28,0.00,False,False
veh1150,10628444#0->-1323097577,veh_passenger,7706.00,7928.00,222.00,946.03,0.00,False,False
veh1177,39838751#0->509524270,veh_passenger,7887.00,7933.00,46.00,417.31,0.00,False,False
veh1127,39920505#9->-654297637#1,veh_passenger,7552.00,7937.00,385.00,1274.90,0.00,False,False
veh1166,47087992#4->-1068144845#0,veh_passenger,7814.00,7937.00,123.00,713.82,0.00,False,False
veh1110,666886081->1068916338,veh_passenger,7438.00,7940.00,502.00,1535.04,0.00,False,False
veh1185,40138633#2->40138633#3,veh_passenger,7941.00,7951.00,10.00,75.29,0.00,False,False
veh1159,-240666072#1->1337646270,veh_passenger,7767.00,7957.00,190.00,1390.35,0.00,False,False
veh1142,15420537#1->-10628444#1,veh_passenger,7653.00,7965.00,312.00,2147.28,0.00,False,False
bus128,509524227#1->-1326094888,bus_bus,7681.00,7974.00,293.00,2201.48,0.00,False,False
veh1181,-1326193809->1254633077#0,veh_passenger,7914.00,7979.00,65.00,286.70,0.00,False,False
bus131,39838520#1->-564273553#3,bus_bus,7861.00,7982.00,121.00,671.61,0.00,False,False
veh1174,1068144848#1->1421367508,veh_passenger,7867.00,7992.00,125.00,734.44,0.00,False,False
veh1101,521704031#1->9792174#0,veh_passenger,7378.00,8014.00,636.00,3013.30,0.00,False,False
veh1078,-40138633#2->1290439817#0,veh_passenger,7224.00,8018.00,794.00,2303.92,0.00,False,False
veh1160,24621218#2->15420801#2,veh_passenger,7773.00,8019.00,246.00,1835.56,0.00,False,False
veh1163,511187809->232920701,veh_passenger,7794.00,8019.00,225.00,2259.25,0.00,False,False
veh1178,39921192#0->-1254816454,veh_passenger,7894.00,8022.00,128.00,743.63,0.00,False,False
veh1122,1254816454->-1015424648,veh_passenger,7519.00,8026.00,507.00,1312.59,0.00,False,False
veh1165,451728952#5->687878722#1,veh_passenger,7807.00,8038.00,231.00,1423.78,0.00,False,False
veh980,40139504#1->39839107,veh_passenger,6567.00,8045.00,1478.00,1709.03,0.00,False,False
veh1109,654297629#1->1125986406#0,veh_passenger,7432.00,8047.00,615.00,948.32,0.00,False,False
veh1133,1323097575#3->-39838691#5,veh_passenger,7593.00,8050.00,457.00,1631.65,0.00,False,False
veh1167,-1260481154->-8887999#1,veh_passenger,7820.00,8057.00,237.00,864.29,0.00,False,False
veh1170,39838691#10->1337646271#1,veh_passenger,7840.00,8057.00,217.00,880.12,0.00,False,False
veh989,-1323097580#0->515130026#1,veh_passenger,6628.00,8058.00,1430.00,3080.24,0.00,False,False
veh1154,39920550#13->1068074793,veh_passenger,7733.00,8058.00,325.00,1566.69,0.00,False,False
veh1144,40140141#7->39838691#8,veh_passenger,7666.00,8073.00,407.00,1535.38,0.00,False,False
veh1149,1068434200#1->-39920222,veh_passenger,7700.00,8076.00,376.00,1904.73,0.00,False,False
veh1120,1075505400#2->40035606#2,veh_passenger,7505.00,8081.00,576.00,1849.98,0.00,False,False
veh1164,1125986385#1->40035606#3,veh_passenger,7800.00,8081.00,281.00,1426.87,0.00,False,False
veh1155,143546557->13909444#5,veh_passenger,7740.00,8082.00,342.00,1947.26,0.00,False,False
veh1129,-40138239#3->1214520074#0,veh_passenger,7566.00,8098.00,532.00,2318.59,0.00,False,False
veh1203,1231065643->1068434235,veh_passenger,8062.00,8098.00,36.00,174.91,0.00,False,False
veh1205,11635095->1337646274,veh_passenger,8075.00,8101.00,26.00,500.17,0.00,False,False
veh1130,1068144845#4->40138633#0,veh_passenger,7572.00,8110.00,538.00,2918.91,0.00,False,False
bus129,1214520072->-654297637#2,bus_bus,7741.00,8113.00,372.00,1225.69,0.00,False,False
veh1188,-39838657#1->47267011#0,veh_passenger,7961.00,8116.00,155.00,616.04,0.00,False,False
veh1157,-1214520079->515126385#2,veh_passenger,7753.00,8130.00,377.00,997.00,0.00,False,False
veh1171,1226645407->40138633#3,veh_passenger,7847.00,8143.00,296.00,3241.14,0.00,False,False
veh1196,40140141#8->-511187807,veh_passenger,8015.00,8148.00,133.00,980.81,0.00,False,False
veh1180,509646057#0->-1222703384#1,veh_passenger,7907.00,8152.00,245.00,960.92,0.00,False,False
veh1195,-147711065#2->238219472#0,veh_passenger,8008.00,8156.00,148.00,864.33,0.00,False,False
veh1197,13909444#0->-1125986385#0,veh_passenger,8021.00,8156.00,135.00,1216.53,0.00,False,False
veh1151,178699054->33683346#0,veh_passenger,7713.00,8158.00,445.00,1086.47,0.00,False,False
bus127,1292541108->515130026#0,bus_bus,7621.00,8159.00,538.00,1305.02,0.00,False,False
veh1183,1068144848#1->437445542,veh_passenger,7928.00,8162.00,234.00,2092.69,0.00,False,False
bus135,-39920593#1->-33683346#2,bus_bus,8101.00,8163.00,62.00,453.93,0.00,False,False
veh1145,-40035606#2->12247569,veh_passenger,7673.00,8195.00,522.00,2009.96,0.00,False,False
veh1191,238219468->-1273405490,veh_passenger,7981.00,8202.00,221.00,910.19,0.00,False,False
veh1175,-474143552#1->490474063#0,veh_passenger,7874.00,8206.00,332.00,1139.81,0.00,False,False
veh1153,40035904#1->510107701,veh_passenger,7727.00,8207.00,480.00,1971.03,0.00,False,False
veh1010,39921192#1->178699051#1,veh_passenger,6768.00,8209.00,1441.00,545.51,0.00,False,False
veh1190,47087993#0->-1068916339,veh_passenger,7974.00,8213.00,239.00,1821.90,0.00,False,False
veh1186,150928465->47267014,veh_passenger,7948.00,8223.00,275.00,1931.48,0.00,False,False
veh1210,509646054->1068916338,veh_passenger,8108.00,8230.00,122.00,609.73,0.00,False,False
veh1168,-1125986377#0->-1226645407,veh_passenger,7827.00,8242.00,415.00,1655.64,0.00,False,False
veh1201,511187808#2->178699056#2,veh_passenger,8048.00,8257.00,209.00,1398.05,0.00,False,False
veh1214,1292541108->257421487#0,veh_passenger,8135.00,8261.00,126.00,1029.62,0.00,False,False
veh1194,1125986406#0->-730912750,veh_passenger,8001.00,8277.00,276.00,1837.94,0.00,False,False
veh1226,515124965#1->14924729#3,veh_passenger,8216.00,8290.00,74.00,1083.54,0.00,False,False
truck68,1254816442->14924729#0,truck_truck,8161.00,8295.00,134.00,510.43,0.00,False,False
veh1140,1068434199->513272949,veh_passenger,7639.00,8304.00,665.00,666.33,0.00,False,False
veh1209,1292578228->1064398309#0,veh_passenger,8102.00,8308.00,206.00,1004.27,0.00,False,False
veh1212,-47267007#1->178702258#1,veh_passenger,8122.00,8309.00,187.00,1574.67,0.00,False,False
veh1233,-838061038->1068434201,veh_passenger,8263.00,8310.00,47.00,530.99,0.00,False,False
veh1206,515126385#0->-405382146#0,veh_passenger,8082.00,8312.00,230.00,1054.22,0.00,False,False
veh1222,40297715#1->-147711065#2,veh_passenger,8189.00,8322.00,133.00,992.68,0.00,False,False
truck67,-47267007#2->1068144849#2,truck_truck,8041.00,8325.00,284.00,1979.17,0.00,False,False
veh1187,40140141#5->-40138239#2,veh_passenger,7954.00,8327.00,373.00,2432.64,0.00,False,False
veh1189,10250021#2->515123438,veh_passenger,7968.00,8330.00,362.00,1620.92,0.00,False,False
veh1152,33683458#1->47267007#1,veh_passenger,7720.00,8334.00,614.00,2753.84,0.00,False,False
bus133,1214520074#3->-10629474#0,bus_bus,7981.00,8336.00,355.00,1647.36,0.00,False,False
bus111,39920550#1->-985133427,bus_bus,6661.00,8343.00,1682.00,2474.20,0.00,False,False
veh1215,1335304373#0->47223733,veh_passenger,8142.00,8350.00,208.00,1317.82,0.00,False,False
veh1242,-33683458#0->-40036009#3,veh_passenger,8323.00,8351.00,28.00,222.86,0.00,False,False
veh1202,515138054->437445541#1,veh_passenger,8055.00,8357.00,302.00,2834.81,0.00,False,False
veh1148,1204070283#1->813852683-AddedOnRampEdge,veh_passenger,7693.00,8358.00,665.00,2067.96,0.00,False,False
veh1172,-1322916760#2->178583140#1,veh_passenger,7854.00,8358.00,504.00,2820.81,0.00,False,False
truck69,-33683458#1->-50323229#5,truck_truck,8281.00,8362.00,81.00,279.56,0.00,False,False
veh1146,40035325#2->511404872,veh_passenger,7681.00,8363.00,682.00,1309.33,0.00,False,False
veh1219,-521705694#1->1100626088,veh_passenger,8169.00,8364.00,195.00,680.77,0.00,False,False
veh1184,428730813#0->-33683346#2,veh_passenger,7934.00,8367.00,433.00,3944.86,0.00,False,False
veh1182,1272337500->39366819#0,veh_passenger,7921.00,8369.00,448.00,2339.58,0.00,False,False
bus137,47267007#1->511187808#4-AddedOnRampEdge,bus_bus,8221.00,8374.00,153.00,1458.50,0.00,False,False
veh1204,1226645408->40297715#3,veh_passenger,8068.00,8377.00,309.00,2924.93,0.00,False,False
veh1199,1298335704#1->1204070283#0,veh_passenger,8035.00,8381.00,346.00,2860.78,0.00,False,False
veh1139,405382146#0->-147711065#0,veh_passenger,7633.00,8393.00,760.00,1337.72,0.00,False,False
veh1193,1335304386#0->178723097#0,veh_passenger,7995.00,8404.00,409.00,1050.27,0.00,False,False
veh1211,178699054->-10628444#0,veh_passenger,8115.00,8405.00,290.00,781.97,0.00,False,False
veh1230,490474063#8->-1273251150#1,veh_passenger,8242.00,8412.00,170.00,1159.99,0.00,False,False
veh1137,1231065654->-39838691#3,veh_passenger,7619.00,8415.00,796.00,1543.97,0.00,False,False
veh1216,-451728952#5->515130026#0,veh_passenger,8149.00,8417.00,268.00,1840.41,0.00,False,False
veh1231,178702260->1254633077#0,veh_passenger,8250.00,8417.00,167.00,1535.64,0.00,False,False
veh1221,39920550#11->511187807,veh_passenger,8182.00,8419.00,237.00,1306.07,0.00,False,False
veh1131,-564273553#0->39920550#5,veh_passenger,7579.00,8428.00,849.00,1584.36,0.00,False,False
veh1158,666886085#1->1335304376#0,veh_passenger,7760.00,8445.00,685.00,688.93,0.00,False,False
bus130,-10628429->47053612,bus_bus,7801.00,8447.00,646.00,1686.50,0.00,False,False
veh1243,40035325#2->50323229#5,veh_passenger,8330.00,8458.00,128.00,703.77,0.00,False,False
veh1169,474143552#0->13909444#1,veh_passenger,7834.00,8462.00,628.00,1734.56,0.00,False,False
veh1173,39763700#3->10628444#1,veh_passenger,7861.00,8472.00,611.00,877.18,0.00,False,False
veh1245,509524224->1068916339,veh_passenger,8343.00,8480.00,137.00,671.33,0.00,False,False
veh1213,1068144845#2->39838691#0,veh_passenger,8129.00,8481.00,352.00,1972.80,0.00,False,False
veh997,24621218#2->-451728952#4,veh_passenger,6681.00,8482.00,1801.00,2658.72,0.00,False,False
veh1217,451728952#1->-654297632#0,veh_passenger,8155.00,8499.00,344.00,2690.97,0.00,False,False
bus136,10628430->515126303,bus_bus,8161.00,8513.00,352.00,1608.60,0.00,False,False
bus138,515123442#1->-47267007#2,bus_bus,8281.00,8513.00,232.00,1515.45,0.00,False,False
veh1232,761486028#1->-564273553#4,veh_passenger,8256.00,8514.00,258.00,1527.76,0.00,False,False
veh1239,1222181935->178583140#0,veh_passenger,8303.00,8529.00,226.00,1216.96,0.00,False,False
veh1227,40115810#0->11631594#2,veh_passenger,8222.00,8532.00,310.00,2931.19,0.00,False,False
bus141,116783847->33683346#2,bus_bus,8461.00,8541.00,80.00,640.97,0.00,False,False
veh1228,8758061->-1323097580#0,veh_passenger,8229.00,8562.00,333.00,3026.50,0.00,False,False
veh1200,-40035606#0->654297629#1,veh_passenger,8041.00,8568.00,527.00,1524.20,0.00,False,False
bus140,47087992#1->513082641#2-AddedOnRampEdge,bus_bus,8401.00,8569.00,168.00,1433.45,0.00,False,False
veh1246,-1332638391#1->-654297635#0,veh_passenger,8350.00,8573.00,223.00,924.33,0.00,False,False
bus125,401226926#1->-451728952#4,bus_bus,7501.00,8577.00,1076.00,2770.38,0.00,False,False
truck70,1074771163#1-AddedOffRampEdge->24621218#1,truck_truck,8401.00,8580.00,179.00,669.07,0.00,False,False
veh1244,40109290#0->-1125986377#2,veh_passenger,8336.00,8581.00,245.00,1517.89,0.00,False,False
bus139,-515126384->-1335304385,bus_bus,8341.00,8586.00,245.00,2386.17,0.00,False,False
truck64,-900279869->513082635#0-AddedOffRampEdge,truck_truck,7681.00,8591.00,910.00,2103.95,0.00,False,False
veh1220,666886082#0->-10250021#2,veh_passenger,8175.00,8591.00,416.00,1436.38,0.00,False,False
veh1241,1068144847->-9374529#1,veh_passenger,8316.00,8593.00,277.00,1708.72,0.00,False,False
veh1247,1125986373#1->142741729#0,veh_passenger,8356.00,8604.00,248.00,1240.17,0.00,False,False
veh1218,-10628442#2->12247568#0,veh_passenger,8162.00,8606.00,444.00,1954.35,0.00,False,False
truck65,1233759524->-488788630#1,truck_truck,7801.00,8607.00,806.00,2181.77,0.00,False,False
veh1240,761486028#1->-474143552#6,veh_passenger,8309.00,8619.00,310.00,1487.00,0.00,False,False
veh1225,-1335304372->521708587#2,veh_passenger,8209.00,8625.00,416.00,1943.75,0.00,False,False
veh1278,-422842976->1068434207,veh_passenger,8564.00,8627.00,63.00,689.72,0.00,False,False
veh1276,1326094888->521704031#0,veh_passenger,8551.00,8631.00,80.00,1215.43,0.00,False,False
veh1014,490474063#7->482569917#0,veh_passenger,6795.00,8667.00,1872.00,2941.48,0.00,False,False
veh1252,1290439819->488788633#1,veh_passenger,8390.00,8683.00,293.00,2116.29,0.00,False,False
bus143,511187808#2->900279869,bus_bus,8581.00,8690.00,109.00,688.76,0.00,False,False
veh1281,975216741->15420801#3,veh_passenger,8584.00,8703.00,119.00,1074.13,0.00,False,False
veh1262,50323229#13->1074409255#0,veh_passenger,8457.00,8705.00,248.00,1048.44,0.00,False,False
veh1277,1337646271#0->1211151636,veh_passenger,8557.00,8710.00,153.00,1632.56,0.00,False,False
truck66,178441748#2->428730793#1,truck_truck,7921.00,8713.00,792.00,3412.52,0.00,False,False
veh1266,-1068916339->40035606#3,veh_passenger,8484.00,8713.00,229.00,1296.98,0.00,False,False
veh1179,40109290#3->428730793#1,veh_passenger,7901.00,8731.00,830.00,3749.84,0.00,False,False
veh1234,479863106#1->40138633#2,veh_passenger,8269.00,8746.00,477.00,2108.19,0.00,False,False
veh1251,437445541#1->-654297637#0,veh_passenger,8383.00,8746.00,363.00,2836.93,0.00,False,False
veh1289,488788627->40138239#2,veh_passenger,8638.00,8754.00,116.00,458.37,0.00,False,False
veh1258,-83428923#1->490474063#7,veh_passenger,8430.00,8758.00,328.00,1763.98,0.00,False,False
veh1296,-1015424648->521705694#0,veh_passenger,8685.00,8762.00,77.00,306.05,0.00,False,False
veh1261,-39838691#0->515136604,veh_passenger,8450.00,8769.00,319.00,2400.38,0.00,False,False
veh1250,1214520078->1272337500,veh_passenger,8376.00,8773.00,397.00,2283.19,0.00,False,False
veh1248,39921025#5->-856175964,veh_passenger,8363.00,8782.00,419.00,1911.74,0.00,False,False
veh1265,499566573->1214520073#0,veh_passenger,8477.00,8782.00,305.00,1145.97,0.00,False,False
veh1275,482569917#0->479863106#2,veh_passenger,8544.00,8783.00,239.00,1775.32,0.00,False,False
veh1259,-1068144846#1->-1254633077#1,veh_passenger,8437.00,8784.00,347.00,3038.28,0.00,False,False
veh1297,-47267007#2->-39838691#10,veh_passenger,8691.00,8785.00,94.00,1130.91,0.00,False,False
veh1260,515126385#1->1260481151,veh_passenger,8443.00,8790.00,347.00,3081.12,0.00,False,False
veh1287,509524228->509646063#1,veh_passenger,8624.00,8808.00,184.00,1549.80,0.00,False,False
veh1025,-1323097580#1->47087993#5,veh_passenger,6869.00,8810.00,1941.00,3399.80,0.00,False,False
bus112,10629709#2->437445539#1,bus_bus,6721.00,8812.00,2091.00,4346.52,0.00,False,False
veh1285,-1222703383->9832326#2,veh_passenger,8611.00,8829.00,218.00,1102.37,0.00,False,False
veh1268,-437445542->10629474#1,veh_passenger,8497.00,8836.00,339.00,3659.53,0.00,False,False
veh1269,513082641#1->-10749498,veh_passenger,8504.00,8836.00,332.00,3001.25,0.00,False,False
veh1264,-40138633#1->238219472#0,veh_passenger,8470.00,8846.00,376.00,1970.06,0.00,False,False
veh1293,513082641#0->1335304373#1,veh_passenger,8665.00,8850.00,185.00,2481.03,0.00,False,False
veh1198,511187812->-654297631,veh_passenger,8028.00,8855.00,827.00,956.69,0.00,False,False
veh1301,521701859->47224972#1,veh_passenger,8718.00,8858.00,140.00,587.94,0.00,False,False
veh1310,40036009#3->573632774,veh_passenger,8778.00,8861.00,83.00,799.05,0.00,False,False
veh1280,47223733->-12247568#0,veh_passenger,8577.00,8866.00,289.00,1665.78,0.00,False,False
veh1254,50323229#14->967993112#1,veh_passenger,8403.00,8883.00,480.00,2202.97,0.00,False,False
veh1192,1272548721->1125986375#0,veh_passenger,7988.00,8888.00,900.00,1843.59,0.00,False,False
veh1283,39920550#10->1005394020,veh_passenger,8598.00,8915.00,317.00,3010.37,0.00,False,False
veh1295,-1332638391#0->-521705694#0,veh_passenger,8678.00,8915.00,237.00,594.45,0.00,False,False
veh1208,666886085#0->-1260485929#0,veh_passenger,8095.00,8924.00,829.00,927.86,0.00,False,False
veh1320,-1332638368#0->40140141#10,veh_passenger,8845.00,8933.00,88.00,927.20,0.00,False,False
bus144,-1068144849#1->40322293,bus_bus,8641.00,8938.00,297.00,1774.25,0.00,False,False
veh1307,654530820#0->478286980#0,veh_passenger,8758.00,8946.00,188.00,1749.05,0.00,False,False
veh1290,515138054->-1068916336,veh_passenger,8644.00,8953.00,309.00,3028.75,0.00,False,False
veh1305,-143546557->1068074793,veh_passenger,8745.00,8958.00,213.00,1127.71,0.00,False,False
veh1282,47087366#2->985675139,veh_passenger,8591.00,8960.00,369.00,2441.88,0.00,False,False
veh1294,1068144848#0->1335304372,veh_passenger,8671.00,8965.00,294.00,2849.54,0.00,False,False
veh1322,1260481155->-9374529#1,veh_passenger,8859.00,8966.00,107.00,1031.17,0.00,False,False
veh1292,-438516309->9704194#4,veh_passenger,8658.00,8978.00,320.00,1981.34,0.00,False,False
bus149,511404872->511187808#2,bus_bus,8941.00,8979.00,38.00,272.86,0.00,False,False
veh1237,24576913#1->-40036009#0,veh_passenger,8289.00,8984.00,695.00,1899.47,0.00,False,False
bus146,474143552#3->511187815,bus_bus,8761.00,8994.00,233.00,1033.90,0.00,False,False
veh1286,-50323229#10->509647505,veh_passenger,8618.00,9003.00,385.00,1880.54,0.00,False,False
veh1255,-39838691#10->50323229#14,veh_passenger,8410.00,9018.00,608.00,2424.29,0.00,False,False
veh1267,-40140017#1->-488788633#2,veh_passenger,8490.00,9024.00,534.00,2402.90,0.00,False,False
veh1312,24577455#2->-40140017#2,veh_passenger,8792.00,9028.00,236.00,1317.85,0.00,False,False
truck72,-1260485930#1->39838882,truck_truck,8641.00,9039.00,398.00,1647.71,0.00,False,False
veh1327,513082641#2-AddedOnRampEdge->1335304373#2,veh_passenger,8892.00,9039.00,147.00,1755.53,0.00,False,False
veh1317,178702258#0->654297632#0,veh_passenger,8825.00,9050.00,225.00,985.98,0.00,False,False
veh1330,40035606#0->-40109290#3,veh_passenger,8912.00,9050.00,138.00,686.48,0.00,False,False
veh1299,509646053#1->1068434256#1,veh_passenger,8705.00,9054.00,349.00,1147.57,0.00,False,False
veh1074,40035325#0->1226645409,veh_passenger,7197.00,9055.00,1858.00,2720.79,0.00,False,False
veh1223,15420537#0->-653860562,veh_passenger,8196.00,9055.00,859.00,2409.92,0.00,False,False
veh1300,-1068144846#1->24577522#2,veh_passenger,8711.00,9056.00,345.00,2449.95,0.00,False,False
veh1273,-47224972#1->515040937,veh_passenger,8531.00,9065.00,534.00,1074.44,0.00,False,False
veh1323,-654297637#0->-1260481154,veh_passenger,8866.00,9067.00,201.00,521.78,0.00,False,False
veh1343,238219441#0->509646056,veh_passenger,9000.00,9119.00,119.00,824.65,0.00,False,False
bus134,499566577#1->178702258#0,bus_bus,8041.00,9121.00,1080.00,1767.54,0.00,False,False
veh1284,490474063#3->521705694#0,veh_passenger,8604.00,9122.00,518.00,1590.79,0.00,False,False
veh1313,1068144846#1->40036062#1,veh_passenger,8799.00,9128.00,329.00,2989.45,0.00,False,False
truck73,-511187818->515136604,truck_truck,8771.00,9141.00,370.00,1959.42,0.00,False,False
veh1334,515124966->-1335304371,veh_passenger,8939.00,9148.00,209.00,2365.13,0.00,False,False
veh1316,826496637->-50323229#13,veh_passenger,8819.00,9159.00,340.00,1867.92,0.00,False,False
veh1337,513272951#1->-40036009#2,veh_passenger,8959.00,9159.00,200.00,1543.90,0.00,False,False
veh1347,-47224972#1->-1068144849#2,veh_passenger,9026.00,9197.00,171.00,1728.44,0.00,False,False
veh1329,511187818->39920550#10,veh_passenger,8906.00,9200.00,294.00,1009.15,0.00,False,False
veh1336,654297632#2->-401226926#1,veh_passenger,8953.00,9202.00,249.00,1246.06,0.00,False,False
truck74,511187808#4-AddedOnRampEdge->-1260485929#3,truck_truck,8881.00,9204.00,323.00,759.16,0.00,False,False
veh1346,39920550#6->33683346#0,veh_passenger,9022.00,9211.00,189.00,1043.86,0.00,False,False
veh1176,160078084->1211151640,veh_passenger,7881.00,9219.00,1338.00,2143.44,0.00,False,False
veh1229,-1335304373#2->-39838691#6,veh_passenger,8236.00,9223.00,987.00,1568.30,0.00,False,False
veh1302,509646057#0->511404873#0,veh_passenger,8725.00,9229.00,504.00,1217.72,0.00,False,False
veh1332,1067928306#2->1068434207,veh_passenger,8926.00,9254.00,328.00,1521.50,0.00,False,False
veh1331,-1273251150#1->509646144,veh_passenger,8919.00,9259.00,340.00,2144.98,0.00,False,False
veh1311,47267010->-50323229#2,veh_passenger,8785.00,9270.00,485.00,2720.21,0.00,False,False
veh1341,-900279886->10629709#2,veh_passenger,8986.00,9271.00,285.00,1141.02,0.00,False,False
veh1350,1068144847->1214520074#2,veh_passenger,9046.00,9274.00,228.00,1354.48,0.00,False,False
veh1298,40140141#1->521705695,veh_passenger,8698.00,9279.00,581.00,1549.14,0.00,False,False
veh1325,-10250021#0->12090453#0,veh_passenger,8879.00,9281.00,402.00,1166.39,0.00,False,False
veh1224,1335304371->-12247569,veh_passenger,8202.00,9283.00,1081.00,2116.13,0.00,False,False
veh1326,413789557->856175962,veh_passenger,8886.00,9289.00,403.00,1917.72,0.00,False,False
veh1358,39920593#5->-1323097580#1,veh_passenger,9100.00,9289.00,189.00,579.34,0.00,False,False
veh1365,1323097575#2->-1290439817#1,veh_passenger,9147.00,9292.00,145.00,750.60,0.00,False,False
bus145,1067953247#0->564273553#4,bus_bus,8701.00,9294.00,593.00,2240.61,0.00,False,False
veh1368,479863106#1->39921673#0,veh_passenger,9167.00,9300.00,133.00,698.54,0.00,False,False
veh1349,-1322916760#1->509646062,veh_passenger,9040.00,9301.00,261.00,1528.13,0.00,False,False
veh1378,1068916335->10628442#3,veh_passenger,9234.00,9308.00,74.00,631.10,0.00,False,False
veh1384,654297629#6->564273553#0,veh_passenger,9274.00,9313.00,39.00,22.74,0.00,False,False
veh1367,1337646271#0->515130026#0,veh_passenger,9160.00,9317.00,157.00,1295.03,0.00,False,False
veh1344,-40036009#0->1125986375#1,veh_passenger,9006.00,9320.00,314.00,2114.81,0.00,False,False
veh1067,985675139->178702239#0,veh_passenger,7150.00,9330.00,2180.00,4185.20,0.00,False,False
truck76,-488788633#2->-39838691#3,truck_truck,9121.00,9343.00,222.00,1234.36,0.00,False,False
truck71,-513272949->-50323229#11,truck_truck,8792.00,9346.00,554.00,1645.73,0.00,False,False
veh1366,515126385#1->40140141#7,veh_passenger,9154.00,9350.00,196.00,2045.66,0.00,False,False
veh1383,24577455#0->465144361,veh_passenger,9268.00,9365.00,97.00,288.87,0.00,False,False
veh1390,33683458#2->40109290#5,veh_passenger,9314.00,9378.00,64.00,483.86,0.00,False,False
veh1236,-474143552#0->47267007#2,veh_passenger,8283.00,9381.00,1098.00,2758.51,0.00,False,False
truck63,1323097575#1->178699051#1,truck_truck,7561.00,9385.00,1824.00,1031.40,0.00,False,False
veh1356,-50323229#9->10250021#2,veh_passenger,9087.00,9403.00,316.00,1643.45,0.00,False,False
veh1377,1211151635#0->1214520074#2,veh_passenger,9227.00,9408.00,181.00,1239.98,0.00,False,False
veh1321,39839131->515123438,veh_passenger,8852.00,9410.00,558.00,2996.92,0.00,False,False
veh1382,12262310#0-AddedOffRampEdge->-40035325#0,veh_passenger,9261.00,9410.00,149.00,2142.97,0.00,False,False
veh1351,1332638368#2->39920593#4,veh_passenger,9053.00,9422.00,369.00,2285.16,0.00,False,False
bus154,39838657#0->1131969257,bus_bus,9241.00,9428.00,187.00,1098.99,0.00,False,False
veh1371,967993112#1->8758061,veh_passenger,9187.00,9436.00,249.00,1449.23,0.00,False,False
veh1095,10629709#1->178583146,veh_passenger,7338.00,9454.00,2116.00,5166.15,0.00,False,False
veh1340,40140141#7->428730793#1,veh_passenger,8979.00,9457.00,478.00,2984.78,0.00,False,False
bus150,-488788630#1->488788637#1,bus_bus,9001.00,9463.00,462.00,2249.33,0.00,False,False
bus153,1067928306#2->511187818,bus_bus,9181.00,9464.00,283.00,1045.67,0.00,False,False
bus152,-1068144848#1->-428730807,bus_bus,9121.00,9467.00,346.00,1143.03,0.00,False,False
veh1396,10629709#0->1335304373#0,veh_passenger,9355.00,9474.00,119.00,637.09,0.00,False,False
veh1256,11635067->39838751#1,veh_passenger,8417.00,9477.00,1060.00,2205.81,0.00,False,False
veh1389,10628442#1->-39920593#5,veh_passenger,9308.00,9477.00,169.00,1103.18,0.00,False,False
veh1387,1204070283#0->1332638368#0,veh_passenger,9294.00,9479.00,185.00,1469.87,0.00,False,False
veh1352,-1332638391#1->178583153-AddedOnRampEdge,veh_passenger,9060.00,9480.00,420.00,1781.01,0.00,False,False
veh1314,654530820#0->666886085#0,veh_passenger,8805.00,9481.00,676.00,3136.77,0.00,False,False
bus155,9374529#1->142741729#1,bus_bus,9301.00,9494.00,193.00,724.11,0.00,False,False
veh1391,-1125986375#1->515123442#2,veh_passenger,9321.00,9503.00,182.00,1131.75,0.00,False,False
veh1128,11631594#3->515130028#1-AddedOnRampEdge,veh_passenger,7559.00,9504.00,1945.00,3261.77,0.00,False,False
veh1398,511404874#1->-39838691#7,veh_passenger,9368.00,9512.00,144.00,1989.65,0.00,False,False
veh1235,421846558#1->1068434206,veh_passenger,8276.00,9524.00,1248.00,928.24,0.00,False,False
veh1411,11635067->335802672,veh_passenger,9455.00,9534.00,79.00,1704.60,0.00,False,False
veh1333,666886082#1->-1273251150#0,veh_passenger,8933.00,9550.00,617.00,2671.72,0.00,False,False
veh1376,515138054->-1255099069,veh_passenger,9221.00,9552.00,331.00,3218.36,0.00,False,False
bus158,71269782->-654297629#1,bus_bus,9481.00,9552.00,71.00,424.28,0.00,False,False
veh1394,515124965#1->-1068144846#0,veh_passenger,9341.00,9553.00,212.00,1456.98,0.00,False,False
bus151,47267007#0->-50323226,bus_bus,9061.00,9560.00,499.00,4190.25,0.00,False,False
veh1413,24576922#2->1100626103#3,veh_passenger,9469.00,9560.00,91.00,754.06,0.00,False,False
bus147,479863106#1->-654297629#3,bus_bus,8821.00,9575.00,754.00,930.18,0.00,False,False
veh1257,39920011#3->24576922#1,veh_passenger,8424.00,9579.00,1155.00,2243.21,0.00,False,False
veh1393,428730818#3->521708587#2,veh_passenger,9335.00,9582.00,247.00,1797.07,0.00,False,False
veh1354,11631594#0->1260485929#0,veh_passenger,9073.00,9585.00,512.00,2190.34,0.00,False,False
veh1399,499566577#1->10250021#3,veh_passenger,9375.00,9586.00,211.00,1484.67,0.00,False,False
veh1397,40109239->-1335304386#0,veh_passenger,9361.00,9593.00,232.00,1354.41,0.00,False,False
veh1407,-654297637#0->1273405490,veh_passenger,9428.00,9595.00,167.00,828.43,0.00,False,False
veh1318,-653860562->967993112#1,veh_passenger,8832.00,9600.00,768.00,1087.80,0.00,False,False
veh1388,381945549#0->-1125986375#0,veh_passenger,9301.00,9600.00,299.00,2640.63,0.00,False,False
veh1315,1211151639->9792174#1-AddedOnRampEdge,veh_passenger,8812.00,9613.00,801.00,3159.76,0.00,False,False
veh1380,47267010->39838691#1,veh_passenger,9247.00,9625.00,378.00,709.40,0.00,False,False
bus160,40140017#1->10629474#1,bus_bus,9601.00,9637.00,36.00,252.35,0.00,False,False
veh1345,1234244927#1->1067928306#1,veh_passenger,9013.00,9638.00,625.00,1748.21,0.00,False,False
veh1395,490474063#4->1068144845#0,veh_passenger,9348.00,9655.00,307.00,1949.39,0.00,False,False
veh1375,-83428923#0->521701858-AddedOffRampEdge,veh_passenger,9214.00,9669.00,455.00,1305.82,0.00,False,False
veh1418,39920505#1->39921673#0,veh_passenger,9502.00,9669.00,167.00,1024.12,0.00,False,False
veh1309,-40140017#3->838061038,veh_passenger,8772.00,9678.00,906.00,1550.81,0.00,False,False
veh1238,-40138239#1->1297720376#0,veh_passenger,8296.00,9684.00,1388.00,2217.29,0.00,False,False
veh1374,39838691#0->509524230,veh_passenger,9207.00,9689.00,482.00,702.13,0.00,False,False
veh1417,-401226926#0->238219446#1,veh_passenger,9495.00,9691.00,196.00,962.11,0.00,False,False
veh1372,488788630#1->-39838630#3,veh_passenger,9194.00,9697.00,503.00,1847.27,0.00,False,False
veh1381,14924729#3->1231065652-AddedOnRampEdge,veh_passenger,9254.00,9699.00,445.00,3547.59,0.00,False,False
veh1392,1074409255#0->-573632774,veh_passenger,9328.00,9701.00,373.00,1997.27,0.00,False,False
veh1406,50323229#5->509646053#0,veh_passenger,9422.00,9721.00,299.00,1550.52,0.00,False,False
veh1419,10250021#2->1222703384#1,veh_passenger,9509.00,9732.00,223.00,955.04,0.00,False,False
veh1405,-1068916339->-450616334#0,veh_passenger,9415.00,9748.00,333.00,1397.94,0.00,False,False
veh1400,1226645409->39920505#5,veh_passenger,9381.00,9749.00,368.00,2887.78,0.00,False,False
veh1291,40115810#0->666886084#0,veh_passenger,8651.00,9755.00,1104.00,1909.03,0.00,False,False
veh1422,515136605->39920505#7,veh_passenger,9529.00,9755.00,226.00,2654.70,0.00,False,False
veh1355,-8887999#1->1297720367,veh_passenger,9080.00,9765.00,685.00,977.45,0.00,False,False
truck79,488788630#0->-449565665#1,truck_truck,9481.00,9769.00,288.00,1901.76,0.00,False,False
bus148,47088302#1->-147711065#0,bus_bus,8881.00,9770.00,889.00,1441.92,0.00,False,False
veh1445,-39838657#2->-838061037,veh_passenger,9683.00,9774.00,91.00,527.45,0.00,False,False
veh1385,1064476620#2->178441748#2,veh_passenger,9281.00,9777.00,496.00,2063.77,0.00,False,False
veh1420,-1068144845#4->47267010,veh_passenger,9515.00,9780.00,265.00,2190.69,0.00,False,False
bus132,40297715#2->160077493,bus_bus,7921.00,9788.00,1867.00,1750.08,0.00,False,False
veh1446,488788630#1->47087992#2,veh_passenger,9690.00,9796.00,106.00,488.99,0.00,False,False
veh1364,1323097575#0->513272950#0,veh_passenger,9140.00,9805.00,665.00,1429.48,0.00,False,False
veh1423,-687878722#0->488788636#0,veh_passenger,9536.00,9816.00,280.00,954.49,0.00,False,False
bus157,83428923#1->-40138633#3,bus_bus,9421.00,9823.00,402.00,1793.50,0.00,False,False
veh1274,15419906#1->39838751#2,veh_passenger,8537.00,9824.00,1287.00,1721.71,0.00,False,False
veh1342,-573632774->-1201484855,veh_passenger,8993.00,9828.00,835.00,2354.30,0.00,False,False
veh1335,1323097580#1->-1074409256#2,veh_passenger,8946.00,9831.00,885.00,1428.68,0.00,False,False
veh1421,47087992#0->-10628444#1,veh_passenger,9522.00,9844.00,322.00,2444.68,0.00,False,False
veh1432,39839521->511404874#0,veh_passenger,9596.00,9847.00,251.00,1221.00,0.00,False,False
veh1404,1368740247->-39838691#9,veh_passenger,9408.00,9848.00,440.00,2006.28,0.00,False,False
veh1452,1298335703->511405572,veh_passenger,9730.00,9848.00,118.00,917.29,0.00,False,False
veh1415,437445542->40036062#1,veh_passenger,9482.00,9849.00,367.00,3702.34,0.00,False,False
veh1464,39838751#1->-10628430,veh_passenger,9810.00,9849.00,39.00,364.15,0.00,False,False
veh1308,71269779->39920550#0,veh_passenger,8765.00,9852.00,1087.00,1279.80,0.00,False,False
veh1357,-1236283454->449565665#2,veh_passenger,9093.00,9852.00,759.00,1595.04,0.00,False,False
veh1462,47224972#0->1332638368#2,veh_passenger,9797.00,9856.00,59.00,1098.15,0.00,False,False
veh1433,515123438->1067953239#1,veh_passenger,9603.00,9859.00,256.00,2690.59,0.00,False,False
truck80,-1335304385->1236283454,truck_truck,9601.00,9863.00,262.00,771.72,0.00,False,False
bus142,-39921673#1->564273553#2,bus_bus,8521.00,9868.00,1347.00,1113.42,0.00,False,False
veh1360,838061037->24621218#3,veh_passenger,9113.00,9869.00,756.00,1926.76,0.00,False,False
veh1436,39920550#4->40035606#0,veh_passenger,9623.00,9870.00,247.00,773.33,0.00,False,False
veh1442,515130026#1->39921025#6,veh_passenger,9663.00,9875.00,212.00,2348.55,0.00,False,False
veh1361,178699054->509646057#1,veh_passenger,9120.00,9877.00,757.00,1057.51,0.00,False,False
veh1427,39921025#5->50323229#15,veh_passenger,9562.00,9877.00,315.00,1555.54,0.00,False,False
veh1441,40297715#0->-50323229#15,veh_passenger,9656.00,9881.00,225.00,1050.81,0.00,False,False
veh1454,-1260485930#1->515123442#2,veh_passenger,9743.00,9882.00,139.00,814.12,0.00,False,False
veh1303,71269779->11631594#3,veh_passenger,8732.00,9883.00,1151.00,1359.68,0.00,False,False
veh1430,39920505#1->39366819#1,veh_passenger,9582.00,9890.00,308.00,1441.91,0.00,False,False
veh1424,1068144845#4->83563455,veh_passenger,9542.00,9895.00,353.00,2781.37,0.00,False,False
veh1457,-1214520076->511187809,veh_passenger,9763.00,9895.00,132.00,184.76,0.00,False,False
veh1458,-39838751#2->-47224972#1,veh_passenger,9770.00,9903.00,133.00,576.73,0.00,False,False
veh1363,160077494->511405572,veh_passenger,9134.00,9906.00,772.00,2233.92,0.00,False,False
veh1249,975216740->-1074771160,veh_passenger,8370.00,9909.00,1539.00,759.15,0.00,False,False
veh1429,13909444#4->39920593#6,veh_passenger,9576.00,9917.00,341.00,2316.62,0.00,False,False
veh1425,39920011#0->1234244925#2,veh_passenger,9549.00,9924.00,375.00,2125.56,0.00,False,False
veh1338,-147711065#0->-474143552#3,veh_passenger,9818.00,9929.00,111.00,918.07,0.00,False,False
veh1437,40140141#6->39920550#5,veh_passenger,9629.00,9930.00,301.00,1763.61,0.00,False,False
veh1444,-428730807->-1335304385,veh_passenger,9676.00,9938.00,262.00,2584.59,0.00,False,False
veh1456,1204070281->1067953239#0,veh_passenger,9757.00,9941.00,184.00,1548.73,0.00,False,False
veh1449,1068144846#1->474143552#6,veh_passenger,9710.00,9943.00,233.00,2301.29,0.00,False,False
bus159,-147711065#1->1222181937,bus_bus,9541.00,9947.00,406.00,716.85,0.00,False,False
veh1386,1075505400#2->12247568#1,veh_passenger,9288.00,9948.00,660.00,1860.67,0.00,False,False
bus162,-515130026#1->40115810#0,bus_bus,9721.00,9986.00,265.00,1329.99,0.00,False,False
veh1438,1226645411->1211151635#1,veh_passenger,9636.00,10005.00,369.00,2633.21,0.00,False,False
veh1451,1067928306#0->511187808#2,veh_passenger,9723.00,10007.00,284.00,1155.02,0.00,False,False
veh1328,-147711065#0->1323097580#1,veh_passenger,9770.00,10008.00,238.00,1281.88,0.00,False,False
veh1459,1222703383->238219441#0,veh_passenger,9777.00,10008.00,231.00,869.29,0.00,False,False
veh1472,1068434235->509524229,veh_passenger,9864.00,10011.00,147.00,1042.70,0.00,False,False
veh1478,499566574#2->1067953239#0,veh_passenger,9904.00,10012.00,108.00,605.28,0.00,False,False
veh1401,499566574#2->437445541#2,veh_passenger,9388.00,10014.00,626.00,2991.31,0.00,False,False
bus165,40297715#3->39920550#4,bus_bus,9901.00,10015.00,114.00,290.50,0.00,False,False
veh1207,488788626#1->967993112#0,veh_passenger,8088.00,10020.00,1932.00,2401.37,0.00,False,False
veh1493,1196008692#1->178583167#0,veh_passenger,10005.00,10022.00,17.00,189.73,0.00,False,False
veh1471,11635095->-1067928307#2,veh_passenger,9857.00,10040.00,183.00,2246.44,0.00,False,False
bus163,-10250021#2->521713925,bus_bus,9781.00,10046.00,265.00,1184.60,0.00,False,False
veh1435,482569917#1->33683346#0,veh_passenger,9616.00,10047.00,431.00,3438.58,0.00,False,False
veh1467,1332638368#2->47087992#3,veh_passenger,9830.00,10050.00,220.00,1452.81,0.00,False,False
bus164,142741729#1->40139504#1,bus_bus,9841.00,10050.00,209.00,568.58,0.00,False,False
veh1461,1068434203->40140141#9,veh_passenger,9790.00,10051.00,261.00,1742.13,0.00,False,False
veh1408,521701860->40139504#1,veh_passenger,9435.00,10052.00,617.00,1470.60,0.00,False,False
veh1447,-428730813#1->40035325#1,veh_passenger,9696.00,10053.00,357.00,3155.07,0.00,False,False
veh1502,-47224972#0->-47224972#0,veh_passenger,10065.00,10066.00,1.00,5.85,0.00,False,False
veh1485,1214520076->-511187807,veh_passenger,9951.00,10072.00,121.00,289.43,0.00,False,False
veh1470,-1125986374->-47224972#0,veh_passenger,9850.00,10104.00,254.00,967.66,0.00,False,False
veh1500,40140141#2->-257421487#0,veh_passenger,10051.00,10111.00,60.00,609.40,0.00,False,False
veh1505,1335304375->-474143552#6,veh_passenger,10085.00,10145.00,60.00,493.31,0.00,False,False
veh1288,-40297715#2->335802664,veh_passenger,8631.00,10147.00,1516.00,1713.45,0.00,False,False
veh1272,10629474#1->-39838751#1,veh_passenger,8524.00,10155.00,1631.00,1085.79,0.00,False,False
truck83,967993112#1->-1335304386#0,truck_truck,9961.00,10181.00,220.00,1272.73,0.00,False,False
veh1253,-39920222->-1067928305#1,veh_passenger,8397.00,10195.00,1798.00,3383.90,0.00,False,False
veh1263,-1125986378#1->1290456019,veh_passenger,8464.00,10197.00,1733.00,1705.46,0.00,False,False
veh1431,1067953239#1->-178723097#0,veh_passenger,9589.00,10197.00,608.00,2387.55,0.00,False,False
veh1270,39838520#1->-654297632#2,veh_passenger,8510.00,10213.00,1703.00,1201.51,0.00,False,False
veh1513,-40297715#0->-1125986377#1,veh_passenger,10139.00,10214.00,75.00,842.63,0.00,False,False
veh1506,564273553#4->1074409232#1,veh_passenger,10092.00,10222.00,130.00,1418.28,0.00,False,False
veh1477,24577455#1->-40138239#2,veh_passenger,9897.00,10223.00,326.00,1512.89,0.00,False,False
veh1489,39920505#3->-1125986375#0,veh_passenger,9978.00,10223.00,245.00,1717.52,0.00,False,False
veh1271,178583167#1->-1226645410,veh_passenger,8517.00,10237.00,1720.00,2915.97,0.00,False,False
veh1508,515130026#1->509524271,veh_passenger,10105.00,10237.00,132.00,775.83,0.00,False,False
veh1483,1125986375#1->-437445540,veh_passenger,9938.00,10241.00,303.00,2740.84,0.00,False,False
veh1510,-1332638368#2->1421367508,veh_passenger,10118.00,10241.00,123.00,862.54,0.00,False,False
veh1443,1368740247-AddedOffRampEdge->509646063#1,veh_passenger,9670.00,10244.00,574.00,2144.77,0.00,False,False
veh1519,1125986374->1254816452,veh_passenger,10179.00,10274.00,95.00,508.07,0.00,False,False
veh1509,39920684#0->-40035325#2,veh_passenger,10112.00,10281.00,169.00,644.96,0.00,False,False
veh1490,513082623->-761486028#0,veh_passenger,9984.00,10285.00,301.00,3115.56,0.00,False,False
veh1496,1068074793->39920593#5,veh_passenger,10025.00,10291.00,266.00,1259.86,0.00,False,False
veh1488,-40138633#3->1125986385#0,veh_passenger,9971.00,10292.00,321.00,1768.18,0.00,False,False
truck84,1214520075->1074771170,truck_truck,10081.00,10294.00,213.00,983.71,0.00,False,False
veh1494,1322916760#1->-40035904#1,veh_passenger,10011.00,10310.00,299.00,2643.49,0.00,False,False
veh1370,449565665#1->-40139504#1,veh_passenger,9180.00,10313.00,1133.00,1106.25,0.00,False,False
veh1487,413789558#1->24621218#3,veh_passenger,9964.00,10316.00,352.00,2775.29,0.00,False,False
bus166,1074409255#2->-1254633077#1,bus_bus,9961.00,10319.00,358.00,1402.44,0.00,False,False
veh1525,475044040#4->-238219449,veh_passenger,10222.00,10321.00,99.00,484.27,0.00,False,False
veh1511,40140141#9->-142741729#1,veh_passenger,10125.00,10324.00,199.00,1314.63,0.00,False,False
veh1306,-39838751#1->-40036009#3,veh_passenger,8752.00,10329.00,1577.00,1950.13,0.00,False,False
veh1523,1207401652#2->511187808#1,veh_passenger,10206.00,10331.00,125.00,769.69,0.00,False,False
veh1515,1068434199->437445539#1,veh_passenger,10152.00,10342.00,190.00,2005.91,0.00,False,False
veh1522,-428730813#1->1214520075,veh_passenger,10199.00,10353.00,154.00,1735.43,0.00,False,False
veh1504,1067928306#2->-1125986377#1,veh_passenger,10078.00,10365.00,287.00,1296.18,0.00,False,False
veh1521,-1335304371->49224804#1,veh_passenger,10192.00,10376.00,184.00,1189.78,0.00,False,False
veh1497,39920550#6->10250021#4,veh_passenger,10031.00,10377.00,346.00,1405.99,0.00,False,False
veh1279,-50323229#10->515126384,veh_passenger,8571.00,10379.00,1808.00,3152.11,0.00,False,False
veh1499,50323229#15->-14924729#1,veh_passenger,10045.00,10387.00,342.00,2263.57,0.00,False,False
veh1527,654297632#2->-40109239,veh_passenger,10232.00,10387.00,155.00,950.94,0.00,False,False
veh1491,39920505#7->-1068144845#4,veh_passenger,9991.00,10413.00,422.00,2211.97,0.00,False,False
veh1516,-1335304373#1->465144361,veh_passenger,10159.00,10413.00,254.00,526.49,0.00,False,False
veh1319,-40138633#1->515040940#0,veh_passenger,8839.00,10423.00,1584.00,1925.59,0.00,False,False
veh1428,1214520073#1->-147711065#0,veh_passenger,9569.00,10433.00,864.00,505.97,0.00,False,False
veh1531,1125986375#0->-1068916338,veh_passenger,10259.00,10451.00,192.00,926.02,0.00,False,False
veh1426,-654530820#1->1297720376#1,veh_passenger,9556.00,10453.00,897.00,2514.49,0.00,False,False
veh1542,-1335304373#2->39920593#5,veh_passenger,10333.00,10457.00,124.00,626.50,0.00,False,False
truck85,511187811->-654297635#1,truck_truck,10201.00,10460.00,259.00,1071.66,0.00,False,False
veh1498,33683346#1->-39838751#1,veh_passenger,10038.00,10466.00,428.00,1988.61,0.00,False,False
veh1524,479863106#0->39920505#9,veh_passenger,10212.00,10466.00,254.00,1160.69,0.00,False,False
veh1484,654297637#2->521705694#1,veh_passenger,9944.00,10469.00,525.00,1535.28,0.00,False,False
veh1468,-1327579142->39838520#0,veh_passenger,9837.00,10472.00,635.00,1739.84,0.00,False,False
bus170,10628442#1->1196008691#1,bus_bus,10201.00,10472.00,271.00,1545.82,0.00,False,False
veh1479,1067852461->422842976,veh_passenger,9911.00,10484.00,573.00,1181.08,0.00,False,False
veh1495,40036062#1->39838751#1,veh_passenger,10018.00,10485.00,467.00,1628.05,0.00,False,False
veh1518,39920550#8->-40138633#2,veh_passenger,10172.00,10486.00,314.00,1444.44,0.00,False,False
veh1512,1292568612->-1338361263,veh_passenger,10132.00,10487.00,355.00,1358.97,0.00,False,False
veh1538,47087992#0->240666069#2,veh_passenger,10306.00,10489.00,183.00,2242.99,0.00,False,False
veh1304,654297632#0->1214520073#1,veh_passenger,8738.00,10490.00,1752.00,1124.35,0.00,False,False
veh1460,515130026#1->1290439817#0,veh_passenger,9783.00,10493.00,710.00,1566.46,0.00,False,False
veh1503,-47267007#2->40138941#2,veh_passenger,10072.00,10493.00,421.00,4191.65,0.00,False,False
veh1440,238219441#0->-449565665#0,veh_passenger,9649.00,10496.00,847.00,993.83,0.00,False,False
veh1529,482569917#0->39921673#1,veh_passenger,10246.00,10496.00,250.00,2225.72,0.00,False,False
truck75,-653860562->39921025#2,truck_truck,9001.00,10497.00,1496.00,1130.95,0.00,False,False
veh1507,-10250021#3->39921025#5,veh_passenger,10098.00,10501.00,403.00,1632.96,0.00,False,False
veh1324,-761486028#0->-178723097#0,veh_passenger,8872.00,10502.00,1630.00,1084.41,0.00,False,False
veh1486,40297715#1->-39838691#2,veh_passenger,9958.00,10503.00,545.00,1596.23,0.00,False,False
truck78,1298335705->474143552#1,truck_truck,9361.00,10511.00,1150.00,1734.08,0.00,False,False
veh1475,40036009#2->1075505400#2,veh_passenger,9884.00,10517.00,633.00,2486.50,0.00,False,False
veh1528,1226645408->24621218#4,veh_passenger,10239.00,10517.00,278.00,2937.30,0.00,False,False
veh1348,-40139708->1067928305#0,veh_passenger,9033.00,10519.00,1486.00,3418.26,0.00,False,False
veh1362,490474063#6->1231065652,veh_passenger,9127.00,10524.00,1397.00,2318.95,0.00,False,False
veh1555,1260485929#1->511187815,veh_passenger,10420.00,10526.00,106.00,415.38,0.00,False,False
veh1530,-428730807->1196008691#1,veh_passenger,10252.00,10540.00,288.00,2731.43,0.00,False,False
veh1566,40140141#0->-240666072#1,veh_passenger,10494.00,10551.00,57.00,654.14,0.00,False,False
veh1563,-50323229#2->1273251150#1,veh_passenger,10474.00,10555.00,81.00,346.03,0.00,False,False
veh1537,40138239#2->39921673#0,veh_passenger,10299.00,10559.00,260.00,1653.15,0.00,False,False
bus168,10629474#1->509646057#0,bus_bus,10081.00,10563.00,482.00,868.96,0.00,False,False
veh1480,257421487#0->1074771163#1,veh_passenger,9917.00,10571.00,654.00,1816.55,0.00,False,False
veh1482,1075505400#0->515130027,veh_passenger,9931.00,10571.00,640.00,2038.50,0.00,False,False
bus169,40138239#2->-985133430,bus_bus,10141.00,10572.00,431.00,1770.13,0.00,False,False
veh1547,39920011#1->-40036009#2,veh_passenger,10366.00,10577.00,211.00,1323.53,0.00,False,False
bus171,11635095->-9374529#1,bus_bus,10261.00,10579.00,318.00,3211.46,0.00,False,False
veh1540,39920684#1->1074771163#1-AddedOffRampEdge,veh_passenger,10319.00,10584.00,265.00,1692.93,0.00,False,False
veh1557,1335304376#1->39920550#2,veh_passenger,10433.00,10584.00,151.00,852.32,0.00,False,False
veh1548,509646059->511187808#3,veh_passenger,10373.00,10587.00,214.00,554.79,0.00,False,False
veh1534,521704040->-238219449,veh_passenger,10279.00,10595.00,316.00,1854.62,0.00,False,False
veh1545,509524228->178702248,veh_passenger,10353.00,10595.00,242.00,1877.49,0.00,False,False
veh1532,39921673#1->509646054,veh_passenger,10266.00,10596.00,330.00,773.31,0.00,False,False
veh1536,-856175964->1068434200#1,veh_passenger,10293.00,10608.00,315.00,755.88,0.00,False,False
veh1574,381945551->-428730813#3,veh_passenger,10547.00,10609.00,62.00,631.55,0.00,False,False
veh1373,1237953497->9833223-AddedOnRampEdge,veh_passenger,9201.00,10623.00,1422.00,2709.30,0.00,False,False
veh1546,9704194#1->-1214520079,veh_passenger,10360.00,10627.00,267.00,899.34,0.00,False,False
veh1552,-50323229#2->39920505#13,veh_passenger,10400.00,10627.00,227.00,1110.90,0.00,False,False
veh1553,1214520076->-564273553#1,veh_passenger,10407.00,10629.00,222.00,935.45,0.00,False,False
veh1541,150928465->40138633#1,veh_passenger,10326.00,10630.00,304.00,1664.55,0.00,False,False
veh1560,39838520#0->1068144845#2,veh_passenger,10453.00,10642.00,189.00,1812.59,0.00,False,False
truck87,1231065653->10628444#2,truck_truck,10441.00,10650.00,209.00,1026.50,0.00,False,False
veh1573,40140141#6->-169562956,veh_passenger,10541.00,10650.00,109.00,687.13,0.00,False,False
bus175,1214520075->178702251,bus_bus,10501.00,10654.00,153.00,2262.59,0.00,False,False
veh1562,1125986379#0->-1214520076,veh_passenger,10467.00,10670.00,203.00,702.31,0.00,False,False
veh1379,1273405490->513082635#1,veh_passenger,9241.00,10673.00,1432.00,2037.09,0.00,False,False
veh1575,564273553#0->1214520070,veh_passenger,10554.00,10678.00,124.00,884.21,0.00,False,False
veh1544,39921025#3->1207401652#2,veh_passenger,10346.00,10683.00,337.00,1966.84,0.00,False,False
veh1572,-39920593#0->40297647#1,veh_passenger,10534.00,10683.00,149.00,862.95,0.00,False,False
veh1514,1064476625->488788630#1,veh_passenger,10145.00,10684.00,539.00,2720.97,0.00,False,False
veh1587,240666069#0->428730800,veh_passenger,10634.00,10688.00,54.00,565.24,0.00,False,False
veh1455,1335304386#1->511409187,veh_passenger,9750.00,10705.00,955.00,823.86,0.00,False,False
veh1582,-39838691#8->1337115429,veh_passenger,10601.00,10731.00,130.00,789.42,0.00,False,False
bus176,1260485929#1->515126385#0,bus_bus,10561.00,10734.00,173.00,1082.70,0.00,False,False
veh1558,178699058->-1015424648,veh_passenger,10440.00,10740.00,300.00,2377.45,0.00,False,False
veh1579,509524227#0->24621218#1,veh_passenger,10581.00,10742.00,161.00,1850.14,0.00,False,False
veh1543,-654297635#1->1100626087,veh_passenger,10340.00,10747.00,407.00,1560.19,0.00,False,False
veh1353,-437445539#0->515040940#0,veh_passenger,9067.00,10767.00,1700.00,2083.81,0.00,False,False
veh1554,1278784167#0->488788630#0,veh_passenger,10413.00,10771.00,358.00,2695.82,0.00,False,False
veh1591,761486028#0->856175964,veh_passenger,10661.00,10774.00,113.00,396.85,0.00,False,False
veh1559,-1332638391#0->33683458#2,veh_passenger,10447.00,10779.00,332.00,1632.12,0.00,False,False
veh1556,1260485929#0->-33683346#1,veh_passenger,10427.00,10781.00,354.00,1860.44,0.00,False,False
bus174,-1015424648->-761486028#1,bus_bus,10441.00,10781.00,340.00,1960.46,0.00,False,False
veh1569,761486028#1->1067928305#0,veh_passenger,10514.00,10789.00,275.00,2275.93,0.00,False,False
veh1481,513272950#1->9832326#1,veh_passenger,9924.00,10800.00,876.00,1357.15,0.00,False,False
veh1588,-39838657#3->1211151635#0,veh_passenger,10641.00,10811.00,170.00,727.11,0.00,False,False
veh1549,511404875->-1273251150#1,veh_passenger,10380.00,10812.00,432.00,3500.36,0.00,False,False
veh1586,521704042#0->-40297715#0,veh_passenger,10628.00,10812.00,184.00,1489.35,0.00,False,False
veh1410,-39838530->-1074409256#2,veh_passenger,10711.00,10829.00,118.00,224.91,0.00,False,False
veh1561,13909444#0->-474143552#4,veh_passenger,10460.00,10830.00,370.00,1559.93,0.00,False,False
veh1565,1298335705->39920550#7,veh_passenger,10487.00,10843.00,356.00,1595.77,0.00,False,False
veh1533,856175964->-39838691#10,veh_passenger,10273.00,10845.00,572.00,981.90,0.00,False,False
truck89,1255099069->511404873#1,truck_truck,10681.00,10845.00,164.00,1063.82,0.00,False,False
truck82,40297885#1->39921025#8,truck_truck,9841.00,10851.00,1010.00,1972.79,0.00,False,False
bus180,488788630#2->437445539#0,bus_bus,10801.00,10858.00,57.00,514.44,0.00,False,False
veh1359,1075505400#2->178583148#2-AddedOnRampEdge,veh_passenger,9107.00,10864.00,1757.00,1555.71,0.00,False,False
veh1596,40139504#1->654297630,veh_passenger,10695.00,10864.00,169.00,710.52,0.00,False,False
truck88,-654297637#0->538432099,truck_truck,10561.00,10881.00,320.00,1569.77,0.00,False,False
veh1564,178702243#1-AddedOnRampEdge->39838657#0,veh_passenger,10480.00,10886.00,406.00,3073.46,0.00,False,False
veh1615,428730800->511404880#0,veh_passenger,10822.00,10893.00,71.00,693.44,0.00,False,False
bus172,-33683346#2->1214520068,bus_bus,10321.00,10895.00,574.00,2179.72,0.00,False,False
bus156,654297629#1->-178702258#1,bus_bus,9361.00,10902.00,1541.00,984.73,0.00,False,False
veh1369,39838520#2->-33683458#0,veh_passenger,9174.00,10914.00,1740.00,1915.18,0.00,False,False
veh1597,39838691#8->-47267007#0,veh_passenger,10701.00,10920.00,219.00,1240.57,0.00,False,False
veh1403,-40109290#0->1068144849#2,veh_passenger,9402.00,10924.00,1522.00,4110.72,0.00,False,False
bus178,-1290439818->1335304373#1,bus_bus,10681.00,10927.00,246.00,949.70,0.00,False,False
veh1439,-1100626088->40140017#3,veh_passenger,9643.00,10928.00,1285.00,927.06,0.00,False,False
veh1583,15420537#1->-116831467,veh_passenger,10608.00,10930.00,322.00,2794.99,0.00,False,False
veh1414,-401226926#1->515126304,veh_passenger,9475.00,10942.00,1467.00,3009.66,0.00,False,False
veh1339,-449565665#1->40138239#1,veh_passenger,8973.00,10945.00,1972.00,2224.95,0.00,False,False
veh1604,39920593#4->1231065643,veh_passenger,10748.00,10947.00,199.00,1415.05,0.00,False,False
truck77,654297629#0->238219446#0,truck_truck,9241.00,10950.00,1709.00,1285.63,0.00,False,False
veh1610,1064476620#3->-654297637#1,veh_passenger,10788.00,10950.00,162.00,546.13,0.00,False,False
veh1605,437445541#0->509646057#2,veh_passenger,10755.00,10962.00,207.00,1910.50,0.00,False,False
veh1576,1273251151->47267011#1,veh_passenger,10561.00,10975.00,414.00,2309.88,0.00,False,False
veh1570,14924729#2->40138941#1,veh_passenger,10520.00,10984.00,464.00,2768.38,0.00,False,False
veh1581,39920550#13->687878725,veh_passenger,10594.00,10994.00,400.00,2334.50,0.00,False,False
veh1600,967985512->39920550#1,veh_passenger,10721.00,10997.00,276.00,1534.54,0.00,False,False
veh1526,40109239->-12247568#1,veh_passenger,10226.00,10998.00,772.00,3414.43,0.00,False,False
veh1589,1337646274->1207401652#1,veh_passenger,10648.00,11004.00,356.00,3835.93,0.00,False,False
veh1585,1324405511->13909444#4,veh_passenger,10621.00,11011.00,390.00,2082.81,0.00,False,False
veh1601,68574206->1338361263,veh_passenger,10728.00,11011.00,283.00,2253.05,0.00,False,False
veh1463,39838691#6->-40297715#0,veh_passenger,9804.00,11023.00,1219.00,1614.14,0.00,False,False
truck90,178583167#1->-1204070283#1,truck_truck,10801.00,11026.00,225.00,992.31,0.00,False,False
veh1580,47087993#1->1260485932,veh_passenger,10587.00,11037.00,450.00,3184.43,0.00,False,False
veh1434,-40035606#0->47087992#5,veh_passenger,9609.00,11047.00,1438.00,3121.50,0.00,False,False
veh1609,439836128#0->-40109290#1,veh_passenger,10782.00,11055.00,273.00,2404.24,0.00,False,False
veh1621,8887999#0->1068434199,veh_passenger,10862.00,11057.00,195.00,1106.13,0.00,False,False
bus177,47267007#1->-40109290#4,bus_bus,10621.00,11063.00,442.00,4121.93,0.00,False,False
veh1608,39920684#2->-47224972#0,veh_passenger,10775.00,11067.00,292.00,1057.88,0.00,False,False
veh1409,10628430->50323229#14,veh_passenger,9442.00,11076.00,1634.00,1890.12,0.00,False,False
truck81,1234244925#0->1298335702,truck_truck,9721.00,11076.00,1355.00,1576.70,0.00,False,False
veh1617,-573632774->474143552#1,veh_passenger,10835.00,11079.00,244.00,1710.38,0.00,False,False
veh1616,428730813#2->178702251-AddedOffRampEdge,veh_passenger,10829.00,11087.00,258.00,3103.84,0.00,False,False
veh1613,-10748036->49224804#0,veh_passenger,10809.00,11089.00,280.00,1582.19,0.00,False,False
veh1602,40036062#0->1068434236,veh_passenger,10735.00,11097.00,362.00,1769.85,0.00,False,False
veh1594,437445541#1->1067953239#1,veh_passenger,10681.00,11112.00,431.00,4239.55,0.00,False,False
veh1607,-1068144849#1->-39921531,veh_passenger,10768.00,11113.00,345.00,2798.32,0.00,False,False
veh1631,-687878725->1074409232#1,veh_passenger,10929.00,11120.00,191.00,2381.02,0.00,False,False
veh1612,1067928306#2->450616334#0,veh_passenger,10802.00,11126.00,324.00,1600.14,0.00,False,False
veh1649,39763700#0->39838657#2,veh_passenger,11050.00,11137.00,87.00,790.81,0.00,False,False
veh1640,1337646276->1226645410,veh_passenger,10989.00,11164.00,175.00,754.64,0.00,False,False
bus181,39920550#11->-488788637#0,bus_bus,10861.00,11175.00,314.00,1218.94,0.00,False,False
veh1625,40138239#2->39920505#8,veh_passenger,10889.00,11175.00,286.00,1469.09,0.00,False,False
veh1606,1064476620#2->509647506,veh_passenger,10762.00,11180.00,418.00,1217.91,0.00,False,False
veh1603,1323097579#1->238219441#2,veh_passenger,10742.00,11184.00,442.00,1991.80,0.00,False,False
veh1647,-10628444#1->39921025#1,veh_passenger,11036.00,11185.00,149.00,667.17,0.00,False,False
veh1412,-405382146#0->513082627,veh_passenger,9462.00,11187.00,1725.00,2114.63,0.00,False,False
veh1550,1332638391#2->-654297629#3,veh_passenger,10386.00,11190.00,804.00,1394.69,0.00,False,False
veh1637,1125986374->474143552#0,veh_passenger,10969.00,11200.00,231.00,1784.60,0.00,False,False
veh1629,1421367508->11635146#0-AddedOffRampEdge,veh_passenger,10916.00,11201.00,285.00,1850.94,0.00,False,False
veh1655,1260481153->-1125986385#0,veh_passenger,11090.00,11216.00,126.00,599.38,0.00,False,False
veh1641,160078084-AddedOnRampEdge->-1332638391#1,veh_passenger,10996.00,11222.00,226.00,2034.10,0.00,False,False
veh1466,-40138633#2->47087992#4,veh_passenger,9824.00,11223.00,1399.00,3634.83,0.00,False,False
veh1611,509524228->40109290#1,veh_passenger,10795.00,11227.00,432.00,3404.39,0.00,False,False
bus187,428730793#0->460316444,bus_bus,11221.00,11242.00,21.00,181.64,0.00,False,False
veh1416,1064476620#0->12090453#1,veh_passenger,9489.00,11243.00,1754.00,3589.41,0.00,False,False
veh1639,-428730813#2->-1260481154,veh_passenger,10983.00,11255.00,272.00,2127.39,0.00,False,False
veh1624,50323229#14->521701859,veh_passenger,10882.00,11261.00,379.00,1995.56,0.00,False,False
bus183,-515123442#0->1260485931#0,bus_bus,10981.00,11267.00,286.00,1403.99,0.00,False,False
veh1664,8887999#1->47225638#0,veh_passenger,11150.00,11268.00,118.00,957.11,0.00,False,False
veh1656,515124966->-450616334#0,veh_passenger,11097.00,11276.00,179.00,1136.71,0.00,False,False
veh1646,499566574#1->967985513#3,veh_passenger,11030.00,11282.00,252.00,1597.77,0.00,False,False
veh1632,40138941#1->-40035992,veh_passenger,10936.00,11284.00,348.00,1572.87,0.00,False,False
veh1645,15420537#1->9833223,veh_passenger,11023.00,11289.00,266.00,2275.88,0.00,False,False
veh1595,40115810#1->511404873#1,veh_passenger,10688.00,11299.00,611.00,2746.02,0.00,False,False
veh1578,12262310#0-AddedOffRampEdge->564273553#2,veh_passenger,10574.00,11302.00,728.00,2597.39,0.00,False,False
veh1626,761486028#1->1067928306#0,veh_passenger,10896.00,11304.00,408.00,1964.37,0.00,False,False
veh1628,-437445542->-40140017#0,veh_passenger,10909.00,11304.00,395.00,2676.14,0.00,False,False
veh1620,12090453#1->71269779,veh_passenger,10855.00,11326.00,471.00,1136.62,0.00,False,False
veh1622,178699051#0->-1067928305#2,veh_passenger,10869.00,11340.00,471.00,1925.32,0.00,False,False
veh1633,-40036009#0->1068434236,veh_passenger,10943.00,11344.00,401.00,1991.68,0.00,False,False
veh1492,40035904#0->1226645411,veh_passenger,9998.00,11353.00,1355.00,3220.30,0.00,False,False
veh1648,1260481154->515136603,veh_passenger,11043.00,11357.00,314.00,1771.37,0.00,False,False
veh1636,1332638391#1->238219449,veh_passenger,10963.00,11358.00,395.00,2091.72,0.00,False,False
veh1693,-40109290#3->-50323229#13,veh_passenger,11345.00,11358.00,13.00,53.08,0.00,False,False
veh1520,39838530->513082641#2-AddedOnRampEdge,veh_passenger,10806.00,11368.00,562.00,1602.90,0.00,False,False
veh1660,-1254816454->39921025#3,veh_passenger,11123.00,11372.00,249.00,792.25,0.00,False,False
veh1618,478286980#0->1064476620#3,veh_passenger,10842.00,11377.00,535.00,2168.47,0.00,False,False
veh1652,178583140#0->1064398309#1,veh_passenger,11070.00,11378.00,308.00,1567.28,0.00,False,False
veh1592,1272337498#0->-39838691#6,veh_passenger,10668.00,11381.00,713.00,2093.56,0.00,False,False
veh1619,39920593#0->564273553#2,veh_passenger,10849.00,11391.00,542.00,1815.19,0.00,False,False
veh1627,-405382146#0->40035606#2,veh_passenger,10902.00,11406.00,504.00,2441.60,0.00,False,False
bus185,-437445539#1->40035606#1,bus_bus,11101.00,11409.00,308.00,3746.79,0.00,False,False
bus186,1298335702->-515040940#0,bus_bus,11161.00,11413.00,252.00,1156.53,0.00,False,False
veh1653,515136605->50323229#11,veh_passenger,11077.00,11439.00,362.00,3401.60,0.00,False,False
veh1670,238219446#0->-509646056,veh_passenger,11190.00,11448.00,258.00,1073.15,0.00,False,False
veh1698,1290439818->178699051#1,veh_passenger,11378.00,11455.00,77.00,594.25,0.00,False,False
veh1699,1067852461->-1255099069,veh_passenger,11385.00,11461.00,76.00,590.16,0.00,False,False
bus167,39920505#12->1067928307#2,bus_bus,10021.00,11465.00,1444.00,3345.24,0.00,False,False
veh1651,654297635#1->12090453#0,veh_passenger,11063.00,11465.00,402.00,1641.09,0.00,False,False
veh1654,11635146#0->488788633#0,veh_passenger,11083.00,11465.00,382.00,2413.20,0.00,False,False
veh1665,39920505#0->654297635#0,veh_passenger,11157.00,11475.00,318.00,1312.07,0.00,False,False
veh1659,178441748#0->-10628442#3,veh_passenger,11117.00,11480.00,363.00,1436.27,0.00,False,False
truck93,509646059->-40138239#1,truck_truck,11161.00,11486.00,325.00,1999.34,0.00,False,False
veh1668,-1327579142->-1214520076,veh_passenger,11177.00,11492.00,315.00,1625.13,0.00,False,False
veh1667,1278784167#0->1074409255#0,veh_passenger,11170.00,11496.00,326.00,1929.54,0.00,False,False
veh1599,1100626087->39921025#6,veh_passenger,10715.00,11500.00,785.00,1147.35,0.00,False,False
veh1638,1068434205->-50323229#10,veh_passenger,10976.00,11502.00,526.00,2023.02,0.00,False,False
veh1650,687878722#0->40035606#2,veh_passenger,11056.00,11502.00,446.00,2777.95,0.00,False,False
bus184,509524271->-1255099069,bus_bus,11041.00,11509.00,468.00,926.96,0.00,False,False
veh1691,437445541#1->515130028#1-AddedOnRampEdge,veh_passenger,11331.00,11515.00,184.00,1240.87,0.00,False,False
veh1696,509646144->511187808#2,veh_passenger,11365.00,11522.00,157.00,527.92,0.00,False,False
veh1677,-169562956->474143552#4,veh_passenger,11237.00,11527.00,290.00,1580.85,0.00,False,False
veh1642,-50323229#14->-488788633#0,veh_passenger,11003.00,11538.00,535.00,3245.73,0.00,False,False
veh1568,10748045#2->509524225,veh_passenger,10507.00,11539.00,1032.00,2939.01,0.00,False,False
veh1688,-39366819#1->-10628442#0,veh_passenger,11311.00,11541.00,230.00,1076.83,0.00,False,False
truck95,1214520074#5->-12247568#1,truck_truck,11401.00,11542.00,141.00,1159.71,0.00,False,False
veh1675,24576922#0->40138633#2,veh_passenger,11224.00,11552.00,328.00,2239.07,0.00,False,False
veh1686,11635095->666886085#1,veh_passenger,11298.00,11554.00,256.00,2948.95,0.00,False,False
veh1666,437445540->-40035904#1,veh_passenger,11164.00,11556.00,392.00,3628.43,0.00,False,False
veh1501,-24576913#0->-14924729#3,veh_passenger,10058.00,11559.00,1501.00,1478.48,0.00,False,False
veh1661,47087993#3->511404880#0,veh_passenger,11130.00,11559.00,429.00,1850.76,0.00,False,False
veh1695,-428730807->488788626#3,veh_passenger,11358.00,11560.00,202.00,2609.08,0.00,False,False
veh1679,47087366#0->1254816452,veh_passenger,11251.00,11565.00,314.00,3186.85,0.00,False,False
veh1673,-1068144844->39921025#8,veh_passenger,11211.00,11570.00,359.00,3379.66,0.00,False,False
veh1687,178699054->178702239#0,veh_passenger,11304.00,11574.00,270.00,3102.33,0.00,False,False
veh1663,169562956->40138941#1,veh_passenger,11144.00,11578.00,434.00,2288.70,0.00,False,False
veh1681,1322916760#1->169562956,veh_passenger,11264.00,11579.00,315.00,1948.82,0.00,False,False
veh1680,1214520071->39920593#4,veh_passenger,11257.00,11581.00,324.00,1618.55,0.00,False,False
veh1614,-147711065#1->511409188#0,veh_passenger,10815.00,11608.00,793.00,459.23,0.00,False,False
veh1690,654297637#1->1068144845#2,veh_passenger,11324.00,11623.00,299.00,2103.79,0.00,False,False
veh1706,178702258#0->1125986378#1,veh_passenger,11432.00,11624.00,192.00,696.11,0.00,False,False
bus188,-142741729#1->1214520074#1,bus_bus,11281.00,11625.00,344.00,1446.85,0.00,False,False
veh1402,450616334#0->511409187,veh_passenger,9395.00,11634.00,2239.00,971.78,0.00,False,False
bus191,-515126384->509646057#0,bus_bus,11461.00,11637.00,176.00,1151.87,0.00,False,False
bus182,-449565665#2->-1068144849#0,bus_bus,10921.00,11638.00,717.00,2438.35,0.00,False,False
veh1708,-10628442#0->-654297632#2,veh_passenger,11445.00,11642.00,197.00,657.59,0.00,False,False
veh1712,1125986375#0->1068144845#3,veh_passenger,11472.00,11648.00,176.00,1848.72,0.00,False,False
veh1662,1234244925#0->-147711065#2,veh_passenger,11137.00,11656.00,519.00,578.04,0.00,False,False
veh1719,240666072#0->1222181935,veh_passenger,11519.00,11657.00,138.00,1154.49,0.00,False,False
veh1450,1074409255#0->-856175964,veh_passenger,9716.00,11663.00,1947.00,1640.15,0.00,False,False
bus192,1235501861#2->475044040#3,bus_bus,11521.00,11674.00,153.00,823.92,0.00,False,False
veh1711,-39838691#8->428730813#1,veh_passenger,11465.00,11682.00,217.00,1724.44,0.00,False,False
bus161,24576922#2->1332638391#0,bus_bus,9661.00,11704.00,2043.00,1225.70,0.00,False,False
veh1658,-40138633#1->687878725,veh_passenger,11110.00,11707.00,597.00,3355.03,0.00,False,False
veh1671,-83428923#1->1211151635#1,veh_passenger,11197.00,11714.00,517.00,1623.41,0.00,False,False
veh1453,24576913#0->666886081,veh_passenger,9737.00,11723.00,1986.00,1058.31,0.00,False,False
veh1723,47087993#6->1125986379#1,veh_passenger,11546.00,11735.00,189.00,1670.33,0.00,False,False
veh1710,1254633077#0->509646057#0,veh_passenger,11458.00,11743.00,285.00,1708.10,0.00,False,False
veh1720,24577522#0->515136607,veh_passenger,11525.00,11744.00,219.00,2592.26,0.00,False,False
veh1577,40140141#1->-178723097#0,veh_passenger,10567.00,11746.00,1179.00,1887.36,0.00,False,False
truck96,-900279886->474143552#0,truck_truck,11521.00,11748.00,227.00,878.05,0.00,False,False
veh1682,-39838751#1->1211151640,veh_passenger,11271.00,11750.00,479.00,1247.70,0.00,False,False
veh1644,-50323229#0->449565665#3,veh_passenger,11017.00,11757.00,740.00,1840.47,0.00,False,False
veh1669,475044040#0->178702248,veh_passenger,11184.00,11758.00,574.00,3923.87,0.00,False,False
veh1756,1323097580#0->1323097580#0,veh_passenger,11767.00,11774.00,7.00,49.61,0.00,False,False
veh1707,1068434203->1235501861#2,veh_passenger,11438.00,11775.00,337.00,1779.15,0.00,False,False
veh1752,-488788630#1->-428730813#3,veh_passenger,11740.00,11790.00,50.00,459.46,0.00,False,False
veh1634,-1204070283#1->654297629#2,veh_passenger,10949.00,11805.00,856.00,701.73,0.00,False,False
veh1721,178699049->178583153-AddedOnRampEdge,veh_passenger,11532.00,11807.00,275.00,4114.60,0.00,False,False
veh1742,14924729#2->509524224,veh_passenger,11673.00,11813.00,140.00,1040.87,0.00,False,False
bus190,1335304374->-1131969257,bus_bus,11403.00,11818.00,415.00,1368.30,0.00,False,False
veh1623,-654297637#2->39838657#1,veh_passenger,10876.00,11824.00,948.00,1553.84,0.00,False,False
veh1740,-1125986406#0->967985513#2,veh_passenger,11659.00,11824.00,165.00,1175.09,0.00,False,False
veh1517,-1125986386->511187808#3,veh_passenger,10165.00,11828.00,1663.00,695.04,0.00,False,False
veh1736,-1237953494->1125986406#0,veh_passenger,11633.00,11846.00,213.00,887.95,0.00,False,False
veh1715,511187808#3->-39920593#0,veh_passenger,11492.00,11847.00,355.00,1900.15,0.00,False,False
truck92,83428923#1->564273553#2,truck_truck,11041.00,11849.00,808.00,1249.33,0.00,False,False
veh1701,1327579142->1074409232#1,veh_passenger,11398.00,11850.00,452.00,2311.92,0.00,False,False
veh1731,1260481154->-40297715#3,veh_passenger,11599.00,11851.00,252.00,1422.63,0.00,False,False
veh1734,1324405519->1125986373#3,veh_passenger,11619.00,11851.00,232.00,1843.61,0.00,False,False
veh1738,515130028#0->1125986375#1,veh_passenger,11646.00,11851.00,205.00,2014.41,0.00,False,False
veh1725,413789558#0->1064476624,veh_passenger,11559.00,11853.00,294.00,3055.49,0.00,False,False
veh1730,-40138239#3->142741729#1,veh_passenger,11592.00,11855.00,263.00,1450.48,0.00,False,False
veh1678,1068074793->-1326094888,veh_passenger,11244.00,11862.00,618.00,3033.73,0.00,False,False
veh1737,-1125986379#0->-474143552#4,veh_passenger,11639.00,11864.00,225.00,965.26,0.00,False,False
veh1726,1292568612->13909444#7,veh_passenger,11566.00,11874.00,308.00,2917.13,0.00,False,False
veh1465,10628430->47087366#2,veh_passenger,9817.00,11877.00,2060.00,1691.34,0.00,False,False
truck97,1272548721->1234244925#1,truck_truck,11641.00,11881.00,240.00,1423.48,0.00,False,False
veh1732,654530820#0->39920593#2,veh_passenger,11606.00,11892.00,286.00,3597.47,0.00,False,False
veh1684,39921025#5->521704036,veh_passenger,11284.00,11899.00,615.00,2517.69,0.00,False,False
veh1700,-1335304386#1->413789558#1,veh_passenger,11391.00,11899.00,508.00,2534.36,0.00,False,False
veh1714,33683346#2->509646057#2,veh_passenger,11485.00,11905.00,420.00,1875.12,0.00,False,False
veh1694,50323229#9->-451728952#1,veh_passenger,11351.00,11924.00,573.00,3306.46,0.00,False,False
veh1705,1068144845#4->24577455#2,veh_passenger,11425.00,11938.00,513.00,2888.06,0.00,False,False
veh1739,1297720376#1->1273251151,veh_passenger,11653.00,11946.00,293.00,1308.44,0.00,False,False
veh1753,1125986378#0->40297647#2,veh_passenger,11747.00,11946.00,199.00,1383.03,0.00,False,False
veh1717,-1273251152->-1068144845#3,veh_passenger,11505.00,11950.00,445.00,2708.70,0.00,False,False
bus189,-40138633#1->687878725,bus_bus,11341.00,11964.00,623.00,2992.37,0.00,False,False
veh1776,-33683346#0->1326193809,veh_passenger,11901.00,11966.00,65.00,470.56,0.00,False,False
veh1657,1421367508->666886084#1,veh_passenger,11103.00,11973.00,870.00,1576.58,0.00,False,False
veh1727,1214520073#1->1337646275,veh_passenger,11572.00,11973.00,401.00,2947.45,0.00,False,False
truck98,68574202->9832326#1,truck_truck,11761.00,11974.00,213.00,2339.54,0.00,False,False
veh1744,39920505#8->1125986379#0,veh_passenger,11686.00,11979.00,293.00,1038.48,0.00,False,False
bus196,515123438->428730793#1,bus_bus,11761.00,11982.00,221.00,1756.48,0.00,False,False
bus198,-515123442#4->39838657#0,bus_bus,11881.00,11985.00,104.00,975.03,0.00,False,False
veh1769,39920550#2->-900279886,veh_passenger,11854.00,11986.00,132.00,463.95,0.00,False,False
bus195,40138239#1->1324405519,bus_bus,11701.00,11988.00,287.00,1447.78,0.00,False,False
bus199,33683458#2->-654297636,bus_bus,11941.00,12000.00,59.00,430.81,0.00,False,False
truck94,1326193810->-488788633#0,truck_truck,11281.00,12001.00,720.00,3148.61,0.00,False,False
veh1759,-1125986379#0->238219468,veh_passenger,11787.00,12011.00,224.00,701.58,0.00,False,False
veh1774,1231065644->-40035325#2,veh_passenger,11887.00,12014.00,127.00,2076.26,0.00,False,False
veh1733,83428923#0->428730818#2,veh_passenger,11613.00,12016.00,403.00,2522.75,0.00,False,False
veh1751,-1278784167#1->39920505#2,veh_passenger,11733.00,12019.00,286.00,2030.84,0.00,False,False
veh1763,-422842976->72157792,veh_passenger,11814.00,12022.00,208.00,888.53,0.00,False,False
veh1692,39920222->1421564739,veh_passenger,11338.00,12025.00,687.00,3463.51,0.00,False,False
veh1761,-1125986375#1->238219446#1,veh_passenger,11800.00,12031.00,231.00,1013.39,0.00,False,False
veh1685,475044040#1->428730793#0,veh_passenger,11291.00,12034.00,743.00,3494.30,0.00,False,False
veh1735,-50323229#0->1332638391#0,veh_passenger,11626.00,12042.00,416.00,1640.23,0.00,False,False
veh1748,1118804257->511409188#0,veh_passenger,11713.00,12048.00,335.00,1620.42,0.00,False,False
veh1724,-50323229#3->47157282#1,veh_passenger,11552.00,12064.00,512.00,1347.08,0.00,False,False
veh1755,488788633#2->40297715#3,veh_passenger,11760.00,12067.00,307.00,3367.66,0.00,False,False
veh1539,178702253->9374529#1,veh_passenger,10313.00,12073.00,1760.00,1046.00,0.00,False,False
truck86,-449565665#2->1260485930#1,truck_truck,10321.00,12075.00,1754.00,1150.15,0.00,False,False
truck91,985133430->509646052,truck_truck,10921.00,12076.00,1155.00,681.47,0.00,False,False
veh1718,1368740247-AddedOffRampEdge->-1074771160,veh_passenger,11512.00,12076.00,564.00,1739.77,0.00,False,False
veh1716,178441748#1->-8887999#2,veh_passenger,11499.00,12078.00,579.00,1970.45,0.00,False,False
veh1743,50323229#9->-8887999#2,veh_passenger,11680.00,12080.00,400.00,1934.44,0.00,False,False
veh1771,1272337500->24621218#4,veh_passenger,11867.00,12088.00,221.00,1370.41,0.00,False,False
veh1782,474143552#0->1201484855,veh_passenger,11941.00,12101.00,160.00,1119.29,0.00,False,False
veh1750,-39838984#1->-40138239#0,veh_passenger,11726.00,12107.00,381.00,2353.29,0.00,False,False
veh1702,-39838657#3->39920550#5,veh_passenger,11405.00,12110.00,705.00,1639.80,0.00,False,False
bus193,39920505#5->9704194#3,bus_bus,11581.00,12113.00,532.00,1837.14,0.00,False,False
veh1773,-224146621->-47267007#2,veh_passenger,11881.00,12114.00,233.00,2221.05,0.00,False,False
veh1765,39920550#5->1064476618#0,veh_passenger,11827.00,12116.00,289.00,1389.50,0.00,False,False
veh1760,-40109290#3->39838751#0,veh_passenger,11793.00,12131.00,338.00,1845.11,0.00,False,False
veh1757,-488788629->-40109290#1,veh_passenger,11773.00,12135.00,362.00,1592.56,0.00,False,False
veh1811,-1254633077#1->-50323229#14,veh_passenger,12135.00,12148.00,13.00,86.80,0.00,False,False
veh1676,-1260485931#1->564273553#4,veh_passenger,11231.00,12155.00,924.00,1937.52,0.00,False,False
veh1728,39920550#7->510107701,veh_passenger,11579.00,12162.00,583.00,1223.89,0.00,False,False
veh1764,-1068144845#2->40297715#2,veh_passenger,11820.00,12163.00,343.00,2107.69,0.00,False,False
veh1779,47087993#6->39920550#0,veh_passenger,11921.00,12166.00,245.00,2197.68,0.00,False,False
veh1793,1068434202->1125986377#1,veh_passenger,12015.00,12168.00,153.00,298.60,0.00,False,False
veh1729,488788629->39838520#0,veh_passenger,11586.00,12181.00,595.00,579.98,0.00,False,False
veh1791,-33683346#1->-10628442#3,veh_passenger,12001.00,12190.00,189.00,1359.88,0.00,False,False
veh1746,142741729#1->11635146#0,veh_passenger,11700.00,12194.00,494.00,3725.49,0.00,False,False
veh1704,1260485931#0->39838520#3,veh_passenger,11418.00,12196.00,778.00,1447.12,0.00,False,False
veh1809,-1332638391#1->-39921531,veh_passenger,12122.00,12196.00,74.00,854.35,0.00,False,False
veh1448,1074771160->-1332638368#0,veh_passenger,9703.00,12200.00,2497.00,1899.28,0.00,False,False
veh1766,-1326094888->1260485931#0,veh_passenger,11834.00,12210.00,376.00,4091.50,0.00,False,False
veh1703,-142741729#1->39838657#0,veh_passenger,11412.00,12218.00,806.00,1448.94,0.00,False,False
veh1469,39838691#9->1214520078,veh_passenger,9844.00,12231.00,2387.00,1240.72,0.00,False,False
veh1807,40138633#1->-40109290#1,veh_passenger,12108.00,12234.00,126.00,590.43,0.00,False,False
veh1745,39920505#7->509524271,veh_passenger,11693.00,12236.00,543.00,1361.34,0.00,False,False
veh1801,422842976->511187810,veh_passenger,12068.00,12239.00,171.00,512.27,0.00,False,False
bus201,-654297633->1064476620#0,bus_bus,12061.00,12247.00,186.00,646.49,0.00,False,False
veh1789,-449565665#0->40140141#10,veh_passenger,11988.00,12251.00,263.00,1729.01,0.00,False,False
veh1643,1074409255#0->1125986375#1,veh_passenger,11010.00,12255.00,1245.00,2112.15,0.00,False,False
veh1770,40297647#0->10749498,veh_passenger,11860.00,12257.00,397.00,1674.12,0.00,False,False
bus197,1260485929#3->-521705694#1,bus_bus,11821.00,12261.00,440.00,665.12,0.00,False,False
veh1794,-40036009#1->39920550#11,veh_passenger,12021.00,12262.00,241.00,1136.76,0.00,False,False
veh1758,50323229#6->-1068144847,veh_passenger,11780.00,12264.00,484.00,3080.59,0.00,False,False
veh1792,39920505#9->40036062#0,veh_passenger,12008.00,12266.00,258.00,975.09,0.00,False,False
bus203,-50323229#14->40035325#1,bus_bus,12181.00,12271.00,90.00,610.67,0.00,False,False
veh1788,513082627->1222703384#0,veh_passenger,11981.00,12274.00,293.00,3372.65,0.00,False,False
veh1797,10628442#2->40035325#2,veh_passenger,12041.00,12277.00,236.00,1204.59,0.00,False,False
veh1815,654297636->50323226,veh_passenger,12162.00,12279.00,117.00,836.32,0.00,False,False
veh1709,-50323229#14->437445541#0,veh_passenger,11452.00,12282.00,830.00,3477.40,0.00,False,False
veh1783,24577455#2->437445542,veh_passenger,11948.00,12285.00,337.00,2538.62,0.00,False,False
veh1780,14924729#3->1131969257,veh_passenger,11927.00,12287.00,360.00,2675.79,0.00,False,False
veh1799,-687878722#2->1068144846#0,veh_passenger,12055.00,12302.00,247.00,626.49,0.00,False,False
veh1818,-654297629#1->-1015424648,veh_passenger,12182.00,12315.00,133.00,694.64,0.00,False,False
veh1747,515130027->147711065#1,veh_passenger,11706.00,12324.00,618.00,1352.37,0.00,False,False
veh1795,-687878722#2->511187810,veh_passenger,12028.00,12324.00,296.00,1071.85,0.00,False,False
veh1820,47224972#1->1118804256#0,veh_passenger,12195.00,12327.00,132.00,1669.72,0.00,False,False
veh1683,71269779->-39920593#5,veh_passenger,11278.00,12341.00,1063.00,1422.19,0.00,False,False
veh1808,761486028#1->-10628442#0,veh_passenger,12115.00,12342.00,227.00,919.67,0.00,False,False
veh1778,50323229#0->515126385#1,veh_passenger,11914.00,12346.00,432.00,2766.73,0.00,False,False
veh1830,-169562956->-1260485931#0,veh_passenger,12262.00,12365.00,103.00,726.42,0.00,False,False
veh1787,511187808#4->1064398309#1,veh_passenger,11974.00,12366.00,392.00,2252.62,0.00,False,False
veh1812,-1297720376#0->-1125986375#0,veh_passenger,12142.00,12367.00,225.00,1916.36,0.00,False,False
veh1785,-1335304386#0->-39838691#7,veh_passenger,11961.00,12369.00,408.00,1670.28,0.00,False,False
veh1802,39920550#2->439836130#0-AddedOffRampEdge,veh_passenger,12075.00,12377.00,302.00,1215.06,0.00,False,False
bus200,-1260485930#1->-730912750,bus_bus,12001.00,12399.00,398.00,1953.40,0.00,False,False
veh1762,-1222703383->-83563455,veh_passenger,11807.00,12409.00,602.00,3072.69,0.00,False,False
veh1803,1260481155->40138633#0,veh_passenger,12082.00,12430.00,348.00,2028.03,0.00,False,False
veh1767,-40139504#1->509524226,veh_passenger,11840.00,12434.00,594.00,2007.11,0.00,False,False
veh1806,178583167#1->40138239#1,veh_passenger,12102.00,12445.00,343.00,1524.69,0.00,False,False
veh1768,49224804#0->-413789558#1,veh_passenger,11847.00,12446.00,599.00,3170.14,0.00,False,False
veh1829,-856175964->1222703382,veh_passenger,12256.00,12448.00,192.00,1249.21,0.00,False,False
veh1784,451728952#3->40138239#1,veh_passenger,11954.00,12449.00,495.00,3352.09,0.00,False,False
veh1826,730912750->10628442#3,veh_passenger,12236.00,12456.00,220.00,1925.56,0.00,False,False
veh1790,474143552#0->240666072#1,veh_passenger,11994.00,12468.00,474.00,2541.34,0.00,False,False
veh1816,-47267007#2->39920550#7,veh_passenger,12169.00,12469.00,300.00,3288.15,0.00,False,False
bus205,12090453#1->-47087366#2,bus_bus,12301.00,12475.00,174.00,1617.78,0.00,False,False
truck103,-1222703384#1->24577455#2,truck_truck,12361.00,12481.00,120.00,746.85,0.00,False,False
veh1858,515124965#1->511409188#1,veh_passenger,12450.00,12486.00,36.00,562.08,0.00,False,False
veh1786,1323097575#3->-521705694#0,veh_passenger,11968.00,12492.00,524.00,1669.27,0.00,False,False
truck101,83428923#1->240666072#2,truck_truck,12121.00,12492.00,371.00,1620.34,0.00,False,False
veh1835,47087992#3->460316444,veh_passenger,12296.00,12507.00,211.00,2694.90,0.00,False,False
bus194,238219446#1->666886084#1,bus_bus,11641.00,12511.00,870.00,1128.08,0.00,False,False
veh1819,-40036062#1->9833223,veh_passenger,12189.00,12511.00,322.00,3208.47,0.00,False,False
veh1823,-1260485929#0->-1332638368#1,veh_passenger,12216.00,12523.00,307.00,1559.68,0.00,False,False
veh1813,1207401652#0->968332513#1,veh_passenger,12149.00,12533.00,384.00,2082.88,0.00,False,False
veh1817,488788626#1->1064476620#0,veh_passenger,12175.00,12534.00,359.00,1179.03,0.00,False,False
veh1713,178699051#0->-40140017#2,veh_passenger,11479.00,12547.00,1068.00,1149.25,0.00,False,False
bus202,147711065#1->-39838691#10,bus_bus,12121.00,12548.00,427.00,701.20,0.00,False,False
veh1864,40035325#2->-40140017#1,veh_passenger,12490.00,12562.00,72.00,628.88,0.00,False,False
veh1836,1290439817#1->24577522#2,veh_passenger,12303.00,12566.00,263.00,872.54,0.00,False,False
bus206,1211151640->515130026#0,bus_bus,12361.00,12572.00,211.00,1498.36,0.00,False,False
veh1828,538432101->238219472#3,veh_passenger,12249.00,12576.00,327.00,1475.05,0.00,False,False
veh1846,654297637#1->40035606#3,veh_passenger,12370.00,12580.00,210.00,1082.02,0.00,False,False
veh1821,1214520071->24577522#1,veh_passenger,12202.00,12588.00,386.00,1205.22,0.00,False,False
veh1822,143546557->428730818#3,veh_passenger,12209.00,12591.00,382.00,2759.04,0.00,False,False
veh1853,39921025#3->39920684#0,veh_passenger,12417.00,12591.00,174.00,770.38,0.00,False,False
veh1869,39366819#0->-838061038,veh_passenger,12524.00,12608.00,84.00,599.32,0.00,False,False
veh1804,-40109290#4->-488788633#1,veh_passenger,12088.00,12614.00,526.00,3141.67,0.00,False,False
veh1825,521701857->1100626103#0,veh_passenger,12260.00,12617.00,357.00,1393.65,0.00,False,False
veh1878,1235754993#1->1201484855,veh_passenger,12584.00,12617.00,33.00,430.39,0.00,False,False
veh1849,511405572->-474143552#4,veh_passenger,12390.00,12618.00,228.00,1195.35,0.00,False,False
veh1845,515123442#1->10250021#3,veh_passenger,12363.00,12620.00,257.00,1863.77,0.00,False,False
veh1852,-169562956->521708587#1,veh_passenger,12410.00,12622.00,212.00,1380.17,0.00,False,False
veh1833,513082623->490474063#8,veh_passenger,12283.00,12643.00,360.00,4211.37,0.00,False,False
veh1863,1337646271#0->1214520071,veh_passenger,12484.00,12653.00,169.00,1415.74,0.00,False,False
veh1847,515136603->1337115429,veh_passenger,12376.00,12654.00,278.00,2524.80,0.00,False,False
bus207,178702253->40035606#0,bus_bus,12421.00,12664.00,243.00,1192.95,0.00,False,False
veh1879,-39921672->72157794,veh_passenger,12591.00,12686.00,95.00,521.96,0.00,False,False
veh1873,11635067->511187809,veh_passenger,12551.00,12687.00,136.00,1585.23,0.00,False,False
veh1842,39921025#0->50323229#0,veh_passenger,12343.00,12688.00,345.00,1300.34,0.00,False,False
veh1850,-474143552#0->-654297637#0,veh_passenger,12396.00,12712.00,316.00,1726.82,0.00,False,False
truck104,1337646271#1->511187808#4,truck_truck,12481.00,12714.00,233.00,1690.66,0.00,False,False
truck100,-40036009#1->1067928307#2,truck_truck,12001.00,12715.00,714.00,3229.08,0.00,False,False
veh1875,-39838691#2->240666069#1,veh_passenger,12564.00,12715.00,151.00,1495.93,0.00,False,False
veh1834,238219446#0->40115810#0,veh_passenger,12289.00,12718.00,429.00,1798.98,0.00,False,False
veh1862,1323097577->178583148#2,veh_passenger,12477.00,12718.00,241.00,1434.02,0.00,False,False
veh1772,-511409187->1207401652#2,veh_passenger,12158.00,12719.00,561.00,1223.49,0.00,False,False
veh1571,-1125986386->-401226926#0,veh_passenger,10527.00,12720.00,2193.00,1495.91,0.00,False,False
veh1861,-1214520076->488788626#2,veh_passenger,12470.00,12732.00,262.00,899.89,0.00,False,False
veh1856,1323097580#1->39838657#1,veh_passenger,12437.00,12750.00,313.00,1646.95,0.00,False,False
veh1827,33683346#2->-451728952#3,veh_passenger,12242.00,12751.00,509.00,3274.15,0.00,False,False
veh1798,11631594#1->178702239#0,veh_passenger,12048.00,12753.00,705.00,4107.71,0.00,False,False
veh1876,-511187807->-1338361263,veh_passenger,12571.00,12768.00,197.00,755.32,0.00,False,False
veh1882,142741729#1->40297715#3,veh_passenger,12611.00,12787.00,176.00,1088.78,0.00,False,False
veh1722,985133430->1323097575#0,veh_passenger,11546.00,12797.00,1251.00,1566.38,0.00,False,False
veh1841,-654297635#1->-1332638391#2,veh_passenger,12336.00,12803.00,467.00,1317.42,0.00,False,False
veh1907,40297715#2->39920593#5,veh_passenger,12778.00,12807.00,29.00,180.06,0.00,False,False
veh1859,1332638391#1->968332513#1,veh_passenger,12457.00,12808.00,351.00,1731.23,0.00,False,False
veh1898,-40138633#1->490474063#0,veh_passenger,12718.00,12812.00,94.00,753.20,0.00,False,False
veh1857,1335304371->9704194#0,veh_passenger,12443.00,12815.00,372.00,1976.99,0.00,False,False
veh1590,451728952#4->10628430,veh_passenger,10654.00,12825.00,2171.00,1690.91,0.00,False,False
veh1848,-47224972#1->428730818#1,veh_passenger,12383.00,12825.00,442.00,1937.74,0.00,False,False
veh1868,240666069#3->1068434258,veh_passenger,12517.00,12830.00,313.00,1563.51,0.00,False,False
veh1883,178702250->232920697,veh_passenger,12618.00,12830.00,212.00,1906.37,0.00,False,False
veh1855,178583144->-1125986379#0,veh_passenger,12430.00,12837.00,407.00,1498.29,0.00,False,False
veh1870,178583160->-564273553#4,veh_passenger,12530.00,12837.00,307.00,3458.09,0.00,False,False
veh1877,10250021#3->-564273553#2,veh_passenger,12577.00,12837.00,260.00,1427.96,0.00,False,False
bus211,1211151638->428730813#3,bus_bus,12693.00,12841.00,148.00,1245.13,0.00,False,False
veh1840,-10629474#0->509524227#1,veh_passenger,12329.00,12843.00,514.00,2055.05,0.00,False,False
veh1903,1067928305#0->1015424648,veh_passenger,12752.00,12843.00,91.00,945.68,0.00,False,False
veh1844,1323097575#2->1118804256#0,veh_passenger,12356.00,12869.00,513.00,3184.15,0.00,False,False
veh1866,1290439817#1->40109239,veh_passenger,12504.00,12876.00,372.00,1342.38,0.00,False,False
veh1476,-39838691#0->1204070283#1,veh_passenger,9891.00,12890.00,2999.00,1024.25,0.00,False,False
veh1832,482569917#1->71269779,veh_passenger,12276.00,12892.00,616.00,2688.19,0.00,False,False
veh1867,-1067928305#1->-488788629,veh_passenger,12510.00,12893.00,383.00,1964.38,0.00,False,False
veh1872,-488788629->40138633#2,veh_passenger,12544.00,12897.00,353.00,1817.26,0.00,False,False
veh1906,-428730813#3->-1068144848#0,veh_passenger,12772.00,12900.00,128.00,1294.94,0.00,False,False
veh1473,-449565665#2->39921672,veh_passenger,9871.00,12910.00,3039.00,630.71,0.00,False,False
bus209,1118804248->-10628442#2,bus_bus,12541.00,12910.00,369.00,2358.39,0.00,False,False
bus214,1222703382->-1068916339,bus_bus,12841.00,12912.00,71.00,730.95,0.00,False,False
veh1805,1214520074#4->1074771163#1-AddedOffRampEdge,veh_passenger,12095.00,12919.00,824.00,2195.07,0.00,False,False
veh1865,8887999#1->40138239#3,veh_passenger,12497.00,12922.00,425.00,2256.03,0.00,False,False
truck102,178583145->439836130#0-AddedOffRampEdge,truck_truck,12241.00,12924.00,683.00,1804.79,0.00,False,False
veh1900,238219441#0->511185049,veh_passenger,12731.00,12924.00,193.00,749.09,0.00,False,False
truck107,24621218#3->39921192#1,truck_truck,12841.00,12932.00,91.00,580.37,0.00,False,False
veh1893,39920505#13->-40140017#1,veh_passenger,12685.00,12935.00,250.00,1191.95,0.00,False,False
veh1888,1125986377#2->178702251,veh_passenger,12651.00,12974.00,323.00,3216.83,0.00,False,False
bus212,15419906#0->24577455#1,bus_bus,12721.00,12974.00,253.00,1031.92,0.00,False,False
veh1885,-1226645407->49224804#0,veh_passenger,12631.00,12978.00,347.00,2900.95,0.00,False,False
veh1918,-39838691#2->509646054,veh_passenger,12852.00,12980.00,128.00,936.00,0.00,False,False
veh1824,1064476620#0->509524225,veh_passenger,12222.00,12981.00,759.00,3589.58,0.00,False,False
veh1796,1234244925#0->1125986379#1,veh_passenger,12035.00,12982.00,947.00,843.30,0.00,False,False
veh1929,1254816455->1125986379#1,veh_passenger,12926.00,12991.00,65.00,404.89,0.00,False,False
veh1909,-1297720376#0->-40138239#2,veh_passenger,12792.00,13004.00,212.00,1498.41,0.00,False,False
veh1920,511187809->1068434258,veh_passenger,12865.00,13005.00,140.00,812.99,0.00,False,False
veh1892,-47224972#0->240666069#1,veh_passenger,12678.00,13013.00,335.00,1526.88,0.00,False,False
veh1884,1214520074#1->40109290#1,veh_passenger,12624.00,13025.00,401.00,3295.23,0.00,False,False
veh1895,424580475->515123442#2,veh_passenger,12698.00,13041.00,343.00,1992.67,0.00,False,False
veh1933,1297720376#1->-10628444#1,veh_passenger,12953.00,13041.00,88.00,343.25,0.00,False,False
veh1630,-39838691#1->24577455#1,veh_passenger,10922.00,13059.00,2137.00,1532.77,0.00,False,False
veh1919,-1068916338->39920684#1,veh_passenger,12859.00,13059.00,200.00,878.78,0.00,False,False
veh1940,-8887999#0->1234244925#0,veh_passenger,12999.00,13064.00,65.00,180.46,0.00,False,False
veh1474,39838657#3->-654297635#1,veh_passenger,9877.00,13068.00,3191.00,1394.13,0.00,False,False
veh1890,-1068144845#3->-33683458#1,veh_passenger,12664.00,13068.00,404.00,2491.01,0.00,False,False
veh1921,1323097575#2->900279869,veh_passenger,12872.00,13068.00,196.00,1339.78,0.00,False,False
veh1935,1323097575#3->-10628444#2,veh_passenger,12966.00,13069.00,103.00,632.97,0.00,False,False
veh1913,47053612->-1322916760#1,veh_passenger,12819.00,13071.00,252.00,2431.23,0.00,False,False
veh1925,39838984#0->178702258#1,veh_passenger,12899.00,13072.00,173.00,903.53,0.00,False,False
veh1926,15419875#0->39920222,veh_passenger,12906.00,13072.00,166.00,964.62,0.00,False,False
veh1874,10629474#1->-405382146#0,veh_passenger,12557.00,13079.00,522.00,1608.45,0.00,False,False
veh1881,-40297715#3->1337646270,veh_passenger,12604.00,13087.00,483.00,2480.60,0.00,False,False
veh1945,12247569->511187808#4-AddedOnRampEdge,veh_passenger,13033.00,13094.00,61.00,620.45,0.00,False,False
veh1905,1125986379#0->24577522#3,veh_passenger,12765.00,13108.00,343.00,1443.26,0.00,False,False
veh1943,40035325#0->1064476618#1,veh_passenger,13020.00,13114.00,94.00,1203.10,0.00,False,False
veh1904,1260481151->511404875,veh_passenger,12758.00,13123.00,365.00,2010.20,0.00,False,False
veh1901,-1260485930#1->-40109290#2,veh_passenger,12738.00,13132.00,394.00,2028.92,0.00,False,False
veh1831,1067928306#1->666886084#0,veh_passenger,12269.00,13138.00,869.00,1471.65,0.00,False,False
veh1927,1068144848#1->1100626097,veh_passenger,12912.00,13148.00,236.00,1320.35,0.00,False,False
veh1911,513082635#0->178699049,veh_passenger,12805.00,13153.00,348.00,2727.37,0.00,False,False
veh1936,1235501861#2->1067928305#1,veh_passenger,12973.00,13154.00,181.00,2441.62,0.00,False,False
bus216,11635146#0->-40036062#1,bus_bus,12961.00,13156.00,195.00,1638.94,0.00,False,False
veh1908,654297630->40138633#2,veh_passenger,12785.00,13157.00,372.00,1806.99,0.00,False,False
veh1930,-838061037->1068144845#1,veh_passenger,12932.00,13160.00,228.00,1981.78,0.00,False,False
veh1952,-40035606#1->1335304374,veh_passenger,13080.00,13160.00,80.00,683.96,0.00,False,False
bus213,-488788629->-482569917#1,bus_bus,12781.00,13171.00,390.00,1865.29,0.00,False,False
veh1954,478286980#1->985133427,veh_passenger,13093.00,13180.00,87.00,841.83,0.00,False,False
veh1924,40109290#1->-40297715#0,veh_passenger,12892.00,13189.00,297.00,1030.62,0.00,False,False
veh1948,-1204070283#0->178441748#1,veh_passenger,13053.00,13193.00,140.00,1167.33,0.00,False,False
truck105,-40036062#1->761486028#0,truck_truck,12601.00,13196.00,595.00,1332.16,0.00,False,False
veh1961,50323229#10->-33683458#2,veh_passenger,13140.00,13199.00,59.00,385.99,0.00,False,False
veh1934,521704050->666886084#0,veh_passenger,12959.00,13211.00,252.00,1156.47,0.00,False,False
veh1938,178702243#1-AddedOnRampEdge->1214520073#0,veh_passenger,12986.00,13230.00,244.00,2713.31,0.00,False,False
veh1843,-1273405490->654297629#1,veh_passenger,12350.00,13250.00,900.00,1724.40,0.00,False,False
veh1947,39838984#1->39838630#1,veh_passenger,13046.00,13257.00,211.00,730.17,0.00,False,False
veh1535,12247568#0->-1125986406#0,veh_passenger,10286.00,13258.00,2972.00,1683.39,0.00,False,False
veh1551,83563455->-1204070283#1,veh_passenger,10393.00,13260.00,2867.00,2371.71,0.00,False,False
veh1886,1323097575#2->39838751#1,veh_passenger,12638.00,13267.00,629.00,1506.94,0.00,False,False
veh1968,1068434168->1068434256#0,veh_passenger,13187.00,13269.00,82.00,158.43,0.00,False,False
veh1966,14924729#1->967993112#1,veh_passenger,13174.00,13271.00,97.00,930.83,0.00,False,False
truck99,178699056#2->40297715#0,truck_truck,11881.00,13272.00,1391.00,1334.91,0.00,False,False
bus210,509646056->666886086#3,bus_bus,12601.00,13276.00,675.00,1638.80,0.00,False,False
bus215,1068144845#1->39920684#1,bus_bus,12901.00,13287.00,386.00,2862.81,0.00,False,False
bus217,1254816455->-33683346#2,bus_bus,13021.00,13318.00,297.00,1483.08,0.00,False,False
veh1880,-40035606#0->488788636#1,veh_passenger,12597.00,13328.00,731.00,3298.08,0.00,False,False
veh1944,428730813#3->490474063#1,veh_passenger,13026.00,13341.00,315.00,3496.14,0.00,False,False
truck109,515040937->-654297633,truck_truck,13081.00,13351.00,270.00,1446.77,0.00,False,False
veh1958,47088302#0->-1260485930#1,veh_passenger,13120.00,13358.00,238.00,1923.61,0.00,False,False
veh1749,1327579131->1326193809,veh_passenger,11720.00,13367.00,1647.00,2216.18,0.00,False,False
veh1974,-240666072#1->39838984#1,veh_passenger,13227.00,13373.00,146.00,1259.63,0.00,False,False
veh1985,-39838630#3->-521705694#0,veh_passenger,13301.00,13376.00,75.00,512.04,0.00,False,False
veh1910,-147711065#2->-1254633077#0,veh_passenger,12798.00,13378.00,580.00,1789.31,0.00,False,False
veh1946,-428730813#0->1064476622#1,veh_passenger,13040.00,13427.00,387.00,3395.72,0.00,False,False
veh1991,1326193809->1254816452,veh_passenger,13341.00,13437.00,96.00,735.82,0.00,False,False
bus218,1125986385#0->178583153-AddedOnRampEdge,bus_bus,13099.00,13444.00,345.00,1766.73,0.00,False,False
veh1899,1074771163#1->39838882,veh_passenger,12725.00,13447.00,722.00,1738.69,0.00,False,False
veh1978,-1125986378#0->474143552#0,veh_passenger,13254.00,13447.00,193.00,1668.54,0.00,False,False
veh1972,-47224972#0->515123439,veh_passenger,13214.00,13461.00,247.00,1013.42,0.00,False,False
veh1914,-8887999#0->-40036009#0,veh_passenger,12825.00,13481.00,656.00,2075.03,0.00,False,False
veh1912,-1068434202->1214520074#1,veh_passenger,12812.00,13506.00,694.00,430.97,0.00,False,False
veh1965,1290439818->47088302#1,veh_passenger,13167.00,13513.00,346.00,1612.48,0.00,False,False
veh1923,1260481151->856175962,veh_passenger,12886.00,13518.00,632.00,2251.64,0.00,False,False
veh1964,428730793#0->-10748045#1,veh_passenger,13160.00,13518.00,358.00,3483.76,0.00,False,False
bus173,654297629#3->39920593#5,bus_bus,10381.00,13520.00,3139.00,1638.37,0.00,False,False
veh1889,564273553#3->-83428923#1,veh_passenger,12658.00,13520.00,862.00,1404.39,0.00,False,False
veh1986,967985513#0->475044040#0,veh_passenger,13308.00,13520.00,212.00,1230.25,0.00,False,False
veh1999,1125986406#0->-10250021#0,veh_passenger,13395.00,13522.00,127.00,501.33,0.00,False,False
veh1860,-50323229#15->240666069#2,veh_passenger,12463.00,13524.00,1061.00,3163.65,0.00,False,False
veh1990,-39838691#8->515126385#4,veh_passenger,13334.00,13531.00,197.00,1381.11,0.00,False,False
veh1894,39920684#6->1332638368#2,veh_passenger,12691.00,13536.00,845.00,2105.85,0.00,False,False
veh1953,10749498->1068144849#2,veh_passenger,13087.00,13536.00,449.00,4539.65,0.00,False,False
veh2005,39366819#1->1068434236,veh_passenger,13435.00,13547.00,112.00,515.03,0.00,False,False
bus208,509646061->449565665#3,bus_bus,12481.00,13553.00,1072.00,931.21,0.00,False,False
veh1902,-511187807->1068434204,veh_passenger,12745.00,13553.00,808.00,854.09,0.00,False,False
veh1963,47087992#5->1260481151,veh_passenger,13154.00,13557.00,403.00,3649.07,0.00,False,False
veh1984,40115810#1->475044040#4,veh_passenger,13294.00,13558.00,264.00,3014.57,0.00,False,False
veh1989,40035606#3->1125986373#2,veh_passenger,13328.00,13558.00,230.00,1497.55,0.00,False,False
veh1996,515138054->178702239#0,veh_passenger,13375.00,13560.00,185.00,2368.66,0.00,False,False
veh1891,511404873#1->813852683-AddedOnRampEdge,veh_passenger,12671.00,13568.00,897.00,2154.07,0.00,False,False
veh1976,10628442#2->-33683346#2,veh_passenger,13241.00,13578.00,337.00,1686.28,0.00,False,False
truck106,-1297720376#0->-428730813#1,truck_truck,12721.00,13579.00,858.00,2829.19,0.00,False,False
veh1754,-33683346#1->-513272949,veh_passenger,11753.00,13581.00,1828.00,1550.76,0.00,False,False
bus221,-474143552#1->1067928305#2,bus_bus,13261.00,13590.00,329.00,3014.36,0.00,False,False
veh1887,1260485930#1->1074409256#0,veh_passenger,12644.00,13595.00,951.00,1056.78,0.00,False,False
truck111,1231065643->24577455#1,truck_truck,13321.00,13599.00,278.00,1478.73,0.00,False,False
veh2001,511187808#1->47225638#1,veh_passenger,13408.00,13602.00,194.00,1417.58,0.00,False,False
veh1981,39838520#0->654297629#0,veh_passenger,13274.00,13603.00,329.00,390.54,0.00,False,False
veh1971,-687878722#1->39920011#2,veh_passenger,13207.00,13608.00,401.00,2644.80,0.00,False,False
veh2019,40138633#3->50323229#14,veh_passenger,13529.00,13614.00,85.00,610.52,0.00,False,False
veh1997,-1260485929#1->-40035992,veh_passenger,13381.00,13628.00,247.00,1646.74,0.00,False,False
bus225,-1068144845#3->14924729#0,bus_bus,13501.00,13629.00,128.00,1203.82,0.00,False,False
veh1839,666886086#1->147711065#1,veh_passenger,12323.00,13632.00,1309.00,1029.48,0.00,False,False
veh2026,437445542->1226645409,veh_passenger,13576.00,13632.00,56.00,643.77,0.00,False,False
veh2020,-900279886->-1125986377#2,veh_passenger,13535.00,13635.00,100.00,652.99,0.00,False,False
veh2007,150928465->-1254816455,veh_passenger,13448.00,13636.00,188.00,1192.53,0.00,False,False
veh2010,1326193809->-1335304386#1,veh_passenger,13468.00,13636.00,168.00,869.26,0.00,False,False
veh1584,654297629#0->509646055,veh_passenger,10614.00,13641.00,3027.00,1075.59,0.00,False,False
truck113,-474143552#2->40297647#0,truck_truck,13561.00,13648.00,87.00,502.63,0.00,False,False
veh1950,10250021#2->40140141#9,veh_passenger,13066.00,13649.00,583.00,1432.58,0.00,False,False
veh1956,1074409232#0->509646062,veh_passenger,13107.00,13655.00,548.00,1183.29,0.00,False,False
veh1838,-511409187->1068434202,veh_passenger,13283.00,13656.00,373.00,529.32,0.00,False,False
veh1917,1064476618#0->39838691#6,veh_passenger,12845.00,13656.00,811.00,1931.32,0.00,False,False
veh1993,-449565665#1->-428730813#2,veh_passenger,13355.00,13683.00,328.00,1960.08,0.00,False,False
veh2015,-479863106#2->1335304373#0,veh_passenger,13502.00,13686.00,184.00,1171.26,0.00,False,False
veh2034,465144361->1235754993#1,veh_passenger,13629.00,13695.00,66.00,209.69,0.00,False,False
bus222,437445541#1->1100626103#1,bus_bus,13321.00,13698.00,377.00,3303.61,0.00,False,False
veh1942,515136603->488788637#1,veh_passenger,13013.00,13707.00,694.00,2432.07,0.00,False,False
veh1937,-515136608->-10628442#3,veh_passenger,12979.00,13716.00,737.00,2255.74,0.00,False,False
veh1959,1298335702->-449565665#3,veh_passenger,13127.00,13716.00,589.00,1428.90,0.00,False,False
veh1962,47087992#1->-654297635#1,veh_passenger,13147.00,13718.00,571.00,2580.50,0.00,False,False
veh1916,1068144848#1->-654297634,veh_passenger,12839.00,13724.00,885.00,2238.27,0.00,False,False
veh1931,-1015424648->499566573,veh_passenger,12939.00,13725.00,786.00,1601.37,0.00,False,False
truck112,150928465->654297629#6,truck_truck,13441.00,13725.00,284.00,1284.50,0.00,False,False
bus219,-1068916336->39838691#3,bus_bus,13141.00,13732.00,591.00,1258.15,0.00,False,False
veh1992,1067928306#1->40138239#1,veh_passenger,13348.00,13733.00,385.00,3140.77,0.00,False,False
veh2006,39839521->-238219441#0,veh_passenger,13442.00,13735.00,293.00,1529.09,0.00,False,False
veh1960,509524270->499566574#2,veh_passenger,13133.00,13739.00,606.00,1102.72,0.00,False,False
veh1982,9832326#1->39838691#3,veh_passenger,13281.00,13740.00,459.00,1364.77,0.00,False,False
veh1951,40297715#1->-521705694#0,veh_passenger,13073.00,13742.00,669.00,1630.09,0.00,False,False
truck110,24621218#3->39838657#0,truck_truck,13201.00,13746.00,545.00,1457.91,0.00,False,False
veh1932,509646057#2->1075505400#1,veh_passenger,12946.00,13761.00,815.00,1579.48,0.00,False,False
veh1980,-40036062#1->-1332638391#0,veh_passenger,13267.00,13764.00,497.00,1256.94,0.00,False,False
veh1672,39838691#5->1237953494,veh_passenger,11204.00,13766.00,2562.00,1357.50,0.00,False,False
veh2003,39920550#12->178583146,veh_passenger,13422.00,13770.00,348.00,4309.09,0.00,False,False
veh1928,178441748#2->488788633#2,veh_passenger,12919.00,13781.00,862.00,2730.82,0.00,False,False
veh2043,499566573->40109290#0,veh_passenger,13690.00,13781.00,91.00,669.87,0.00,False,False
veh2000,-437445539#1->-1068144845#3,veh_passenger,13401.00,13782.00,381.00,1686.52,0.00,False,False
bus223,428730793#1->50323229#13,bus_bus,13381.00,13785.00,404.00,3732.96,0.00,False,False
bus224,-515126385#3->-1273405490,bus_bus,13441.00,13786.00,345.00,2629.22,0.00,False,False
veh1837,-1068916335->-24576913#1,veh_passenger,12309.00,13796.00,1487.00,900.74,0.00,False,False
veh1781,-511409187->488788630#2,veh_passenger,13232.00,13808.00,576.00,1760.91,0.00,False,False
veh1988,1254816452->-450616334#0,veh_passenger,13321.00,13808.00,487.00,2472.57,0.00,False,False
veh2040,257421487#0->14924729#0,veh_passenger,13669.00,13815.00,146.00,855.14,0.00,False,False
veh1939,-401226926#1->428730818#3,veh_passenger,12993.00,13817.00,824.00,3142.96,0.00,False,False
veh2045,178699056#3->564273553#1,veh_passenger,13703.00,13820.00,117.00,917.91,0.00,False,False
veh2023,15420537#2->-437445542,veh_passenger,13556.00,13827.00,271.00,2681.91,0.00,False,False
veh1955,1292541108->475044040#4,veh_passenger,13100.00,13829.00,729.00,1384.21,0.00,False,False
veh2032,1068434201->975216743,veh_passenger,13616.00,13832.00,216.00,1767.62,0.00,False,False
veh2004,1335304376#1->178699056#0,veh_passenger,13428.00,13833.00,405.00,2082.21,0.00,False,False
veh1957,666886082#1->-1222703383,veh_passenger,13113.00,13835.00,722.00,1722.29,0.00,False,False
veh1800,1075505400#3->40139708,veh_passenger,12061.00,13839.00,1778.00,1773.20,0.00,False,False
veh1697,564273553#3->9792174#1-AddedOnRampEdge,veh_passenger,11371.00,13842.00,2471.00,2972.00,0.00,False,False
veh2012,40115810#1->-761486028#1,veh_passenger,13487.00,13854.00,367.00,2806.91,0.00,False,False
veh2041,1068074792->-50323229#14,veh_passenger,13676.00,13858.00,182.00,911.74,0.00,False,False
veh2024,15419906#2->-654297635#1,veh_passenger,13562.00,13869.00,307.00,1388.63,0.00,False,False
veh2011,232920701->509646052,veh_passenger,13475.00,13872.00,397.00,2401.97,0.00,False,False
veh1998,1067928307#0->-8887999#2,veh_passenger,13388.00,13879.00,491.00,2333.38,0.00,False,False
veh2016,513272951#1->-1292541108,veh_passenger,13509.00,13879.00,370.00,1076.54,0.00,False,False
veh1973,511187818->-499566577#1,veh_passenger,13221.00,13886.00,665.00,1352.65,0.00,False,False
bus228,39838751#2->437445541#2,bus_bus,13681.00,13886.00,205.00,1459.14,0.00,False,False
veh2009,511409187->-47267007#2,veh_passenger,13462.00,13890.00,428.00,1482.85,0.00,False,False
veh2035,40297647#2->39366819#0,veh_passenger,13636.00,13895.00,259.00,1537.10,0.00,False,False
veh1977,47267011#2->-10628444#1,veh_passenger,13247.00,13897.00,650.00,1914.73,0.00,False,False
veh2021,-1260485929#3->1068144845#1,veh_passenger,13542.00,13897.00,355.00,1197.90,0.00,False,False
veh2042,511187807->-1068144846#2,veh_passenger,13683.00,13902.00,219.00,1088.70,0.00,False,False
veh1994,1100626103#0->428730813#0,veh_passenger,13361.00,13903.00,542.00,3073.10,0.00,False,False
veh2008,50323229#9->-39838691#1,veh_passenger,13455.00,13903.00,448.00,2071.24,0.00,False,False
veh2027,-14924729#3->39920011#3,veh_passenger,13582.00,13907.00,325.00,2228.13,0.00,False,False
veh1995,10628442#1->509524227#0,veh_passenger,13368.00,13910.00,542.00,1397.35,0.00,False,False
veh2075,-39838691#10->-39838691#8,veh_passenger,13904.00,13914.00,10.00,71.68,0.00,False,False
veh2030,1214520074#6->1074771163#1,veh_passenger,13602.00,13915.00,313.00,2028.12,0.00,False,False
veh1967,1298335705->40035606#1,veh_passenger,13180.00,13925.00,745.00,1842.54,0.00,False,False
veh2062,39920505#6->33683346#3,veh_passenger,13817.00,13926.00,109.00,828.94,0.00,False,False
veh2033,1068434257->11631594#0,veh_passenger,13623.00,13928.00,305.00,2082.52,0.00,False,False
veh2044,10628442#2->178699056#3,veh_passenger,13696.00,13937.00,241.00,1564.57,0.00,False,False
bus204,40036009#1->-1234244927#1,bus_bus,12241.00,13939.00,1698.00,1679.43,0.00,False,False
veh2051,521701860->428730813#3,veh_passenger,13743.00,13940.00,197.00,1696.51,0.00,False,False
veh2052,40140141#9->478286980#1,veh_passenger,13750.00,13941.00,191.00,1222.44,0.00,False,False
veh2047,1125986373#1->-39838984#0,veh_passenger,13716.00,13953.00,237.00,1279.70,0.00,False,False
veh2036,47087366#0->564273553#1,veh_passenger,13643.00,13962.00,319.00,1945.38,0.00,False,False
veh2018,1226645407->1125986406#0,veh_passenger,13522.00,13965.00,443.00,2669.85,0.00,False,False
veh2039,40297715#0->968332509,veh_passenger,13663.00,13970.00,307.00,1043.97,0.00,False,False
veh2050,-1332638391#2->1214520074#5,veh_passenger,13736.00,13975.00,239.00,857.47,0.00,False,False
bus226,985675139->1068434206,bus_bus,13561.00,13982.00,421.00,1710.72,0.00,False,False
veh2068,405382146#1->1214520070,veh_passenger,13857.00,13994.00,137.00,503.17,0.00,False,False
veh1975,1068434257->-40138239#2,veh_passenger,13234.00,13998.00,764.00,2571.60,0.00,False,False
veh2048,1125986406#0->24576922#1,veh_passenger,13723.00,14001.00,278.00,1019.78,0.00,False,False
bus220,-39838657#2->1254633077#1,bus_bus,13201.00,14014.00,813.00,2031.74,0.00,False,False
veh2017,479863106#2->-1226645410,veh_passenger,13515.00,14021.00,506.00,1403.47,0.00,False,False
veh2074,1337646270->47224972#1,veh_passenger,13897.00,14024.00,127.00,712.78,0.00,False,False
veh2014,-1260485929#3->654297628,veh_passenger,13495.00,14025.00,530.00,768.95,0.00,False,False
veh1567,450616334#0->-50323229#14,veh_passenger,10500.00,14029.00,3529.00,2615.14,0.00,False,False
bus227,39838691#9->47087993#6,bus_bus,13621.00,14033.00,412.00,2450.77,0.00,False,False
veh2037,-687878722#2->761486028#1,veh_passenger,13649.00,14034.00,385.00,1484.77,0.00,False,False
truck116,1068434203->449565665#2,truck_truck,13921.00,14039.00,118.00,577.70,0.00,False,False
veh2038,1260485929#0->1214520074#1,veh_passenger,13656.00,14045.00,389.00,771.31,0.00,False,False
veh2060,1226645408->511409188#0,veh_passenger,13803.00,14052.00,249.00,1350.61,0.00,False,False
veh2058,-1222703383->47088302#1,veh_passenger,13790.00,14054.00,264.00,1056.97,0.00,False,False
veh1871,1125986386->1337115429,veh_passenger,13599.00,14060.00,461.00,942.36,0.00,False,False
veh2059,1100626103#1->499566574#1,veh_passenger,13797.00,14060.00,263.00,1353.20,0.00,False,False
veh1593,12247569->40138633#1,veh_passenger,10677.00,14063.00,3386.00,2542.82,0.00,False,False
veh1979,11631594#3->-1332638368#0,veh_passenger,13261.00,14063.00,802.00,2938.21,0.00,False,False
bus231,-33683346#0->39920550#2,bus_bus,13861.00,14063.00,202.00,919.50,0.00,False,False
veh2053,-40140017#2->50323229#3,veh_passenger,13757.00,14069.00,312.00,959.80,0.00,False,False
veh2057,238219449->-1290439817#0,veh_passenger,13783.00,14072.00,289.00,1314.23,0.00,False,False
veh2089,-240666072#1->-1214520079,veh_passenger,13998.00,14072.00,74.00,1163.49,0.00,False,False
bus179,39763700#2->1068144844,bus_bus,10741.00,14074.00,3333.00,2746.52,0.00,False,False
veh2031,-40109239->985133427,veh_passenger,13609.00,14075.00,466.00,3140.93,0.00,False,False
veh2046,-40036009#1->-1125986375#0,veh_passenger,13710.00,14078.00,368.00,2167.05,0.00,False,False
bus229,654297637#1->-449565665#2,bus_bus,13741.00,14078.00,337.00,1250.29,0.00,False,False
veh2087,-1125986385#1->499566574#3,veh_passenger,13984.00,14094.00,110.00,580.04,0.00,False,False
veh2086,1255099064->-39921672,veh_passenger,13978.00,14096.00,118.00,1002.89,0.00,False,False
veh2085,1068144845#3->9704194#4,veh_passenger,13971.00,14100.00,129.00,969.99,0.00,False,False
veh1689,279209078->178583140#1,veh_passenger,11318.00,14119.00,2801.00,1329.11,0.00,False,False
veh2098,-39920593#2->40138239#4,veh_passenger,14058.00,14119.00,61.00,583.80,0.00,False,False
veh2029,-40138633#0->-405382146#1,veh_passenger,13596.00,14127.00,531.00,2515.85,0.00,False,False
veh2063,-1067928305#0->47225638#4,veh_passenger,13824.00,14133.00,309.00,1482.16,0.00,False,False
veh2092,-1067928307#0->40115810#0,veh_passenger,14018.00,14135.00,117.00,1462.53,0.00,False,False
veh2065,-1125986377#2->178583148#0,veh_passenger,13837.00,14143.00,306.00,1379.02,0.00,False,False
veh1635,39763700#2->39920593#5,veh_passenger,10956.00,14147.00,3191.00,1731.36,0.00,False,False
veh2079,-654297633->-1260485930#1,veh_passenger,13931.00,14149.00,218.00,895.16,0.00,False,False
veh2049,-521705694#1->490474063#5,veh_passenger,13743.00,14153.00,410.00,2033.32,0.00,False,False
veh2022,-1335304386#0->413789558#0,veh_passenger,13549.00,14162.00,613.00,3439.43,0.00,False,False
veh2078,39763700#3->428730818#1,veh_passenger,13924.00,14170.00,246.00,1879.59,0.00,False,False
bus230,-1068144846#0->-39921672,bus_bus,13801.00,14171.00,370.00,2323.93,0.00,False,False
veh2055,515130027->335802680,veh_passenger,13770.00,14177.00,407.00,2809.50,0.00,False,False
veh2094,-1068144847->-479863106#1,veh_passenger,14031.00,14182.00,151.00,1505.15,0.00,False,False
veh2081,521705694#1->-1332638368#0,veh_passenger,13944.00,14183.00,239.00,1732.61,0.00,False,False
veh2067,-50323229#13->-1204070283#1,veh_passenger,13850.00,14187.00,337.00,1468.08,0.00,False,False
veh2093,-238219441#2->1260485931#1,veh_passenger,14025.00,14191.00,166.00,795.79,0.00,False,False
veh1851,39838520#0->-40036009#1,veh_passenger,12403.00,14201.00,1798.00,2145.19,0.00,False,False
veh2061,511404875->-50323229#9,veh_passenger,13810.00,14206.00,396.00,3343.55,0.00,False,False
veh2076,178702243#1->1332638391#0,veh_passenger,13911.00,14208.00,297.00,2729.53,0.00,False,False
veh2114,39838657#1->-564273553#3,veh_passenger,14165.00,14209.00,44.00,413.26,0.00,False,False
bus235,421846558#0->-178702258#0,bus_bus,14101.00,14210.00,109.00,563.60,0.00,False,False
veh2107,1196008692#1->900399275,veh_passenger,14118.00,14214.00,96.00,2158.83,0.00,False,False
veh2056,1068074792->428730800,veh_passenger,13777.00,14220.00,443.00,2684.11,0.00,False,False
veh2117,513082635#0->515123442#4,veh_passenger,14185.00,14226.00,41.00,710.95,0.00,False,False
veh2073,1214520074#2->-1323097580#0,veh_passenger,13891.00,14232.00,341.00,2909.63,0.00,False,False
veh1775,39763700#1->-1125986377#0,veh_passenger,11894.00,14234.00,2340.00,1060.29,0.00,False,False
veh2101,-40139504#1->1064476618#0,veh_passenger,14078.00,14234.00,156.00,568.87,0.00,False,False
veh2090,654530820#0->564273553#2,veh_passenger,14004.00,14235.00,231.00,1839.19,0.00,False,False
veh2054,40035904#0->240666069#1,veh_passenger,13763.00,14239.00,476.00,3052.06,0.00,False,False
veh2072,232920701->-1201484855,veh_passenger,13884.00,14249.00,365.00,2586.83,0.00,False,False
veh2121,39366819#0->39838691#5,veh_passenger,14212.00,14249.00,37.00,326.94,0.00,False,False
veh2095,178441748#0->-474143552#0,veh_passenger,14038.00,14250.00,212.00,532.90,0.00,False,False
veh2064,1204070282->1068144845#2,veh_passenger,13830.00,14251.00,421.00,3278.38,0.00,False,False
veh1741,1068434256#1->40139504#0,veh_passenger,11666.00,14259.00,2593.00,1336.71,0.00,False,False
veh2080,47088302#1->1068434256#0,veh_passenger,13937.00,14269.00,332.00,2039.05,0.00,False,False
veh1674,39763700#6->451728952#4,veh_passenger,11217.00,14275.00,3058.00,1895.82,0.00,False,False
truck115,39920684#4->1067953246,truck_truck,13801.00,14291.00,490.00,3052.24,0.00,False,False
veh2013,1125986386->381945549#1,veh_passenger,13779.00,14293.00,514.00,2007.61,0.00,False,False
veh1598,39838657#0->1064476624,veh_passenger,10708.00,14296.00,3588.00,1243.57,0.00,False,False
veh2102,47267011#2->39838630#2,veh_passenger,14085.00,14298.00,213.00,1223.28,0.00,False,False
veh2108,-142741729#0->1068434202,veh_passenger,14125.00,14299.00,174.00,1181.73,0.00,False,False
veh2082,39920684#4->1234244925#2,veh_passenger,13951.00,14303.00,352.00,1730.67,0.00,False,False
veh2083,1100626103#1->1068434208#1,veh_passenger,13958.00,14307.00,349.00,2016.09,0.00,False,False
veh2066,-40035606#0->1337646275,veh_passenger,13844.00,14311.00,467.00,2964.09,0.00,False,False
veh2096,150928465->-838061037,veh_passenger,14045.00,14323.00,278.00,1756.44,0.00,False,False
veh2118,490474063#1->-1068916339,veh_passenger,14192.00,14326.00,134.00,879.34,0.00,False,False
veh2120,39920550#10->-1326193810,veh_passenger,14205.00,14335.00,130.00,1074.58,0.00,False,False
bus234,-40109290#3->24621218#0,bus_bus,14041.00,14336.00,295.00,1393.65,0.00,False,False
bus233,40035325#1->450616334#1,bus_bus,13981.00,14342.00,361.00,2208.66,0.00,False,False
veh2109,-437445540->1337646271#0,veh_passenger,14132.00,14354.00,222.00,1768.50,0.00,False,False
veh2124,178583145->-474143552#4,veh_passenger,14232.00,14354.00,122.00,918.83,0.00,False,False
veh1922,178583140#0->10628429,veh_passenger,12879.00,14358.00,1479.00,1241.16,0.00,False,False
veh2091,511404874#1->50323226,veh_passenger,14011.00,14361.00,350.00,3613.87,0.00,False,False
truck117,-1260485931#1->1290439817#1,truck_truck,14041.00,14366.00,325.00,1693.49,0.00,False,False
veh2116,488788636#0->39838691#5,veh_passenger,14179.00,14385.00,206.00,1284.71,0.00,False,False
veh2104,-10628444#1->1211151636,veh_passenger,14098.00,14396.00,298.00,1377.42,0.00,False,False
veh2126,479863106#0->511404874#1,veh_passenger,14246.00,14396.00,150.00,321.78,0.00,False,False
truck118,985133427->9832326#2,truck_truck,14161.00,14408.00,247.00,2043.04,0.00,False,False
veh2105,39920550#3->511404878,veh_passenger,14105.00,14450.00,345.00,1688.59,0.00,False,False
veh2069,1260481154->335802675,veh_passenger,13864.00,14451.00,587.00,2325.10,0.00,False,False
veh2099,-1068144845#1->24576922#2,veh_passenger,14065.00,14453.00,388.00,2277.12,0.00,False,False
veh2100,39920550#8->-1125986385#0,veh_passenger,14071.00,14456.00,385.00,1377.68,0.00,False,False
veh2122,-509646056->-654297629#2,veh_passenger,14219.00,14458.00,239.00,855.49,0.00,False,False
veh1777,-39838691#10->33683458#1,veh_passenger,11907.00,14459.00,2552.00,2273.99,0.00,False,False
veh2123,-40035904#1->856175964,veh_passenger,14226.00,14462.00,236.00,1605.46,0.00,False,False
veh1854,39763700#0->47087992#4,veh_passenger,12423.00,14464.00,2041.00,2254.20,0.00,False,False
veh2143,509646144->1335304373#0,veh_passenger,14360.00,14496.00,136.00,1095.60,0.00,False,False
veh2130,521701859->1068434205,veh_passenger,14272.00,14497.00,225.00,769.36,0.00,False,False
bus240,40115810#1->-1260485929#3,bus_bus,14401.00,14502.00,101.00,564.68,0.00,False,False
veh2151,1332638391#0->1068434258,veh_passenger,14413.00,14506.00,93.00,321.26,0.00,False,False
veh2125,-39838984#1->178583148#2,veh_passenger,14239.00,14508.00,269.00,3111.59,0.00,False,False
veh2077,39920505#6->-451728952#5,veh_passenger,13917.00,14510.00,593.00,2623.80,0.00,False,False
bus238,10628444#1->39920593#5,bus_bus,14281.00,14510.00,229.00,722.25,0.00,False,False
veh1896,1201484855->1064476620#1,veh_passenger,12705.00,14517.00,1812.00,1910.65,0.00,False,False
veh2128,15419875#0->-39838691#9,veh_passenger,14259.00,14521.00,262.00,1381.54,0.00,False,False
veh1987,449565665#0->488788636#1,veh_passenger,13314.00,14529.00,1215.00,1774.18,0.00,False,False
veh2152,1273251152->-654297633,veh_passenger,14420.00,14533.00,113.00,800.11,0.00,False,False
veh2110,1273251152->564273553#2,veh_passenger,14138.00,14542.00,404.00,2047.06,0.00,False,False
veh2131,-33683346#1->1068434205,veh_passenger,14279.00,14542.00,263.00,1623.69,0.00,False,False
veh2137,-178723097#0->-428730807,veh_passenger,14319.00,14546.00,227.00,1681.11,0.00,False,False
veh1810,521708587#1->1254633077#1,veh_passenger,12128.00,14551.00,2423.00,2206.40,0.00,False,False
veh2097,1324405511->428730793#1,veh_passenger,14053.00,14552.00,499.00,3336.04,0.00,False,False
veh2153,1214520078->-1125986378#1,veh_passenger,14427.00,14564.00,137.00,739.82,0.00,False,False
veh1915,39920505#9->515040940#0,veh_passenger,12832.00,14567.00,1735.00,1211.51,0.00,False,False
veh2112,15420532->1074409255#3,veh_passenger,14152.00,14568.00,416.00,3077.20,0.00,False,False
veh2115,900279886->1337646271#1,veh_passenger,14172.00,14582.00,410.00,1596.78,0.00,False,False
veh2111,-1068144846#1->-654297634,veh_passenger,14145.00,14604.00,459.00,3247.32,0.00,False,False
veh2141,40035606#2->1323097579#0,veh_passenger,14346.00,14606.00,260.00,906.50,0.00,False,False
veh2154,1260485931#1->50323229#6,veh_passenger,14433.00,14607.00,174.00,959.59,0.00,False,False
veh2132,47087366#0->513087670,veh_passenger,14286.00,14613.00,327.00,1411.58,0.00,False,False
veh2139,-515136608->-521701857,veh_passenger,14333.00,14623.00,290.00,1753.79,0.00,False,False
veh2127,1068144848#0->40139708,veh_passenger,14252.00,14631.00,379.00,2990.48,0.00,False,False
veh2147,12247569->438354815,veh_passenger,14390.00,14633.00,243.00,1651.34,0.00,False,False
veh2140,40035606#1->1125986373#3,veh_passenger,14339.00,14641.00,302.00,1631.84,0.00,False,False
veh2155,-1125986378#1->9832326#1,veh_passenger,14440.00,14666.00,226.00,1587.76,0.00,False,False
veh2133,12262310#0-AddedOffRampEdge->12247569,veh_passenger,14293.00,14675.00,382.00,2691.26,0.00,False,False
veh2106,-1068144845#2->511409187,veh_passenger,14112.00,14679.00,567.00,1604.14,0.00,False,False
veh2119,-40035606#3->515126385#1,veh_passenger,14199.00,14685.00,486.00,2532.33,0.00,False,False
bus237,-147711065#0->-1068144849#2,bus_bus,14221.00,14689.00,468.00,2223.98,0.00,False,False
veh2146,-1067928307#3->10250021#4,veh_passenger,14380.00,14699.00,319.00,2194.34,0.00,False,False
veh2129,-39921531->654297629#3,veh_passenger,14266.00,14706.00,440.00,990.21,0.00,False,False
veh2144,-39838751#2->-450616334#1,veh_passenger,14366.00,14710.00,344.00,1350.01,0.00,False,False
veh2164,-240666072#2->47267007#1,veh_passenger,14500.00,14711.00,211.00,2061.32,0.00,False,False
veh2180,-39838691#3->-47267010,veh_passenger,14607.00,14720.00,113.00,876.45,0.00,False,False
veh1941,-654297629#1->47087992#4,veh_passenger,13006.00,14735.00,1729.00,1873.66,0.00,False,False
veh2169,-654297637#1->40109290#2,veh_passenger,14534.00,14737.00,203.00,1016.99,0.00,False,False
veh2142,1337646271#0->33683458#2,veh_passenger,14354.00,14738.00,384.00,3499.95,0.00,False,False
bus236,488788633#0->813852683,bus_bus,14162.00,14759.00,597.00,4656.06,0.00,False,False
bus242,-1335304377->47087366#1,bus_bus,14521.00,14765.00,244.00,2153.62,0.00,False,False
veh2202,15419971#0->15419971#1,veh_passenger,14755.00,14765.00,10.00,94.37,0.00,False,False
veh2177,1231065644->1068144848#0,veh_passenger,14587.00,14771.00,184.00,2067.48,0.00,False,False
truck121,513082640->513087668,truck_truck,14521.00,14778.00,257.00,1943.29,0.00,False,False
veh2159,1214520074#0->1068144845#2,veh_passenger,14467.00,14791.00,324.00,1884.14,0.00,False,False
veh2148,9704194#1->460316444,veh_passenger,14393.00,14816.00,423.00,3038.02,0.00,False,False
veh2173,1204070283#1->475044040#4,veh_passenger,14561.00,14819.00,258.00,1094.89,0.00,False,False
veh2166,1260485931#0->-40297715#3,veh_passenger,14514.00,14821.00,307.00,1322.49,0.00,False,False
veh2192,521704040->-1201484855,veh_passenger,14688.00,14823.00,135.00,775.09,0.00,False,False
veh2145,-10748036->47087992#4,veh_passenger,14373.00,14825.00,452.00,2011.51,0.00,False,False
veh2174,47087992#1->521701860,veh_passenger,14567.00,14831.00,264.00,1702.93,0.00,False,False
veh2183,178583148#0->-10628442#1,veh_passenger,14628.00,14857.00,229.00,1454.95,0.00,False,False
veh2186,1222703384#0->-1292541108,veh_passenger,14648.00,14866.00,218.00,938.44,0.00,False,False
truck119,-1272337500->-488788633#0,truck_truck,14281.00,14873.00,592.00,3272.10,0.00,False,False
veh2135,515123442#1->654297629#4,veh_passenger,14306.00,14875.00,569.00,2043.11,0.00,False,False
veh2160,50323229#0->1290456019,veh_passenger,14473.00,14875.00,402.00,1489.10,0.00,False,False
veh2084,24621218#2->-1068144849#0,veh_passenger,13964.00,14877.00,913.00,3491.48,0.00,False,False
veh2163,1260485931#1->40322293,veh_passenger,14494.00,14881.00,387.00,1337.52,0.00,False,False
veh2176,-40035606#0->511409188#1,veh_passenger,14581.00,14886.00,305.00,1586.12,0.00,False,False
veh2170,515130027->482569917#1,veh_passenger,14540.00,14888.00,348.00,1568.23,0.00,False,False
veh2200,1067928305#2->-39838691#8,veh_passenger,14741.00,14891.00,150.00,1540.80,0.00,False,False
veh1814,39763700#0->15419875#0,veh_passenger,12155.00,14894.00,2739.00,1820.46,0.00,False,False
veh2185,24577455#2->1323097577,veh_passenger,14641.00,14911.00,270.00,1290.21,0.00,False,False
veh2205,1324405519->40036062#1,veh_passenger,14775.00,14913.00,138.00,960.06,0.00,False,False
veh2184,513082641#0-AddedOffRampEdge->-573632774,veh_passenger,14634.00,14916.00,282.00,3099.75,0.00,False,False
veh2189,39920505#7->-1125986374,veh_passenger,14668.00,14920.00,252.00,1395.57,0.00,False,False
veh2179,39838657#3->-257421487#0,veh_passenger,14601.00,14929.00,328.00,1997.71,0.00,False,False
truck108,-564273553#2->-33683346#2,truck_truck,12961.00,14936.00,1975.00,2389.25,0.00,False,False
veh2178,47087992#2->1260485929#1,veh_passenger,14594.00,14951.00,357.00,2062.56,0.00,False,False
veh2175,178702258#0->39920593#2,veh_passenger,14574.00,14952.00,378.00,1714.57,0.00,False,False
veh2181,39838630#1->-687878722#0,veh_passenger,14614.00,14953.00,339.00,1621.90,0.00,False,False
veh2136,10628430->47267007#1,veh_passenger,14313.00,14955.00,642.00,1445.00,0.00,False,False
veh2162,-39920593#3->509524225,veh_passenger,14487.00,14960.00,473.00,2790.93,0.00,False,False
veh2209,147711065#2->39838984#0,veh_passenger,14802.00,14962.00,160.00,711.50,0.00,False,False
bus246,1214520074#4->10748036,bus_bus,14761.00,14965.00,204.00,1442.81,0.00,False,False
veh2190,509647506->39920684#6,veh_passenger,14674.00,14974.00,300.00,1637.88,0.00,False,False
veh2191,509524227#0->1067953239#0,veh_passenger,14681.00,14976.00,295.00,2643.66,0.00,False,False
veh2221,40035325#1->10748045#1,veh_passenger,14882.00,14976.00,94.00,646.85,0.00,False,False
truck122,11631594#0->-40036009#3,truck_truck,14641.00,14977.00,336.00,1409.51,0.00,False,False
veh2103,-1214520068->39920550#4,veh_passenger,14092.00,14981.00,889.00,1784.01,0.00,False,False
veh2182,1273405490->511187811,veh_passenger,14621.00,14981.00,360.00,1589.11,0.00,False,False
veh2193,1226645409->-40297715#2,veh_passenger,14695.00,14987.00,292.00,3055.26,0.00,False,False
veh2223,-1068916339->-40140017#2,veh_passenger,14896.00,14987.00,91.00,570.58,0.00,False,False
bus244,-238219449->968332509,bus_bus,14641.00,14988.00,347.00,1195.38,0.00,False,False
veh2194,40036009#0->335802675,veh_passenger,14701.00,14993.00,292.00,2057.02,0.00,False,False
veh2218,10629709#1->475044040#2,veh_passenger,14862.00,14995.00,133.00,827.08,0.00,False,False
veh2201,40036062#0->10628442#0,veh_passenger,14748.00,14999.00,251.00,1449.15,0.00,False,False
truck123,50323229#6->40139504#0,truck_truck,14761.00,15000.00,239.00,1195.00,0.00,False,False
veh2219,1068144846#2->13909444#1,veh_passenger,14869.00,15001.00,132.00,1014.50,0.00,False,False
veh2215,12262310#0-AddedOffRampEdge->1074409255#3,veh_passenger,14842.00,15018.00,176.00,1753.28,0.00,False,False
bus245,47087992#5->1068434201,bus_bus,14701.00,15022.00,321.00,1761.23,0.00,False,False
veh2204,39838691#2->9704194#3,veh_passenger,14768.00,15022.00,254.00,1606.14,0.00,False,False
veh2233,40035325#1->488788626#3,veh_passenger,14963.00,15050.00,87.00,618.74,0.00,False,False
veh2232,160078084->-474143552#6,veh_passenger,14956.00,15051.00,95.00,901.30,0.00,False,False
veh2211,900287035->-10250021#2,veh_passenger,14815.00,15065.00,250.00,1567.46,0.00,False,False
veh2225,475044040#4->39920505#5,veh_passenger,14944.00,15065.00,121.00,772.81,0.00,False,False
veh2138,-968332509->178723097#1,veh_passenger,14326.00,15082.00,756.00,961.86,0.00,False,False
veh2149,-1254816455->564273553#3,veh_passenger,14400.00,15084.00,684.00,977.82,0.00,False,False
veh2198,1067953247#0->1125986387,veh_passenger,14728.00,15095.00,367.00,1801.50,0.00,False,False
veh2227,515123438->178583140#1,veh_passenger,14922.00,15108.00,186.00,1815.89,0.00,False,False
veh2203,-232920701->428730793#1,veh_passenger,14762.00,15125.00,363.00,2975.61,0.00,False,False
veh2161,-1214520079->147711065#2,veh_passenger,14489.00,15127.00,638.00,699.74,0.00,False,False
veh2195,47267011#0->-40297715#1,veh_passenger,14708.00,15141.00,433.00,2549.74,0.00,False,False
truck125,39920505#8->-10628444#0,truck_truck,15001.00,15150.00,149.00,727.75,0.00,False,False
bus241,39921025#3->39366819#0,bus_bus,14461.00,15155.00,694.00,1880.32,0.00,False,False
veh2220,1068434256#1->-10628442#1,veh_passenger,14875.00,15156.00,281.00,1382.37,0.00,False,False
veh2240,12262310#0->1335304385,veh_passenger,15009.00,15156.00,147.00,2155.45,0.00,False,False
veh2222,40297647#0->39838520#3,veh_passenger,14889.00,15158.00,269.00,1192.26,0.00,False,False
veh2134,1255099069->654297629#4,veh_passenger,14299.00,15159.00,860.00,978.45,0.00,False,False
veh2070,1064476624->1214520072,veh_passenger,13870.00,15164.00,1294.00,1065.45,0.00,False,False
veh2199,1234244927#1->178699054,veh_passenger,14735.00,15165.00,430.00,753.45,0.00,False,False
veh2212,-1068144848#0->39838691#3,veh_passenger,14822.00,15167.00,345.00,1816.81,0.00,False,False
veh2224,1074409232#0->1074771163#1-AddedOffRampEdge,veh_passenger,14902.00,15173.00,271.00,1471.78,0.00,False,False
bus251,40036009#3->1222703383,bus_bus,15061.00,15177.00,116.00,830.01,0.00,False,False
truck124,39086240-AddedOffRampEdge->9704194#3,truck_truck,14881.00,15178.00,297.00,1327.44,0.00,False,False
veh2226,1323097580#0->39838691#7,veh_passenger,14916.00,15181.00,265.00,1854.80,0.00,False,False
veh2187,178583155->39838657#0,veh_passenger,14654.00,15182.00,528.00,1356.07,0.00,False,False
veh2196,1273251150#0->240666072#2,veh_passenger,14715.00,15182.00,467.00,2989.78,0.00,False,False
veh2217,-1067928305#0->-47267007#0,veh_passenger,14855.00,15182.00,327.00,2095.57,0.00,False,False
veh2251,499566573->654297633,veh_passenger,15083.00,15192.00,109.00,377.95,0.00,False,False
veh2234,513272950#1->1118804256#0,veh_passenger,14969.00,15205.00,236.00,1623.01,0.00,False,False
veh2213,-33683346#1->510107701,veh_passenger,14829.00,15212.00,383.00,1837.84,0.00,False,False
veh2236,39838657#3->509646059,veh_passenger,14983.00,15213.00,230.00,735.73,0.00,False,False
veh2216,178702243#1-AddedOnRampEdge->39920011#1,veh_passenger,14849.00,15228.00,379.00,4273.38,0.00,False,False
veh2259,-33683346#0->-40035325#2,veh_passenger,15137.00,15230.00,93.00,503.78,0.00,False,False
veh2264,40138239#1->1064398309#1,veh_passenger,15170.00,15232.00,62.00,687.49,0.00,False,False
bus252,40140141#3->822782498,bus_bus,15121.00,15236.00,115.00,790.34,0.00,False,False
veh2214,478286980#1->985133430,veh_passenger,14835.00,15242.00,407.00,805.09,0.00,False,False
veh2237,232920701->1211151638,veh_passenger,14989.00,15247.00,258.00,2519.72,0.00,False,False
veh2229,12262310#0-AddedOffRampEdge->438354815,veh_passenger,14936.00,15262.00,326.00,3390.97,0.00,False,False
veh2257,515123438->1068434208#1,veh_passenger,15123.00,15267.00,144.00,1289.51,0.00,False,False
veh2269,-14924729#3->-1214520076,veh_passenger,15204.00,15293.00,89.00,899.87,0.00,False,False
veh2210,1335304372->-405382146#0,veh_passenger,14808.00,15298.00,490.00,1862.89,0.00,False,False
veh2244,47267007#0->47225638#4,veh_passenger,15036.00,15304.00,268.00,2037.17,0.00,False,False
bus247,1323097580#1->1068144847,bus_bus,14821.00,15306.00,485.00,3260.60,0.00,False,False
veh1897,39838691#7->-39921531,veh_passenger,12711.00,15311.00,2600.00,1258.59,0.00,False,False
veh2265,-654297632#0->-1260485930#1,veh_passenger,15177.00,15311.00,134.00,652.20,0.00,False,False
veh2262,-474143552#5->1100626103#3,veh_passenger,15157.00,15320.00,163.00,828.50,0.00,False,False
veh2258,-450616334#1->10628444#0,veh_passenger,15130.00,15323.00,193.00,1703.60,0.00,False,False
veh2207,1064476620#3->39366819#0,veh_passenger,14788.00,15326.00,538.00,1839.25,0.00,False,False
veh2245,515136609->1260481153,veh_passenger,15043.00,15326.00,283.00,1974.23,0.00,False,False
veh2273,39763700#3->1068434199,veh_passenger,15231.00,15331.00,100.00,1030.48,0.00,False,False
veh2266,39366819#1->1074771170,veh_passenger,15184.00,15332.00,148.00,1367.12,0.00,False,False
veh2249,15419875#0->47225638#0,veh_passenger,15070.00,15338.00,268.00,1911.13,0.00,False,False
veh2250,-39920593#5->513082635#0,veh_passenger,15076.00,15347.00,271.00,1652.48,0.00,False,False
veh2263,1068434206->-39920593#2,veh_passenger,15164.00,15351.00,187.00,1335.31,0.00,False,False
veh2243,1068144844->-238219441#2,veh_passenger,15030.00,15353.00,323.00,2274.35,0.00,False,False
veh2284,39920593#1->475044040#0,veh_passenger,15304.00,15357.00,53.00,295.87,0.00,False,False
veh2172,-24576913#0->1260485931#0,veh_passenger,14554.00,15359.00,805.00,2078.68,0.00,False,False
veh2248,521705694#1->428730813#1,veh_passenger,15077.00,15374.00,297.00,1419.07,0.00,False,False
veh2282,39763700#4->521704031#0,veh_passenger,15291.00,15410.00,119.00,746.47,0.00,False,False
bus253,-654297632#0->488788626#1,bus_bus,15181.00,15413.00,232.00,1231.68,0.00,False,False
veh2261,39838630#2->142741729#1,veh_passenger,15150.00,15414.00,264.00,1533.87,0.00,False,False
bus248,509524271->490474063#7,bus_bus,14881.00,15424.00,543.00,1736.90,0.00,False,False
veh2242,666886082#0->-488788637#1,veh_passenger,15023.00,15425.00,402.00,1433.72,0.00,False,False
veh2255,39920550#13->1068434199,veh_passenger,15110.00,15425.00,315.00,1776.31,0.00,False,False
veh2268,1298335703->39921192#1,veh_passenger,15197.00,15425.00,228.00,2292.40,0.00,False,False
veh2252,39921025#4->-39838691#5,veh_passenger,15090.00,15430.00,340.00,1674.36,0.00,False,False
veh2274,490474063#4->40140141#5,veh_passenger,15237.00,15437.00,200.00,1682.71,0.00,False,False
veh2275,39920684#3->169562956,veh_passenger,15244.00,15442.00,198.00,1570.50,0.00,False,False
veh2230,50323229#9->1067953246,veh_passenger,14942.00,15472.00,530.00,3582.31,0.00,False,False
veh2276,856175964->451728952#3,veh_passenger,15251.00,15501.00,250.00,1306.65,0.00,False,False
veh2291,475044040#3->1068916335,veh_passenger,15351.00,15502.00,151.00,798.96,0.00,False,False
truck120,-900279886->654297629#4,truck_truck,14401.00,15516.00,1115.00,1166.36,0.00,False,False
veh2028,39920593#1->513272951#0,veh_passenger,13589.00,15519.00,1930.00,1314.02,0.00,False,False
veh2238,24621218#4->511404878,veh_passenger,14996.00,15524.00,528.00,1905.40,0.00,False,False
veh2267,1260481150->-39838691#1,veh_passenger,15190.00,15524.00,334.00,2186.94,0.00,False,False
veh2246,-1068144849#1->1326193809,veh_passenger,15050.00,15526.00,476.00,4048.09,0.00,False,False
bus232,178583148#0->-479863106#1,bus_bus,13921.00,15557.00,1636.00,1374.07,0.00,False,False
veh2157,142741729#0->39838751#2,veh_passenger,14453.00,15560.00,1107.00,1411.22,0.00,False,False
veh2321,1214520070->1068434206,veh_passenger,15552.00,15590.00,38.00,383.98,0.00,False,False
veh2278,488788637#0->521708587#0,veh_passenger,15264.00,15591.00,327.00,1064.54,0.00,False,False
veh2297,-1290439817#1->654297629#0,veh_passenger,15391.00,15597.00,206.00,1146.61,0.00,False,False
veh2295,488788637#1->24621218#4,veh_passenger,15378.00,15599.00,221.00,1295.20,0.00,False,False
veh2310,515136608->1068144845#2,veh_passenger,15478.00,15600.00,122.00,1396.38,0.00,False,False
veh2256,238219472#0->1068434168,veh_passenger,15117.00,15604.00,487.00,2116.32,0.00,False,False
truck127,39920550#8->654297634,truck_truck,15241.00,15623.00,382.00,1338.23,0.00,False,False
truck126,490474063#4->1067953246,truck_truck,15121.00,15631.00,510.00,3063.70,0.00,False,False
veh2285,513082641#0-AddedOffRampEdge->1272548721,veh_passenger,15311.00,15632.00,321.00,3017.28,0.00,False,False
veh2279,1297720368->1273251152,veh_passenger,15271.00,15634.00,363.00,1974.77,0.00,False,False
veh2289,335802695->-39838657#1,veh_passenger,15338.00,15635.00,297.00,2037.98,0.00,False,False
truck129,-178723097#0->178699056#3,truck_truck,15481.00,15643.00,162.00,1311.90,0.00,False,False
veh2280,39921673#1->40140141#11,veh_passenger,15277.00,15666.00,389.00,1667.61,0.00,False,False
veh2272,509524225->40138633#0,veh_passenger,15224.00,15670.00,446.00,2308.31,0.00,False,False
bus257,499566573->-1297720367,bus_bus,15421.00,15680.00,259.00,1291.48,0.00,False,False
veh2311,654297633->1254633077#0,veh_passenger,15485.00,15691.00,206.00,1074.45,0.00,False,False
veh2294,1204070283#1->10748045#1,veh_passenger,15371.00,15692.00,321.00,1342.63,0.00,False,False
veh2298,238219443->1332638368#1,veh_passenger,15398.00,15693.00,295.00,2007.67,0.00,False,False
veh2313,-1332638368#1->-10628444#0,veh_passenger,15499.00,15697.00,198.00,1485.76,0.00,False,False
veh2277,1292578228-AddedOnRampEdge->-39838691#3,veh_passenger,15257.00,15698.00,441.00,1713.45,0.00,False,False
veh2331,1273251150#1->475044040#0,veh_passenger,15619.00,15705.00,86.00,803.00,0.00,False,False
veh2315,-39838657#2->1067928306#0,veh_passenger,15512.00,15707.00,195.00,962.17,0.00,False,False
veh2306,-1015424648->-39921673#0,veh_passenger,15452.00,15719.00,267.00,1401.16,0.00,False,False
veh2314,968332513#1->1222181934,veh_passenger,15505.00,15723.00,218.00,1821.11,0.00,False,False
veh2308,-460316444->40035606#1,veh_passenger,15465.00,15724.00,259.00,3401.75,0.00,False,False
veh2333,-422842976->13909444#5,veh_passenger,15633.00,15739.00,106.00,1520.06,0.00,False,False
veh2324,1207401652#0->564273552,veh_passenger,15572.00,15754.00,182.00,1652.73,0.00,False,False
truck128,-39838691#7->-24576913#0,truck_truck,15361.00,15759.00,398.00,462.49,0.00,False,False
veh2319,511187810->511404880#1,veh_passenger,15539.00,15761.00,222.00,713.79,0.00,False,False
bus255,1222181937->40297647#0,bus_bus,15301.00,15763.00,462.00,1176.93,0.00,False,False
bus262,-474143552#2->474143552#5,bus_bus,15721.00,15773.00,52.00,265.44,0.00,False,False
veh2338,1337646270->12247568#1,veh_passenger,15666.00,15789.00,123.00,1047.27,0.00,False,False
veh2307,1211151637->240666072#1,veh_passenger,15458.00,15795.00,337.00,2536.35,0.00,False,False
veh2271,257421487#0->335802664,veh_passenger,15217.00,15806.00,589.00,2792.53,0.00,False,False
veh2355,-1236283454->1323097575#2,veh_passenger,15780.00,15807.00,27.00,282.26,0.00,False,False
veh2318,49224804#0->1125986373#3,veh_passenger,15532.00,15811.00,279.00,1798.93,0.00,False,False
veh2309,1068434203->238219441#1,veh_passenger,15472.00,15826.00,354.00,1565.64,0.00,False,False
veh2171,40140141#2->-39838530,veh_passenger,14547.00,15832.00,1285.00,1423.47,0.00,False,False
veh2281,-50323229#3->511404873#1,veh_passenger,15284.00,15838.00,554.00,1631.17,0.00,False,False
veh2303,39920550#3->-1332638368#2,veh_passenger,15432.00,15843.00,411.00,2047.71,0.00,False,False
veh2339,900279886->232920697,veh_passenger,15673.00,15844.00,171.00,976.32,0.00,False,False
veh2327,-1067953246->40297885#1,veh_passenger,15592.00,15846.00,254.00,1834.64,0.00,False,False
veh2156,147711065#1->1214520073#1,veh_passenger,14447.00,15857.00,1410.00,693.67,0.00,False,False
bus258,511409856#1->-515040940#0,bus_bus,15481.00,15857.00,376.00,528.90,0.00,False,False
bus263,1068144846#2->513082638,bus_bus,15781.00,15858.00,77.00,566.20,0.00,False,False
bus261,509646053#0->-40140017#1,bus_bus,15661.00,15864.00,203.00,864.87,0.00,False,False
bus260,1100626103#1->-1068916338,bus_bus,15601.00,15867.00,266.00,1324.18,0.00,False,False
truck130,40140141#10->-474143552#0,truck_truck,15601.00,15869.00,268.00,1752.17,0.00,False,False
veh2341,1323097580#0->40109290#1,veh_passenger,15686.00,15872.00,186.00,1076.52,0.00,False,False
veh2363,-238219441#2->-40140017#1,veh_passenger,15834.00,15872.00,38.00,325.19,0.00,False,False
veh2360,509646063#1->10628444#1,veh_passenger,15813.00,15877.00,64.00,612.92,0.00,False,False
veh2002,-654297629#0->40297885#1,veh_passenger,13415.00,15887.00,2472.00,759.69,0.00,False,False
veh2337,509646057#0->-564273553#4,veh_passenger,15659.00,15894.00,235.00,1065.45,0.00,False,False
veh2270,1234244927#0->-40297715#3,veh_passenger,15210.00,15912.00,702.00,1475.73,0.00,False,False
truck131,39838751#0->-900279869,truck_truck,15721.00,15922.00,201.00,643.19,0.00,False,False
veh2332,335802695->1234244927#1,veh_passenger,15626.00,15923.00,297.00,1826.21,0.00,False,False
veh2088,449565665#2->511187808#4,veh_passenger,13991.00,15928.00,1937.00,831.60,0.00,False,False
bus259,1254816452->257421487#0,bus_bus,15541.00,15934.00,393.00,2457.54,0.00,False,False
veh2374,-488788630#0->428730813#3,veh_passenger,15907.00,15937.00,30.00,344.52,0.00,False,False
veh2329,975216739->-1323097577,veh_passenger,15606.00,15938.00,332.00,1535.31,0.00,False,False
veh2300,-40297715#2->687878725,veh_passenger,15411.00,15940.00,529.00,2611.85,0.00,False,False
veh1970,654297629#3->15419875#0,veh_passenger,13200.00,15946.00,2746.00,1588.88,0.00,False,False
bus239,666886086#2->1125986385#1,bus_bus,14341.00,15952.00,1611.00,1457.16,0.00,False,False
veh2325,509524229->-40035904#2,veh_passenger,15579.00,15953.00,374.00,2932.58,0.00,False,False
veh2353,1064476623->-1100626088,veh_passenger,15767.00,15957.00,190.00,863.56,0.00,False,False
veh2292,39920505#2->478286980#1,veh_passenger,15358.00,15963.00,605.00,1781.05,0.00,False,False
veh1949,-437445539#1->-147711065#0,veh_passenger,13060.00,15979.00,2919.00,2398.48,0.00,False,False
veh1969,39838691#2->-1125986379#0,veh_passenger,13194.00,15982.00,2788.00,1083.68,0.00,False,False
veh2349,47223733->1298335704#0,veh_passenger,15740.00,15984.00,244.00,389.89,0.00,False,False
veh2302,490474063#0->47157282#0,veh_passenger,15425.00,15988.00,563.00,572.75,0.00,False,False
veh2362,511187808#2->-1067928307#2,veh_passenger,15827.00,15994.00,167.00,1469.72,0.00,False,False
bus254,142741729#1->1290439817#1,bus_bus,15241.00,15995.00,754.00,1674.10,0.00,False,False
veh1983,-12247569->39920505#3,veh_passenger,13288.00,15999.00,2711.00,1613.09,0.00,False,False
veh2344,47223733->1297720367,veh_passenger,15706.00,16002.00,296.00,820.26,0.00,False,False
veh2288,-40139708->47087993#3,veh_passenger,15331.00,16007.00,676.00,3630.07,0.00,False,False
veh2305,515126385#2->39839275,veh_passenger,15445.00,16016.00,571.00,3408.12,0.00,False,False
veh2351,413789558#1->1231065654,veh_passenger,15753.00,16018.00,265.00,1784.66,0.00,False,False
truck133,509646056->-1332638391#1,truck_truck,15961.00,16018.00,57.00,266.12,0.00,False,False
truck114,-654297629#0->1214520073#1,truck_truck,13681.00,16019.00,2338.00,604.79,0.00,False,False
veh2158,-1201484855->1067852461,veh_passenger,14460.00,16025.00,1565.00,950.97,0.00,False,False
veh2345,-1290439817#1->515123442#3,veh_passenger,15713.00,16025.00,312.00,1656.57,0.00,False,False
veh2316,11631594#0->178699049,veh_passenger,15519.00,16033.00,514.00,1205.00,0.00,False,False
veh2293,12262310#0->39838657#2,veh_passenger,15365.00,16035.00,670.00,2701.74,0.00,False,False
veh2367,1326193809->488788626#3,veh_passenger,15860.00,16035.00,175.00,1023.11,0.00,False,False
veh2378,1323097575#0->-39921531,veh_passenger,15934.00,16040.00,106.00,673.63,0.00,False,False
veh2343,967993112#0->968332513#0,veh_passenger,15700.00,16045.00,345.00,2016.35,0.00,False,False
veh2389,437445542->428730813#3,veh_passenger,16008.00,16045.00,37.00,421.34,0.00,False,False
veh2357,975216740->490474063#1,veh_passenger,15793.00,16046.00,253.00,1488.16,0.00,False,False
veh2304,490474063#4->515123439,veh_passenger,15438.00,16057.00,619.00,2410.77,0.00,False,False
veh2388,1211151638->47224972#0,veh_passenger,16001.00,16063.00,62.00,742.15,0.00,False,False
veh2350,13909444#6->1298335704#1,veh_passenger,15746.00,16064.00,318.00,1882.45,0.00,False,False
bus264,40035606#0->-654297637#2,bus_bus,15841.00,16067.00,226.00,1075.38,0.00,False,False
veh2247,1335304386#1->-449565665#0,veh_passenger,15056.00,16069.00,1013.00,1132.83,0.00,False,False
veh2340,40138239#2->-240666072#0,veh_passenger,15679.00,16069.00,390.00,2956.34,0.00,False,False
veh2379,511404877->-1067928305#1,veh_passenger,15941.00,16081.00,140.00,1104.60,0.00,False,False
veh2290,-147711065#2->499566574#2,veh_passenger,15344.00,16085.00,741.00,1096.59,0.00,False,False
veh2354,40297715#1->178702258#1,veh_passenger,15773.00,16100.00,327.00,1445.58,0.00,False,False
veh2364,24577522#3->-40035606#2,veh_passenger,15840.00,16105.00,265.00,1332.50,0.00,False,False
veh2025,39838657#1->-40297715#3,veh_passenger,13569.00,16115.00,2546.00,1797.03,0.00,False,False
veh2397,-451728952#1->-1068144848#1,veh_passenger,16061.00,16115.00,54.00,569.92,0.00,False,False
veh2346,-1332638368#0->1323097575#1,veh_passenger,15720.00,16117.00,397.00,2106.01,0.00,False,False
veh2382,39921672->-1125986378#0,veh_passenger,15961.00,16119.00,158.00,684.63,0.00,False,False
veh2365,1260481155->490474063#0,veh_passenger,15847.00,16129.00,282.00,1669.14,0.00,False,False
veh2369,-1323097580#0->-39921531,veh_passenger,15874.00,16131.00,257.00,990.02,0.00,False,False
veh2387,-1335304386#1->39920550#3,veh_passenger,15994.00,16131.00,137.00,708.61,0.00,False,False
veh2402,511187808#0->-39838691#1,veh_passenger,16095.00,16139.00,44.00,332.43,0.00,False,False
veh2359,-1322916760#2->13909444#0,veh_passenger,15807.00,16144.00,337.00,1511.85,0.00,False,False
veh2373,1254816453#1->39920011#1,veh_passenger,15901.00,16150.00,249.00,1826.63,0.00,False,False
truck132,1332638368#1->515136604,truck_truck,15841.00,16162.00,321.00,2168.59,0.00,False,False
veh2239,1068434200#1->-1074771160,veh_passenger,15003.00,16164.00,1161.00,824.41,0.00,False,False
veh2396,-50323229#10->1064398309#1,veh_passenger,16055.00,16171.00,116.00,468.67,0.00,False,False
veh2335,1125986373#0->-428730813#1,veh_passenger,15646.00,16204.00,558.00,3142.22,0.00,False,False
bus243,509646052->24576913#1,bus_bus,14581.00,16205.00,1624.00,736.23,0.00,False,False
veh2348,-1211151638->1075505400#1,veh_passenger,15733.00,16205.00,472.00,1246.18,0.00,False,False
veh2380,521713925->1260485930#1,veh_passenger,15947.00,16214.00,267.00,1785.92,0.00,False,False
veh2411,-40109290#5->-1273251150#0,veh_passenger,16155.00,16216.00,61.00,406.90,0.00,False,False
veh2366,-856175964->40138633#2,veh_passenger,15854.00,16217.00,363.00,1948.64,0.00,False,False
veh2383,521701860->39920011#1,veh_passenger,15968.00,16217.00,249.00,2106.93,0.00,False,False
veh2253,-10628429->654297629#2,veh_passenger,15097.00,16218.00,1121.00,691.55,0.00,False,False
veh2395,-14924729#0->1260485929#0,veh_passenger,16048.00,16222.00,174.00,817.77,0.00,False,False
veh2401,40138633#3->-33683346#2,veh_passenger,16088.00,16223.00,135.00,759.93,0.00,False,False
veh2301,-1260485929#2->-178723097#1,veh_passenger,15418.00,16225.00,807.00,967.74,0.00,False,False
veh2412,47157282#0->1204070283#0,veh_passenger,16162.00,16225.00,63.00,535.73,0.00,False,False
veh2372,47087992#4->-653860562,veh_passenger,15894.00,16229.00,335.00,2133.90,0.00,False,False
veh2386,1074409256#2->1015424648,veh_passenger,15988.00,16232.00,244.00,654.45,0.00,False,False
veh2188,-1201484855->-40035325#0,veh_passenger,14661.00,16238.00,1577.00,1581.04,0.00,False,False
veh2312,967985513#1->1075505400#2,veh_passenger,15492.00,16253.00,761.00,2444.14,0.00,False,False
veh2368,511187811->1075505400#0,veh_passenger,15867.00,16255.00,388.00,1239.40,0.00,False,False
bus266,-1292568612->40139708,bus_bus,15961.00,16256.00,295.00,1281.71,0.00,False,False
veh2391,1074771163#1->40109290#0,veh_passenger,16021.00,16263.00,242.00,1362.62,0.00,False,False
veh2342,-39920593#3->428730807,veh_passenger,15693.00,16267.00,574.00,2859.91,0.00,False,False
veh2385,521701860->511187821,veh_passenger,15981.00,16284.00,303.00,875.63,0.00,False,False
veh2415,1254816453#1->1335304373#0,veh_passenger,16182.00,16298.00,116.00,972.75,0.00,False,False
veh2377,1196008692#0->40140017#0,veh_passenger,15927.00,16305.00,378.00,1761.61,0.00,False,False
veh2390,24577455#1->-451728952#3,veh_passenger,16014.00,16314.00,300.00,2349.91,0.00,False,False
veh2414,666886086#1->-900279886,veh_passenger,16175.00,16314.00,139.00,896.15,0.00,False,False
veh2347,475446753->1068434199,veh_passenger,15726.00,16326.00,600.00,1844.64,0.00,False,False
veh2394,-1067928305#1->-1335304385,veh_passenger,16041.00,16330.00,289.00,2776.09,0.00,False,False
veh2206,653860562->9704194#2,veh_passenger,14782.00,16332.00,1550.00,1573.10,0.00,False,False
veh2167,24577522#1->40140141#5,veh_passenger,14520.00,16334.00,1814.00,1995.94,0.00,False,False
veh2356,-40138633#3->-1211151635#0,veh_passenger,15787.00,16335.00,548.00,3011.11,0.00,False,False
veh2398,-1332638391#2->654297633,veh_passenger,16068.00,16335.00,267.00,1041.66,0.00,False,False
veh2403,39920550#10->515130025,veh_passenger,16102.00,16342.00,240.00,2656.69,0.00,False,False
veh2330,39874516->1226645409,veh_passenger,15612.00,16345.00,733.00,3406.49,0.00,False,False
veh2376,-40138633#1->1214520074#4,veh_passenger,15921.00,16352.00,431.00,2428.34,0.00,False,False
veh2371,1335304375->9792174#1,veh_passenger,15887.00,16375.00,488.00,2700.84,0.00,False,False
veh2419,515136608->40140141#9,veh_passenger,16209.00,16375.00,166.00,2151.94,0.00,False,False
veh2410,47087992#3->1068434256#0,veh_passenger,16148.00,16379.00,231.00,1880.59,0.00,False,False
veh2406,-687878722#1->1298335702,veh_passenger,16122.00,16384.00,262.00,414.55,0.00,False,False
truck135,-10628429->47157282#0,truck_truck,16201.00,16386.00,185.00,919.16,0.00,False,False
veh2392,-422842976->178583167#1,veh_passenger,16028.00,16395.00,367.00,1599.40,0.00,False,False
veh2423,-40035325#2->39920505#0,veh_passenger,16236.00,16396.00,160.00,989.48,0.00,False,False
bus272,413789557->1067928307#3,bus_bus,16321.00,16410.00,89.00,596.95,0.00,False,False
veh2381,39921025#7->761486028#1,veh_passenger,15954.00,16417.00,463.00,1930.62,0.00,False,False
veh2413,1074409255#2->-1226645407,veh_passenger,16169.00,16432.00,263.00,2394.37,0.00,False,False
veh2323,1323097575#0->-437445539#0,veh_passenger,15566.00,16441.00,875.00,3317.15,0.00,False,False
veh2404,178702258#0->83563455,veh_passenger,16108.00,16443.00,335.00,2209.11,0.00,False,False
bus270,178702250->1260485929#3,bus_bus,16201.00,16445.00,244.00,1822.86,0.00,False,False
veh2405,515123442#3->401226926#0,veh_passenger,16115.00,16465.00,350.00,3082.33,0.00,False,False
veh2418,-50323229#0->39920505#13,veh_passenger,16202.00,16478.00,276.00,1107.07,0.00,False,False
veh2422,1260481154->515126385#0,veh_passenger,16229.00,16487.00,258.00,1173.32,0.00,False,False
veh2400,666886082#0->39920011#2,veh_passenger,16081.00,16489.00,408.00,2342.87,0.00,False,False
veh2420,-147711065#2->-1260485931#1,veh_passenger,16215.00,16491.00,276.00,1215.15,0.00,False,False
veh2287,1118804250->1290456019,veh_passenger,15324.00,16496.00,1172.00,3376.27,0.00,False,False
veh2150,968332513#0->511409187,veh_passenger,14406.00,16508.00,2102.00,1762.33,0.00,False,False
veh2438,-40297715#3->-1125986377#1,veh_passenger,16336.00,16511.00,175.00,1006.10,0.00,False,False
veh2336,335802695->240666072#1,veh_passenger,15653.00,16512.00,859.00,4040.36,0.00,False,False
veh2393,39920684#5->509524227#0,veh_passenger,16035.00,16520.00,485.00,2752.72,0.00,False,False
veh2435,1214520074#4->39838984#0,veh_passenger,16316.00,16523.00,207.00,1152.90,0.00,False,False
bus265,-10629474#1->666886082#1,bus_bus,15901.00,16524.00,623.00,1046.32,0.00,False,False
bus271,13909444#0->1214520074#1,bus_bus,16261.00,16530.00,269.00,527.48,0.00,False,False
veh2461,1273251150#1->-40138633#2,veh_passenger,16490.00,16530.00,40.00,211.75,0.00,False,False
veh2425,-9374529#1->40138633#1,veh_passenger,16249.00,16572.00,323.00,1350.53,0.00,False,False
veh2436,687878722#0->-1332638368#2,veh_passenger,16323.00,16577.00,254.00,1471.83,0.00,False,False
truck134,1234244925#0->10628444#0,truck_truck,16081.00,16578.00,497.00,807.99,0.00,False,False
veh2454,240666069#1->564273552,veh_passenger,16443.00,16581.00,138.00,1630.31,0.00,False,False
veh2430,47267007#1->178583148#1,veh_passenger,16282.00,16584.00,302.00,3406.53,0.00,False,False
bus273,40035606#3->-654297632#2,bus_bus,16381.00,16588.00,207.00,787.18,0.00,False,False
veh2451,488788629->39920684#6,veh_passenger,16423.00,16591.00,168.00,1215.68,0.00,False,False
veh2428,1332638391#1->1254633078#1,veh_passenger,16272.00,16593.00,321.00,1787.66,0.00,False,False
veh2449,-1222703383->474143552#6,veh_passenger,16410.00,16594.00,184.00,766.16,0.00,False,False
veh2458,40115810#1->-39838691#10,veh_passenger,16470.00,16597.00,127.00,1795.96,0.00,False,False
veh2427,1421564739->654297635#0,veh_passenger,16262.00,16598.00,336.00,3293.31,0.00,False,False
veh2447,1068144846#2->178441748#0,veh_passenger,16396.00,16601.00,205.00,2372.38,0.00,False,False
veh2375,1100626087->39920505#12,veh_passenger,15914.00,16603.00,689.00,1044.23,0.00,False,False
veh2437,47087366#1->39920505#8,veh_passenger,16329.00,16609.00,280.00,2305.29,0.00,False,False
veh2409,1234244927#0->515130028#1,veh_passenger,16142.00,16618.00,476.00,1994.02,0.00,False,False
veh2448,50323229#7->1260485931#0,veh_passenger,16403.00,16620.00,217.00,671.85,0.00,False,False
veh2445,24621218#0->1332638391#2,veh_passenger,16383.00,16621.00,238.00,1556.98,0.00,False,False
veh2434,1125986375#1->40035606#1,veh_passenger,16309.00,16622.00,313.00,1682.33,0.00,False,False
veh2465,488788626#2->1235501860,veh_passenger,16517.00,16625.00,108.00,276.28,0.00,False,False
bus267,39921025#3->39838691#9,bus_bus,16021.00,16637.00,616.00,1717.85,0.00,False,False
veh2426,515126385#4->238219472#3,veh_passenger,16256.00,16645.00,389.00,2126.35,0.00,False,False
veh2452,1273405490->39921673#1,veh_passenger,16430.00,16660.00,230.00,1144.55,0.00,False,False
veh2444,-451728952#1->40297715#2,veh_passenger,16376.00,16662.00,286.00,2158.87,0.00,False,False
veh2421,232920701->-654297637#1,veh_passenger,16222.00,16666.00,444.00,3180.55,0.00,False,False
veh2472,-33683458#1->-39920593#1,veh_passenger,16564.00,16671.00,107.00,389.32,0.00,False,False
veh2459,-40140017#1->-1204070283#0,veh_passenger,16477.00,16673.00,196.00,810.85,0.00,False,False
bus256,-654297629#6->509646062,bus_bus,15361.00,16674.00,1313.00,935.58,0.00,False,False
veh2460,1068144846#2->479863106#0,veh_passenger,16483.00,16675.00,192.00,1283.07,0.00,False,False
veh2442,-1323097580#1->39838984#1,veh_passenger,16363.00,16676.00,313.00,1857.10,0.00,False,False
veh2463,-169562956->1335304385,veh_passenger,16504.00,16681.00,177.00,1333.27,0.00,False,False
veh2429,509646053#1->47267011#0,veh_passenger,16276.00,16720.00,444.00,1465.43,0.00,False,False
veh2168,-47267010->1273251151,veh_passenger,14527.00,16746.00,2219.00,2942.02,0.00,False,False
veh2446,-1237953494->178583148#1,veh_passenger,16390.00,16759.00,369.00,1783.54,0.00,False,False
veh2466,488788636#0->967993112#1,veh_passenger,16524.00,16762.00,238.00,1821.25,0.00,False,False
veh2493,-451728952#3->488786523,veh_passenger,16705.00,16765.00,60.00,627.21,0.00,False,False
veh2491,-50323229#10->47088302#0,veh_passenger,16691.00,16781.00,90.00,553.61,0.00,False,False
veh2431,-10250021#4->687878722#1,veh_passenger,16289.00,16785.00,496.00,1980.31,0.00,False,False
bus268,1292578260->47267011#1,bus_bus,16081.00,16789.00,708.00,1458.08,0.00,False,False
veh2455,-1118804250->-39920593#2,veh_passenger,16450.00,16791.00,341.00,3508.18,0.00,False,False
bus274,-515126385#2->-238219441#2,bus_bus,16441.00,16796.00,355.00,1526.13,0.00,False,False
truck137,428730813#1->178699056#0,truck_truck,16441.00,16802.00,361.00,2727.50,0.00,False,False
veh2498,488788626#3->465144361,veh_passenger,16738.00,16804.00,66.00,103.75,0.00,False,False
bus269,-1326193809->-488788630#1,bus_bus,16141.00,16812.00,671.00,4214.01,0.00,False,False
veh2417,-39920593#5->47087993#5,veh_passenger,16195.00,16817.00,622.00,3322.88,0.00,False,False
veh2450,-1125986379#0->-33683346#0,veh_passenger,16416.00,16818.00,402.00,1711.77,0.00,False,False
veh2071,-39838691#3->-1297720376#1,veh_passenger,13877.00,16821.00,2944.00,1122.04,0.00,False,False
veh2482,40036009#1->-474143552#3,veh_passenger,16631.00,16838.00,207.00,1045.19,0.00,False,False
veh2475,-142741729#1->509647506,veh_passenger,16584.00,16842.00,258.00,1026.23,0.00,False,False
veh2440,40109239->515126385#0,veh_passenger,16349.00,16843.00,494.00,3092.52,0.00,False,False
veh2488,-10628430->-564273553#2,veh_passenger,16671.00,16843.00,172.00,729.22,0.00,False,False
veh2469,-39838751#2->509646052,veh_passenger,16544.00,16845.00,301.00,867.67,0.00,False,False
veh2471,24621218#1->1074409256#2,veh_passenger,16557.00,16845.00,288.00,1346.65,0.00,False,False
veh2487,47225638#3->1100626103#0,veh_passenger,16664.00,16847.00,183.00,1749.86,0.00,False,False
veh2489,-1335304373#2->1125986377#0,veh_passenger,16678.00,16849.00,171.00,1096.75,0.00,False,False
veh2462,24577522#2->499566574#2,veh_passenger,16497.00,16853.00,356.00,1493.02,0.00,False,False
veh2399,39920550#10->509524271,veh_passenger,16075.00,16858.00,783.00,1178.49,0.00,False,False
veh2485,-422842976->1337646270,veh_passenger,16651.00,16870.00,219.00,1361.45,0.00,False,False
veh2433,178702258#2->654297629#6,veh_passenger,16303.00,16872.00,569.00,807.15,0.00,False,False
veh2477,-1067953246->1332638368#2,veh_passenger,16597.00,16875.00,278.00,1988.95,0.00,False,False
veh2467,39921025#7->1068434257,veh_passenger,16530.00,16878.00,348.00,1804.69,0.00,False,False
veh2496,39920684#2->-1125986379#1,veh_passenger,16725.00,16878.00,153.00,886.69,0.00,False,False
veh2479,-1332638368#1->39920550#12,veh_passenger,16611.00,16882.00,271.00,2656.14,0.00,False,False
veh2453,511409188#0->-40035325#1,veh_passenger,16437.00,16883.00,446.00,1538.62,0.00,False,False
truck138,1235501860->-10629474#0,truck_truck,16561.00,16885.00,324.00,1184.86,0.00,False,False
veh2197,564273553#2->-1335304371,veh_passenger,14721.00,16886.00,2165.00,2012.12,0.00,False,False
veh2481,488788630#0->47223733,veh_passenger,16624.00,16886.00,262.00,2138.81,0.00,False,False
bus275,-428730813#2->-238219441#1,bus_bus,16501.00,16894.00,393.00,2358.46,0.00,False,False
truck136,39839093->-8887999#0,truck_truck,16321.00,16901.00,580.00,2330.75,0.00,False,False
bus277,1290439817#0->40140141#11,bus_bus,16621.00,16919.00,298.00,1828.40,0.00,False,False
veh2492,39920550#2->10628442#3,veh_passenger,16698.00,16930.00,232.00,1032.33,0.00,False,False
veh2486,666886081->39838691#7,veh_passenger,16658.00,16932.00,274.00,1446.39,0.00,False,False
veh2490,451728952#3->178583148#0,veh_passenger,16684.00,16941.00,257.00,2390.91,0.00,False,False
veh2165,654297629#3->401226926#1,veh_passenger,14512.00,16945.00,2433.00,1680.86,0.00,False,False
bus276,-40297715#1->-478286980#1,bus_bus,16561.00,16956.00,395.00,1268.10,0.00,False,False
veh2504,1068916335->-47087366#2,veh_passenger,16778.00,16958.00,180.00,1512.29,0.00,False,False
veh2478,-10628442#2->-405382146#0,veh_passenger,16604.00,16961.00,357.00,1278.50,0.00,False,False
veh2483,12247568#1->654297633,veh_passenger,16638.00,16962.00,324.00,2522.26,0.00,False,False
veh2456,39920505#8->1322916760#2,veh_passenger,16457.00,16964.00,507.00,2263.56,0.00,False,False
veh2500,521705695->-40140017#3,veh_passenger,16751.00,16968.00,217.00,1124.49,0.00,False,False
veh2495,1322916760#1->-40140017#3,veh_passenger,16718.00,16970.00,252.00,1833.65,0.00,False,False
veh2473,178699054->1254816453#1,veh_passenger,16571.00,16971.00,400.00,1364.85,0.00,False,False
bus278,-687878722#0->-1335304373#1,bus_bus,16681.00,16974.00,293.00,2441.86,0.00,False,False
veh2506,47224972#0->1068916335,veh_passenger,16792.00,16974.00,182.00,924.76,0.00,False,False
veh2517,1273405490->-40138633#3,veh_passenger,16865.00,16976.00,111.00,519.32,0.00,False,False
veh2505,39921025#4->1068916335,veh_passenger,16785.00,16977.00,192.00,656.74,0.00,False,False
veh2484,381945551->-1125986375#0,veh_passenger,16644.00,16980.00,336.00,2785.01,0.00,False,False
veh2470,474143552#5->47087992#4,veh_passenger,16550.00,16983.00,433.00,2542.02,0.00,False,False
veh2514,-47267010->-39838657#1,veh_passenger,16845.00,17009.00,164.00,1168.37,0.00,False,False
veh2480,513272949->1226645410,veh_passenger,16772.00,17014.00,242.00,1584.26,0.00,False,False
veh2476,39366819#0->47225638#4,veh_passenger,16591.00,17017.00,426.00,1625.63,0.00,False,False
veh2474,521708587#1->-1125986378#0,veh_passenger,16577.00,17018.00,441.00,1262.51,0.00,False,False
veh2511,1272548721->1211151635#0,veh_passenger,16825.00,17023.00,198.00,1400.31,0.00,False,False
veh2468,8887999#0->240666069#1,veh_passenger,16537.00,17029.00,492.00,1588.28,0.00,False,False
veh2519,-40139504#0->856175963,veh_passenger,16879.00,17038.00,159.00,615.66,0.00,False,False
veh2521,511187808#1->1332638391#2,veh_passenger,16892.00,17045.00,153.00,849.16,0.00,False,False
veh2464,478286980#1->-50323229#11,veh_passenger,16510.00,17080.00,570.00,1861.95,0.00,False,False
veh2432,490474063#5->1326094888,veh_passenger,16296.00,17081.00,785.00,3132.01,0.00,False,False
veh2523,40297885#2->428730818#2,veh_passenger,16906.00,17085.00,179.00,1628.13,0.00,False,False
veh2529,1298335703->47087993#5,veh_passenger,16946.00,17090.00,144.00,1158.76,0.00,False,False
veh2548,422842976->-1214520079,veh_passenger,17073.00,17099.00,26.00,110.75,0.00,False,False
veh2494,40035325#0->838061038,veh_passenger,16711.00,17105.00,394.00,2045.12,0.00,False,False
veh2509,1326094888->515123442#4,veh_passenger,16812.00,17108.00,296.00,1919.77,0.00,False,False
veh2530,1323097578->488788626#1,veh_passenger,16952.00,17111.00,159.00,623.75,0.00,False,False
veh2525,240666069#1->515124965#2,veh_passenger,16919.00,17118.00,199.00,998.45,0.00,False,False
veh2528,9374529#1->-1125986377#2,veh_passenger,16939.00,17129.00,190.00,702.26,0.00,False,False
veh2522,509524226->10629474#0,veh_passenger,16899.00,17131.00,232.00,2378.50,0.00,False,False
veh2457,521701860->-1125986406#0,veh_passenger,16463.00,17140.00,677.00,1115.28,0.00,False,False
veh2526,24577522#3->-40035325#2,veh_passenger,16926.00,17141.00,215.00,923.28,0.00,False,False
bus281,13909444#5->-654297636,bus_bus,16861.00,17143.00,282.00,3158.13,0.00,False,False
veh2502,-257421487#0->515126304,veh_passenger,16765.00,17150.00,385.00,2015.51,0.00,False,False
veh2524,-654297634->1068916338,veh_passenger,16912.00,17152.00,240.00,1525.89,0.00,False,False
veh2497,39920011#3->1064476619,veh_passenger,16731.00,17165.00,434.00,2188.39,0.00,False,False
veh2501,47267007#1->1327579142,veh_passenger,16758.00,17166.00,408.00,3720.45,0.00,False,False
veh2503,40140141#6->335802664,veh_passenger,16772.00,17169.00,397.00,2940.50,0.00,False,False
veh2535,-1332638391#0->1323097580#1,veh_passenger,16986.00,17194.00,208.00,1481.15,0.00,False,False
veh2527,238219443->-10628442#0,veh_passenger,16932.00,17204.00,272.00,910.24,0.00,False,False
truck142,1068144847->515126385#4,truck_truck,17041.00,17206.00,165.00,849.30,0.00,False,False
veh2557,654297629#5->24576913#1,veh_passenger,17133.00,17209.00,76.00,367.77,0.00,False,False
veh2552,1125986385#1->-40140017#2,veh_passenger,17100.00,17217.00,117.00,380.76,0.00,False,False
veh2543,-1260485929#3->515126302,veh_passenger,17043.00,17219.00,176.00,1379.41,0.00,False,False
veh2546,475044040#0->474143552#6,veh_passenger,17060.00,17228.00,168.00,995.31,0.00,False,False
veh2508,-50323229#13->1322916760#1,veh_passenger,16805.00,17231.00,426.00,2754.92,0.00,False,False
veh2542,39838691#9->511404873#0,veh_passenger,17033.00,17239.00,206.00,625.65,0.00,False,False
veh2540,1214520079->475044040#2,veh_passenger,17019.00,17244.00,225.00,1236.16,0.00,False,False
veh2439,1204070283#1->-449565665#1,veh_passenger,16343.00,17246.00,903.00,622.75,0.00,False,False
veh2532,-1067928305#2->428730813#0,veh_passenger,16966.00,17255.00,289.00,2431.05,0.00,False,False
bus282,39921673#0->-33683346#0,bus_bus,16921.00,17276.00,355.00,1604.77,0.00,False,False
veh2539,47087993#0->513082638,veh_passenger,17013.00,17290.00,277.00,1562.06,0.00,False,False
veh2241,-653860562->1272337500,veh_passenger,15016.00,17292.00,2276.00,2108.21,0.00,False,False
veh2228,1074409256#2->474143552#0,veh_passenger,14929.00,17293.00,2364.00,1537.25,0.00,False,False
bus279,-437445539#0->-50323226,bus_bus,16741.00,17300.00,559.00,4063.67,0.00,False,False
truck141,-40035325#1->-39838657#1,truck_truck,16921.00,17300.00,379.00,2054.61,0.00,False,False
bus285,-40297715#0->-116831467,bus_bus,17101.00,17312.00,211.00,610.83,0.00,False,False
veh2554,40138941#0->-474143552#1,veh_passenger,17113.00,17314.00,201.00,1429.44,0.00,False,False
veh2534,1067928307#0->39920505#8,veh_passenger,16979.00,17317.00,338.00,3127.47,0.00,False,False
veh2549,654297635#1->39921192#0,veh_passenger,17080.00,17317.00,237.00,837.57,0.00,False,False
veh2520,511185049->-1326094888,veh_passenger,16885.00,17325.00,440.00,2002.54,0.00,False,False
truck140,50323229#7->24576922#1,truck_truck,16801.00,17328.00,527.00,2270.16,0.00,False,False
veh2518,1075505400#1->515123438,veh_passenger,16872.00,17330.00,458.00,1740.74,0.00,False,False
veh2536,1068144845#3->40138941#2,veh_passenger,16993.00,17332.00,339.00,2970.77,0.00,False,False
veh2499,-1125986379#0->437445541#1,veh_passenger,16745.00,17337.00,592.00,2685.43,0.00,False,False
veh2550,513272950#1->-238219441#0,veh_passenger,17086.00,17345.00,259.00,1101.77,0.00,False,False
veh2562,-39366819#1->40140141#11,veh_passenger,17167.00,17373.00,206.00,1821.75,0.00,False,False
veh2515,40036009#1->-12247569,veh_passenger,16852.00,17377.00,525.00,2269.63,0.00,False,False
veh2544,1074409255#2->-10748045#0,veh_passenger,17046.00,17390.00,344.00,1319.80,0.00,False,False
veh2563,1067928305#1->39838657#2,veh_passenger,17174.00,17397.00,223.00,962.87,0.00,False,False
veh2512,-39838751#1->40297715#2,veh_passenger,16832.00,17398.00,566.00,1403.07,0.00,False,False
veh2567,1273251152->-1297720367,veh_passenger,17200.00,17404.00,204.00,1137.62,0.00,False,False
bus280,-40140017#0->-1067928307#0,bus_bus,16801.00,17405.00,604.00,2496.24,0.00,False,False
truck143,475044040#2->511404873#1,truck_truck,17165.00,17413.00,248.00,1309.96,0.00,False,False
veh2556,-240666072#2->1323097579#2,veh_passenger,17127.00,17431.00,304.00,3007.19,0.00,False,False
veh2507,-1335304386#1->437445539#0,veh_passenger,16798.00,17433.00,635.00,3029.52,0.00,False,False
veh2538,-1068144848#1->1273251151,veh_passenger,17006.00,17435.00,429.00,3498.43,0.00,False,False
veh2541,11631594#1->1292578260,veh_passenger,17026.00,17436.00,410.00,2497.50,0.00,False,False
bus283,511187811->1297720376#1,bus_bus,16981.00,17443.00,462.00,679.39,0.00,False,False
veh2588,40139504#1->1064476619,veh_passenger,17341.00,17461.00,120.00,870.87,0.00,False,False
veh2553,178702243#0->-1255099069,veh_passenger,17107.00,17473.00,366.00,4725.82,0.00,False,False
veh2584,-40140017#0->-856175964,veh_passenger,17314.00,17477.00,163.00,589.74,0.00,False,False
veh2566,-1254816454->515124965#2,veh_passenger,17194.00,17478.00,284.00,1703.36,0.00,False,False
veh2582,1260481153->1068144845#1,veh_passenger,17301.00,17482.00,181.00,1127.64,0.00,False,False
veh2545,1234244926->10250021#4,veh_passenger,17053.00,17485.00,432.00,905.30,0.00,False,False
veh2569,666886086#3->-224146621,veh_passenger,17214.00,17486.00,272.00,2499.71,0.00,False,False
veh2560,1118804257->1015424648,veh_passenger,17153.00,17487.00,334.00,1735.86,0.00,False,False
veh2592,-1125986377#2->1068434204,veh_passenger,17368.00,17502.00,134.00,446.92,0.00,False,False
veh2574,178583144->-39838691#3,veh_passenger,17247.00,17503.00,256.00,1505.78,0.00,False,False
veh2565,488788630#2->654297636,veh_passenger,17187.00,17511.00,324.00,3606.95,0.00,False,False
veh2570,10628442#2->40138239#1,veh_passenger,17220.00,17511.00,291.00,1678.83,0.00,False,False
veh2558,687878722#0->-479863106#2,veh_passenger,17140.00,17517.00,377.00,1251.98,0.00,False,False
veh2572,14924729#1->39838691#7,veh_passenger,17234.00,17523.00,289.00,1547.40,0.00,False,False
veh2559,428730818#2->-50323229#6,veh_passenger,17147.00,17534.00,387.00,3384.09,0.00,False,False
veh2571,1335304375->513082640,veh_passenger,17227.00,17536.00,309.00,2068.25,0.00,False,False
veh2589,856175964->509646056,veh_passenger,17348.00,17538.00,190.00,397.42,0.00,False,False
veh2576,39920011#3->1067852461,veh_passenger,17261.00,17555.00,294.00,1026.64,0.00,False,False
veh2575,1100626097->1260481153,veh_passenger,17254.00,17560.00,306.00,2271.15,0.00,False,False
bus287,488788637#0->11631594#0,bus_bus,17221.00,17564.00,343.00,1416.21,0.00,False,False
veh2568,515124965#2->1064476622#0,veh_passenger,17207.00,17568.00,361.00,2196.37,0.00,False,False
veh2573,1067928305#2->856175962,veh_passenger,17241.00,17569.00,328.00,1909.86,0.00,False,False
veh2208,-39838691#1->178702253,veh_passenger,14795.00,17573.00,2778.00,1424.32,0.00,False,False
truck145,-654297637#0->-147711065#1,truck_truck,17401.00,17574.00,173.00,955.24,0.00,False,False
veh2590,40036009#2->39920684#5,veh_passenger,17354.00,17578.00,224.00,1059.64,0.00,False,False
veh2231,40297647#1->1068434202,veh_passenger,14949.00,17583.00,2634.00,1334.16,0.00,False,False
veh2600,-39921672->1290439817#1,veh_passenger,17421.00,17583.00,162.00,874.11,0.00,False,False
veh2599,1214520078->1337646270,veh_passenger,17415.00,17588.00,173.00,1740.74,0.00,False,False
veh2516,-39838751#1->511187808#2,veh_passenger,16859.00,17590.00,731.00,844.40,0.00,False,False
bus249,-1338361263->72157792,bus_bus,14941.00,17592.00,2651.00,941.14,0.00,False,False
veh2605,238219443->-39921673#1,veh_passenger,17455.00,17592.00,137.00,669.55,0.00,False,False
bus289,178583145->10250021#3,bus_bus,17341.00,17596.00,255.00,1563.64,0.00,False,False
veh2555,967985512->-654297629#0,veh_passenger,17120.00,17600.00,480.00,1128.55,0.00,False,False
veh2593,-39838657#0->-856175964,veh_passenger,17375.00,17603.00,228.00,972.70,0.00,False,False
veh2533,666886081->-39838691#5,veh_passenger,16973.00,17604.00,631.00,1779.66,0.00,False,False
veh2609,-39920222->178699054,veh_passenger,17482.00,17605.00,123.00,883.27,0.00,False,False
veh2610,1068144847->1214520076,veh_passenger,17488.00,17606.00,118.00,994.21,0.00,False,False
veh2597,178441748#2->-40109290#3,veh_passenger,17401.00,17607.00,206.00,1185.52,0.00,False,False
veh2581,40109290#0->509646057#2,veh_passenger,17294.00,17611.00,317.00,1799.82,0.00,False,False
veh2591,-40035904#2->-573632774,veh_passenger,17361.00,17614.00,253.00,1528.56,0.00,False,False
veh2585,1326094888->856175964,veh_passenger,17321.00,17615.00,294.00,1957.71,0.00,False,False
veh2510,-39921531->564273553#4,veh_passenger,16818.00,17616.00,798.00,1310.14,0.00,False,False
veh2113,1214520068->-40036009#2,veh_passenger,14159.00,17617.00,3458.00,2345.36,0.00,False,False
veh2595,-10749498->1068434204,veh_passenger,17388.00,17620.00,232.00,1871.13,0.00,False,False
truck144,515126302->-479863106#2,truck_truck,17281.00,17625.00,344.00,1805.66,0.00,False,False
bus290,47224972#1->-488788637#1,bus_bus,17401.00,17652.00,251.00,709.81,0.00,False,False
veh2617,13909444#5->-451728952#1,veh_passenger,17535.00,17679.00,144.00,750.59,0.00,False,False
veh2601,428730793#1->900279886,veh_passenger,17428.00,17684.00,256.00,3048.94,0.00,False,False
veh2577,-1237953494->513082635#0,veh_passenger,17267.00,17685.00,418.00,2320.02,0.00,False,False
veh2608,405382146#1->515130026#0,veh_passenger,17475.00,17686.00,211.00,1625.40,0.00,False,False
veh2614,10628444#1->-1068144847,veh_passenger,17515.00,17699.00,184.00,1901.44,0.00,False,False
veh2633,12262310#0-AddedOffRampEdge->178702239#0-AddedOnRampEdge,veh_passenger,17643.00,17705.00,62.00,1175.27,0.00,False,False
veh2602,1074409255#0->40139708,veh_passenger,17435.00,17707.00,272.00,1334.39,0.00,False,False
truck146,47224972#1->513272951#1,truck_truck,17521.00,17711.00,190.00,863.28,0.00,False,False
veh2607,1254816455->40109239,veh_passenger,17468.00,17737.00,269.00,1518.13,0.00,False,False
veh2629,24576922#2->-1323097580#1,veh_passenger,17616.00,17738.00,122.00,995.99,0.00,False,False
veh2620,1125986377#2->-40035325#0,veh_passenger,17555.00,17749.00,194.00,1053.91,0.00,False,False
veh2613,-50323229#15->654297630,veh_passenger,17509.00,17763.00,254.00,1456.07,0.00,False,False
veh2639,-1068434202->-10250021#3,veh_passenger,17683.00,17768.00,85.00,485.23,0.00,False,False
veh2641,50323229#7->1323097575#1,veh_passenger,17696.00,17783.00,87.00,342.86,0.00,False,False
veh2254,-1326193810->1297720376#1,veh_passenger,15103.00,17784.00,2681.00,1981.70,0.00,False,False
veh2621,509647506->1125986406#0,veh_passenger,17562.00,17785.00,223.00,1121.38,0.00,False,False
veh2616,39920684#4->-1326193809,veh_passenger,17529.00,17789.00,260.00,1008.21,0.00,False,False
veh2624,511409188#0->-1326193810,veh_passenger,17582.00,17793.00,211.00,2008.52,0.00,False,False
bus292,1226645407->511187808#4,bus_bus,17521.00,17796.00,275.00,1300.38,0.00,False,False
veh2647,178702258#0->511409188#1,veh_passenger,17736.00,17809.00,73.00,163.59,0.00,False,False
veh2618,1068434205->381945549#0,veh_passenger,17542.00,17822.00,280.00,2137.51,0.00,False,False
veh2578,-521705694#0->666886084#0,veh_passenger,17317.00,17825.00,508.00,862.68,0.00,False,False
truck147,1222181935->39838657#1,truck_truck,17641.00,17827.00,186.00,711.63,0.00,False,False
veh2612,-1335304371->-1214520079,veh_passenger,17502.00,17837.00,335.00,1520.64,0.00,False,False
veh2611,509524230->1260485929#0,veh_passenger,17495.00,17843.00,348.00,2181.78,0.00,False,False
bus295,39920011#2->-40035606#1,bus_bus,17701.00,17846.00,145.00,1038.66,0.00,False,False
veh2604,654297634->967985513#3,veh_passenger,17448.00,17847.00,399.00,1788.53,0.00,False,False
veh2644,40035606#1->-654297631,veh_passenger,17716.00,17850.00,134.00,993.34,0.00,False,False
veh2551,1125986385#1->39838630#3,veh_passenger,17093.00,17851.00,758.00,1131.63,0.00,False,False
veh2648,40036062#0->-33683346#2,veh_passenger,17745.00,17857.00,112.00,590.91,0.00,False,False
veh2537,511187808#2->439836130#0,veh_passenger,16999.00,17861.00,862.00,2072.39,0.00,False,False
bus291,1335304386#1->1234244925#2,bus_bus,17461.00,17867.00,406.00,1642.91,0.00,False,False
veh2627,83563455->1234244925#2,veh_passenger,17602.00,17870.00,268.00,1986.49,0.00,False,False
veh2625,40297715#2->1260481154,veh_passenger,17589.00,17871.00,282.00,1430.02,0.00,False,False
veh2587,1118804257->1273405490,veh_passenger,17334.00,17874.00,540.00,3623.30,0.00,False,False
veh2628,515123442#4->-39920222,veh_passenger,17609.00,17880.00,271.00,2703.14,0.00,False,False
veh2561,-1254633077#0->1075505400#3,veh_passenger,17160.00,17884.00,724.00,2703.38,0.00,False,False
veh2622,11635095->1064476618#1,veh_passenger,17569.00,17885.00,316.00,4021.43,0.00,False,False
veh2667,-40036009#1->-50323229#13,veh_passenger,17870.00,17891.00,21.00,90.67,0.00,False,False
veh2640,-8887999#0->687878725,veh_passenger,17689.00,17894.00,205.00,804.19,0.00,False,False
veh2598,1068074793->521708587#1,veh_passenger,17408.00,17912.00,504.00,1679.58,0.00,False,False
veh2579,39920011#3->12247569,veh_passenger,17281.00,17918.00,637.00,2205.00,0.00,False,False
veh2630,-479863106#0->1323097576,veh_passenger,17622.00,17918.00,296.00,1311.32,0.00,False,False
veh2594,-428730813#3->178702253,veh_passenger,17381.00,17927.00,546.00,2760.96,0.00,False,False
veh2235,-1074771160->968332513#0,veh_passenger,14976.00,17929.00,2953.00,1731.92,0.00,False,False
veh2636,1204070281->178699058,veh_passenger,17663.00,17929.00,266.00,646.62,0.00,False,False
veh2643,1226645409->1335304373#1,veh_passenger,17710.00,17944.00,234.00,2977.03,0.00,False,False
veh2645,-33683346#3->10628444#0,veh_passenger,17723.00,17945.00,222.00,1353.86,0.00,False,False
veh2661,40035325#1->40036062#1,veh_passenger,17830.00,17950.00,120.00,722.73,0.00,False,False
veh2660,40035325#0->1068074792,veh_passenger,17823.00,17956.00,133.00,898.31,0.00,False,False
bus250,39763700#6->499566577#1,bus_bus,15001.00,17967.00,2966.00,1063.81,0.00,False,False
veh2651,-12247568#0->1068434208#0,veh_passenger,17763.00,17978.00,215.00,1976.79,0.00,False,False
bus299,-50323229#14->40109290#4,bus_bus,17941.00,18000.00,59.00,170.39,0.00,False,False
veh2637,-1125986378#1->50323229#5,veh_passenger,17669.00,18005.00,336.00,1893.41,0.00,False,False
veh2626,1064476623->488788636#1,veh_passenger,17596.00,18009.00,413.00,2568.84,0.00,False,False
veh2615,178441748#0->1260481155,veh_passenger,17522.00,18013.00,491.00,2047.79,0.00,False,False
veh2665,1326193809->10748045#0,veh_passenger,17857.00,18017.00,160.00,570.14,0.00,False,False
veh2679,-39838630#2->-39838691#1,veh_passenger,17951.00,18018.00,67.00,633.86,0.00,False,False
veh2619,654297633->515138054,veh_passenger,17549.00,18019.00,470.00,2421.96,0.00,False,False
bus294,-47224972#1->-474143552#0,bus_bus,17641.00,18030.00,389.00,1299.08,0.00,False,False
veh2678,-39920593#3->-50323229#9,veh_passenger,17944.00,18034.00,90.00,400.91,0.00,False,False
veh2623,1118804250->9374529#1,veh_passenger,17576.00,18036.00,460.00,3411.23,0.00,False,False
veh2649,13909444#6->240666069#0,veh_passenger,17750.00,18038.00,288.00,2363.27,0.00,False,False
veh2634,40138941#2->451728952#3,veh_passenger,17649.00,18039.00,390.00,2806.84,0.00,False,False
veh2606,178702253->515136607,veh_passenger,17462.00,18042.00,580.00,1788.56,0.00,False,False
veh2669,39366819#1->509524227#0,veh_passenger,17884.00,18049.00,165.00,1242.91,0.00,False,False
veh2657,1421367508->47087993#1,veh_passenger,17803.00,18060.00,257.00,1515.96,0.00,False,False
bus296,-40138239#3->-1260485929#1,bus_bus,17761.00,18063.00,302.00,1985.06,0.00,False,False
veh2635,-39838751#1->-428730813#1,veh_passenger,17656.00,18072.00,416.00,2226.85,0.00,False,False
veh2650,509646055->-40109290#4,veh_passenger,17756.00,18073.00,317.00,1776.51,0.00,False,False
veh2654,1231065644->521701860,veh_passenger,17783.00,18089.00,306.00,781.41,0.00,False,False
veh2671,-1273405490->499566577#0,veh_passenger,17897.00,18103.00,206.00,915.41,0.00,False,False
veh2683,474143552#5->142741729#0,veh_passenger,17978.00,18107.00,129.00,312.28,0.00,False,False
veh2676,-1068916338->49224804#1,veh_passenger,17931.00,18114.00,183.00,1276.88,0.00,False,False
veh2653,-401226926#1->10628429,veh_passenger,17777.00,18117.00,340.00,1294.78,0.00,False,False
veh2642,39920505#8->515124966,veh_passenger,17703.00,18119.00,416.00,2267.78,0.00,False,False
veh2664,147711065#0->11631594#2,veh_passenger,17850.00,18126.00,276.00,1267.57,0.00,False,False
veh2638,50323229#7->1068144845#1,veh_passenger,17676.00,18130.00,454.00,2526.72,0.00,False,False
veh2691,1100626103#1->-40109290#0,veh_passenger,18031.00,18133.00,102.00,1161.71,0.00,False,False
veh2656,15420532->654297631,veh_passenger,17797.00,18134.00,337.00,2592.79,0.00,False,False
veh2670,178699049->451728952#4,veh_passenger,17890.00,18136.00,246.00,3132.42,0.00,False,False
veh2564,479863106#0->666886082#0,veh_passenger,17180.00,18142.00,962.00,955.40,0.00,False,False
bus284,511404872->178699058,bus_bus,17041.00,18146.00,1105.00,1067.15,0.00,False,False
veh2658,-428730813#2->-1335304373#0,veh_passenger,17810.00,18146.00,336.00,3098.69,0.00,False,False
bus293,40297715#0->666886082#0,bus_bus,17581.00,18176.00,595.00,1424.25,0.00,False,False
veh2697,856175964->-1335304386#1,veh_passenger,18071.00,18190.00,119.00,867.54,0.00,False,False
veh2586,47087992#3->-1131969257,veh_passenger,17328.00,18193.00,865.00,2135.09,0.00,False,False
veh2673,1068144849#2->1125986377#1,veh_passenger,17911.00,18196.00,285.00,2218.34,0.00,False,False
veh2646,428730818#3->24576913#2,veh_passenger,17730.00,18197.00,467.00,1770.57,0.00,False,False
veh2672,521705694#0->1323097580#1,veh_passenger,17904.00,18197.00,293.00,1933.38,0.00,False,False
veh2662,-1335304377->24576913#1,veh_passenger,17837.00,18200.00,363.00,842.54,0.00,False,False
veh2674,490474063#4->515123442#3,veh_passenger,17917.00,18204.00,287.00,1646.65,0.00,False,False
veh2687,47225638#3->521708587#1,veh_passenger,18004.00,18208.00,204.00,975.02,0.00,False,False
veh2689,-1332638391#0->509646144,veh_passenger,18020.00,18210.00,190.00,375.68,0.00,False,False
veh2652,513082635#0->-39838691#9,veh_passenger,17772.00,18218.00,446.00,2375.32,0.00,False,False
veh2699,24577455#2->1254816454,veh_passenger,18085.00,18219.00,134.00,933.05,0.00,False,False
veh2714,1332638391#2->-14924729#1,veh_passenger,18185.00,18227.00,42.00,646.72,0.00,False,False
veh2603,1322916760#1->1064476623,veh_passenger,17442.00,18228.00,786.00,2819.81,0.00,False,False
veh2712,1323097575#1->40035325#0,veh_passenger,18172.00,18229.00,57.00,355.17,0.00,False,False
veh2706,-1125986377#1->1068916339,veh_passenger,18132.00,18237.00,105.00,189.24,0.00,False,False
veh2680,-1292541108->40109290#1,veh_passenger,17957.00,18243.00,286.00,1589.11,0.00,False,False
bus297,-10250021#4->1234244925#2,bus_bus,17821.00,18247.00,426.00,1225.25,0.00,False,False
veh2675,10749498->40140141#11,veh_passenger,17924.00,18252.00,328.00,3013.99,0.00,False,False
veh2668,-438516309->515126385#1,veh_passenger,17877.00,18259.00,382.00,1674.66,0.00,False,False
veh2681,47087993#5->460316444,veh_passenger,17964.00,18266.00,302.00,2687.49,0.00,False,False
veh2677,-50323229#15->511187815,veh_passenger,17937.00,18276.00,339.00,1835.15,0.00,False,False
veh2299,178699056#1->50323229#10,veh_passenger,15405.00,18278.00,2873.00,2111.25,0.00,False,False
veh2711,-1260485929#2->509646057#1,veh_passenger,18165.00,18281.00,116.00,298.43,0.00,False,False
bus300,40035606#3->1235501861#0,bus_bus,18001.00,18282.00,281.00,1115.34,0.00,False,False
veh2702,-488788633#2->-509646052,veh_passenger,18105.00,18282.00,177.00,1780.63,0.00,False,False
veh2632,1222703383->521704036,veh_passenger,17636.00,18289.00,653.00,2025.69,0.00,False,False
veh2690,654297632#0->666886085#0,veh_passenger,18024.00,18301.00,277.00,1652.97,0.00,False,False
veh2685,-687878722#1->-1254816455,veh_passenger,17991.00,18304.00,313.00,1618.31,0.00,False,False
veh2631,511404873#1->9704194#2,veh_passenger,17629.00,18309.00,680.00,1417.10,0.00,False,False
veh2688,-474143552#4->515130026#1,veh_passenger,18011.00,18320.00,309.00,2624.34,0.00,False,False
truck149,511187821->900287035,truck_truck,17881.00,18321.00,440.00,2029.58,0.00,False,False
veh2694,-1067928307#2->-499566577#0,veh_passenger,18051.00,18323.00,272.00,3500.16,0.00,False,False
veh2700,68574202->-413789558#0,veh_passenger,18091.00,18328.00,237.00,1815.52,0.00,False,False
veh2655,1125986373#1->1064476623,veh_passenger,17790.00,18337.00,547.00,2097.32,0.00,False,False
veh2696,515126385#0->178583140#1,veh_passenger,18065.00,18351.00,286.00,2197.51,0.00,False,False
veh2716,-1323097580#1->-39920593#4,veh_passenger,18199.00,18358.00,159.00,689.44,0.00,False,False
veh2659,511404880#1->50323229#5,veh_passenger,17817.00,18359.00,542.00,2192.99,0.00,False,False
truck148,-40036009#1->654297628,truck_truck,17761.00,18360.00,599.00,2179.46,0.00,False,False
veh2361,-39838691#5->10629709#1,veh_passenger,15820.00,18364.00,2544.00,2261.59,0.00,False,False
veh2727,1323097575#1->33683458#0,veh_passenger,18272.00,18369.00,97.00,511.70,0.00,False,False
veh2408,521704053->10628442#3,veh_passenger,16135.00,18371.00,2236.00,1124.78,0.00,False,False
veh2686,39920593#5->451728952#1,veh_passenger,17998.00,18381.00,383.00,2266.57,0.00,False,False
veh2663,499566574#1->-1067928305#2,veh_passenger,17844.00,18384.00,540.00,3477.76,0.00,False,False
veh2698,40138633#2->1125986385#0,veh_passenger,18078.00,18388.00,310.00,1816.29,0.00,False,False
veh2720,8887999#0->1074771170,veh_passenger,18225.00,18399.00,174.00,1199.23,0.00,False,False
bus305,490474063#5->-1254816454,bus_bus,18301.00,18407.00,106.00,753.45,0.00,False,False
veh2722,-39366819#1->509646054,veh_passenger,18239.00,18410.00,171.00,664.93,0.00,False,False
veh2708,8887999#1->1260481153,veh_passenger,18145.00,18414.00,269.00,854.09,0.00,False,False
veh2735,1204070282->40035325#0,veh_passenger,18326.00,18414.00,88.00,910.56,0.00,False,False
bus298,238219443->-8758061,bus_bus,17881.00,18439.00,558.00,3531.10,0.00,False,False
veh2733,-1211151638->-1260481154,veh_passenger,18313.00,18456.00,143.00,1210.06,0.00,False,False
veh2721,24621218#3->975216742,veh_passenger,18232.00,18463.00,231.00,1749.69,0.00,False,False
bus303,39920011#3->654297629#0,bus_bus,18181.00,18471.00,290.00,1303.21,0.00,False,False
truck152,1074409255#1->654297629#0,truck_truck,18241.00,18473.00,232.00,1250.11,0.00,False,False
veh2701,1125986373#0->1196008691#1,veh_passenger,18098.00,18474.00,376.00,1965.38,0.00,False,False
veh2682,-1125986378#1->-178723097#0,veh_passenger,17971.00,18486.00,515.00,1151.05,0.00,False,False
bus301,39920684#5->521708587#1,bus_bus,18061.00,18493.00,432.00,2019.88,0.00,False,False
veh2745,40138633#0->1335304373#0,veh_passenger,18393.00,18493.00,100.00,964.52,0.00,False,False
veh2723,40297647#1->10628444#2,veh_passenger,18246.00,18497.00,251.00,1049.57,0.00,False,False
truck151,-1068144848#1->428730818#3,truck_truck,18121.00,18508.00,387.00,2460.18,0.00,False,False
veh2725,10628429->475044040#1,veh_passenger,18259.00,18510.00,251.00,1135.30,0.00,False,False
veh2749,40035325#1->238219446#1,veh_passenger,18420.00,18511.00,91.00,708.58,0.00,False,False
veh2753,900279869->1068434208#0-AddedOffRampEdge,veh_passenger,18447.00,18514.00,67.00,586.76,0.00,False,False
veh2717,1214520074#4->24621218#4,veh_passenger,18205.00,18518.00,313.00,2637.99,0.00,False,False
veh2710,511185049->-437445540,veh_passenger,18158.00,18524.00,366.00,2005.51,0.00,False,False
veh2748,39921025#2->39920593#3,veh_passenger,18413.00,18545.00,132.00,720.32,0.00,False,False
veh2715,1254816442->39920593#0,veh_passenger,18192.00,18550.00,358.00,1428.43,0.00,False,False
veh2742,1235501861#2->521704040,veh_passenger,18373.00,18552.00,179.00,1275.69,0.00,False,False
veh2755,509524226->1100626103#1,veh_passenger,18460.00,18562.00,102.00,1712.09,0.00,False,False
veh2703,-240666072#1->968332513#1,veh_passenger,18112.00,18570.00,458.00,2740.58,0.00,False,False
veh2744,511187809->1068144845#0,veh_passenger,18386.00,18573.00,187.00,1622.28,0.00,False,False
veh2739,39920550#6->1335304371,veh_passenger,18353.00,18581.00,228.00,957.14,0.00,False,False
veh2719,900279869->-1254633077#1,veh_passenger,18219.00,18595.00,376.00,1647.68,0.00,False,False
veh2707,-257421487#0->1064476618#0,veh_passenger,18138.00,18597.00,459.00,2314.63,0.00,False,False
veh2737,-1335304377->-1273251152,veh_passenger,18339.00,18597.00,258.00,1081.24,0.00,False,False
veh2752,1335304373#2->856175964,veh_passenger,18440.00,18604.00,164.00,1165.74,0.00,False,False
veh2731,1335304376#1->39838691#9,veh_passenger,18299.00,18621.00,322.00,1888.44,0.00,False,False
bus302,47088302#1->381945551,bus_bus,18121.00,18632.00,511.00,4218.80,0.00,False,False
veh2743,1204070283#1->1068434201,veh_passenger,18380.00,18647.00,267.00,1059.28,0.00,False,False
veh2328,1327579131->1254816442,veh_passenger,15599.00,18648.00,3049.00,1170.62,0.00,False,False
veh2770,-142741729#1->39921192#0,veh_passenger,18560.00,18651.00,91.00,669.58,0.00,False,False
veh2750,1323097575#2->511187809,veh_passenger,18426.00,18661.00,235.00,1500.38,0.00,False,False
veh2757,515040940#1->10748045#1,veh_passenger,18473.00,18666.00,193.00,1465.79,0.00,False,False
veh2705,-39838751#0->47087992#1,veh_passenger,18125.00,18683.00,558.00,1648.20,0.00,False,False
veh2729,10628444#2->47087993#3,veh_passenger,18286.00,18686.00,400.00,2298.72,0.00,False,False
veh2746,-39838691#8->40140141#9,veh_passenger,18400.00,18701.00,301.00,1929.75,0.00,False,False
veh2734,39921025#6->8758061,veh_passenger,18319.00,18707.00,388.00,3279.96,0.00,False,False
veh2286,-1074409256#0->1323097577,veh_passenger,15318.00,18724.00,3406.00,1795.26,0.00,False,False
truck153,482569917#0->511404877,truck_truck,18361.00,18724.00,363.00,1907.87,0.00,False,False
truck154,488788633#2->1005394020,truck_truck,18481.00,18728.00,247.00,1441.35,0.00,False,False
veh2766,-968332509->401226926#1,veh_passenger,18534.00,18760.00,226.00,1213.15,0.00,False,False
veh2756,428730813#2->-1068916335,veh_passenger,18467.00,18771.00,304.00,3142.84,0.00,False,False
veh2774,1254633077#0->1335304385,veh_passenger,18587.00,18776.00,189.00,839.42,0.00,False,False
veh2763,-1068144845#3->1068916335,veh_passenger,18514.00,18777.00,263.00,1994.67,0.00,False,False
veh2441,39838691#5->1125986373#3,veh_passenger,16356.00,18782.00,2426.00,1234.65,0.00,False,False
veh2747,1327579142->-224146621,veh_passenger,18406.00,18784.00,378.00,2940.23,0.00,False,False
truck156,511404880#1->511187821,truck_truck,18721.00,18795.00,74.00,664.64,0.00,False,False
veh2779,-1332638391#2->509646063#0,veh_passenger,18621.00,18796.00,175.00,434.33,0.00,False,False
veh2788,460316444->-405382146#1,veh_passenger,18681.00,18801.00,120.00,1718.83,0.00,False,False
veh2786,-47267007#0->1214520077,veh_passenger,18668.00,18818.00,150.00,1663.71,0.00,False,False
veh2759,39920550#5->-654297635#0,veh_passenger,18487.00,18819.00,332.00,1158.66,0.00,False,False
veh2792,428730813#2->1298335702,veh_passenger,18708.00,18830.00,122.00,1163.38,0.00,False,False
veh2775,509646057#1->474143552#5,veh_passenger,18594.00,18831.00,237.00,1224.48,0.00,False,False
veh2783,475044040#2->39920550#11,veh_passenger,18648.00,18832.00,184.00,819.21,0.00,False,False
bus311,-1125986374->1214520079,bus_bus,18661.00,18843.00,182.00,718.49,0.00,False,False
veh2782,1323097575#1->-479863106#2,veh_passenger,18641.00,18844.00,203.00,1372.07,0.00,False,False
veh2761,515136603->-1254816452,veh_passenger,18500.00,18845.00,345.00,3790.20,0.00,False,False
veh2765,178702260->515130027,veh_passenger,18531.00,18857.00,326.00,2377.65,0.00,False,False
veh2796,-40035606#1->40036009#0,veh_passenger,18735.00,18861.00,126.00,594.93,0.00,False,False
veh2776,509524230->178441748#2,veh_passenger,18601.00,18866.00,265.00,3028.44,0.00,False,False
truck155,47267011#0->-178723097#0,truck_truck,18601.00,18887.00,286.00,1535.13,0.00,False,False
bus309,39921025#0->40036009#0,bus_bus,18541.00,18892.00,351.00,1280.78,0.00,False,False
veh2726,39920011#1->1214520074#6,veh_passenger,18266.00,18895.00,629.00,2302.11,0.00,False,False
veh2797,1068074792->1254633077#1,veh_passenger,18741.00,18899.00,158.00,845.04,0.00,False,False
veh2814,1222181935->1125986377#2,veh_passenger,18855.00,18910.00,55.00,498.54,0.00,False,False
veh2785,1236283454->178583148#0,veh_passenger,18661.00,18913.00,252.00,1115.07,0.00,False,False
veh2795,1125986379#1->-40035325#0,veh_passenger,18728.00,18919.00,191.00,972.81,0.00,False,False
veh2769,238219441#1->490474063#1,veh_passenger,18554.00,18925.00,371.00,1567.08,0.00,False,False
veh2812,-1323097577->33683346#2,veh_passenger,18842.00,18925.00,83.00,341.42,0.00,False,False
veh2784,1068144844->488788633#1,veh_passenger,18654.00,18929.00,275.00,1977.59,0.00,False,False
veh2772,47053612->10748036,veh_passenger,18574.00,18930.00,356.00,2791.81,0.00,False,False
veh2810,761486028#0->1332638368#0,veh_passenger,18828.00,18932.00,104.00,812.98,0.00,False,False
bus312,1064476623->-515126385#1,bus_bus,18723.00,18934.00,211.00,1732.80,0.00,False,False
veh2260,10628430->-1068074793,veh_passenger,15143.00,18949.00,3806.00,1953.22,0.00,False,False
bus310,1297720376#1->-1273251151,bus_bus,18601.00,18953.00,352.00,1157.94,0.00,False,False
veh2760,39920505#12->335802664,veh_passenger,18493.00,18954.00,461.00,1742.15,0.00,False,False
veh2803,-654297632#2->50323229#6,veh_passenger,18782.00,18992.00,210.00,927.32,0.00,False,False
veh2513,39838691#7->900279886,veh_passenger,16839.00,18996.00,2157.00,1229.77,0.00,False,False
veh2824,437445541#1->-564273553#3,veh_passenger,18922.00,18999.00,77.00,998.50,0.00,False,False
veh2704,-39838530->-232920701,veh_passenger,18449.00,19004.00,555.00,2000.11,0.00,False,False
veh2823,24576913#1->1211151639,veh_passenger,18916.00,19004.00,88.00,566.44,0.00,False,False
veh2798,1068434206->509524225,veh_passenger,18748.00,19009.00,261.00,1271.62,0.00,False,False
veh2819,14924729#2->509524224,veh_passenger,18889.00,19011.00,122.00,1040.87,0.00,False,False
bus307,422842976->178699051#0,bus_bus,18421.00,19012.00,591.00,1411.66,0.00,False,False
veh2799,-1254633077#1->-474143552#0,veh_passenger,18755.00,19015.00,260.00,1215.30,0.00,False,False
veh2805,1254633077#0->39920505#7,veh_passenger,18795.00,19017.00,222.00,1087.26,0.00,False,False
veh2334,178699051#0->1260485931#1,veh_passenger,15639.00,19027.00,3388.00,1734.78,0.00,False,False
veh2762,1068144845#3->1074771163#1,veh_passenger,18507.00,19031.00,524.00,2476.57,0.00,False,False
veh2789,-1068144845#2->40138941#2,veh_passenger,18688.00,19043.00,355.00,2845.63,0.00,False,False
veh2820,654530820#1->654297629#1,veh_passenger,18895.00,19073.00,178.00,1947.95,0.00,False,False
veh2807,-39838751#1->-83563455,veh_passenger,18808.00,19074.00,266.00,2201.39,0.00,False,False
veh2322,1204070282->1204070281,veh_passenger,15559.00,19087.00,3528.00,1220.66,0.00,False,False
veh2738,474143552#5->-47267007#1,veh_passenger,18346.00,19109.00,763.00,2300.41,0.00,False,False
veh2829,11635146#0->666886085#0,veh_passenger,18956.00,19109.00,153.00,1181.49,0.00,False,False
veh2830,1068434203->1234244925#2,veh_passenger,18962.00,19117.00,155.00,1010.23,0.00,False,False
truck157,-50323229#15->499566574#1,truck_truck,18841.00,19121.00,280.00,1122.59,0.00,False,False
veh2804,1292541108->178702250,veh_passenger,18788.00,19125.00,337.00,2063.06,0.00,False,False
veh2809,-40297715#2->511187808#4,veh_passenger,18822.00,19129.00,307.00,1612.12,0.00,False,False
truck158,1290439817#1->1068144845#3,truck_truck,18961.00,19130.00,169.00,1764.71,0.00,False,False
veh2817,-39920593#1->-238219441#2,veh_passenger,18875.00,19133.00,258.00,1319.00,0.00,False,False
veh2828,24577455#2->1335304372,veh_passenger,18949.00,19134.00,185.00,849.23,0.00,False,False
veh2837,47267011#2->-654297629#1,veh_passenger,19009.00,19141.00,132.00,1646.94,0.00,False,False
veh2836,654297631->40109290#1,veh_passenger,19003.00,19147.00,144.00,910.66,0.00,False,False
veh2826,-40297715#1->856175963,veh_passenger,18936.00,19150.00,214.00,1087.58,0.00,False,False
veh2787,39838657#1->1272548721,veh_passenger,18674.00,19166.00,492.00,1098.38,0.00,False,False
veh2800,12247568#1->50323229#14,veh_passenger,18761.00,19177.00,416.00,4087.75,0.00,False,False
veh2842,1211151635#1->521701858,veh_passenger,19043.00,19186.00,143.00,823.92,0.00,False,False
veh2741,666886084#0->-1074771160,veh_passenger,18366.00,19193.00,827.00,571.90,0.00,False,False
veh2815,39920550#11->-1332638368#1,veh_passenger,18862.00,19193.00,331.00,3299.68,0.00,False,False
veh2724,40140017#0->24576922#0,veh_passenger,18252.00,19195.00,943.00,893.84,0.00,False,False
veh2835,509524270->39920593#6,veh_passenger,18996.00,19196.00,200.00,1392.86,0.00,False,False
veh2847,521701858->39838882,veh_passenger,19076.00,19200.00,124.00,652.33,0.00,False,False
veh2801,39920505#0->-761486028#1,veh_passenger,18768.00,19207.00,439.00,2422.70,0.00,False,False
veh2713,-413789558#1->985133430,veh_passenger,18179.00,19208.00,1029.00,1635.96,0.00,False,False
veh2816,654297633->413789557,veh_passenger,18869.00,19209.00,340.00,2213.44,0.00,False,False
veh2732,-39838691#8->-1338361263,veh_passenger,18306.00,19216.00,910.00,748.43,0.00,False,False
veh2794,1237953493->178702261,veh_passenger,18721.00,19222.00,501.00,2793.36,0.00,False,False
veh2754,-1068916336->-1125986386,veh_passenger,18453.00,19223.00,770.00,801.85,0.00,False,False
veh2806,-1118804250->-40109239,veh_passenger,18802.00,19225.00,423.00,4123.89,0.00,False,False
veh2852,12247569->509646057#1,veh_passenger,19110.00,19237.00,127.00,784.57,0.00,False,False
veh2846,-488788629->515123442#3,veh_passenger,19070.00,19251.00,181.00,866.58,0.00,False,False
veh2751,1368740247->1214520067,veh_passenger,18433.00,19263.00,830.00,2528.91,0.00,False,False
veh2821,-654530820#1->515040937,veh_passenger,18904.00,19270.00,366.00,2833.38,0.00,False,False
veh2808,488788626#0->39920593#1,veh_passenger,18815.00,19272.00,457.00,1065.46,0.00,False,False
veh2839,68574206->1125986377#2,veh_passenger,19023.00,19284.00,261.00,1506.97,0.00,False,False
veh2352,71269779->488788626#1,veh_passenger,15760.00,19288.00,3528.00,1041.38,0.00,False,False
veh2764,1290439818->511404875,veh_passenger,18520.00,19291.00,771.00,1243.02,0.00,False,False
bus319,1297720367->-1323097580#0,bus_bus,19141.00,19296.00,155.00,938.67,0.00,False,False
veh2861,39838691#10->1068434200#0,veh_passenger,19174.00,19299.00,125.00,683.47,0.00,False,False
veh2832,513082635#0-AddedOffRampEdge->654297632#0,veh_passenger,18976.00,19307.00,331.00,2314.67,0.00,False,False
veh2666,515136604->-147711065#0,veh_passenger,17864.00,19309.00,1445.00,1877.65,0.00,False,False
veh2857,1272337500->-1068916335,veh_passenger,19143.00,19311.00,168.00,1035.13,0.00,False,False
bus315,654530820#0->985675139,bus_bus,18901.00,19312.00,411.00,3887.50,0.00,False,False
veh2834,822782498->381945549#1,veh_passenger,18989.00,19312.00,323.00,2400.94,0.00,False,False
veh2758,-1335304386#0->1075505400#3,veh_passenger,18480.00,19325.00,845.00,2121.49,0.00,False,False
veh2831,39921672->813852683-AddedOnRampEdge,veh_passenger,18969.00,19327.00,358.00,2104.58,0.00,False,False
veh2848,513082635#0-AddedOffRampEdge->47087993#1,veh_passenger,19083.00,19339.00,256.00,1562.08,0.00,False,False
truck159,475044040#1->-509646056,truck_truck,19081.00,19346.00,265.00,1510.97,0.00,False,False
veh2863,142741729#0->856175963,veh_passenger,19186.00,19347.00,161.00,969.80,0.00,False,False
veh2853,490474063#8->50323229#15,veh_passenger,19117.00,19360.00,243.00,1104.55,0.00,False,False
veh2849,1222181934->-10748045#2,veh_passenger,19090.00,19364.00,274.00,1566.21,0.00,False,False
veh2384,666886086#2->1237953493,veh_passenger,15974.00,19365.00,3391.00,1890.10,0.00,False,False
veh2869,50323226->488788626#3,veh_passenger,19224.00,19370.00,146.00,1392.61,0.00,False,False
veh2736,-40035904#1->39838657#3,veh_passenger,18333.00,19371.00,1038.00,2029.70,0.00,False,False
veh2844,-730912750->-1332638368#1,veh_passenger,19056.00,19372.00,316.00,2357.99,0.00,False,False
veh2843,1214520067->967985512,veh_passenger,19050.00,19374.00,324.00,2207.82,0.00,False,False
veh2825,1233759524->-39920593#6,veh_passenger,18929.00,19376.00,447.00,1498.54,0.00,False,False
veh2892,40036009#2->40036009#2,veh_passenger,19378.00,19381.00,3.00,13.29,0.00,False,False
veh2879,-33683346#0->40297715#0,veh_passenger,19291.00,19390.00,99.00,809.85,0.00,False,False
veh2886,1222703382->-39921672,veh_passenger,19338.00,19390.00,52.00,532.28,0.00,False,False
veh2781,-1255099069->488788630#0,veh_passenger,18634.00,19407.00,773.00,2493.25,0.00,False,False
veh2833,1125986379#0->40140141#9,veh_passenger,18983.00,19408.00,425.00,1496.58,0.00,False,False
bus317,515136607->-40140017#1,bus_bus,19021.00,19410.00,389.00,1913.22,0.00,False,False
bus314,50323229#0->178702239#0-AddedOnRampEdge,bus_bus,18841.00,19411.00,570.00,4172.97,0.00,False,False
veh2866,474143552#4->1068434208#0,veh_passenger,19204.00,19429.00,225.00,1364.74,0.00,False,False
veh2891,-39838691#6->1068434256#0,veh_passenger,19371.00,19456.00,85.00,387.67,0.00,False,False
bus318,178702258#1->39838530,bus_bus,19081.00,19468.00,387.00,476.35,0.00,False,False
truck160,-1068144848#0->-450616334#1,truck_truck,19201.00,19477.00,276.00,1722.28,0.00,False,False
veh2870,-47224972#0->1226645408,veh_passenger,19230.00,19477.00,247.00,1138.05,0.00,False,False
veh2851,654297630->1322916760#2,veh_passenger,19103.00,19480.00,377.00,1651.90,0.00,False,False
veh2890,1273405490->-10629474#0,veh_passenger,19364.00,19497.00,133.00,802.96,0.00,False,False
veh2443,421846558#1->-39920222,veh_passenger,16370.00,19500.00,3130.00,1538.05,0.00,False,False
veh2876,1214520074#5->1235501861#2,veh_passenger,19271.00,19514.00,243.00,2299.00,0.00,False,False
veh2908,511404880#0->509524270,veh_passenger,19485.00,19514.00,29.00,304.64,0.00,False,False
veh2838,178699051#1->1068144848#0,veh_passenger,19016.00,19519.00,503.00,2135.01,0.00,False,False
veh2865,509646057#0->40036009#1,veh_passenger,19197.00,19521.00,324.00,1850.14,0.00,False,False
bus286,654297629#4->1272337500,bus_bus,17161.00,19548.00,2387.00,2309.94,0.00,False,False
veh2877,-838061037->-1332638368#0,veh_passenger,19277.00,19566.00,289.00,2177.38,0.00,False,False
veh2872,-50323229#5->666886084#1,veh_passenger,19244.00,19575.00,331.00,1915.63,0.00,False,False
veh2893,422842976->-761486028#1,veh_passenger,19385.00,19575.00,190.00,1168.68,0.00,False,False
veh2813,511404873#1->515130026#0,veh_passenger,18849.00,19576.00,727.00,1726.57,0.00,False,False
veh2871,654297635#0->515040937,veh_passenger,19237.00,19579.00,342.00,1552.44,0.00,False,False
veh2864,50323229#15->47087992#2,veh_passenger,19190.00,19584.00,394.00,3101.73,0.00,False,False
truck162,822782498->10629474#0,truck_truck,19441.00,19591.00,150.00,998.81,0.00,False,False
veh2856,488788637#1->437445539#0,veh_passenger,19137.00,19608.00,471.00,2624.08,0.00,False,False
veh2827,1254816453#0->-687878722#1,veh_passenger,18942.00,19614.00,672.00,2996.52,0.00,False,False
bus322,-761486028#1->654297637#2,bus_bus,19321.00,19616.00,295.00,1181.02,0.00,False,False
bus320,39920505#9->511187808#1,bus_bus,19201.00,19619.00,418.00,1495.40,0.00,False,False
veh2854,40109290#3->13909444#1,veh_passenger,19123.00,19622.00,499.00,2107.93,0.00,False,False
veh2889,11631594#0->40035904#2,veh_passenger,19358.00,19626.00,268.00,981.47,0.00,False,False
veh2811,-1068144845#3->511404872,veh_passenger,18835.00,19627.00,792.00,1939.76,0.00,False,False
veh2897,654297629#5->83563455,veh_passenger,19411.00,19628.00,217.00,1784.88,0.00,False,False
veh2860,-39838751#0->1214520074#6,veh_passenger,19163.00,19633.00,470.00,1072.91,0.00,False,False
veh2909,437445541#0->564273553#2,veh_passenger,19492.00,19633.00,141.00,1449.11,0.00,False,False
truck161,1068916339->511404878,truck_truck,19321.00,19649.00,328.00,1041.01,0.00,False,False
veh2874,39838657#3->515136607,veh_passenger,19257.00,19661.00,404.00,1719.35,0.00,False,False
bus325,11635146#0->1335304373#0,bus_bus,19501.00,19661.00,160.00,1307.14,0.00,False,False
veh2914,39920550#11->488788626#1,veh_passenger,19525.00,19661.00,136.00,478.66,0.00,False,False
veh2883,47225638#1->1064476620#3,veh_passenger,19318.00,19662.00,344.00,2986.51,0.00,False,False
veh2896,515130028#0->9833223,veh_passenger,19405.00,19665.00,260.00,1499.45,0.00,False,False
veh2880,1272337500->39921025#8,veh_passenger,19297.00,19670.00,373.00,1752.26,0.00,False,False
bus321,1067928307#2->40035325#0,bus_bus,19261.00,19670.00,409.00,3233.41,0.00,False,False
veh2862,-1322916760#2->-40036009#3,veh_passenger,19177.00,19685.00,508.00,2780.94,0.00,False,False
veh2923,511404874#0->-405382146#1,veh_passenger,19586.00,19695.00,109.00,1249.24,0.00,False,False
veh2855,1118804250->33683346#3,veh_passenger,19130.00,19696.00,566.00,4149.57,0.00,False,False
veh2868,-838061038->40036009#3,veh_passenger,19217.00,19708.00,491.00,2608.69,0.00,False,False
veh2926,24576922#0->24577455#1,veh_passenger,19606.00,19718.00,112.00,1216.88,0.00,False,False
bus323,488788626#1->15420801#2,bus_bus,19381.00,19720.00,339.00,1761.64,0.00,False,False
veh2875,40115810#1->-40138239#4,veh_passenger,19264.00,19725.00,461.00,3463.79,0.00,False,False
veh2935,-10628442#1->856175963,veh_passenger,19666.00,19727.00,61.00,190.62,0.00,False,False
veh2370,653860562->-40035904#2,veh_passenger,15880.00,19731.00,3851.00,1632.59,0.00,False,False
veh2899,39838520#1->1068144844,veh_passenger,19425.00,19733.00,308.00,2397.31,0.00,False,False
veh2912,515123439->1068434202,veh_passenger,19512.00,19734.00,222.00,923.13,0.00,False,False
veh2920,1326193809->1335304373#2,veh_passenger,19565.00,19734.00,169.00,583.04,0.00,False,False
bus324,1064476624->838061038,bus_bus,19441.00,19742.00,301.00,2185.01,0.00,False,False
veh2777,1064476622#0->-1131969257,veh_passenger,18607.00,19745.00,1138.00,1870.49,0.00,False,False
veh2873,521705694#0->39920505#7,veh_passenger,19251.00,19757.00,506.00,1660.44,0.00,False,False
veh2881,-33683346#2->40140141#6,veh_passenger,19304.00,19757.00,453.00,2307.71,0.00,False,False
veh2901,83428923#0->178702250,veh_passenger,19438.00,19757.00,319.00,2453.26,0.00,False,False
veh2910,39366819#0->47087992#0,veh_passenger,19498.00,19762.00,264.00,1522.40,0.00,False,False
veh2902,240666069#2->-856175964,veh_passenger,19445.00,19763.00,318.00,1679.27,0.00,False,False
veh2296,-564273553#3->39920593#6,veh_passenger,15385.00,19766.00,4381.00,1806.63,0.00,False,False
veh2885,511187808#0->33683346#0,veh_passenger,19331.00,19768.00,437.00,2266.92,0.00,False,False
veh2917,1254633077#0->9832326#1,veh_passenger,19545.00,19796.00,251.00,1309.74,0.00,False,False
veh2919,1125986373#2->40140141#10,veh_passenger,19559.00,19797.00,238.00,1934.63,0.00,False,False
veh2887,1064476625->-8887999#0,veh_passenger,19344.00,19801.00,457.00,1598.86,0.00,False,False
veh2818,421846558#0->654297629#3,veh_passenger,18882.00,19819.00,937.00,658.01,0.00,False,False
veh2921,509646056->511405572,veh_passenger,19572.00,19822.00,250.00,549.71,0.00,False,False
veh2931,39921192#0->1214520072,veh_passenger,19639.00,19837.00,198.00,1012.88,0.00,False,False
veh2780,-1335304373#1->1074771163#0,veh_passenger,18627.00,19840.00,1213.00,1770.35,0.00,False,False
veh2945,-33683458#1->1335304372,veh_passenger,19733.00,19854.00,121.00,608.74,0.00,False,False
veh2936,1068434257->428730807,veh_passenger,19673.00,19873.00,200.00,1679.71,0.00,False,False
veh2911,-8887999#1->1068434199,veh_passenger,19505.00,19875.00,370.00,1218.23,0.00,False,False
bus327,14924729#1->1207401652#1,bus_bus,19621.00,19876.00,255.00,1526.17,0.00,False,False
veh2941,-405382146#1->83428923#0,veh_passenger,19706.00,19895.00,189.00,1358.39,0.00,False,False
veh2916,-838061037->40140017#0,veh_passenger,19539.00,19898.00,359.00,1708.15,0.00,False,False
veh2283,1211151640->40138633#0,veh_passenger,15298.00,19901.00,4603.00,2549.64,0.00,False,False
veh2768,116831467->1211151639,veh_passenger,18547.00,19901.00,1354.00,2005.79,0.00,False,False
veh2925,10628429->515123442#4,veh_passenger,19599.00,19910.00,311.00,1006.14,0.00,False,False
bus326,9704194#0->39920505#1,bus_bus,19561.00,19917.00,356.00,2233.56,0.00,False,False
veh2932,509524226->-40035904#1,veh_passenger,19646.00,19926.00,280.00,2341.50,0.00,False,False
veh2957,40035325#2->-40035992,veh_passenger,19813.00,19931.00,118.00,818.04,0.00,False,False
veh2953,488788633#2->39838520#0,veh_passenger,19787.00,19932.00,145.00,1358.83,0.00,False,False
veh2928,-1278784167#1->47087993#3,veh_passenger,19619.00,19946.00,327.00,2545.62,0.00,False,False
veh2961,1323097576->-40035325#1,veh_passenger,19840.00,19948.00,108.00,378.05,0.00,False,False
veh2966,-1335304373#1->39920593#4,veh_passenger,19874.00,19951.00,77.00,375.56,0.00,False,False
bus328,-405382146#1->1074409232#1,bus_bus,19684.00,19954.00,270.00,1532.38,0.00,False,False
veh2959,15419875#1->1064476624,veh_passenger,19827.00,19954.00,127.00,378.07,0.00,False,False
veh2684,-12247569->-33683346#1,veh_passenger,17984.00,19961.00,1977.00,2385.63,0.00,False,False
bus329,437445541#0->-451728952#4,bus_bus,19741.00,19986.00,245.00,1443.07,0.00,False,False
veh2913,-40035606#2->511187808#4,veh_passenger,19519.00,19989.00,470.00,1875.38,0.00,False,False
veh2934,39920550#2->1273251150#1,veh_passenger,19659.00,19992.00,333.00,1404.97,0.00,False,False
veh2933,-1297720376#1->509524226,veh_passenger,19653.00,19994.00,341.00,2296.04,0.00,False,False
veh2944,47224972#0->1064476619,veh_passenger,19726.00,19998.00,272.00,1461.01,0.00,False,False
veh2975,-437445542->-428730813#0,veh_passenger,19934.00,19998.00,64.00,699.34,0.00,False,False
veh2929,39921025#4->515123439,veh_passenger,19626.00,20018.00,392.00,2543.73,0.00,False,False
veh2907,-1125986385#0->-39838657#2,veh_passenger,19478.00,20021.00,543.00,1218.19,0.00,False,False
veh2951,1323097575#2->178702258#0,veh_passenger,19773.00,20025.00,252.00,1486.60,0.00,False,False
veh2878,1125986406#1->666886084#0,veh_passenger,19284.00,20027.00,743.00,447.15,0.00,False,False
veh2938,178723097#0->-488788630#0,veh_passenger,19686.00,20028.00,342.00,2033.45,0.00,False,False
truck139,-1273251152->513272951#0,truck_truck,16681.00,20032.00,3351.00,1659.35,0.00,False,False
veh2942,511187823->-1332638368#0,veh_passenger,19713.00,20035.00,322.00,1579.11,0.00,False,False
veh2972,1272548721->39921025#3,veh_passenger,19914.00,20039.00,125.00,580.14,0.00,False,False
veh2930,-1068144849#2->40035606#0,veh_passenger,19632.00,20044.00,412.00,3739.40,0.00,False,False
veh2989,39920505#12->39920550#1,veh_passenger,20028.00,20045.00,17.00,113.71,0.00,False,False
veh2970,-428730813#0->1214520070,veh_passenger,19900.00,20054.00,154.00,1463.93,0.00,False,False
bus331,1222703384#1->40035904#1,bus_bus,19861.00,20066.00,205.00,942.37,0.00,False,False
veh2927,232920697->1226645410,veh_passenger,19612.00,20074.00,462.00,1700.57,0.00,False,False
veh2954,1237953494->1234244927#1,veh_passenger,19793.00,20076.00,283.00,940.85,0.00,False,False
veh2982,39838520#0->8887999#2,veh_passenger,19981.00,20078.00,97.00,1048.64,0.00,False,False
truck150,488788633#2->513272950#0,truck_truck,18001.00,20097.00,2096.00,1746.78,0.00,False,False
veh2980,1323097575#3->40109290#3,veh_passenger,19967.00,20097.00,130.00,557.13,0.00,False,False
veh2802,-240666072#2->-449565665#3,veh_passenger,18775.00,20104.00,1329.00,1880.87,0.00,False,False
veh2922,-39838530->-1335304371,veh_passenger,19673.00,20104.00,431.00,1216.07,0.00,False,False
veh2955,-1125986377#1->10748045#2,veh_passenger,19800.00,20108.00,308.00,1513.28,0.00,False,False
veh2718,-147711065#0->564273553#0,veh_passenger,18458.00,20114.00,1656.00,465.83,0.00,False,False
veh2904,513082632->-39838691#3,veh_passenger,19458.00,20121.00,663.00,1453.18,0.00,False,False
veh2979,-257421487#1->-40139504#0,veh_passenger,19961.00,20126.00,165.00,978.61,0.00,False,False
veh2740,-856175964->1075505400#1,veh_passenger,18359.00,20128.00,1769.00,1532.10,0.00,False,False
veh2822,-653860562->-39366819#0,veh_passenger,18909.00,20133.00,1224.00,804.07,0.00,False,False
veh2903,1337646274->654297628,veh_passenger,19452.00,20138.00,686.00,3273.27,0.00,False,False
truck163,967985512->178583140#0,truck_truck,19561.00,20142.00,581.00,1374.76,0.00,False,False
veh2943,509646144->-40109290#4,veh_passenger,19720.00,20148.00,428.00,1719.71,0.00,False,False
veh2965,-178723097#1->1234244927#0,veh_passenger,19867.00,20148.00,281.00,759.62,0.00,False,False
veh2967,-687878725->-1297720376#0,veh_passenger,19880.00,20164.00,284.00,1837.68,0.00,False,False
veh2998,-1204070283#1->-10628444#0,veh_passenger,20088.00,20164.00,76.00,240.86,0.00,False,False
bus332,24577522#0->-511404874#0,bus_bus,19921.00,20182.00,261.00,2182.44,0.00,False,False
veh2987,-1068074793->856175964,veh_passenger,20014.00,20186.00,172.00,949.47,0.00,False,False
truck165,838061037->-40297715#2,truck_truck,19801.00,20189.00,388.00,1926.23,0.00,False,False
veh2978,15525299->-10628442#1,veh_passenger,19954.00,20190.00,236.00,2446.04,0.00,False,False
veh2977,511404880#0->-14924729#3,veh_passenger,19947.00,20197.00,250.00,1346.76,0.00,False,False
veh2963,1067928307#0->-116783847,veh_passenger,19854.00,20198.00,344.00,3493.53,0.00,False,False
bus313,-1323097580#1->730912750,bus_bus,18781.00,20208.00,1427.00,2331.50,0.00,False,False
truck166,72157794->-9374529#1,truck_truck,19921.00,20209.00,288.00,995.01,0.00,False,False
veh2924,-40138633#2->13909444#4,veh_passenger,19592.00,20212.00,620.00,2736.09,0.00,False,False
veh2317,-1214520068->40138941#2,veh_passenger,15525.00,20213.00,4688.00,2522.75,0.00,False,False
veh2962,-39838657#2->515130028#1,veh_passenger,19847.00,20215.00,368.00,1805.34,0.00,False,False
veh2971,1067953239#0->24577522#3,veh_passenger,19907.00,20219.00,312.00,1843.35,0.00,False,False
veh2320,-564273553#2->40138941#1,veh_passenger,15545.00,20222.00,4677.00,2552.30,0.00,False,False
veh2988,511187808#4->-479863106#1,veh_passenger,20021.00,20228.00,207.00,649.38,0.00,False,False
veh2996,24576913#2->-47267007#0,veh_passenger,20077.00,20230.00,153.00,1353.78,0.00,False,False
veh3005,1332638368#0->40140141#7,veh_passenger,20135.00,20231.00,96.00,1032.03,0.00,False,False
veh2905,1068434204->160077493,veh_passenger,19465.00,20235.00,770.00,2212.04,0.00,False,False
veh2947,1068144849#0->40036009#0,veh_passenger,19746.00,20235.00,489.00,3931.61,0.00,False,False
veh2993,-40138239#4->-40035904#0,veh_passenger,20055.00,20239.00,184.00,1213.24,0.00,False,False
bus333,-40035606#2->15420801#3,bus_bus,19981.00,20242.00,261.00,1890.46,0.00,False,False
veh2984,40035904#1->1214520073#0,veh_passenger,19994.00,20246.00,252.00,2008.10,0.00,False,False
veh2845,499566574#0->-564273553#2,veh_passenger,19063.00,20262.00,1199.00,2354.01,0.00,False,False
veh2985,1068144845#0->-39838630#2,veh_passenger,20001.00,20264.00,263.00,1970.53,0.00,False,False
bus336,499566574#1->1323097575#3,bus_bus,20161.00,20270.00,109.00,428.77,0.00,False,False
veh2790,511187812->240666069#2,veh_passenger,18694.00,20271.00,1577.00,1883.07,0.00,False,False
veh2968,1337646274->-240666072#1,veh_passenger,19887.00,20279.00,392.00,5083.17,0.00,False,False
veh2981,511404874#1->83428923#1,veh_passenger,19974.00,20286.00,312.00,2230.82,0.00,False,False
veh2990,1237953497->39838691#5,veh_passenger,20034.00,20288.00,254.00,1626.34,0.00,False,False
veh2983,1125986377#1->39921025#9,veh_passenger,19988.00,20303.00,315.00,1654.03,0.00,False,False
veh2986,-1067928307#2->-238219441#2,veh_passenger,20008.00,20303.00,295.00,2327.15,0.00,False,False
veh2974,822782498->513082632,veh_passenger,19927.00,20312.00,385.00,2687.03,0.00,False,False
veh2976,437445540->33683458#1,veh_passenger,19941.00,20314.00,373.00,3781.81,0.00,False,False
veh2956,1292541108->-50323229#5,veh_passenger,19808.00,20332.00,524.00,1722.88,0.00,False,False
veh3030,-40109290#0->50323229#7,veh_passenger,20302.00,20354.00,52.00,205.37,0.00,False,False
veh3021,479863106#0->509646063#0,veh_passenger,20242.00,20370.00,128.00,262.14,0.00,False,False
veh2992,1322916760#1->-1068144846#2,veh_passenger,20048.00,20373.00,325.00,1348.40,0.00,False,False
veh2950,1332638368#2->515040940#0,veh_passenger,19766.00,20396.00,630.00,1592.16,0.00,False,False
veh2900,1214520071->1131969257,veh_passenger,19431.00,20401.00,970.00,1033.74,0.00,False,False
veh3006,15420525->1233759524,veh_passenger,20142.00,20401.00,259.00,2332.13,0.00,False,False
veh2407,654297629#1->39920011#3,veh_passenger,16128.00,20416.00,4288.00,1716.43,0.00,False,False
veh3017,-39838691#2->1067928305#2,veh_passenger,20215.00,20420.00,205.00,2326.26,0.00,False,False
veh2958,1335304374->39838751#0,veh_passenger,19823.00,20428.00,605.00,1389.05,0.00,False,False
veh3027,1068144845#1->-479863106#1,veh_passenger,20282.00,20436.00,154.00,1552.11,0.00,False,False
veh3000,900399276->511185049,veh_passenger,20101.00,20440.00,339.00,2909.20,0.00,False,False
veh2840,488788636#1->-33683458#2,veh_passenger,19029.00,20448.00,1419.00,2581.32,0.00,False,False
veh2960,1254633078#1->515136608,veh_passenger,19833.00,20452.00,619.00,3620.08,0.00,False,False
veh3016,509646052->39920550#7,veh_passenger,20209.00,20455.00,246.00,1118.75,0.00,False,False
bus338,-654297635#1->50323229#3,bus_bus,20281.00,20461.00,180.00,750.65,0.00,False,False
veh2416,-413789558#0->1335304373#1,veh_passenger,16189.00,20466.00,4277.00,2428.35,0.00,False,False
veh3004,39921025#7->499566574#1,veh_passenger,20128.00,20467.00,339.00,1492.60,0.00,False,False
veh3007,1068434202->-1254633077#0,veh_passenger,20148.00,20488.00,340.00,1635.40,0.00,False,False
veh3025,33683346#1->-142741729#1,veh_passenger,20269.00,20494.00,225.00,1310.05,0.00,False,False
bus337,401226925#1->1327579142,bus_bus,20221.00,20500.00,279.00,1654.45,0.00,False,False
veh3044,-1125986378#0->-14924729#1,veh_passenger,20396.00,20500.00,104.00,1038.90,0.00,False,False
veh3024,-39838691#0->-47224972#0,veh_passenger,20262.00,20508.00,246.00,966.53,0.00,False,False
veh2326,-39838691#7->-1260485931#0,veh_passenger,15586.00,20529.00,4943.00,1664.37,0.00,False,False
veh3003,1327579142->1332638368#0,veh_passenger,20122.00,20532.00,410.00,2343.82,0.00,False,False
veh3008,515123439->1226645411,veh_passenger,20155.00,20532.00,377.00,1650.56,0.00,False,False
veh2994,401226926#1->822782498,veh_passenger,20061.00,20537.00,476.00,1725.07,0.00,False,False
truck167,-224146621->1254633077#0,truck_truck,20041.00,20540.00,499.00,3909.16,0.00,False,False
veh3049,-142741729#0->39920505#7,veh_passenger,20430.00,20544.00,114.00,750.56,0.00,False,False
veh3043,654297637#1->50323229#14,veh_passenger,20390.00,20546.00,156.00,946.54,0.00,False,False
veh3054,-1323097580#1->11631594#2,veh_passenger,20463.00,20546.00,83.00,269.69,0.00,False,False
veh3042,381945551->47267011#2,veh_passenger,20383.00,20549.00,166.00,2083.87,0.00,False,False
veh2952,1233759524->451728952#4,veh_passenger,19780.00,20568.00,788.00,2015.33,0.00,False,False
veh3001,424580476->335802680,veh_passenger,20108.00,20570.00,462.00,3681.08,0.00,False,False
veh3019,50323229#5->39921025#8,veh_passenger,20229.00,20571.00,342.00,1666.01,0.00,False,False
bus340,15420537#1->1118804256#0,bus_bus,20401.00,20573.00,172.00,1601.07,0.00,False,False
truck168,40297715#3->1068434200#0,truck_truck,20161.00,20578.00,417.00,1811.23,0.00,False,False
veh3023,437445542->39920684#6,veh_passenger,20256.00,20584.00,328.00,3262.17,0.00,False,False
bus334,15420537#2->-1326193809,bus_bus,20041.00,20586.00,545.00,3096.87,0.00,False,False
veh3052,1226645407->47087993#6,veh_passenger,20450.00,20587.00,137.00,717.44,0.00,False,False
veh3055,39920593#1->-40035606#2,veh_passenger,20470.00,20591.00,121.00,338.23,0.00,False,False
veh2973,39838630#3->-9374529#1,veh_passenger,19921.00,20594.00,673.00,1081.20,0.00,False,False
veh3015,10748036->33683346#3,veh_passenger,20202.00,20594.00,392.00,1914.91,0.00,False,False
veh3028,-1125986406#1->-1068144845#2,veh_passenger,20289.00,20594.00,305.00,1888.24,0.00,False,False
veh3034,-50323229#5->-83428923#1,veh_passenger,20334.00,20626.00,292.00,1745.33,0.00,False,False
veh3053,-654297632#2->490474063#2,veh_passenger,20457.00,20630.00,173.00,681.36,0.00,False,False
veh3064,-40138239#1->-1236283454,veh_passenger,20530.00,20635.00,105.00,788.84,0.00,False,False
veh3057,12262310#0->1222703384#1,veh_passenger,20483.00,20637.00,154.00,2027.31,0.00,False,False
veh2547,-1297720376#1->513272949,veh_passenger,17066.00,20644.00,3578.00,798.00,0.00,False,False
veh3031,515123442#1->-10748036,veh_passenger,20309.00,20648.00,339.00,2095.49,0.00,False,False
veh3029,513082640->1125986373#0,veh_passenger,20296.00,20664.00,368.00,2004.98,0.00,False,False
veh3061,-10629474#0->488788637#0,veh_passenger,20510.00,20665.00,155.00,493.67,0.00,False,False
veh3014,-50323229#11->521701857,veh_passenger,20195.00,20668.00,473.00,2196.55,0.00,False,False
bus304,39838691#5->515130028#1-AddedOnRampEdge,bus_bus,18241.00,20670.00,2429.00,1816.87,0.00,False,False
bus341,521704031#0->1327579131,bus_bus,20461.00,20671.00,210.00,1444.27,0.00,False,False
veh3056,-511187807->488788630#1,veh_passenger,20477.00,20674.00,197.00,1506.60,0.00,False,False
veh3072,-10628444#0->10629474#1,veh_passenger,20584.00,20679.00,95.00,464.89,0.00,False,False
veh3040,1273251151->509646057#2,veh_passenger,20369.00,20683.00,314.00,1579.33,0.00,False,False
veh3058,1278784167#0->511187808#3,veh_passenger,20490.00,20693.00,203.00,1350.78,0.00,False,False
veh3071,428730813#3->521701857,veh_passenger,20577.00,20698.00,121.00,1578.21,0.00,False,False
veh2995,1298335704#0->511404872,veh_passenger,20068.00,20703.00,635.00,1989.04,0.00,False,False
veh2964,-1278784167#1->-1125986386,veh_passenger,19860.00,20708.00,848.00,1399.05,0.00,False,False
veh3032,-1254633077#0->1235754993#1,veh_passenger,20316.00,20718.00,402.00,1460.84,0.00,False,False
veh3038,39920684#1->40140017#1,veh_passenger,20356.00,20719.00,363.00,1282.47,0.00,False,False
veh3059,475044040#0->1125986377#0,veh_passenger,20497.00,20720.00,223.00,1527.68,0.00,False,False
veh3077,47225638#0->1222181934,veh_passenger,20617.00,20725.00,108.00,1154.33,0.00,False,False
veh3063,1068434201->967993112#0,veh_passenger,20524.00,20728.00,204.00,1325.79,0.00,False,False
veh3041,-238219441#2->-14924729#2,veh_passenger,20376.00,20739.00,363.00,1651.71,0.00,False,False
veh3035,-1125986406#0->513082641#2,veh_passenger,20336.00,20741.00,405.00,2246.03,0.00,False,False
veh3011,40109290#1->-1068144846#1,veh_passenger,20175.00,20743.00,568.00,2963.52,0.00,False,False
veh3062,654297634->-1323097577,veh_passenger,20517.00,20753.00,236.00,830.27,0.00,False,False
bus342,511409187->511187815,bus_bus,20706.00,20762.00,56.00,509.17,0.00,False,False
veh3046,515136604->-40036009#2,veh_passenger,20410.00,20768.00,358.00,3303.60,0.00,False,False
veh2596,1075505400#2->11631594#2,veh_passenger,17395.00,20770.00,3375.00,1619.27,0.00,False,False
veh3047,1067928305#1->1255099069,veh_passenger,20416.00,20773.00,357.00,1739.08,0.00,False,False
veh3013,1075505400#2->-521701857,veh_passenger,20189.00,20777.00,588.00,1126.69,0.00,False,False
veh3081,-39838630#3->975216744,veh_passenger,20644.00,20784.00,140.00,834.76,0.00,False,False
veh3026,1226645408->9792174#1,veh_passenger,20276.00,20786.00,510.00,4357.11,0.00,False,False
veh3036,1015424648->-40035606#2,veh_passenger,20343.00,20787.00,444.00,2295.29,0.00,False,False
veh2580,1075505400#0->39920505#5,veh_passenger,17287.00,20816.00,3529.00,1539.99,0.00,False,False
veh2969,39920550#5->-405382146#0,veh_passenger,19894.00,20821.00,927.00,1919.94,0.00,False,False
veh3070,178699054->1068144845#2,veh_passenger,20570.00,20821.00,251.00,3030.63,0.00,False,False
veh3051,509646059->1254816453#1,veh_passenger,20443.00,20840.00,397.00,2091.76,0.00,False,False
veh3067,40140017#0->39920593#3,veh_passenger,20550.00,20840.00,290.00,866.04,0.00,False,False
veh3069,1214520074#6->40035606#0,veh_passenger,20564.00,20853.00,289.00,2667.13,0.00,False,False
veh2424,564273553#4->39920684#2,veh_passenger,16242.00,20861.00,4619.00,1592.49,0.00,False,False
veh3076,40109290#1->515123442#0,veh_passenger,20611.00,20891.00,280.00,1942.89,0.00,False,False
veh3088,9704194#0->-238219441#0,veh_passenger,20691.00,20893.00,202.00,1260.54,0.00,False,False
bus306,-40109290#0->10628430,bus_bus,18361.00,20894.00,2533.00,1711.76,0.00,False,False
veh3074,40109290#5->1260485929#0,veh_passenger,20597.00,20895.00,298.00,2035.15,0.00,False,False
veh3106,1214520071->-900279869,veh_passenger,20812.00,20898.00,86.00,236.43,0.00,False,False
veh3068,147711065#2->1067928306#2,veh_passenger,20557.00,20900.00,343.00,1742.72,0.00,False,False
truck172,178441748#0->40297715#2,truck_truck,20641.00,20902.00,261.00,667.59,0.00,False,False
veh2358,39838657#0->1064476620#1,veh_passenger,15800.00,20906.00,5106.00,2310.41,0.00,False,False
veh3022,39838530->1064398309#0,veh_passenger,20343.00,20906.00,563.00,1554.67,0.00,False,False
truck164,654297629#5->-24576913#0,truck_truck,19681.00,20909.00,1228.00,332.88,0.00,False,False
veh3073,15419971#1->521708587#1,veh_passenger,20591.00,20910.00,319.00,1948.33,0.00,False,False
bus348,1292578228->-39920593#2,bus_bus,20881.00,20910.00,29.00,312.66,0.00,False,False
veh3075,47267011#1->39920550#12,veh_passenger,20604.00,20915.00,311.00,2348.05,0.00,False,False
veh3020,421846558#0->482569917#1,veh_passenger,20235.00,20916.00,681.00,2267.27,0.00,False,False
veh3121,515123442#1->515123442#2,veh_passenger,20912.00,20920.00,8.00,57.99,0.00,False,False
veh3018,40139504#0->730912750,veh_passenger,20222.00,20925.00,703.00,2041.17,0.00,False,False
veh3114,437445539#0->654530820#1,veh_passenger,20865.00,20926.00,61.00,632.87,0.00,False,False
veh2531,-654297629#3->178702248,veh_passenger,16959.00,20940.00,3981.00,2642.05,0.00,False,False
veh3089,-1226645407->11631594#2,veh_passenger,20698.00,20951.00,253.00,2848.36,0.00,False,False
veh2906,-39920593#2->-24576913#2,veh_passenger,19472.00,20983.00,1511.00,1507.10,0.00,False,False
veh3104,1323097575#2->1260485929#0,veh_passenger,20798.00,20983.00,185.00,1564.84,0.00,False,False
veh3101,499566574#0->1125986375#1,veh_passenger,20778.00,20985.00,207.00,912.25,0.00,False,False
veh2895,1074409255#2->-564273553#1,veh_passenger,19398.00,20986.00,1588.00,1770.94,0.00,False,False
veh3099,147711065#2->-654297635#0,veh_passenger,20765.00,20990.00,225.00,762.82,0.00,False,False
veh3110,499566574#2->-39920593#6,veh_passenger,20838.00,20995.00,157.00,1006.40,0.00,False,False
truck170,1207401652#1->240666069#2,truck_truck,20401.00,20998.00,597.00,2116.49,0.00,False,False
veh3118,1068144845#1->1332638368#0,veh_passenger,20892.00,21002.00,110.00,772.87,0.00,False,False
veh3012,1064476622#1->-449565665#3,veh_passenger,20182.00,21004.00,822.00,1609.73,0.00,False,False
bus345,1326094888->490474063#5,bus_bus,20701.00,21004.00,303.00,3420.54,0.00,False,False
veh3102,50323229#10->-1297720376#0,veh_passenger,20785.00,21004.00,219.00,1241.88,0.00,False,False
bus347,178702260->985133430,bus_bus,20821.00,21004.00,183.00,547.99,0.00,False,False
veh2884,1335304373#1->-39838691#1,veh_passenger,19324.00,21007.00,1683.00,1605.82,0.00,False,False
veh3082,1064476618#0->-1332638391#2,veh_passenger,20651.00,21008.00,357.00,1620.23,0.00,False,False
veh3092,-39838630#2->1067953239#0,veh_passenger,20718.00,21008.00,290.00,2089.18,0.00,False,False
bus335,1237953497->-178723097#1,bus_bus,20101.00,21009.00,908.00,1308.10,0.00,False,False
bus344,12090453#0->654297629#1,bus_bus,20641.00,21011.00,370.00,1526.97,0.00,False,False
veh2991,474143552#1->-449565665#1,veh_passenger,20041.00,21015.00,974.00,1273.97,0.00,False,False
veh3122,-488788637#1->499566577#0,veh_passenger,20919.00,21015.00,96.00,518.67,0.00,False,False
veh3078,-47087366#1->1068074793,veh_passenger,20624.00,21018.00,394.00,3543.09,0.00,False,False
veh2583,-39838691#3->475044040#1,veh_passenger,17308.00,21024.00,3716.00,1749.80,0.00,False,False
veh3119,474143552#2->-39920593#3,veh_passenger,20899.00,21024.00,125.00,687.44,0.00,False,False
veh2728,1214520078->1327579131,veh_passenger,18279.00,21026.00,2747.00,2097.19,0.00,False,False
bus330,15419971#1->564273552,bus_bus,19801.00,21026.00,1225.00,1769.74,0.00,False,False
truck173,428730813#2->39921025#4,truck_truck,20761.00,21027.00,266.00,2998.34,0.00,False,False
bus288,-1211151635#0->-39920593#3,bus_bus,17281.00,21032.00,3751.00,2006.05,0.00,False,False
veh2709,178699056#0->1064476624,veh_passenger,18152.00,21034.00,2882.00,928.23,0.00,False,False
veh3095,515123442#1->39838691#8,veh_passenger,20738.00,21042.00,304.00,1842.28,0.00,False,False
veh3097,47267007#0->40140141#8,veh_passenger,20751.00,21045.00,294.00,2610.95,0.00,False,False
truck169,33683346#2->1421367508,truck_truck,20281.00,21046.00,765.00,3182.77,0.00,False,False
veh3090,39838691#0->1118804256#1,veh_passenger,20704.00,21069.00,365.00,2218.80,0.00,False,False
veh3085,-1068916336->488786523,veh_passenger,20671.00,21070.00,399.00,2172.02,0.00,False,False
veh3103,-1237953493->515123442#1,veh_passenger,20792.00,21076.00,284.00,1109.84,0.00,False,False
veh3087,47087993#5->421846558#0,veh_passenger,20684.00,21077.00,393.00,2755.73,0.00,False,False
veh3079,-1118804250->1074409256#0,veh_passenger,20631.00,21079.00,448.00,2402.32,0.00,False,False
veh3132,39920593#0->1222703384#1,veh_passenger,20986.00,21082.00,96.00,609.46,0.00,False,False
bus308,-83428923#0->-24576913#1,bus_bus,18481.00,21084.00,2603.00,890.21,0.00,False,False
veh3109,1332638368#2->8887999#1,veh_passenger,20832.00,21095.00,263.00,1280.66,0.00,False,False
veh3086,24621218#0->-654297629#3,veh_passenger,20678.00,21099.00,421.00,1595.26,0.00,False,False
truck174,1125986379#1->-1260485929#2,truck_truck,20881.00,21099.00,218.00,496.26,0.00,False,False
veh3100,1068916339->24576922#1,veh_passenger,20771.00,21102.00,331.00,1096.26,0.00,False,False
veh3116,-1125986377#1->-40035904#1,veh_passenger,20879.00,21105.00,226.00,1323.24,0.00,False,False
bus346,-687878722#0->-967985513#3,bus_bus,20761.00,21106.00,345.00,2532.88,0.00,False,False
veh3126,178702258#0->515130026#0,veh_passenger,20946.00,21106.00,160.00,1351.12,0.00,False,False
veh2693,-1338361263->240666072#1,veh_passenger,18045.00,21109.00,3064.00,1958.83,0.00,False,False
veh3098,39920684#5->40140141#7,veh_passenger,20758.00,21120.00,362.00,2197.65,0.00,False,False
veh3115,-33683458#1->238219446#1,veh_passenger,20872.00,21120.00,248.00,1067.37,0.00,False,False
truck171,-10250021#2->564273553#1,truck_truck,20521.00,21121.00,600.00,1115.03,0.00,False,False
veh3010,654297629#5->1100626088,veh_passenger,20168.00,21122.00,954.00,672.01,0.00,False,False
veh3147,-654297632#2->40140017#0,veh_passenger,21086.00,21123.00,37.00,326.31,0.00,False,False
veh3048,1338361263->428730813#1,veh_passenger,20423.00,21134.00,711.00,1922.21,0.00,False,False
veh2841,511404873#0->511187818,veh_passenger,19036.00,21157.00,2121.00,754.09,0.00,False,False
veh2730,-178723097#1->-654297637#1,veh_passenger,18292.00,21166.00,2874.00,1276.75,0.00,False,False
veh3113,-488788630#2->1323097575#2,veh_passenger,20859.00,21167.00,308.00,3511.79,0.00,False,False
veh2894,-1335304373#2->-12247568#1,veh_passenger,19391.00,21170.00,1779.00,2495.77,0.00,False,False
veh3138,475044040#3->40140017#2,veh_passenger,21026.00,21173.00,147.00,626.39,0.00,False,False
veh3133,-521705694#1->1214520073#1,veh_passenger,20993.00,21178.00,185.00,661.38,0.00,False,False
veh3108,1254816453#0->654297629#1,veh_passenger,20825.00,21179.00,354.00,1597.32,0.00,False,False
veh3066,-1222703384#1->39838882,veh_passenger,20544.00,21184.00,640.00,1885.27,0.00,False,False
veh2767,24577455#0->9704194#1,veh_passenger,18540.00,21185.00,2645.00,1976.91,0.00,False,False
veh2867,1323097577->428730818#0,veh_passenger,19210.00,21194.00,1984.00,3086.40,0.00,False,False
veh2940,1201484855->1214520074#4,veh_passenger,19700.00,21198.00,1498.00,1025.12,0.00,False,False
veh2949,50323229#3->1421564739,veh_passenger,19760.00,21206.00,1446.00,3528.54,0.00,False,False
veh3093,424580475->1272548721,veh_passenger,20725.00,21206.00,481.00,3031.32,0.00,False,False
veh3141,39838520#0->240666069#2,veh_passenger,21046.00,21209.00,163.00,1450.63,0.00,False,False
veh2882,-449565665#2->511404874#0,veh_passenger,19311.00,21214.00,1903.00,563.01,0.00,False,False
veh3157,-1332638368#2->1068144846#0,veh_passenger,21153.00,21216.00,63.00,889.26,0.00,False,False
veh3145,654297629#1->-405382146#0,veh_passenger,21073.00,21218.00,145.00,1144.11,0.00,False,False
veh3129,1290439818->1260485931#1,veh_passenger,20966.00,21221.00,255.00,1851.22,0.00,False,False
veh2692,-654297629#5->238219441#1,veh_passenger,18038.00,21224.00,3186.00,1195.26,0.00,False,False
truck176,1068434200#0->510107701,truck_truck,21121.00,21243.00,122.00,337.03,0.00,False,False
veh3094,967985513#2->488788636#0,veh_passenger,20731.00,21248.00,517.00,3410.51,0.00,False,False
veh3125,1226645410->238219449,veh_passenger,20947.00,21260.00,313.00,3474.76,0.00,False,False
veh3144,515124965#1->-33683458#0,veh_passenger,21066.00,21263.00,197.00,2427.29,0.00,False,False
veh3124,1100626103#2->513082627,veh_passenger,20932.00,21264.00,332.00,1512.74,0.00,False,False
veh3120,24577522#0->-116831467,veh_passenger,20905.00,21270.00,365.00,1242.59,0.00,False,False
veh3154,-761486028#1->-240666072#2,veh_passenger,21133.00,21280.00,147.00,1067.01,0.00,False,False
veh3130,1260485929#3->511405572,veh_passenger,20972.00,21282.00,310.00,774.74,0.00,False,False
veh2997,178723097#0->509524230,veh_passenger,20081.00,21283.00,1202.00,784.21,0.00,False,False
veh3155,-142741729#0->-40138239#3,veh_passenger,21140.00,21285.00,145.00,908.05,0.00,False,False
veh3148,513272950#0->1260481154,veh_passenger,21093.00,21291.00,198.00,953.79,0.00,False,False
veh3080,40297647#1->437445541#1,veh_passenger,20637.00,21299.00,662.00,2829.74,0.00,False,False
veh3137,40138633#1->238219446#1,veh_passenger,21019.00,21302.00,283.00,1505.44,0.00,False,False
veh2898,-1125986386->-687878722#0,veh_passenger,19418.00,21303.00,1885.00,1862.58,0.00,False,False
veh3096,1118804248->1064476618#1,veh_passenger,20745.00,21305.00,560.00,4230.14,0.00,False,False
veh3151,511187811->-1068144848#0,veh_passenger,21113.00,21305.00,192.00,1181.27,0.00,False,False
veh2771,1074771160->1337646276,veh_passenger,18567.00,21306.00,2739.00,1407.39,0.00,False,False
veh2793,39763700#1->47087993#6,veh_passenger,18715.00,21320.00,2605.00,2579.23,0.00,False,False
bus343,-654297637#2->47267007#1,bus_bus,20581.00,21348.00,767.00,2502.27,0.00,False,False
veh3162,12247569->1068434257,veh_passenger,21187.00,21351.00,164.00,657.51,0.00,False,False
bus350,15420537#2->15419875#1,bus_bus,21001.00,21355.00,354.00,2703.50,0.00,False,False
veh3140,178702243#1->-450616334#0,veh_passenger,21039.00,21361.00,322.00,2877.99,0.00,False,False
veh3166,1207401652#1->-240666072#2,veh_passenger,21214.00,21368.00,154.00,1378.98,0.00,False,False
veh3146,-1068144845#2->474143552#4,veh_passenger,21080.00,21371.00,291.00,2703.42,0.00,False,False
veh3135,515040937->428730818#2,veh_passenger,21006.00,21381.00,375.00,2513.99,0.00,False,False
veh2773,39763700#1->1125986377#2,veh_passenger,18581.00,21382.00,2801.00,1075.48,0.00,False,False
veh3131,1068434258->488788626#3,veh_passenger,20979.00,21385.00,406.00,1337.62,0.00,False,False
veh3161,1211151637->1068434208#0-AddedOffRampEdge,veh_passenger,21180.00,21389.00,209.00,1799.91,0.00,False,False
veh3127,47225638#0->1323097577,veh_passenger,20952.00,21392.00,440.00,3049.82,0.00,False,False
truck175,39920593#0->1074409232#0,truck_truck,21001.00,21396.00,395.00,2206.18,0.00,False,False
veh3168,1222181936->1327579131,veh_passenger,21227.00,21400.00,173.00,1471.27,0.00,False,False
veh3142,-1211151638->238219441#1,veh_passenger,21053.00,21404.00,351.00,1614.88,0.00,False,False
veh3136,39920222->511404880#1,veh_passenger,21013.00,21408.00,395.00,2260.40,0.00,False,False
veh2791,-488788633#0->813852683,veh_passenger,18701.00,21413.00,2712.00,3289.87,0.00,False,False
veh2850,511404873#0->50323229#13,veh_passenger,19096.00,21423.00,2327.00,2052.88,0.00,False,False
veh2695,-450616334#0->10629709#2,veh_passenger,18060.00,21424.00,3364.00,2679.25,0.00,False,False
veh3149,488788629->381945551,veh_passenger,21100.00,21426.00,326.00,2421.46,0.00,False,False
veh3153,511187808#4-AddedOnRampEdge->1068434205,veh_passenger,21127.00,21427.00,300.00,757.87,0.00,False,False
veh3163,11635146#0-AddedOffRampEdge->50323229#7,veh_passenger,21194.00,21434.00,240.00,1947.32,0.00,False,False
veh2778,9832326#0->1214520076,veh_passenger,18614.00,21435.00,2821.00,1314.47,0.00,False,False
veh3180,50323229#13->1064476622#1,veh_passenger,21307.00,21436.00,129.00,544.20,0.00,False,False
bus351,1235501861#1->1064476620#3,bus_bus,21061.00,21438.00,377.00,1373.26,0.00,False,False
veh2888,39763700#5->515136608,veh_passenger,19351.00,21442.00,2091.00,2069.42,0.00,False,False
veh3117,11631594#3->975216742,veh_passenger,20885.00,21448.00,563.00,2227.59,0.00,False,False
veh3134,178583141->72157792,veh_passenger,20999.00,21450.00,451.00,3853.82,0.00,False,False
veh3182,573632774->1326193809,veh_passenger,21321.00,21464.00,143.00,701.29,0.00,False,False
veh3158,1222181936->-40138633#0,veh_passenger,21160.00,21467.00,307.00,1940.46,0.00,False,False
veh3128,40140141#4->381945549#1,veh_passenger,20959.00,21474.00,515.00,2942.13,0.00,False,False
veh3173,1222181935->-1323097576,veh_passenger,21261.00,21477.00,216.00,1424.30,0.00,False,False
veh3156,-39920593#6->-761486028#0,veh_passenger,21147.00,21494.00,347.00,1359.43,0.00,False,False
bus352,-413789558#1->40035606#3,bus_bus,21121.00,21495.00,374.00,3774.60,0.00,False,False
veh3123,1332638368#1->-39366819#0,veh_passenger,20926.00,21501.00,575.00,1906.50,0.00,False,False
bus353,178699051#0->-50323229#5,bus_bus,21181.00,21501.00,320.00,1552.50,0.00,False,False
truck178,1214520075->1067928306#2,truck_truck,21361.00,21501.00,140.00,1256.28,0.00,False,False
veh3188,68574202->1068434206,veh_passenger,21361.00,21516.00,155.00,1467.10,0.00,False,False
bus349,142741729#1->1068434199,bus_bus,20941.00,21523.00,582.00,2388.33,0.00,False,False
veh3191,1272337498#0->-654297632#2,veh_passenger,21381.00,21531.00,150.00,972.75,0.00,False,False
veh3152,1254633077#1->1226645408,veh_passenger,21120.00,21538.00,418.00,2973.38,0.00,False,False
truck177,1068144848#1->1222703384#0,truck_truck,21241.00,21543.00,302.00,2365.22,0.00,False,False
veh3175,83428923#0->11631594#3,veh_passenger,21274.00,21549.00,275.00,1637.13,0.00,False,False
veh3170,730912750->39921192#0,veh_passenger,21240.00,21566.00,326.00,2362.60,0.00,False,False
veh3107,1335304385->1234244925#1,veh_passenger,20818.00,21584.00,766.00,1578.57,0.00,False,False
veh3169,1222181936->-521705694#1,veh_passenger,21234.00,21589.00,355.00,472.80,0.00,False,False
veh3112,511187815->-33683346#0,veh_passenger,20852.00,21592.00,740.00,2087.88,0.00,False,False
veh3193,-1068074793->40109290#3,veh_passenger,21395.00,21603.00,208.00,850.12,0.00,False,False
bus354,460316444->-1125986377#2,bus_bus,21241.00,21613.00,372.00,1975.24,0.00,False,False
bus316,39920550#10->-654297630,bus_bus,18961.00,21616.00,2655.00,1068.20,0.00,False,False
bus356,479863106#2->1125986369,bus_bus,21361.00,21620.00,259.00,196.94,0.00,False,False
veh3174,39838984#0->-474143552#0,veh_passenger,21267.00,21628.00,361.00,1521.12,0.00,False,False
veh3172,47267007#1->1068144845#2,veh_passenger,21254.00,21632.00,378.00,1945.59,0.00,False,False
bus359,-1100626103#1->1323097579#2,bus_bus,21541.00,21650.00,109.00,433.00,0.00,False,False
veh3209,40140141#11->-564273553#0,veh_passenger,21502.00,21677.00,175.00,1376.37,0.00,False,False
veh3150,1214520074#6->-1125986386,veh_passenger,21106.00,21699.00,593.00,1346.41,0.00,False,False
veh3183,13909444#2->-1125986386,veh_passenger,21328.00,21701.00,373.00,1391.27,0.00,False,False
bus360,178725446#2->511404875,bus_bus,21601.00,21702.00,101.00,819.17,0.00,False,False
veh3202,1125986374->-40297715#0,veh_passenger,21455.00,21703.00,248.00,1336.28,0.00,False,False
truck180,654297630->39921673#0,truck_truck,21601.00,21705.00,104.00,397.34,0.00,False,False
veh3189,39921531->10749498,veh_passenger,21368.00,21708.00,340.00,1266.32,0.00,False,False
veh3198,47267011#0->39920550#0,veh_passenger,21428.00,21708.00,280.00,2497.48,0.00,False,False
veh3194,39920505#0->-10250021#2,veh_passenger,21401.00,21709.00,308.00,1280.13,0.00,False,False
truck179,-39838657#1->1231065653,truck_truck,21481.00,21709.00,228.00,822.50,0.00,False,False
veh3210,1335304373#1->1125986377#2,veh_passenger,21508.00,21712.00,204.00,1071.70,0.00,False,False
veh3199,-1290439817#0->-1074409256#2,veh_passenger,21435.00,21713.00,278.00,1147.21,0.00,False,False
veh3164,-33683458#1->-47267007#2,veh_passenger,21200.00,21716.00,516.00,2976.99,0.00,False,False
veh3187,178699058->10629474#1,veh_passenger,21354.00,21721.00,367.00,4194.05,0.00,False,False
bus357,39920505#11->490474063#5,bus_bus,21421.00,21724.00,303.00,961.84,0.00,False,False
veh3208,39366819#1->1068144845#0,veh_passenger,21495.00,21728.00,233.00,1563.25,0.00,False,False
veh3177,169562956->1234244925#2,veh_passenger,21287.00,21729.00,442.00,1249.98,0.00,False,False
veh3223,1272337501->654297632#2,veh_passenger,21596.00,21731.00,135.00,699.32,0.00,False,False
veh3165,1335304372->449565665#2,veh_passenger,21207.00,21733.00,526.00,1140.47,0.00,False,False
veh3195,1323097575#2->515130027,veh_passenger,21408.00,21734.00,326.00,2857.29,0.00,False,False
veh3192,967985513#2->10748045#2,veh_passenger,21388.00,21735.00,347.00,1639.97,0.00,False,False
veh3167,-1226645410->1292578260,veh_passenger,21220.00,21742.00,522.00,2379.37,0.00,False,False
veh2858,-1211151635#1->39920505#11,veh_passenger,19150.00,21745.00,2595.00,1854.50,0.00,False,False
veh2859,39838691#3->475044040#3,veh_passenger,19157.00,21748.00,2591.00,1826.13,0.00,False,False
veh3050,1074409256#0->-39838751#2,veh_passenger,20436.00,21754.00,1318.00,898.74,0.00,False,False
bus355,405382146#0->40109290#1,bus_bus,21301.00,21761.00,460.00,2516.03,0.00,False,False
veh3197,451728952#5->178583145,veh_passenger,21421.00,21763.00,342.00,2644.04,0.00,False,False
veh3176,968332509->47267011#1,veh_passenger,21281.00,21766.00,485.00,931.06,0.00,False,False
veh3226,1236283454->9832326#0,veh_passenger,21616.00,21769.00,153.00,1040.20,0.00,False,False
veh3181,856175962->-1015424648,veh_passenger,21314.00,21779.00,465.00,945.82,0.00,False,False
veh3201,488788637#0->50323229#6,veh_passenger,21448.00,21783.00,335.00,1619.75,0.00,False,False
veh3178,515136605->1272337500,veh_passenger,21294.00,21792.00,498.00,3433.83,0.00,False,False
veh3242,-178723097#1->-653860562,veh_passenger,21723.00,21800.00,77.00,572.86,0.00,False,False
veh3236,-1273251151->-654297637#0,veh_passenger,21683.00,21814.00,131.00,878.49,0.00,False,False
veh3196,515123442#2->40138941#2,veh_passenger,21415.00,21833.00,418.00,3538.83,0.00,False,False
veh3212,40138633#1->-479863106#1,veh_passenger,21522.00,21838.00,316.00,2093.96,0.00,False,False
veh3203,47087992#1->40138239#1,veh_passenger,21462.00,21840.00,378.00,3781.59,0.00,False,False
veh3200,50323229#3->39921025#5,veh_passenger,21441.00,21845.00,404.00,1574.80,0.00,False,False
veh2999,39838691#5->40140141#5,veh_passenger,20095.00,21855.00,1760.00,1716.26,0.00,False,False
veh3222,-687878722#1->178702251,veh_passenger,21589.00,21875.00,286.00,2260.61,0.00,False,False
veh3247,-1326094888->-1226645407,veh_passenger,21756.00,21876.00,120.00,701.17,0.00,False,False
veh3160,-1068916335->-12247568#0,veh_passenger,21173.00,21879.00,706.00,2074.59,0.00,False,False
veh3231,1231065644->1260485930#1,veh_passenger,21649.00,21881.00,232.00,934.36,0.00,False,False
bus361,1337646274->1235754993#1,bus_bus,21661.00,21893.00,232.00,2322.95,0.00,False,False
veh3230,-50323229#6->10628444#2,veh_passenger,21642.00,21899.00,257.00,1267.68,0.00,False,False
veh3207,1125986374->-1332638368#1,veh_passenger,21488.00,21901.00,413.00,1887.58,0.00,False,False
veh3171,-654297633->178702239#0,veh_passenger,21247.00,21924.00,677.00,4251.69,0.00,False,False
veh3232,-10628442#0->-451728952#3,veh_passenger,21656.00,21930.00,274.00,1539.65,0.00,False,False
veh3205,-50323229#14->-1068144845#4,veh_passenger,21475.00,21934.00,459.00,2759.33,0.00,False,False
veh3233,-1322916760#1->238219446#1,veh_passenger,21663.00,21936.00,273.00,1929.00,0.00,False,False
veh3234,-1068144849#1->437445539#0,veh_passenger,21669.00,21938.00,269.00,2912.80,0.00,False,False
veh3216,178702258#0->40035606#2,veh_passenger,21549.00,21939.00,390.00,1677.06,0.00,False,False
veh3219,-83563455->238219441#1,veh_passenger,21569.00,21942.00,373.00,2835.78,0.00,False,False
veh3213,-460316444->50323229#0,veh_passenger,21529.00,21963.00,434.00,3801.04,0.00,False,False
veh3250,-39838657#2->521705695,veh_passenger,21776.00,21967.00,191.00,314.64,0.00,False,False
veh3239,1323097579#0->490474063#0,veh_passenger,21703.00,21978.00,275.00,1592.87,0.00,False,False
veh3257,1204070283#1->479863106#2,veh_passenger,21823.00,21978.00,155.00,476.56,0.00,False,False
veh3206,10629709#1->521713925,veh_passenger,21482.00,21981.00,499.00,2491.92,0.00,False,False
veh3243,10748045#1->-1214520076,veh_passenger,21731.00,21983.00,252.00,1439.94,0.00,False,False
veh3225,-1211151635#1->654297634,veh_passenger,21609.00,21998.00,389.00,1999.08,0.00,False,False
veh3258,10748045#0->654297632#2,veh_passenger,21830.00,21998.00,168.00,833.65,0.00,False,False
veh3251,1254816455->1068074793,veh_passenger,21783.00,22008.00,225.00,1497.54,0.00,False,False
veh3240,24621218#0->39838691#6,veh_passenger,21716.00,22009.00,293.00,1722.50,0.00,False,False
veh3235,900279886->1234244925#2,veh_passenger,21676.00,22015.00,339.00,1545.31,0.00,False,False
bus358,900399276->1322916760#1,bus_bus,21481.00,22055.00,574.00,4447.41,0.00,False,False
veh3244,654297634->47225638#0,veh_passenger,21736.00,22067.00,331.00,1850.16,0.00,False,False
veh2937,421846558#0->71310791,veh_passenger,19679.00,22073.00,2394.00,1654.29,0.00,False,False
veh3260,1068916339->-450616334#0,veh_passenger,21843.00,22076.00,233.00,1499.30,0.00,False,False
veh3249,509646057#1->-1254816452,veh_passenger,21770.00,22080.00,310.00,1682.44,0.00,False,False
veh3221,39921025#6->975216744,veh_passenger,21582.00,22088.00,506.00,1914.80,0.00,False,False
veh2939,1068434256#0->-1222703382,veh_passenger,19693.00,22089.00,2396.00,1875.01,0.00,False,False
veh2915,-1214520068->-40035325#1,veh_passenger,19532.00,22096.00,2564.00,1867.48,0.00,False,False
veh3256,39920550#2->-10629474#1,veh_passenger,21817.00,22099.00,282.00,983.00,0.00,False,False
veh3283,1272337501->475044040#1,veh_passenger,21998.00,22105.00,107.00,416.96,0.00,False,False
veh3245,39838520#1->47087992#3,veh_passenger,21743.00,22109.00,366.00,1670.77,0.00,False,False
veh3281,730912750->39838520#3,veh_passenger,21984.00,22111.00,127.00,1262.74,0.00,False,False
veh3246,39838657#2->240666072#2,veh_passenger,21750.00,22115.00,365.00,2114.47,0.00,False,False
veh3211,10629709#0->515136603,veh_passenger,21515.00,22156.00,641.00,3339.17,0.00,False,False
veh3277,-47267007#0->515138054,veh_passenger,21957.00,22158.00,201.00,1178.99,0.00,False,False
veh3300,-238219441#2->654297631,veh_passenger,22111.00,22177.00,66.00,407.45,0.00,False,False
veh3263,-451728952#3->238219468,veh_passenger,21864.00,22181.00,317.00,1863.86,0.00,False,False
veh3273,24576922#1->39921673#1,veh_passenger,21931.00,22189.00,258.00,1783.83,0.00,False,False
veh3307,335802675->900399275,veh_passenger,22158.00,22194.00,36.00,698.34,0.00,False,False
veh3262,-1260481154->475044040#1,veh_passenger,21857.00,22196.00,339.00,1444.95,0.00,False,False
bus364,1068144846#0->39921673#1,bus_bus,21841.00,22200.00,359.00,1733.41,0.00,False,False
bus366,509646054->511187808#3,bus_bus,21961.00,22201.00,240.00,601.86,0.00,False,False
veh3275,50323229#9->511187823,veh_passenger,21944.00,22212.00,268.00,1754.13,0.00,False,False
veh3276,1231065653->-451728952#4,veh_passenger,21951.00,22216.00,265.00,1854.67,0.00,False,False
veh3159,39763700#1->1068434258,veh_passenger,21167.00,22233.00,1066.00,1094.95,0.00,False,False
veh3270,47088302#0->-39921673#1,veh_passenger,21910.00,22234.00,324.00,1489.43,0.00,False,False
veh2918,521713925->-1125986378#0,veh_passenger,19552.00,22238.00,2686.00,1371.52,0.00,False,False
veh3259,47225638#3->1273251150#1,veh_passenger,21837.00,22243.00,406.00,2940.67,0.00,False,False
truck182,1068074792->178583167#1,truck_truck,21841.00,22250.00,409.00,1577.96,0.00,False,False
bus369,511404872->-1100626088,bus_bus,22141.00,22255.00,114.00,636.77,0.00,False,False
veh3314,-1322916760#1->1322916760#1,veh_passenger,22205.00,22262.00,57.00,0.22,0.00,False,False
veh3237,-40138239#1->1068144849#1,veh_passenger,21689.00,22265.00,576.00,4362.12,0.00,False,False
veh3268,687878722#1->450616334#1,veh_passenger,21897.00,22266.00,369.00,1530.47,0.00,False,False
veh3287,-654297629#1->428730818#0,veh_passenger,22024.00,22272.00,248.00,1678.17,0.00,False,False
veh3289,428730807->-474143552#2,veh_passenger,22038.00,22272.00,234.00,2559.79,0.00,False,False
veh3280,1074409232#1->240666072#1,veh_passenger,21980.00,22273.00,293.00,3160.74,0.00,False,False
veh3264,39839093->-761486028#1,veh_passenger,21870.00,22275.00,405.00,3415.21,0.00,False,False
bus367,1100626103#3->1064398309#1,bus_bus,22021.00,22279.00,258.00,1670.93,0.00,False,False
veh3266,475044040#4->-1226645407,veh_passenger,21884.00,22282.00,398.00,2764.92,0.00,False,False
veh3308,-654297632#0->-1125986406#0,veh_passenger,22165.00,22294.00,129.00,460.96,0.00,False,False
veh3284,-1125986378#1->-50323229#10,veh_passenger,22004.00,22305.00,301.00,1804.60,0.00,False,False
veh3293,24576922#0->47087993#0,veh_passenger,22065.00,22306.00,241.00,3370.79,0.00,False,False
veh3248,-10748045#1->1068434200#0,veh_passenger,21763.00,22308.00,545.00,2034.59,0.00,False,False
veh3285,-10628429->-50323229#2,veh_passenger,22011.00,22310.00,299.00,1690.67,0.00,False,False
veh3184,428730800->178702258#0,veh_passenger,21334.00,22320.00,986.00,1580.18,0.00,False,False
veh3291,-1074409256#0->-24576913#0,veh_passenger,22051.00,22327.00,276.00,42.63,0.00,False,False
veh3254,1067928306#2->1204070281,veh_passenger,21803.00,22337.00,534.00,1592.23,0.00,False,False
veh3220,47225638#1->-449565665#3,veh_passenger,21575.00,22345.00,770.00,1258.55,0.00,False,False
veh3298,509646052->521701858-AddedOffRampEdge,veh_passenger,22098.00,22352.00,254.00,998.75,0.00,False,False
veh3037,40035904#1->147711065#0,veh_passenger,20349.00,22358.00,2009.00,1693.06,0.00,False,False
veh3278,47267007#1->10748045#2,veh_passenger,21964.00,22361.00,397.00,4060.02,0.00,False,False
veh3292,1064476625->-451728952#1,veh_passenger,22058.00,22362.00,304.00,2745.24,0.00,False,False
veh3297,-413789558#0->-1068144846#2,veh_passenger,22091.00,22375.00,284.00,1716.68,0.00,False,False
veh2946,1235754993#1->488788637#0,veh_passenger,19740.00,22376.00,2636.00,830.41,0.00,False,False
veh3267,1068144849#2->1254633077#1,veh_passenger,21890.00,22379.00,489.00,3768.29,0.00,False,False
veh3310,160077494->475044040#1,veh_passenger,22178.00,22381.00,203.00,1642.09,0.00,False,False
veh3269,1068144849#1->515040940#0,veh_passenger,21904.00,22383.00,479.00,2252.94,0.00,False,False
veh3309,39763700#3->-437445542,veh_passenger,22172.00,22384.00,212.00,1763.75,0.00,False,False
veh3286,-513272949->39838691#10,veh_passenger,22314.00,22399.00,85.00,674.12,0.00,False,False
veh3282,1226645411->-40109290#3,veh_passenger,21991.00,22401.00,410.00,4034.71,0.00,False,False
veh3324,511187815->1214520074#0,veh_passenger,22272.00,22403.00,131.00,223.73,0.00,False,False
veh3185,1068074792->1214520073#1,veh_passenger,21341.00,22406.00,1065.00,1532.47,0.00,False,False
veh3321,1214520074#5->521708587#2,veh_passenger,22252.00,22407.00,155.00,994.03,0.00,False,False
veh3343,985133427->985133427,veh_passenger,22400.00,22414.00,14.00,180.78,0.00,False,False
truck184,1235501861#2->24576913#0,truck_truck,22081.00,22422.00,341.00,690.22,0.00,False,False
veh3320,1335304373#2->10250021#2,veh_passenger,22245.00,22424.00,179.00,1077.25,0.00,False,False
veh3339,-47267007#0->-460316444,veh_passenger,22373.00,22425.00,52.00,651.71,0.00,False,False
veh3060,-1074409256#0->-39921672,veh_passenger,20659.00,22432.00,1773.00,738.22,0.00,False,False
truck183,-1015424648->1064476620#2,truck_truck,21961.00,22451.00,490.00,2511.19,0.00,False,False
bus370,521701859->9833223-AddedOnRampEdge,bus_bus,22201.00,22451.00,250.00,1515.74,0.00,False,False
veh3265,1260481151->-654297629#6,veh_passenger,21877.00,22453.00,576.00,2110.96,0.00,False,False
veh3330,1297720367->1222703384#0,veh_passenger,22312.00,22453.00,141.00,447.40,0.00,False,False
truck181,515126385#1->39838520#2,truck_truck,21721.00,22454.00,733.00,1453.60,0.00,False,False
veh3325,1068144846#0->515123442#1,veh_passenger,22279.00,22460.00,181.00,1109.08,0.00,False,False
veh3295,-47087366#2->-40140017#0,veh_passenger,22078.00,22466.00,388.00,1865.61,0.00,False,False
veh3290,1125986378#1->-1272337500,veh_passenger,22044.00,22472.00,428.00,1806.63,0.00,False,False
veh3302,488788633#0->39920593#4,veh_passenger,22125.00,22475.00,350.00,3898.69,0.00,False,False
veh3179,-10250021#0->1292578260,veh_passenger,21301.00,22494.00,1193.00,1514.85,0.00,False,False
veh3341,490474063#2->40035904#1,veh_passenger,22386.00,22495.00,109.00,552.97,0.00,False,False
veh3311,1068916338->-1214520068,veh_passenger,22185.00,22505.00,320.00,1233.35,0.00,False,False
veh3253,39921025#5->178702249,veh_passenger,21797.00,22508.00,711.00,4837.93,0.00,False,False
veh3342,10628442#0->40140017#0,veh_passenger,22393.00,22508.00,115.00,539.52,0.00,False,False
veh3338,-1260485930#1->-1125986375#1,veh_passenger,22366.00,22514.00,148.00,568.99,0.00,False,False
veh3336,39920011#1->474143552#3,veh_passenger,22353.00,22515.00,162.00,674.01,0.00,False,False
veh3316,13909444#0->449565665#1,veh_passenger,22219.00,22521.00,302.00,969.47,0.00,False,False
veh3299,-1068144846#0->39921673#0,veh_passenger,22105.00,22528.00,423.00,2232.02,0.00,False,False
veh3315,39920550#8->-1254816452,veh_passenger,22212.00,22531.00,319.00,1272.67,0.00,False,False
bus371,413789558#0->1222181936,bus_bus,22261.00,22533.00,272.00,2009.49,0.00,False,False
veh3274,-1222703384#1->13909444#2,veh_passenger,21937.00,22534.00,597.00,1502.89,0.00,False,False
veh3304,513082635#0->-1254816452,veh_passenger,22138.00,22537.00,399.00,3663.10,0.00,False,False
veh3279,39920593#5->40115810#1,veh_passenger,21971.00,22540.00,569.00,2031.31,0.00,False,False
veh3301,1068144845#3->-654297629#2,veh_passenger,22118.00,22540.00,422.00,2191.66,0.00,False,False
veh3352,47267007#2->460316444,veh_passenger,22460.00,22542.00,82.00,831.02,0.00,False,False
veh3353,40140141#8->1292541108,veh_passenger,22467.00,22544.00,77.00,641.10,0.00,False,False
veh3334,1125986375#1->-1297720376#1,veh_passenger,22339.00,22552.00,213.00,1205.23,0.00,False,False
bus373,511404872->1226645410,bus_bus,22381.00,22558.00,177.00,1087.20,0.00,False,False
veh3313,509646063#1->838061038,veh_passenger,22199.00,22564.00,365.00,1059.41,0.00,False,False
veh3346,47225638#4->1214520079,veh_passenger,22420.00,22573.00,153.00,897.52,0.00,False,False
bus363,1260481150->83563455,bus_bus,21781.00,22596.00,815.00,4519.59,0.00,False,False
veh3349,13909444#6->47087366#2,veh_passenger,22440.00,22601.00,161.00,1425.57,0.00,False,False
veh3319,40036062#0->40140141#9,veh_passenger,22239.00,22602.00,363.00,2311.77,0.00,False,False
veh3344,515136607->-10628444#1,veh_passenger,22406.00,22623.00,217.00,2672.09,0.00,False,False
veh3190,-856175964->449565665#3,veh_passenger,21374.00,22638.00,1264.00,831.19,0.00,False,False
truck188,475044040#2->-40138633#1,truck_truck,22561.00,22644.00,83.00,560.21,0.00,False,False
veh3296,10748045#0->178702239#0,veh_passenger,22085.00,22649.00,564.00,3966.71,0.00,False,False
bus368,40138239#0->439836129,bus_bus,22081.00,22665.00,584.00,2687.10,0.00,False,False
bus377,-39838984#0->13909444#4,bus_bus,22621.00,22680.00,59.00,602.42,0.00,False,False
bus339,900287035->-515040940#0,bus_bus,20341.00,22688.00,2347.00,1955.04,0.00,False,False
veh3323,-50323229#10->-47267010,veh_passenger,22266.00,22689.00,423.00,2745.34,0.00,False,False
veh3359,-10629474#0->490474063#4,veh_passenger,22507.00,22690.00,183.00,670.19,0.00,False,False
veh3348,39920550#0->1323097575#0,veh_passenger,22433.00,22691.00,258.00,861.73,0.00,False,False
veh3350,-40035325#2->1214520074#2,veh_passenger,22448.00,22713.00,265.00,1807.85,0.00,False,False
veh3326,232920701->654297630,veh_passenger,22286.00,22729.00,443.00,2707.15,0.00,False,False
veh3355,40109290#2->-479863106#1,veh_passenger,22480.00,22737.00,257.00,1822.34,0.00,False,False
veh3363,169562956->1068916335,veh_passenger,22534.00,22737.00,203.00,1258.44,0.00,False,False
veh3388,1323097575#0->33683458#1,veh_passenger,22701.00,22740.00,39.00,294.91,0.00,False,False
veh3261,-147711065#2->335802680,veh_passenger,21850.00,22753.00,903.00,1615.50,0.00,False,False
veh3391,10628442#1->-10628442#3,veh_passenger,22721.00,22753.00,32.00,292.01,0.00,False,False
veh3335,509646052->1421564739,veh_passenger,22346.00,22763.00,417.00,2302.23,0.00,False,False
veh3385,666886085#1->511404880#1,veh_passenger,22681.00,22765.00,84.00,889.33,0.00,False,False
veh3303,654297631->900399275,veh_passenger,22132.00,22769.00,637.00,2912.28,0.00,False,False
truck187,131671623->515130026#1,truck_truck,22441.00,22770.00,329.00,1930.55,0.00,False,False
veh3369,9374529#1->-474143552#1,veh_passenger,22574.00,22785.00,211.00,891.47,0.00,False,False
veh3317,39920011#3->13909444#5,veh_passenger,22225.00,22793.00,568.00,2689.49,0.00,False,False
veh3392,-39920593#4->-1254633077#0,veh_passenger,22728.00,22797.00,69.00,593.21,0.00,False,False
bus375,-1125986379#1->474143552#2,bus_bus,22501.00,22800.00,299.00,1140.12,0.00,False,False
bus379,-401226925#0->-1272337500,bus_bus,22741.00,22801.00,60.00,446.51,0.00,False,False
bus372,-1332638391#2->39838520#2,bus_bus,22321.00,22804.00,483.00,1016.57,0.00,False,False
veh3312,475044040#2->513082635#0-AddedOffRampEdge,veh_passenger,22199.00,22818.00,619.00,1871.44,0.00,False,False
veh3362,1214520076->47267007#1,veh_passenger,22527.00,22825.00,298.00,1479.69,0.00,False,False
veh3379,39920550#2->-1260485929#2,veh_passenger,22641.00,22825.00,184.00,1125.18,0.00,False,False
veh3271,1068144848#0->1075505400#0,veh_passenger,21917.00,22826.00,909.00,2468.70,0.00,False,False
veh3186,-39366819#1->-39920222,veh_passenger,21348.00,22832.00,1484.00,1626.84,0.00,False,False
veh3288,666886084#0->1074409255#0,veh_passenger,22031.00,22849.00,818.00,946.55,0.00,False,False
veh3361,1231065643->40036009#1,veh_passenger,22520.00,22851.00,331.00,1724.27,0.00,False,False
veh3397,1273251150#1->40138633#1,veh_passenger,22761.00,22871.00,110.00,282.70,0.00,False,False
veh3332,1204070282->-405382146#0,veh_passenger,22327.00,22874.00,547.00,1784.98,0.00,False,False
veh3345,1067953247#0->50323229#11,veh_passenger,22413.00,22875.00,462.00,2626.42,0.00,False,False
veh3380,-1222703384#1->14924729#1,veh_passenger,22647.00,22876.00,229.00,1486.82,0.00,False,False
veh3329,39838520#3->1234244927#1,veh_passenger,22306.00,22880.00,574.00,726.90,0.00,False,False
veh3360,50323229#7->10748036,veh_passenger,22513.00,22900.00,387.00,1886.70,0.00,False,False
veh3364,-1068144847->474143552#2,veh_passenger,22540.00,22902.00,362.00,2920.43,0.00,False,False
veh3033,39763700#5->-33683458#0,veh_passenger,20323.00,22909.00,2586.00,1827.06,0.00,False,False
veh3305,-39920593#6->564273552,veh_passenger,22145.00,22909.00,764.00,1678.44,0.00,False,False
veh3356,1260485930#1->178702248,veh_passenger,22487.00,22918.00,431.00,2670.37,0.00,False,False
veh3373,515123442#2->-1335304371,veh_passenger,22601.00,22918.00,317.00,2917.06,0.00,False,False
veh3382,1222703384#1->-40036009#2,veh_passenger,22661.00,22926.00,265.00,1038.70,0.00,False,False
veh3403,1214520068->666886082#1,veh_passenger,22802.00,22941.00,139.00,829.31,0.00,False,False
veh3376,1332638368#1->-428730813#2,veh_passenger,22621.00,22944.00,323.00,2544.88,0.00,False,False
veh3413,511187807->1214520074#1,veh_passenger,22869.00,22956.00,87.00,513.16,0.00,False,False
veh3384,1323097577->-1260485929#0,veh_passenger,22674.00,22965.00,291.00,1467.51,0.00,False,False
bus374,39921025#8->515126385#4,bus_bus,22441.00,22978.00,537.00,2439.35,0.00,False,False
veh3400,-40297715#1->-654297636,veh_passenger,22781.00,22988.00,207.00,1045.10,0.00,False,False
veh3407,-499566577#1->1335304374,veh_passenger,22828.00,22992.00,164.00,1180.82,0.00,False,False
veh3365,521704050->-40035904#1,veh_passenger,22547.00,22993.00,446.00,2250.27,0.00,False,False
veh3375,-10748036->40109239,veh_passenger,22614.00,22997.00,383.00,2219.06,0.00,False,False
veh3408,-14924729#2->47087993#1,veh_passenger,22835.00,23000.00,165.00,1171.72,0.00,False,False
bus383,-515130026#0->-515136607,bus_bus,22981.00,23005.00,24.00,267.43,0.00,False,False
veh3432,47087993#1->47087993#2,veh_passenger,22996.00,23006.00,10.00,74.39,0.00,False,False
veh3002,178699056#0->1064476624,veh_passenger,20115.00,23009.00,2894.00,928.23,0.00,False,False
veh3418,-39920593#0->50323226,veh_passenger,22902.00,23018.00,116.00,570.37,0.00,False,False
veh3402,-428730813#2->232920701,veh_passenger,22795.00,23034.00,239.00,1301.17,0.00,False,False
veh3378,1064476618#0->-521705694#0,veh_passenger,22634.00,23043.00,409.00,1748.43,0.00,False,False
veh3425,-499566577#0->-10748045#2,veh_passenger,22949.00,23053.00,104.00,590.98,0.00,False,False
veh3393,1214520074#2->488788637#1,veh_passenger,22737.00,23057.00,320.00,1894.19,0.00,False,False
truck186,1255099064->-488788633#0,truck_truck,22321.00,23063.00,742.00,2372.33,0.00,False,False
veh3437,50323229#14->-40138239#3,veh_passenger,23029.00,23073.00,44.00,210.45,0.00,False,False
veh3306,475044040#1->-449565665#2,veh_passenger,22152.00,23076.00,924.00,1551.32,0.00,False,False
veh3083,178699051#0->15419875#0,veh_passenger,20658.00,23080.00,2422.00,1685.05,0.00,False,False
veh3218,-39838657#3->-1254816452,veh_passenger,21562.00,23080.00,1518.00,2120.55,0.00,False,False
veh3255,-1335304377->449565665#2,veh_passenger,21810.00,23084.00,1274.00,862.07,0.00,False,False
veh2948,-39838691#2->39920684#4,veh_passenger,19753.00,23089.00,3336.00,1603.00,0.00,False,False
veh3410,-687878722#1->13909444#0,veh_passenger,22848.00,23089.00,241.00,968.17,0.00,False,False
veh3327,-39838691#8->-1323097576,veh_passenger,22292.00,23097.00,805.00,1937.43,0.00,False,False
veh3409,1068916335->1260485932,veh_passenger,22842.00,23097.00,255.00,1288.32,0.00,False,False
veh3422,1211151638->-1278784167#0,veh_passenger,22929.00,23104.00,175.00,1442.81,0.00,False,False
bus380,511187818->33683346#1,bus_bus,22801.00,23106.00,305.00,1726.06,0.00,False,False
veh3377,-1260485929#1->813852683-AddedOnRampEdge,veh_passenger,22627.00,23107.00,480.00,2716.11,0.00,False,False
veh3394,15419906#1->521701858,veh_passenger,22741.00,23109.00,368.00,2032.49,0.00,False,False
veh3383,-238219441#1->178583140#0,veh_passenger,22668.00,23110.00,442.00,1517.52,0.00,False,False
veh3429,40140141#1->515126385#1,veh_passenger,22976.00,23115.00,139.00,948.81,0.00,False,False
veh3390,1337646271#0->40036009#0,veh_passenger,22714.00,23126.00,412.00,3552.91,0.00,False,False
veh3401,1273251152->521701858-AddedOffRampEdge,veh_passenger,22788.00,23134.00,346.00,2282.34,0.00,False,False
veh3434,1074771163#1->-449565665#3,veh_passenger,23009.00,23138.00,129.00,806.32,0.00,False,False
veh3441,-474143552#6->178583148#2-AddedOnRampEdge,veh_passenger,23057.00,23155.00,98.00,942.58,0.00,False,False
veh3423,460316444->39921673#0,veh_passenger,22936.00,23161.00,225.00,2263.79,0.00,False,False
veh3447,490474063#1->39920550#1,veh_passenger,23096.00,23173.00,77.00,472.67,0.00,False,False
truck192,39920684#5->-50323229#5,truck_truck,23041.00,23175.00,134.00,640.94,0.00,False,False
veh3445,1068434203->1211151638,veh_passenger,23083.00,23181.00,98.00,546.96,0.00,False,False
bus378,178583149->47267011#1,bus_bus,22681.00,23182.00,501.00,1969.61,0.00,False,False
veh3366,666886084#0->1074409232#0,veh_passenger,22554.00,23183.00,629.00,1376.77,0.00,False,False
veh3424,-40035904#2->1125986373#2,veh_passenger,22942.00,23188.00,246.00,1715.40,0.00,False,False
veh3318,1335304377->1292578260,veh_passenger,22232.00,23196.00,964.00,1755.76,0.00,False,False
veh3411,1290439820->-1272337500,veh_passenger,22855.00,23197.00,342.00,1499.55,0.00,False,False
veh3412,40036062#0->439836132,veh_passenger,22862.00,23205.00,343.00,2222.61,0.00,False,False
veh3395,238219449->437445539#0,veh_passenger,22748.00,23209.00,461.00,3153.61,0.00,False,False
veh3462,428730793#0->460316444,veh_passenger,23197.00,23211.00,14.00,181.64,0.00,False,False
veh3420,-1068144845#1->-142741729#0,veh_passenger,22915.00,23230.00,315.00,1867.95,0.00,False,False
veh3430,1211151638->1068144847,veh_passenger,22982.00,23233.00,251.00,1975.80,0.00,False,False
veh3105,24577455#1->14924729#2,veh_passenger,20805.00,23238.00,2433.00,1863.40,0.00,False,False
veh3446,1278784167#0->-1254816454,veh_passenger,23090.00,23245.00,155.00,1265.24,0.00,False,False
veh3427,40109290#0->509646052,veh_passenger,22962.00,23249.00,287.00,1537.01,0.00,False,False
veh3354,474143552#3->1068434199,veh_passenger,22473.00,23253.00,780.00,1864.82,0.00,False,False
veh3414,-10629474#1->-240666072#2,veh_passenger,22875.00,23261.00,386.00,1619.60,0.00,False,False
veh3449,-50323229#0->1068074793,veh_passenger,23110.00,23268.00,158.00,521.70,0.00,False,False
veh3421,1067928306#1->178441748#1,veh_passenger,22922.00,23273.00,351.00,2551.73,0.00,False,False
veh3451,975216740->511187808#1,veh_passenger,23123.00,23288.00,165.00,455.32,0.00,False,False
veh3463,39838520#1->-12247569,veh_passenger,23204.00,23290.00,86.00,609.65,0.00,False,False
veh3347,1222181934->24576913#0,veh_passenger,22426.00,23318.00,892.00,630.31,0.00,False,False
veh3461,515124965#1->1068144847,veh_passenger,23190.00,23329.00,139.00,1643.21,0.00,False,False
veh3426,39921025#2->-488788637#1,veh_passenger,22956.00,23330.00,374.00,1299.05,0.00,False,False
truck191,490474063#6->449565665#1,truck_truck,22921.00,23333.00,412.00,1451.01,0.00,False,False
veh3453,40109290#0->39921673#0,veh_passenger,23137.00,23338.00,201.00,1354.14,0.00,False,False
bus384,-10629474#0->479863106#1,bus_bus,23041.00,23343.00,302.00,762.86,0.00,False,False
veh3139,178702248->-39838530,veh_passenger,21036.00,23347.00,2311.00,1078.07,0.00,False,False
veh3466,10628444#1->39920505#2,veh_passenger,23224.00,23351.00,127.00,776.70,0.00,False,False
veh3357,11635146#0->240666069#3,veh_passenger,22493.00,23352.00,859.00,3016.34,0.00,False,False
veh3419,509524270->-40138633#2,veh_passenger,22909.00,23356.00,447.00,1986.53,0.00,False,False
truck193,-47224972#1->-1068144849#0,truck_truck,23161.00,23357.00,196.00,1758.89,0.00,False,False
veh3398,40139504#1->1067928307#3,veh_passenger,22768.00,23361.00,593.00,2620.34,0.00,False,False
veh3406,40109290#2->40322293,veh_passenger,22822.00,23364.00,542.00,1924.85,0.00,False,False
veh3455,513082641#2->1068434206,veh_passenger,23150.00,23372.00,222.00,2322.56,0.00,False,False
veh3452,-40139708->72157794,veh_passenger,23130.00,23373.00,243.00,1216.27,0.00,False,False
veh3444,-40140017#3->1214520077,veh_passenger,23076.00,23374.00,298.00,811.69,0.00,False,False
veh3435,39920684#0->-50323229#11,veh_passenger,23016.00,23380.00,364.00,1219.52,0.00,False,False
veh3009,131671623->1335304376#0,veh_passenger,20162.00,23387.00,3225.00,1047.96,0.00,False,False
veh3417,-1260485929#0->178699049,veh_passenger,22895.00,23412.00,517.00,1596.16,0.00,False,False
veh3473,-654297635#1->40036009#3,veh_passenger,23271.00,23413.00,142.00,766.32,0.00,False,False
veh3241,1074409256#0->-654297637#1,veh_passenger,21716.00,23417.00,1701.00,1271.69,0.00,False,False
truck190,39838691#9->1074409256#2,truck_truck,22801.00,23420.00,619.00,246.60,0.00,False,False
veh3340,10725667-AddedOffRampEdge->1068144844,veh_passenger,22379.00,23425.00,1046.00,4211.29,0.00,False,False
veh3476,1255099064->-10628442#1,veh_passenger,23291.00,23435.00,144.00,1307.74,0.00,False,False
veh3371,-438516309->-178723097#1,veh_passenger,22587.00,23439.00,852.00,2733.75,0.00,False,False
veh3472,515130026#1->39920684#3,veh_passenger,23264.00,23441.00,177.00,2092.94,0.00,False,False
veh3479,-39920593#2->-474143552#1,veh_passenger,23311.00,23441.00,130.00,913.90,0.00,False,False
veh3456,509646063#1->1326193809,veh_passenger,23157.00,23450.00,293.00,1886.81,0.00,False,False
veh3091,-1131969257->39920550#10,veh_passenger,20711.00,23453.00,2742.00,1430.82,0.00,False,False
bus388,39838530->1214520074#0,bus_bus,23316.00,23453.00,137.00,514.38,0.00,False,False
veh3443,-488788633#1->1125986373#0,veh_passenger,23070.00,23455.00,385.00,2084.10,0.00,False,False
truck194,-654297632#0->1323097576,truck_truck,23281.00,23455.00,174.00,987.94,0.00,False,False
veh3450,-147711065#0->178583140#0,veh_passenger,23116.00,23469.00,353.00,781.69,0.00,False,False
veh3490,1337646276->428730818#0,veh_passenger,23384.00,23469.00,85.00,1448.60,0.00,False,False
veh3454,856175962->40109290#5,veh_passenger,23143.00,23479.00,336.00,1819.81,0.00,False,False
veh3457,1074409256#2->39366819#0,veh_passenger,23163.00,23480.00,317.00,495.36,0.00,False,False
bus387,1068434199->178725446#2,bus_bus,23221.00,23490.00,269.00,1710.78,0.00,False,False
veh3464,-40035606#3->-474143552#1,veh_passenger,23210.00,23499.00,289.00,628.42,0.00,False,False
veh3436,513082641#0-AddedOffRampEdge->488786523,veh_passenger,23023.00,23500.00,477.00,3611.52,0.00,False,False
veh3399,39366819#1->490474063#3,veh_passenger,22775.00,23508.00,733.00,1844.87,0.00,False,False
bus385,515123442#4->39920593#6,bus_bus,23101.00,23509.00,408.00,2626.37,0.00,False,False
veh3468,900279869->39920505#8,veh_passenger,23237.00,23515.00,278.00,1065.08,0.00,False,False
veh3484,40140141#6->-654297632#0,veh_passenger,23344.00,23517.00,173.00,1140.27,0.00,False,False
veh3495,24621218#4->-40035904#0,veh_passenger,23418.00,23518.00,100.00,671.70,0.00,False,False
veh3467,451728952#1->15419875#0,veh_passenger,23230.00,23533.00,303.00,2915.77,0.00,False,False
bus389,-515126385#0->509646053#1,bus_bus,23341.00,23533.00,192.00,1096.98,0.00,False,False
veh3506,39839521->24621218#1,veh_passenger,23492.00,23551.00,59.00,174.30,0.00,False,False
veh3440,178702250->-437445542,veh_passenger,23049.00,23555.00,506.00,2886.10,0.00,False,False
veh3494,449565665#3->521713925,veh_passenger,23411.00,23555.00,144.00,649.75,0.00,False,False
veh3465,-1125986375#0->538432099,veh_passenger,23217.00,23556.00,339.00,1396.25,0.00,False,False
veh3470,509646057#0->1074409255#0,veh_passenger,23250.00,23556.00,306.00,1271.57,0.00,False,False
veh3084,449565665#1->-40109290#0,veh_passenger,20664.00,23565.00,2901.00,1996.98,0.00,False,False
veh3513,40035606#2->401226926#1,veh_passenger,23539.00,23578.00,39.00,334.85,0.00,False,False
veh3459,39839521->-521705694#0,veh_passenger,23177.00,23592.00,415.00,1508.28,0.00,False,False
veh3488,856175963->1214520074#3,veh_passenger,23371.00,23595.00,224.00,604.68,0.00,False,False
veh3512,13909444#1->1332638391#1,veh_passenger,23532.00,23597.00,65.00,681.16,0.00,False,False
veh3489,-40138633#1->1255099064,veh_passenger,23378.00,23599.00,221.00,1508.93,0.00,False,False
veh3477,511404877->-1260485929#2,veh_passenger,23297.00,23600.00,303.00,1807.22,0.00,False,False
veh3045,39838691#3->513082627,veh_passenger,20403.00,23602.00,3199.00,1413.51,0.00,False,False
veh3500,1297720376#1->-40035992,veh_passenger,23451.00,23615.00,164.00,1104.96,0.00,False,False
veh3507,1222703382->-1125986377#0,veh_passenger,23498.00,23615.00,117.00,878.61,0.00,False,False
veh3485,-40297715#3->-654297636,veh_passenger,23351.00,23617.00,266.00,1135.84,0.00,False,False
veh3483,40297647#1->1068144849#2,veh_passenger,23338.00,23619.00,281.00,3412.81,0.00,False,False
veh3516,-10749498->490474063#8,veh_passenger,23559.00,23622.00,63.00,775.97,0.00,False,False
veh3502,1337115429->413789558#0,veh_passenger,23465.00,23633.00,168.00,1154.08,0.00,False,False
veh3438,-40138633#0->1226645409,veh_passenger,23036.00,23635.00,599.00,3374.40,0.00,False,False
veh3143,-449565665#1->1323097577,veh_passenger,21060.00,23636.00,2576.00,2049.51,0.00,False,False
veh3504,654297630->856175964,veh_passenger,23478.00,23641.00,163.00,567.19,0.00,False,False
veh3501,-449565665#1->-1067928305#2,veh_passenger,23458.00,23644.00,186.00,1001.73,0.00,False,False
veh3505,11635095->1332638391#2,veh_passenger,23485.00,23681.00,196.00,1803.29,0.00,False,False
veh3487,47225638#0->-1297720367,veh_passenger,23364.00,23684.00,320.00,2565.87,0.00,False,False
truck195,509646061->-1260485931#1,truck_truck,23401.00,23686.00,285.00,1307.48,0.00,False,False
veh3496,40297715#1->-83428923#1,veh_passenger,23425.00,23687.00,262.00,1191.08,0.00,False,False
veh3481,50323229#15->654297629#2,veh_passenger,23324.00,23690.00,366.00,1853.18,0.00,False,False
veh3486,1064476620#1->1260485929#3,veh_passenger,23358.00,23695.00,337.00,1184.84,0.00,False,False
veh3491,450616334#1->499566577#1,veh_passenger,23391.00,23716.00,325.00,2279.15,0.00,False,False
veh3509,178702258#0->-451728952#1,veh_passenger,23512.00,23720.00,208.00,1336.02,0.00,False,False
veh3511,515136608->40322293,veh_passenger,23525.00,23726.00,201.00,1459.95,0.00,False,False
veh3474,40140141#3->39224566,veh_passenger,23277.00,23728.00,451.00,3092.36,0.00,False,False
veh3523,521701859->1214520074#2,veh_passenger,23606.00,23730.00,124.00,596.96,0.00,False,False
veh3492,474143552#6->-1068144845#4,veh_passenger,23398.00,23734.00,336.00,2035.35,0.00,False,False
veh3531,39838984#0->47225638#3,veh_passenger,23659.00,23734.00,75.00,1075.39,0.00,False,False
veh3508,521704050->1207401652#1,veh_passenger,23505.00,23741.00,236.00,1646.99,0.00,False,False
bus390,1273405490->-509646056,bus_bus,23401.00,23749.00,348.00,1463.84,0.00,False,False
veh3521,509524270->-1067928305#1,veh_passenger,23592.00,23756.00,164.00,1068.59,0.00,False,False
veh3381,-40140017#0->511404872,veh_passenger,22654.00,23761.00,1107.00,990.60,0.00,False,False
veh3515,422842976->-654297629#5,veh_passenger,23552.00,23770.00,218.00,1209.07,0.00,False,False
veh3503,1332638391#2->564273553#1,veh_passenger,23472.00,23773.00,301.00,1635.41,0.00,False,False
veh3541,-437445539#1->-12247568#1,veh_passenger,23726.00,23774.00,48.00,474.86,0.00,False,False
veh3518,40109290#1->39920505#4,veh_passenger,23572.00,23777.00,205.00,1119.44,0.00,False,False
veh3530,40297715#2->-1327579142,veh_passenger,23652.00,23784.00,132.00,609.50,0.00,False,False
bus392,8887999#2->39920505#11,bus_bus,23521.00,23793.00,272.00,1557.90,0.00,False,False
veh3534,1214520074#0->1068144846#2,veh_passenger,23679.00,23803.00,124.00,703.34,0.00,False,False
veh3524,24576922#1->515130026#1,veh_passenger,23612.00,23809.00,197.00,3115.87,0.00,False,False
veh3510,1254633077#0->-761486028#0,veh_passenger,23518.00,23816.00,298.00,1685.17,0.00,False,False
veh3533,437445542->654297628,veh_passenger,23673.00,23830.00,157.00,1346.86,0.00,False,False
veh3536,-10250021#2->-1260485929#2,veh_passenger,23693.00,23833.00,140.00,335.74,0.00,False,False
bus386,-40035606#2->1226645407,bus_bus,23161.00,23838.00,677.00,3056.92,0.00,False,False
veh3498,11635146#0->381945549#1,veh_passenger,23438.00,23840.00,402.00,3227.92,0.00,False,False
veh3555,1074771163#1->1235501862,veh_passenger,23820.00,23854.00,34.00,498.32,0.00,False,False
veh3527,-687878722#1->1068144844,veh_passenger,23632.00,23867.00,235.00,1425.90,0.00,False,False
veh3535,9704194#0->499566574#0,veh_passenger,23686.00,23889.00,203.00,1398.05,0.00,False,False
bus395,1298335705->515130025,bus_bus,23701.00,23897.00,196.00,1003.27,0.00,False,False
veh3551,240666072#1->9704194#4,veh_passenger,23793.00,23904.00,111.00,797.22,0.00,False,False
veh3522,47087992#5->39920505#3,veh_passenger,23599.00,23910.00,311.00,2695.67,0.00,False,False
veh3480,-1332638391#2->335802664,veh_passenger,23317.00,23913.00,596.00,2395.32,0.00,False,False
veh3545,39838657#0->511409188#1,veh_passenger,23753.00,23913.00,160.00,867.09,0.00,False,False
veh3519,-856175964->1273251152,veh_passenger,23579.00,23914.00,335.00,1675.23,0.00,False,False
veh3543,-83563455->515130028#0,veh_passenger,23740.00,23931.00,191.00,921.07,0.00,False,False
bus391,178699051#0->178702239#0,bus_bus,23461.00,23934.00,473.00,2483.61,0.00,False,False
truck196,12262310#0-AddedOffRampEdge->39838751#1,truck_truck,23521.00,23939.00,418.00,2309.11,0.00,False,False
veh3528,83428923#0->39920593#0,veh_passenger,23639.00,23949.00,310.00,1447.34,0.00,False,False
truck198,1335304373#1->-654297630,truck_truck,23761.00,23954.00,193.00,1013.18,0.00,False,False
veh3215,178699051#0->39920593#2,veh_passenger,21542.00,23957.00,2415.00,1918.72,0.00,False,False
veh3469,1064476622#1->-1068144848#1,veh_passenger,23244.00,23960.00,716.00,3034.12,0.00,False,False
veh3228,1292578260->1125986377#0,veh_passenger,21629.00,23968.00,2339.00,1032.39,0.00,False,False
veh3549,1323097576->39921025#7,veh_passenger,23780.00,23969.00,189.00,1198.90,0.00,False,False
veh3547,116831467->10628444#0,veh_passenger,23766.00,23977.00,211.00,1031.37,0.00,False,False
veh3514,39920505#4->564273553#2,veh_passenger,23545.00,23991.00,446.00,1718.61,0.00,False,False
veh3562,513272950#1->-39838984#1,veh_passenger,23867.00,23995.00,128.00,494.61,0.00,False,False
veh3039,521708587#2->1254816452,veh_passenger,20363.00,24000.00,3637.00,1821.74,0.00,False,False
bus394,-1125986406#1->24577522#3,bus_bus,23641.00,24002.00,361.00,1059.88,0.00,False,False
bus376,-8887999#0->1075505400#2,bus_bus,22561.00,24006.00,1445.00,1460.91,0.00,False,False
veh3374,-14924729#1->178699056#2,veh_passenger,22607.00,24014.00,1407.00,2083.74,0.00,False,False
veh3294,-1125986379#1->-1074409256#0,veh_passenger,22071.00,24019.00,1948.00,725.38,0.00,False,False
veh3544,1222703382->39838691#6,veh_passenger,23746.00,24032.00,286.00,1637.20,0.00,False,False
veh3558,654297631->39920684#3,veh_passenger,23840.00,24037.00,197.00,1236.73,0.00,False,False
veh3460,-521705694#0->39838520#3,veh_passenger,23183.00,24047.00,864.00,630.15,0.00,False,False
veh3540,1260485931#0->49224804#0,veh_passenger,23719.00,24048.00,329.00,1293.35,0.00,False,False
veh3217,178702253->-1254816452,veh_passenger,21557.00,24064.00,2507.00,1911.28,0.00,False,False
veh3557,985675139->499566574#1,veh_passenger,23857.00,24066.00,209.00,1076.59,0.00,False,False
veh3563,10629474#0->40138239#4,veh_passenger,23874.00,24066.00,192.00,990.41,0.00,False,False
veh3580,178583160->513082640,veh_passenger,23987.00,24075.00,88.00,1827.17,0.00,False,False
veh3569,1068434258->1260481154,veh_passenger,23914.00,24081.00,167.00,639.79,0.00,False,False
veh3538,40138239#1->-47087366#1,veh_passenger,23706.00,24083.00,377.00,2975.69,0.00,False,False
veh3552,-10628442#3->33683458#0,veh_passenger,23800.00,24085.00,285.00,1415.15,0.00,False,False
veh3525,147711065#0->-437445540,veh_passenger,23619.00,24099.00,480.00,2163.74,0.00,False,False
veh3577,14924729#0->238219446#1,veh_passenger,23967.00,24100.00,133.00,1189.59,0.00,False,False
veh3322,24576913#0->-1125986374,veh_passenger,22259.00,24103.00,1844.00,1056.24,0.00,False,False
veh3548,10749498->24577522#1,veh_passenger,23773.00,24108.00,335.00,1730.31,0.00,False,False
truck199,39920550#1->-10628442#1,truck_truck,23881.00,24129.00,248.00,1076.51,0.00,False,False
veh3566,68574202->490474063#7,veh_passenger,23894.00,24145.00,251.00,3040.35,0.00,False,False
truck197,-451728952#4->401226926#1,truck_truck,23641.00,24147.00,506.00,2390.13,0.00,False,False
veh3560,-142741729#1->1278784167#1,veh_passenger,23853.00,24150.00,297.00,1592.77,0.00,False,False
veh3588,515124965#2->-39366819#1,veh_passenger,24041.00,24151.00,110.00,957.90,0.00,False,False
veh3573,564273553#1->9704194#2,veh_passenger,23941.00,24164.00,223.00,1778.71,0.00,False,False
veh3586,538432100->515130028#0,veh_passenger,24028.00,24177.00,149.00,1477.19,0.00,False,False
veh3553,968332513#1->47087366#2,veh_passenger,23807.00,24200.00,393.00,3060.11,0.00,False,False
veh3567,-1068144844->1125986375#0,veh_passenger,23900.00,24201.00,301.00,2862.10,0.00,False,False
veh3351,1322916760#1->147711065#0,veh_passenger,22453.00,24210.00,1757.00,1803.83,0.00,False,False
bus401,381945551->515126385#4,bus_bus,24061.00,24216.00,155.00,1030.89,0.00,False,False
veh3581,-40138633#2->1260485929#1,veh_passenger,23994.00,24219.00,225.00,2018.31,0.00,False,False
veh3415,521701859->1068916338,veh_passenger,22882.00,24224.00,1342.00,1040.50,0.00,False,False
veh3576,-451728952#5->-39920593#4,veh_passenger,23961.00,24247.00,286.00,2581.83,0.00,False,False
bus393,39920684#3->428730800,bus_bus,23581.00,24249.00,668.00,2896.35,0.00,False,False
veh3493,1201484855->511187809,veh_passenger,23405.00,24252.00,847.00,697.95,0.00,False,False
veh3529,1204070282->1068144846#2,veh_passenger,23646.00,24255.00,609.00,2097.58,0.00,False,False
veh3570,33683458#0->1214520074#6,veh_passenger,23920.00,24260.00,340.00,2100.14,0.00,False,False
veh3499,-1260485931#0->-39838751#1,veh_passenger,23445.00,24272.00,827.00,1486.88,0.00,False,False
veh3593,116783847->40297647#2,veh_passenger,24075.00,24276.00,201.00,1237.21,0.00,False,False
veh3224,39839521->654297637#2,veh_passenger,21602.00,24289.00,2687.00,1757.31,0.00,False,False
veh3578,-39838657#2->488786523,veh_passenger,23974.00,24309.00,335.00,1382.88,0.00,False,False
veh3590,40297647#2->-1332638368#2,veh_passenger,24054.00,24316.00,262.00,3123.54,0.00,False,False
bus399,39920550#7->40140017#0,bus_bus,23941.00,24320.00,379.00,1468.66,0.00,False,False
truck200,439836128#0-AddedOffRampEdge->47088302#0,truck_truck,24001.00,24324.00,323.00,2503.22,0.00,False,False
veh3609,1290439817#1->-39920593#6,veh_passenger,24182.00,24326.00,144.00,702.55,0.00,False,False
veh3584,-1332638368#1->1254633077#0,veh_passenger,24014.00,24344.00,330.00,2746.54,0.00,False,False
veh3574,511187808#1->515136604,veh_passenger,23947.00,24345.00,398.00,2125.65,0.00,False,False
veh3579,1068074793->39921025#7,veh_passenger,23981.00,24346.00,365.00,1632.88,0.00,False,False
veh3624,509646059->975216743,veh_passenger,24282.00,24347.00,65.00,302.89,0.00,False,False
veh3520,39921192#0->-687878722#1,veh_passenger,23585.00,24358.00,773.00,3142.45,0.00,False,False
veh3564,490474063#1->1125986387,veh_passenger,23884.00,24359.00,475.00,1905.03,0.00,False,False
veh3611,1335304386#0->1273251152,veh_passenger,24195.00,24366.00,171.00,825.66,0.00,False,False
veh3629,-39838691#2->449565665#2,veh_passenger,24316.00,24374.00,58.00,476.01,0.00,False,False
veh3587,47087366#1->-50323229#11,veh_passenger,24034.00,24378.00,344.00,2950.13,0.00,False,False
veh3610,654297633->509646053#0,veh_passenger,24188.00,24381.00,193.00,794.35,0.00,False,False
veh3604,160077494->509647506,veh_passenger,24148.00,24385.00,237.00,2061.58,0.00,False,False
veh3204,654297629#1->1260481154,veh_passenger,21468.00,24391.00,2923.00,1371.52,0.00,False,False
veh3630,240666069#2->488788636#0,veh_passenger,24322.00,24393.00,71.00,831.40,0.00,False,False
veh3615,50323229#11->1335304376#0,veh_passenger,24222.00,24399.00,177.00,1031.08,0.00,False,False
veh3601,1125986406#0->511187808#4-AddedOnRampEdge,veh_passenger,24128.00,24400.00,272.00,830.10,0.00,False,False
truck203,147711065#0->-1204070283#0,truck_truck,24361.00,24416.00,55.00,428.11,0.00,False,False
veh3607,475044040#3->14924729#3,veh_passenger,24168.00,24420.00,252.00,1970.42,0.00,False,False
veh3539,-428730813#0->666886085#0,veh_passenger,23713.00,24421.00,708.00,2804.98,0.00,False,False
veh3632,1273251152->-40109290#5,veh_passenger,24336.00,24431.00,95.00,362.62,0.00,False,False
veh3606,1125986385#1->40035325#0,veh_passenger,24162.00,24439.00,277.00,1217.25,0.00,False,False
veh3605,900399276->1068434208#0,veh_passenger,24155.00,24444.00,289.00,3195.37,0.00,False,False
bus400,39920011#0->509524225,bus_bus,24001.00,24447.00,446.00,1887.62,0.00,False,False
veh3592,564273553#2->47087993#1,veh_passenger,24068.00,24450.00,382.00,2035.12,0.00,False,False
veh3550,-143546557->-1226645410,veh_passenger,23786.00,24457.00,671.00,2703.84,0.00,False,False
veh3575,421846558#0->1067928306#0,veh_passenger,23954.00,24465.00,511.00,1718.67,0.00,False,False
veh3585,40140141#0->-40109290#0,veh_passenger,24021.00,24466.00,445.00,2669.16,0.00,False,False
veh3631,509646061->40140141#10,veh_passenger,24329.00,24473.00,144.00,1307.82,0.00,False,False
veh3546,-40138239#4->1067928305#2,veh_passenger,23760.00,24476.00,716.00,3882.80,0.00,False,False
veh3416,437445542->1327579131,veh_passenger,22889.00,24481.00,1592.00,2383.10,0.00,False,False
veh3634,1067852461->-39920593#6,veh_passenger,24349.00,24489.00,140.00,668.92,0.00,False,False
veh3603,-10250021#2->-1236283454,veh_passenger,24142.00,24493.00,351.00,1383.18,0.00,False,False
veh3596,511187808#0->490474063#1,veh_passenger,24095.00,24497.00,402.00,2162.31,0.00,False,False
veh3598,-1327579142->-1332638368#0,veh_passenger,24108.00,24497.00,389.00,2944.35,0.00,False,False
veh3599,428730813#0->654297632#0,veh_passenger,24115.00,24497.00,382.00,2609.15,0.00,False,False
veh3628,511187808#0->1214520071,veh_passenger,24309.00,24500.00,191.00,866.25,0.00,False,False
veh3614,40138633#0->1323097579#2,veh_passenger,24215.00,24505.00,290.00,1777.06,0.00,False,False
veh3626,15419971#1->1064398309#1,veh_passenger,24296.00,24516.00,220.00,1384.54,0.00,False,False
truck201,-169562956->1234244927#0,truck_truck,24121.00,24521.00,400.00,1156.12,0.00,False,False
veh3618,50323229#10->-488788629,veh_passenger,24242.00,24528.00,286.00,1593.88,0.00,False,False
truck202,-40297715#2->72157792,truck_truck,24241.00,24533.00,292.00,1084.48,0.00,False,False
bus402,39838691#2->10628442#1,bus_bus,24121.00,24541.00,420.00,1120.37,0.00,False,False
veh3358,-39838657#3->654297637#2,veh_passenger,22500.00,24556.00,2056.00,1409.15,0.00,False,False
veh3623,967993112#1->39920593#1,veh_passenger,24276.00,24582.00,306.00,1745.85,0.00,False,False
bus404,40140141#11->-1323097577,bus_bus,24241.00,24584.00,343.00,1550.12,0.00,False,False
veh3648,10628442#1->39920550#2,veh_passenger,24443.00,24589.00,146.00,977.24,0.00,False,False
veh3214,178723097#0->1335304375,veh_passenger,21535.00,24597.00,3062.00,1337.65,0.00,False,False
veh3591,40036009#0->513082635#0,veh_passenger,24061.00,24614.00,553.00,2051.54,0.00,False,False
veh3613,-39838530->9833223,veh_passenger,24209.00,24618.00,409.00,1755.03,0.00,False,False
veh3650,-1322916760#2->1332638391#2,veh_passenger,24456.00,24618.00,162.00,1150.55,0.00,False,False
veh3065,450616334#0->39920593#3,veh_passenger,20537.00,24619.00,4082.00,2167.87,0.00,False,False
veh3589,-39838751#0->178441748#1,veh_passenger,24048.00,24623.00,575.00,1453.07,0.00,False,False
veh3608,1214520071->178583145,veh_passenger,24175.00,24640.00,465.00,1489.88,0.00,False,False
bus407,143546557->856175963,bus_bus,24423.00,24649.00,226.00,1024.33,0.00,False,False
veh3662,488788636#1->1332638391#1,veh_passenger,24537.00,24652.00,115.00,1452.44,0.00,False,False
veh3641,83563455->39838691#7,veh_passenger,24396.00,24669.00,273.00,1891.21,0.00,False,False
truck204,-654297636->511185049,truck_truck,24481.00,24682.00,201.00,1055.53,0.00,False,False
veh3664,40140017#1->475044040#2,veh_passenger,24550.00,24690.00,140.00,568.36,0.00,False,False
veh3542,-428730813#1->47053612,veh_passenger,23733.00,24701.00,968.00,3181.51,0.00,False,False
veh3111,-39838691#0->40139504#1,veh_passenger,20845.00,24716.00,3871.00,1396.38,0.00,False,False
veh3621,511187823->-40297715#3,veh_passenger,24262.00,24720.00,458.00,1577.87,0.00,False,False
bus405,-900279869->428730813#3,bus_bus,24301.00,24721.00,420.00,1976.85,0.00,False,False
veh3651,39920684#0->13909444#6,veh_passenger,24463.00,24722.00,259.00,2550.57,0.00,False,False
veh3681,-488788637#1->1125986373#3,veh_passenger,24664.00,24722.00,58.00,419.42,0.00,False,False
bus398,39838520#0->33683346#3,bus_bus,23881.00,24734.00,853.00,2180.28,0.00,False,False
veh3667,479863106#1->-39366819#1,veh_passenger,24570.00,24756.00,186.00,722.82,0.00,False,False
veh3682,-39838657#3->39838691#0,veh_passenger,24671.00,24766.00,95.00,476.73,0.00,False,False
veh3649,1125986406#0->-33683458#0,veh_passenger,24450.00,24771.00,321.00,1217.13,0.00,False,False
veh3633,-39838751#2->401226926#1,veh_passenger,24343.00,24774.00,431.00,1830.14,0.00,False,False
veh3561,40109290#2->413789558#0,veh_passenger,23860.00,24780.00,920.00,3927.24,0.00,False,False
veh3654,428730818#3->479863106#1,veh_passenger,24483.00,24804.00,321.00,1801.74,0.00,False,False
veh3656,39920011#2->1237953495,veh_passenger,24497.00,24812.00,315.00,1955.46,0.00,False,False
veh3660,488788637#0->-1068144845#4,veh_passenger,24523.00,24814.00,291.00,1573.44,0.00,False,False
bus362,40138633#2->1204070281,bus_bus,21721.00,24847.00,3126.00,2382.08,0.00,False,False
bus408,13909444#0->521701857,bus_bus,24481.00,24853.00,372.00,664.99,0.00,False,False
veh3642,1214520077->-10748045#2,veh_passenger,24403.00,24854.00,451.00,1712.87,0.00,False,False
veh3647,511187821->39920550#1,veh_passenger,24436.00,24861.00,425.00,1412.41,0.00,False,False
bus410,490474063#2->1278784167#1,bus_bus,24601.00,24883.00,282.00,1607.68,0.00,False,False
veh3666,-422842976->178702239#0,veh_passenger,24564.00,24890.00,326.00,2553.52,0.00,False,False
bus403,12262310#0->178702250,bus_bus,24181.00,24891.00,710.00,4497.39,0.00,False,False
veh3708,-10628444#2->142741729#0,veh_passenger,24845.00,24903.00,58.00,572.78,0.00,False,False
veh3710,-1211151638->413789558#0,veh_passenger,24858.00,24919.00,61.00,639.30,0.00,False,False
bus412,1068144846#0->-178702258#1,bus_bus,24721.00,24922.00,201.00,1064.99,0.00,False,False
veh3556,11631594#2->515123442#3,veh_passenger,23827.00,24924.00,1097.00,2244.79,0.00,False,False
veh3617,967985512->1074409255#3,veh_passenger,24235.00,24926.00,691.00,1400.81,0.00,False,False
veh3702,40115810#0->511404880#0,veh_passenger,24805.00,24926.00,121.00,1136.90,0.00,False,False
veh3676,178441748#0->-479863106#2,veh_passenger,24631.00,24928.00,297.00,1519.42,0.00,False,False
veh3701,1332638368#2->15420801#2,veh_passenger,24798.00,24931.00,133.00,1452.55,0.00,False,False
veh3674,47225638#3->39920593#1,veh_passenger,24617.00,24941.00,324.00,2403.97,0.00,False,False
veh3572,1235501860->654297629#1,veh_passenger,23934.00,24945.00,1011.00,940.93,0.00,False,False
veh3652,-1068144847->238219449,veh_passenger,24470.00,24947.00,477.00,3892.98,0.00,False,False
veh3670,509646063#1->-10749498,veh_passenger,24590.00,24947.00,357.00,2060.36,0.00,False,False
veh3372,178723097#0->1272337498#0,veh_passenger,22594.00,24950.00,2356.00,2247.21,0.00,False,False
veh3685,1214520074#3->-1322916760#1,veh_passenger,24691.00,24950.00,259.00,1522.47,0.00,False,False
veh3673,654297636->14924729#3,veh_passenger,24611.00,24957.00,346.00,1597.72,0.00,False,False
veh3686,-687878724->1234244927#0,veh_passenger,24698.00,24971.00,273.00,1158.37,0.00,False,False
veh3497,1292541108->1272548721,veh_passenger,23431.00,24985.00,1554.00,1446.42,0.00,False,False
veh3595,39874516->178702252,veh_passenger,24088.00,24985.00,897.00,4135.18,0.00,False,False
veh3675,1260481153->240666069#2,veh_passenger,24624.00,24986.00,362.00,1821.39,0.00,False,False
veh3559,1125986373#1->1074409232#0,veh_passenger,23847.00,24988.00,1141.00,2055.48,0.00,False,False
veh3625,449565665#2->1214520067,veh_passenger,24289.00,24996.00,707.00,640.88,0.00,False,False
veh3687,40036062#0->178583140#0,veh_passenger,24704.00,25000.00,296.00,1102.18,0.00,False,False
veh3680,68574202->33683346#3,veh_passenger,24657.00,25003.00,346.00,3230.54,0.00,False,False
veh3717,1068144845#4->511187818,veh_passenger,24905.00,25018.00,113.00,1343.85,0.00,False,False
veh3694,-39838630#1->-232920701,veh_passenger,24751.00,25036.00,285.00,1731.34,0.00,False,False
veh3526,1233759524->509524225,veh_passenger,23626.00,25039.00,1413.00,1789.10,0.00,False,False
veh3713,968332513#1->488788626#1,veh_passenger,24879.00,25046.00,167.00,1120.15,0.00,False,False
veh3693,1237953493->-1068144849#2,veh_passenger,24745.00,25048.00,303.00,2551.44,0.00,False,False
veh3688,-1260485929#3->428730813#1,veh_passenger,24711.00,25061.00,350.00,2187.42,0.00,False,False
veh3616,40138239#1->11635146#0-AddedOffRampEdge,veh_passenger,24229.00,25063.00,834.00,4134.48,0.00,False,False
veh3333,-564273553#0->39920505#4,veh_passenger,22333.00,25067.00,2734.00,1436.28,0.00,False,False
bus414,761486028#1->511187808#4,bus_bus,24841.00,25068.00,227.00,1195.62,0.00,False,False
veh3690,39920550#11->50323226,veh_passenger,24724.00,25073.00,349.00,1468.32,0.00,False,False
veh3719,1068434199->-1332638368#1,veh_passenger,24919.00,25073.00,154.00,1590.60,0.00,False,False
truck206,39920593#5->9704194#4,truck_truck,24721.00,25074.00,353.00,1938.88,0.00,False,False
veh3331,488788626#2->1068434204,veh_passenger,22319.00,25084.00,2765.00,1282.52,0.00,False,False
veh3537,39920505#9->428730813#1,veh_passenger,23699.00,25100.00,1401.00,2902.24,0.00,False,False
veh3740,-33683346#1->1067953239#1,veh_passenger,25059.00,25100.00,41.00,476.55,0.00,False,False
veh3707,1323097575#3->-39838657#1,veh_passenger,24838.00,25111.00,273.00,1923.98,0.00,False,False
veh3729,40140017#1->40138941#1,veh_passenger,24986.00,25113.00,127.00,881.42,0.00,False,False
veh3433,-654297629#0->-1332638391#0,veh_passenger,23003.00,25116.00,2113.00,796.74,0.00,False,False
veh3699,-14924729#2->564273553#1,veh_passenger,24785.00,25127.00,342.00,1758.47,0.00,False,False
truck207,50323229#14->178583167#1,truck_truck,24841.00,25131.00,290.00,1316.42,0.00,False,False
veh3698,83428923#1->1196008691#0,veh_passenger,24778.00,25132.00,354.00,1663.39,0.00,False,False
veh3695,178583160->-1254816454,veh_passenger,24758.00,25135.00,377.00,3539.77,0.00,False,False
veh3627,40109290#0->-451728952#3,veh_passenger,24302.00,25138.00,836.00,3198.85,0.00,False,False
veh3726,1421367925->985133427,veh_passenger,24966.00,25146.00,180.00,745.67,0.00,False,False
veh3229,450616334#0->513272951#1,veh_passenger,21636.00,25150.00,3514.00,1249.08,0.00,False,False
veh3635,-50323226->439836130#1,veh_passenger,24356.00,25159.00,803.00,2319.23,0.00,False,False
veh3684,1204070281->515130028#1-AddedOnRampEdge,veh_passenger,24684.00,25165.00,481.00,2640.04,0.00,False,False
veh3750,1335304371->-1323097577,veh_passenger,25126.00,25184.00,58.00,582.27,0.00,False,False
veh3734,15419875#0->-50323229#6,veh_passenger,25019.00,25188.00,169.00,988.14,0.00,False,False
veh3696,511404874#1->-50323229#7,veh_passenger,24765.00,25190.00,425.00,3447.20,0.00,False,False
veh3700,1068144846#1->50323229#0,veh_passenger,24791.00,25205.00,414.00,3076.47,0.00,False,False
veh3714,1337646271#0->10628442#2,veh_passenger,24885.00,25213.00,328.00,2022.05,0.00,False,False
veh3638,1234244927#1->509646057#2,veh_passenger,24376.00,25214.00,838.00,811.98,0.00,False,False
veh3703,515123442#4->-40138633#2,veh_passenger,24812.00,25216.00,404.00,3220.04,0.00,False,False
veh3404,-654297629#2->513082627,veh_passenger,22808.00,25225.00,2417.00,1207.25,0.00,False,False
veh3645,40036009#0->482569917#0,veh_passenger,24423.00,25227.00,804.00,3516.72,0.00,False,False
bus415,40138941#1->967985513#0,bus_bus,24901.00,25227.00,326.00,1703.59,0.00,False,False
veh3716,513082640->49224804#0,veh_passenger,24902.00,25228.00,326.00,2800.13,0.00,False,False
bus418,1235501861#0->39920550#7,bus_bus,25081.00,25230.00,149.00,569.24,0.00,False,False
veh3721,654297635#0->-401226926#1,veh_passenger,24932.00,25233.00,301.00,1183.93,0.00,False,False
veh3665,-39838630#1->449565665#3,veh_passenger,24557.00,25246.00,689.00,674.80,0.00,False,False
bus420,488788637#0->654297632#2,bus_bus,25201.00,25248.00,47.00,426.07,0.00,False,False
veh3583,-654297629#3->-488788630#0,veh_passenger,24008.00,25249.00,1241.00,1858.09,0.00,False,False
veh3704,654297637#0->1211151638,veh_passenger,24818.00,25252.00,434.00,1934.28,0.00,False,False
veh3227,10628430->40035325#2,veh_passenger,21622.00,25261.00,3639.00,1453.83,0.00,False,False
veh3718,654297637#1->1222181937,veh_passenger,24912.00,25292.00,380.00,1149.05,0.00,False,False
veh3725,405382146#0->1323097580#1,veh_passenger,24959.00,25309.00,350.00,2297.28,0.00,False,False
bus416,1074409256#0->47267007#2,bus_bus,25056.00,25312.00,256.00,1279.31,0.00,False,False
veh3737,11635095-AddedOffRampEdge->-240666072#0,veh_passenger,25039.00,25322.00,283.00,2199.39,0.00,False,False
veh3735,-1273251152->509646056,veh_passenger,25026.00,25326.00,300.00,1673.08,0.00,False,False
bus417,-1067928307#2->143546557,bus_bus,25021.00,25338.00,317.00,3116.56,0.00,False,False
veh3767,178583167#0->488788626#3,veh_passenger,25240.00,25339.00,99.00,669.51,0.00,False,False
veh3727,513272950#1->40138239#2,veh_passenger,24972.00,25344.00,372.00,2166.78,0.00,False,False
veh3732,33683458#0->826496637,veh_passenger,25006.00,25344.00,338.00,1430.57,0.00,False,False
veh3711,-654297636->39366819#0,veh_passenger,24865.00,25358.00,493.00,1692.23,0.00,False,False
veh3742,428730793#0->232920701,veh_passenger,25073.00,25370.00,297.00,1428.00,0.00,False,False
veh3762,-1125986377#1->1214520073#0,veh_passenger,25207.00,25375.00,168.00,592.95,0.00,False,False
veh3763,428730818#1->515130026#1,veh_passenger,25214.00,25375.00,161.00,533.03,0.00,False,False
veh3646,39920550#13->47225638#4,veh_passenger,24430.00,25391.00,961.00,2180.34,0.00,False,False
veh3765,1323097578->39920684#3,veh_passenger,25227.00,25391.00,164.00,411.22,0.00,False,False
veh3753,-40036009#2->39920550#7,veh_passenger,25147.00,25396.00,249.00,1129.83,0.00,False,False
veh3669,-40109290#4->178702253,veh_passenger,24584.00,25397.00,813.00,1328.77,0.00,False,False
veh3736,1231065654->1196008691#0,veh_passenger,25033.00,25401.00,368.00,2032.47,0.00,False,False
truck209,-654297634->39920011#1,truck_truck,25081.00,25401.00,320.00,1441.40,0.00,False,False
veh3766,-900279886->1231065654,veh_passenger,25234.00,25405.00,171.00,798.22,0.00,False,False
veh3747,1125801626->-10628442#0,veh_passenger,25106.00,25407.00,301.00,3477.35,0.00,False,False
veh3697,-10629474#0->11635146#0-AddedOffRampEdge,veh_passenger,24771.00,25427.00,656.00,2622.87,0.00,False,False
veh3775,10749498->900287035,veh_passenger,25294.00,25429.00,135.00,642.56,0.00,False,False
veh3738,515138054->-654297637#0,veh_passenger,25046.00,25430.00,384.00,3978.04,0.00,False,False
veh3622,1327579142->1214520068,veh_passenger,24269.00,25442.00,1173.00,1969.97,0.00,False,False
veh3749,1125986369->-142741729#1,veh_passenger,25120.00,25444.00,324.00,1660.73,0.00,False,False
veh3741,1067928306#0->-488788630#2,veh_passenger,25066.00,25448.00,382.00,1886.97,0.00,False,False
veh3594,422842976->1204070281,veh_passenger,24081.00,25464.00,1383.00,1099.15,0.00,False,False
veh3764,-40109290#2->-47087366#2,veh_passenger,25220.00,25465.00,245.00,2350.97,0.00,False,False
veh3709,-40036009#2->-39838657#0,veh_passenger,24852.00,25473.00,621.00,2530.21,0.00,False,False
veh3743,-499566577#1->1068144845#2,veh_passenger,25080.00,25483.00,403.00,1923.87,0.00,False,False
veh3658,-1254633077#0->515138054,veh_passenger,24510.00,25487.00,977.00,3643.27,0.00,False,False
veh3783,-47224972#0->40140017#1,veh_passenger,25348.00,25497.00,149.00,807.16,0.00,False,False
veh3786,39838751#1->-511187818,veh_passenger,25368.00,25497.00,129.00,453.21,0.00,False,False
veh3759,1125801626->1237953497,veh_passenger,25187.00,25499.00,312.00,4151.02,0.00,False,False
veh3756,-428730813#0->490474063#5,veh_passenger,25167.00,25501.00,334.00,3381.34,0.00,False,False
truck208,1323097575#0->-838061037,truck_truck,24961.00,25502.00,541.00,2046.69,0.00,False,False
veh3785,1337646271#0->-413789558#0,veh_passenger,25361.00,25502.00,141.00,1737.20,0.00,False,False
veh3782,-654297635#0->50323226,veh_passenger,25341.00,25504.00,163.00,784.15,0.00,False,False
veh3790,-1332638391#1->-1204070283#1,veh_passenger,25394.00,25506.00,112.00,647.38,0.00,False,False
veh3751,1421367508->-40035904#1,veh_passenger,25133.00,25517.00,384.00,2591.46,0.00,False,False
truck210,47087366#0->15419875#0,truck_truck,25201.00,25524.00,323.00,2630.47,0.00,False,False
veh3791,1222181936->1068144846#0,veh_passenger,25401.00,25529.00,128.00,1171.33,0.00,False,False
veh3792,1074771163#0->1323097580#0,veh_passenger,25408.00,25532.00,124.00,1047.40,0.00,False,False
veh3761,-47224972#0->-437445542,veh_passenger,25200.00,25533.00,333.00,1778.00,0.00,False,False
veh3723,511409188#0->813852683,veh_passenger,24946.00,25538.00,592.00,2515.67,0.00,False,False
bus424,-488788630#0->-1226645410,bus_bus,25441.00,25541.00,100.00,498.80,0.00,False,False
veh3755,1067953247#0->1235501861#2,veh_passenger,25160.00,25545.00,385.00,2552.81,0.00,False,False
veh3597,-50323229#3->-24576913#0,veh_passenger,24101.00,25546.00,1445.00,1846.98,0.00,False,False
bus421,-147711065#1->-50323229#6,bus_bus,25261.00,25551.00,290.00,1738.00,0.00,False,False
truck211,39838691#0->10628442#1,truck_truck,25321.00,25553.00,232.00,1181.29,0.00,False,False
veh3758,509524228->-40109290#2,veh_passenger,25180.00,25555.00,375.00,3509.41,0.00,False,False
bus423,178583141->521701859,bus_bus,25381.00,25562.00,181.00,2471.89,0.00,False,False
veh3730,499566574#1->513087670,veh_passenger,24992.00,25569.00,577.00,2132.50,0.00,False,False
veh3252,39838657#3->-1254816454,veh_passenger,21790.00,25571.00,3781.00,1031.99,0.00,False,False
bus409,499566573->-515136609,bus_bus,24541.00,25572.00,1031.00,3327.51,0.00,False,False
bus422,-1068144849#2->513082641#2-AddedOnRampEdge,bus_bus,25324.00,25581.00,257.00,1871.46,0.00,False,False
veh3794,1068144845#2->10250021#3,veh_passenger,25421.00,25582.00,161.00,1582.04,0.00,False,False
veh3777,1064476624->1332638368#0,veh_passenger,25307.00,25589.00,282.00,1942.96,0.00,False,False
bus406,-40138633#1->-39838630#1,bus_bus,24361.00,25592.00,1231.00,2228.69,0.00,False,False
veh3644,40035606#1->687878722#2,veh_passenger,24416.00,25607.00,1191.00,3732.46,0.00,False,False
veh3768,40140017#2->1068434258,veh_passenger,25247.00,25607.00,360.00,894.68,0.00,False,False
veh3679,1067953247#1->509524228,veh_passenger,24651.00,25616.00,965.00,3336.12,0.00,False,False
veh3405,10628430->39838691#8,veh_passenger,23421.00,25619.00,2198.00,648.99,0.00,False,False
veh3655,-428730800->1327579131,veh_passenger,24490.00,25628.00,1138.00,2619.71,0.00,False,False
veh3796,1226645411->1068434208#0,veh_passenger,25435.00,25631.00,196.00,2509.37,0.00,False,False
veh3620,40109290#5->-1211151638,veh_passenger,24255.00,25664.00,1409.00,2359.80,0.00,False,False
veh3776,424580476->1237953497,veh_passenger,25301.00,25669.00,368.00,3065.30,0.00,False,False
bus381,-511409187->515138054,bus_bus,24523.00,25675.00,1152.00,1727.30,0.00,False,False
truck212,-1290439817#0->1064476620#0,truck_truck,25441.00,25677.00,236.00,1419.00,0.00,False,False
veh3814,-47267010->40297885#1,veh_passenger,25555.00,25682.00,127.00,1117.80,0.00,False,False
veh3757,-224146621->1254816453#0,veh_passenger,25173.00,25692.00,519.00,3725.01,0.00,False,False
veh3811,515136607->39920550#3,veh_passenger,25535.00,25705.00,170.00,2571.51,0.00,False,False
veh3370,1211151638->178441748#1,veh_passenger,22580.00,25706.00,3126.00,1886.98,0.00,False,False
veh3770,509646053#0->1211151636,veh_passenger,25260.00,25708.00,448.00,1443.67,0.00,False,False
veh3663,147711065#1->24577455#2,veh_passenger,24544.00,25709.00,1165.00,1305.30,0.00,False,False
veh3799,515130028#1->-142741729#1,veh_passenger,25455.00,25718.00,263.00,2626.19,0.00,False,False
veh3482,-564273553#4->-1290439817#0,veh_passenger,23331.00,25720.00,2389.00,1216.40,0.00,False,False
bus411,475044040#3->428730813#1,bus_bus,24661.00,25721.00,1060.00,3769.02,0.00,False,False
veh3795,10629709#0->1117667177,veh_passenger,25428.00,25722.00,294.00,1562.56,0.00,False,False
veh3772,-1068144846#0->-40036009#0,veh_passenger,25274.00,25723.00,449.00,3241.99,0.00,False,False
bus419,39920550#10->178702260,bus_bus,25141.00,25729.00,588.00,3568.85,0.00,False,False
veh3637,40297715#0->240666069#0,veh_passenger,24369.00,25759.00,1390.00,2516.98,0.00,False,False
veh3838,474143552#1->39920505#12,veh_passenger,25716.00,25760.00,44.00,133.14,0.00,False,False
veh3778,451728952#1->-654297635#0,veh_passenger,25314.00,25761.00,447.00,2804.34,0.00,False,False
veh3705,1100626087->437445541#2,veh_passenger,24825.00,25764.00,939.00,1539.67,0.00,False,False
veh3612,39920593#2->488788630#0,veh_passenger,24202.00,25766.00,1564.00,2813.95,0.00,False,False
veh3809,-39838691#10->438354815,veh_passenger,25522.00,25792.00,270.00,1819.97,0.00,False,False
truck185,39920505#9->1297720367,truck_truck,22201.00,25793.00,3592.00,1408.29,0.00,False,False
veh3793,13909444#2->39920505#2,veh_passenger,25415.00,25795.00,380.00,2284.56,0.00,False,False
veh3817,513082627->511187808#4-AddedOnRampEdge,veh_passenger,25575.00,25795.00,220.00,2426.47,0.00,False,False
veh3810,-33683458#0->24577522#2,veh_passenger,25528.00,25797.00,269.00,1379.35,0.00,False,False
veh3820,40140141#10->521701858-AddedOffRampEdge,veh_passenger,25595.00,25805.00,210.00,1304.60,0.00,False,False
veh3818,515130026#1->900279869,veh_passenger,25582.00,25806.00,224.00,1015.07,0.00,False,False
veh3807,39920505#3->-479863106#2,veh_passenger,25508.00,25811.00,303.00,1118.03,0.00,False,False
veh3387,1235754993#1->40140141#11,veh_passenger,22694.00,25834.00,3140.00,2100.14,0.00,False,False
veh3830,-40109290#2->-499566577#1,veh_passenger,25662.00,25838.00,176.00,785.12,0.00,False,False
veh3844,39086240->1068434257,veh_passenger,25756.00,25838.00,82.00,860.23,0.00,False,False
veh3238,39838657#2->-1335304377,veh_passenger,21696.00,25841.00,4145.00,1357.56,0.00,False,False
veh3798,-488788630#1->1323097575#0,veh_passenger,25448.00,25843.00,395.00,3420.91,0.00,False,False
veh3801,1125986379#0->1068144845#2,veh_passenger,25468.00,25843.00,375.00,1612.39,0.00,False,False
veh3784,488788633#1->40138633#2,veh_passenger,25354.00,25846.00,492.00,4353.53,0.00,False,False
veh3802,-1335304385->-1067928307#0,veh_passenger,25475.00,25859.00,384.00,2585.74,0.00,False,False
veh3839,-654297636->50323229#13,veh_passenger,25723.00,25859.00,136.00,883.25,0.00,False,False
veh3800,-437445539#0->666886085#0,veh_passenger,25461.00,25862.00,401.00,3247.73,0.00,False,False
veh3808,1204070283#1->515123439,veh_passenger,25515.00,25871.00,356.00,1449.00,0.00,False,False
veh3780,-654297637#0->47087993#1,veh_passenger,25327.00,25879.00,552.00,2363.40,0.00,False,False
veh3826,428730813#0->1214520074#2,veh_passenger,25636.00,25882.00,246.00,1998.08,0.00,False,False
veh3672,1233759524->666886082#0,veh_passenger,24604.00,25883.00,1279.00,677.18,0.00,False,False
veh3835,-40139708->-1125986406#0,veh_passenger,25696.00,25883.00,187.00,1298.65,0.00,False,False
veh3692,-40035904#2->9792174#0,veh_passenger,24738.00,25894.00,1156.00,2662.02,0.00,False,False
veh3806,15420525->11631594#0,veh_passenger,25502.00,25898.00,396.00,3434.69,0.00,False,False
veh3832,474143552#2->1273251152,veh_passenger,25676.00,25899.00,223.00,1120.63,0.00,False,False
veh3754,-50323229#9->1214520073#1,veh_passenger,25153.00,25904.00,751.00,2041.21,0.00,False,False
veh3659,475044040#1->-428730813#0,veh_passenger,24517.00,25907.00,1390.00,3474.74,0.00,False,False
veh3846,499566574#2->-50323229#0,veh_passenger,25770.00,25910.00,140.00,628.45,0.00,False,False
veh3724,1234244925#0->13909444#4,veh_passenger,24952.00,25911.00,959.00,1332.38,0.00,False,False
veh3781,511187818->9792174#1-AddedOnRampEdge,veh_passenger,25334.00,25911.00,577.00,2687.17,0.00,False,False
bus427,-39838691#3->654530820#1,bus_bus,25621.00,25922.00,301.00,2045.76,0.00,False,False
veh3829,47224972#0->1214520075,veh_passenger,25656.00,25929.00,273.00,841.49,0.00,False,False
veh3565,39763700#6->39920593#1,veh_passenger,23887.00,25931.00,2044.00,1577.22,0.00,False,False
veh3819,515123442#2->1260485930#1,veh_passenger,25589.00,25932.00,343.00,1957.72,0.00,False,False
truck215,40138633#0->-1254633077#1,truck_truck,25801.00,25933.00,132.00,644.17,0.00,False,False
veh3805,1125986377#2->47267007#1,veh_passenger,25495.00,25936.00,441.00,1837.45,0.00,False,False
veh3272,1131969257->-10628444#0,veh_passenger,21924.00,25944.00,4020.00,796.55,0.00,False,False
veh3683,-1273251150#1->-730912750,veh_passenger,24678.00,25944.00,1266.00,4106.81,0.00,False,False
veh3825,475044040#0->40115810#0,veh_passenger,25629.00,25955.00,326.00,2347.95,0.00,False,False
veh3845,-1222703384#1->499566574#0,veh_passenger,25763.00,25955.00,192.00,865.95,0.00,False,False
veh3828,439836128#0-AddedOffRampEdge->1207401652#1,veh_passenger,25649.00,25956.00,307.00,2925.59,0.00,False,False
veh3848,47224973->-14924729#3,veh_passenger,25783.00,25959.00,176.00,1203.33,0.00,False,False
veh3851,490474063#4->-50323229#11,veh_passenger,25803.00,25991.00,188.00,615.10,0.00,False,False
veh3691,33683346#0->1231065652-AddedOnRampEdge,veh_passenger,24731.00,25996.00,1265.00,2635.36,0.00,False,False
veh3843,40140141#7->1222703384#0,veh_passenger,25750.00,26024.00,274.00,1593.96,0.00,False,False
veh3860,-401226926#0->-40297715#1,veh_passenger,25863.00,26024.00,161.00,527.36,0.00,False,False
veh3862,-1260485929#1->-1260485931#0,veh_passenger,25877.00,26035.00,158.00,923.57,0.00,False,False
veh3671,900399276->13909444#0,veh_passenger,24597.00,26044.00,1447.00,2662.04,0.00,False,False
bus433,40297715#3->-40035325#0,bus_bus,25981.00,26045.00,64.00,336.26,0.00,False,False
veh3879,39838691#1->-39366819#1,veh_passenger,25991.00,26046.00,55.00,241.06,0.00,False,False
bus413,71310798->-39838691#6,bus_bus,24781.00,26062.00,1281.00,1853.67,0.00,False,False
veh3824,-1125986385#1->178702261,veh_passenger,25622.00,26069.00,447.00,2704.42,0.00,False,False
veh3855,515126385#0->-1335304371,veh_passenger,25830.00,26070.00,240.00,2535.86,0.00,False,False
veh3746,1290456019->39838630#1,veh_passenger,25100.00,26074.00,974.00,2670.52,0.00,False,False
veh3876,1260481151->-40109290#4,veh_passenger,25971.00,26084.00,113.00,690.65,0.00,False,False
veh3368,33683458#1->511409187,veh_passenger,22567.00,26095.00,3528.00,1329.28,0.00,False,False
veh3856,-428730807->-428730813#0,veh_passenger,25837.00,26096.00,259.00,2477.18,0.00,False,False
veh3858,1332638391#1->428730793#0,veh_passenger,25850.00,26100.00,250.00,2447.16,0.00,False,False
truck214,-515136608->40115810#0,truck_truck,25681.00,26107.00,426.00,2065.09,0.00,False,False
veh3892,521705694#0->521708587#0,veh_passenger,26078.00,26108.00,30.00,53.47,0.00,False,False
bus428,10250021#3->1298335703,bus_bus,25681.00,26111.00,430.00,1236.53,0.00,False,False
veh3657,232920701->-1338361263,veh_passenger,24503.00,26125.00,1622.00,2680.85,0.00,False,False
veh3883,515136607->-1068144848#1,veh_passenger,26018.00,26130.00,112.00,755.29,0.00,False,False
veh3600,428730818#2->-24576913#1,veh_passenger,24121.00,26135.00,2014.00,1859.19,0.00,False,False
truck189,-1323097580#1->147711065#0,truck_truck,22681.00,26138.00,3457.00,1281.01,0.00,False,False
bus426,1015424648->1196008691#1,bus_bus,25561.00,26142.00,581.00,2014.71,0.00,False,False
veh3870,-654297635#1->-1323097576,veh_passenger,25930.00,26157.00,227.00,793.75,0.00,False,False
veh3733,39921025#1->513272950#0,veh_passenger,25013.00,26166.00,1153.00,1082.90,0.00,False,False
veh3833,1068144845#1->-50323229#11,veh_passenger,25683.00,26170.00,487.00,2904.01,0.00,False,False
veh3881,1067928307#2->1421367508,veh_passenger,26004.00,26171.00,167.00,1207.59,0.00,False,False
veh3769,465144361->513272950#0,veh_passenger,25254.00,26173.00,919.00,701.97,0.00,False,False
veh3878,-1222703383->40109290#3,veh_passenger,25984.00,26176.00,192.00,897.23,0.00,False,False
veh3823,40109290#0->-39838657#3,veh_passenger,25616.00,26182.00,566.00,2385.44,0.00,False,False
veh3706,24621218#3->511187807,veh_passenger,24832.00,26188.00,1356.00,1543.44,0.00,False,False
veh3803,178699051#0->511404874#0,veh_passenger,25482.00,26195.00,713.00,871.04,0.00,False,False
veh3865,15419906#2->421846558#0,veh_passenger,25897.00,26207.00,310.00,894.38,0.00,False,False
veh3871,-39920593#4->39838691#7,veh_passenger,25937.00,26207.00,270.00,2153.78,0.00,False,False
truck216,1226645407->-474143552#4,truck_truck,25921.00,26209.00,288.00,2357.48,0.00,False,False
veh3712,40138633#1->-424580476,veh_passenger,24872.00,26216.00,1344.00,4337.39,0.00,False,False
veh3745,499566577#0->-1100626088,veh_passenger,25093.00,26221.00,1128.00,1964.23,0.00,False,False
veh3854,40297715#0->1125986387,veh_passenger,25823.00,26221.00,398.00,1913.07,0.00,False,False
veh3872,68574202->-14924729#3,veh_passenger,25944.00,26225.00,281.00,2359.26,0.00,False,False
truck205,1273251150#1->488788630#1,truck_truck,24601.00,26232.00,1631.00,3434.57,0.00,False,False
veh3907,1207401652#1->1068434208#0,veh_passenger,26178.00,26234.00,56.00,209.91,0.00,False,False
veh3880,499566574#3->-147711065#1,veh_passenger,25997.00,26240.00,243.00,1436.80,0.00,False,False
veh3882,509524225->-39920593#2,veh_passenger,26011.00,26241.00,230.00,1673.56,0.00,False,False
veh3866,488788630#1->33683458#0,veh_passenger,25904.00,26244.00,340.00,3473.48,0.00,False,False
veh3812,-449565665#2->40139504#1,veh_passenger,25542.00,26245.00,703.00,956.52,0.00,False,False
veh3864,83563455->-142741729#0,veh_passenger,25890.00,26245.00,355.00,3405.03,0.00,False,False
veh3896,1068074793->499566574#2,veh_passenger,26105.00,26245.00,140.00,728.39,0.00,False,False
veh3731,15419971#1->39366819#1,veh_passenger,24999.00,26248.00,1249.00,1661.63,0.00,False,False
veh3912,15525299->160078084-AddedOnRampEdge,veh_passenger,26212.00,26249.00,37.00,711.23,0.00,False,False
bus435,1292578228->1196008691#1,bus_bus,26101.00,26250.00,149.00,688.91,0.00,False,False
veh3900,40139504#0->-1273251152,veh_passenger,26131.00,26251.00,120.00,827.56,0.00,False,False
veh3678,-573632774->-437445539#0,veh_passenger,24644.00,26259.00,1615.00,4141.14,0.00,False,False
veh3849,428730818#3->1204070281,veh_passenger,25790.00,26263.00,473.00,2037.81,0.00,False,False
veh3739,178441748#1->47087993#1,veh_passenger,25053.00,26266.00,1213.00,3365.95,0.00,False,False
truck213,178583140#0->-39838984#0,truck_truck,25561.00,26272.00,711.00,1619.31,0.00,False,False
veh3861,1214520070->39224566,veh_passenger,25870.00,26280.00,410.00,2327.07,0.00,False,False
veh3863,-654297632#2->521701857,veh_passenger,25884.00,26284.00,400.00,1251.56,0.00,False,False
bus365,39838691#9->509646062,bus_bus,21901.00,26303.00,4402.00,888.58,0.00,False,False
veh3827,838061038->-40138239#0,veh_passenger,25642.00,26307.00,665.00,2594.92,0.00,False,False
veh3877,1074409255#0->-40035992,veh_passenger,25977.00,26309.00,332.00,1466.77,0.00,False,False
veh3902,-40035325#1->39920550#5,veh_passenger,26145.00,26311.00,166.00,577.08,0.00,False,False
veh3428,488788636#0->39920505#1,veh_passenger,22969.00,26314.00,3345.00,2329.63,0.00,False,False
veh3906,10628444#2->-1332638368#2,veh_passenger,26172.00,26318.00,146.00,1544.87,0.00,False,False
veh3895,-40035606#1->39920684#6,veh_passenger,26098.00,26326.00,228.00,653.18,0.00,False,False
veh3917,521704042#0->-12247569,veh_passenger,26245.00,26332.00,87.00,492.67,0.00,False,False
veh3897,1100626103#1->-147711065#2,veh_passenger,26111.00,26334.00,223.00,1148.05,0.00,False,False
veh3869,39920011#2->-1125986385#0,veh_passenger,25924.00,26335.00,411.00,1719.05,0.00,False,False
veh3886,513082635#0-AddedOffRampEdge->1207401652#1,veh_passenger,26038.00,26351.00,313.00,2477.09,0.00,False,False
veh3885,39920550#0->-50323229#7,veh_passenger,26031.00,26353.00,322.00,1159.52,0.00,False,False
veh3773,1335304386#1->47087993#2,veh_passenger,25281.00,26354.00,1073.00,3034.49,0.00,False,False
veh3904,1323097577->-1255099069,veh_passenger,26158.00,26383.00,225.00,932.04,0.00,False,False
veh3887,513082641#2->50323229#13,veh_passenger,26044.00,26386.00,342.00,2309.12,0.00,False,False
veh3760,1125986375#1->513082627,veh_passenger,25193.00,26389.00,1196.00,1844.88,0.00,False,False
veh3889,-238219441#0->-143546557,veh_passenger,26058.00,26389.00,331.00,1130.44,0.00,False,False
veh3903,40140141#6->474143552#3,veh_passenger,26152.00,26389.00,237.00,1813.88,0.00,False,False
bus432,654297634->1211151640,bus_bus,25921.00,26393.00,472.00,1762.12,0.00,False,False
bus434,12090453#0->-1335304371,bus_bus,26041.00,26429.00,388.00,2257.44,0.00,False,False
veh3924,-39838984#0->761486028#1,veh_passenger,26292.00,26441.00,149.00,591.60,0.00,False,False
veh3396,1064476622#1->513272949,veh_passenger,22755.00,26451.00,3696.00,1460.16,0.00,False,False
veh3439,-178723097#1->1068916338,veh_passenger,23043.00,26471.00,3428.00,505.44,0.00,False,False
veh3913,240666069#3->1233759524,veh_passenger,26219.00,26474.00,255.00,1621.09,0.00,False,False
veh3914,238219472#3->40109290#5,veh_passenger,26225.00,26475.00,250.00,1169.16,0.00,False,False
veh3926,-1068434202->83428923#0,veh_passenger,26306.00,26478.00,172.00,464.37,0.00,False,False
bus436,654530820#1->-10748045#1,bus_bus,26161.00,26482.00,321.00,3545.97,0.00,False,False
veh3910,39920505#8->-654297632#2,veh_passenger,26198.00,26482.00,284.00,889.19,0.00,False,False
bus430,-39838657#1->1235501860,bus_bus,25801.00,26486.00,685.00,1150.00,0.00,False,False
veh3928,39920550#7->-1272337500,veh_passenger,26319.00,26492.00,173.00,1179.03,0.00,False,False
veh3728,1214520079->39838520#3,veh_passenger,24981.00,26498.00,1517.00,954.43,0.00,False,False
veh3888,-240666072#1->-40138633#0,veh_passenger,26051.00,26504.00,453.00,2911.64,0.00,False,False
veh3923,50323229#0->-1222703383,veh_passenger,26286.00,26505.00,219.00,865.25,0.00,False,False
veh3875,1323097579#1->178702258#0,veh_passenger,25964.00,26506.00,542.00,1785.85,0.00,False,False
veh3911,1226645411->1335304385,veh_passenger,26211.00,26509.00,298.00,3276.74,0.00,False,False
veh3942,178699056#0->509524224,veh_passenger,26413.00,26516.00,103.00,989.07,0.00,False,False
veh3834,40138633#3->178699056#1,veh_passenger,25689.00,26527.00,838.00,2922.48,0.00,False,False
veh3893,515123442#3->33683458#2,veh_passenger,26085.00,26529.00,444.00,3302.58,0.00,False,False
veh3779,-40035904#1->1421367508,veh_passenger,25321.00,26532.00,1211.00,3009.82,0.00,False,False
truck218,511187808#0->47087993#0,truck_truck,26161.00,26541.00,380.00,1865.77,0.00,False,False
veh3933,-40035606#0->-422842976,veh_passenger,26353.00,26553.00,200.00,1356.04,0.00,False,False
veh3922,515136608->-654297629#5,veh_passenger,26279.00,26557.00,278.00,2280.76,0.00,False,False
bus439,-1335304372->39921025#4,bus_bus,26341.00,26568.00,227.00,773.62,0.00,False,False
bus440,150928465->900399275,bus_bus,26401.00,26573.00,172.00,1947.09,0.00,False,False
bus438,654530820#0->510107701,bus_bus,26281.00,26584.00,303.00,1725.64,0.00,False,False
veh3951,50323229#0->-401226926#0,veh_passenger,26473.00,26590.00,117.00,812.17,0.00,False,False
veh3841,1131969257->-1322916760#1,veh_passenger,25736.00,26600.00,864.00,2015.06,0.00,False,False
veh3915,437445541#1->40138941#2,veh_passenger,26232.00,26603.00,371.00,4324.97,0.00,False,False
veh3965,-1335304386#0->1222703382,veh_passenger,26567.00,26618.00,51.00,330.08,0.00,False,False
veh3937,47225638#0->401226926#0,veh_passenger,26379.00,26626.00,247.00,2875.87,0.00,False,False
veh3921,509647506->8758061,veh_passenger,26272.00,26632.00,360.00,2100.58,0.00,False,False
veh3938,1064476620#3->-40036009#1,veh_passenger,26386.00,26639.00,253.00,949.19,0.00,False,False
veh3448,1131969257->-1255099069,veh_passenger,23103.00,26646.00,3543.00,804.46,0.00,False,False
veh3959,-10748036->10250021#3,veh_passenger,26527.00,26648.00,121.00,389.39,0.00,False,False
veh3931,-1292541108->-1273405490,veh_passenger,26339.00,26651.00,312.00,1354.04,0.00,False,False
bus442,-422842976->-240666072#1,bus_bus,26521.00,26655.00,134.00,1185.55,0.00,False,False
veh3920,1067928306#1->-39920593#6,veh_passenger,26265.00,26663.00,398.00,2543.44,0.00,False,False
veh3847,900287035->47267007#0,veh_passenger,25776.00,26665.00,889.00,2998.54,0.00,False,False
veh3962,654297633->-10628444#1,veh_passenger,26547.00,26666.00,119.00,897.26,0.00,False,False
veh3804,1074409232#1->437445541#2,veh_passenger,25488.00,26667.00,1179.00,2069.36,0.00,False,False
veh3874,40138633#2->-47267007#2,veh_passenger,25957.00,26682.00,725.00,3408.63,0.00,False,False
veh3927,11631594#3->40138633#3,veh_passenger,26312.00,26682.00,370.00,1804.04,0.00,False,False
veh3771,-238219441#0->-178723097#0,veh_passenger,25267.00,26686.00,1419.00,1122.88,0.00,False,False
veh3954,-1290439817#0->33683458#0,veh_passenger,26493.00,26695.00,202.00,1426.10,0.00,False,False
veh3945,14924729#2->9374529#1,veh_passenger,26433.00,26699.00,266.00,1778.50,0.00,False,False
veh3948,178702243#1->509646057#2,veh_passenger,26453.00,26700.00,247.00,2703.36,0.00,False,False
veh3788,975216740->653860562,veh_passenger,25381.00,26702.00,1321.00,1108.76,0.00,False,False
veh3720,-1297720367->428730793#1,veh_passenger,24925.00,26703.00,1778.00,2928.66,0.00,False,False
veh3748,515040937->-428730813#1,veh_passenger,25113.00,26704.00,1591.00,2669.14,0.00,False,False
veh3816,178583167#1->-654530820#1,veh_passenger,25569.00,26704.00,1135.00,3271.96,0.00,False,False
veh3840,1100626103#0->381945549#0,veh_passenger,25729.00,26706.00,977.00,3337.32,0.00,False,False
veh3918,1100626103#3->511185049,veh_passenger,26252.00,26709.00,457.00,1842.61,0.00,False,False
veh3946,-39838630#2->-488788630#1,veh_passenger,26440.00,26716.00,276.00,1941.37,0.00,False,False
truck217,24576913#1->401226926#0,truck_truck,26041.00,26720.00,679.00,1647.73,0.00,False,False
veh3944,-40036062#0->8887999#1,veh_passenger,26426.00,26726.00,300.00,1732.97,0.00,False,False
veh3955,509646057#0->-1068916336,veh_passenger,26500.00,26737.00,237.00,1020.56,0.00,False,False
veh3963,1125986373#2->1064398309#0,veh_passenger,26554.00,26737.00,183.00,868.80,0.00,False,False
veh3972,-1335304372->40297715#0,veh_passenger,26614.00,26742.00,128.00,444.99,0.00,False,False
veh3950,1068434199->39920505#11,veh_passenger,26466.00,26750.00,284.00,1662.81,0.00,False,False
veh3929,509524226->513082627,veh_passenger,26326.00,26754.00,428.00,1789.41,0.00,False,False
veh3884,1234244927#1->-39921673#1,veh_passenger,26024.00,26755.00,731.00,771.05,0.00,False,False
veh3964,1214520074#1->-451728952#3,veh_passenger,26560.00,26755.00,195.00,914.08,0.00,False,False
veh3789,1234244926->39838520#3,veh_passenger,25388.00,26756.00,1368.00,655.83,0.00,False,False
veh3970,1064476625->-40035606#2,veh_passenger,26600.00,26756.00,156.00,926.69,0.00,False,False
veh3905,238219472#3->730912750,veh_passenger,26165.00,26767.00,602.00,2181.14,0.00,False,False
veh3949,490474063#3->1298335704#0,veh_passenger,26460.00,26768.00,308.00,1305.47,0.00,False,False
veh3978,10748036->1125986375#0,veh_passenger,26654.00,26770.00,116.00,673.87,0.00,False,False
veh3774,-564273553#4->39921673#1,veh_passenger,25287.00,26785.00,1498.00,1206.60,0.00,False,False
veh3997,511187808#1->521704053,veh_passenger,26781.00,26800.00,19.00,163.39,0.00,False,False
veh3908,1234244925#0->40109290#5,veh_passenger,26185.00,26805.00,620.00,2090.70,0.00,False,False
veh3981,12090453#1->-479863106#0,veh_passenger,26674.00,26806.00,132.00,1243.32,0.00,False,False
veh3831,40109290#0->513087668,veh_passenger,25669.00,26817.00,1148.00,2946.21,0.00,False,False
bus441,1068916336->1125986387,bus_bus,26461.00,26818.00,357.00,1511.44,0.00,False,False
veh3956,10629709#2->178583148#2-AddedOnRampEdge,veh_passenger,26507.00,26841.00,334.00,1634.07,0.00,False,False
veh3977,10748045#2->474143552#2,veh_passenger,26647.00,26841.00,194.00,873.99,0.00,False,False
truck220,1118804250->450616334#0,truck_truck,26401.00,26843.00,442.00,2803.55,0.00,False,False
veh3973,513082641#2-AddedOnRampEdge->488788637#1,veh_passenger,26621.00,26843.00,222.00,2194.94,0.00,False,False
truck223,178583149->33683458#0,truck_truck,26761.00,26845.00,84.00,1091.06,0.00,False,False
bus425,490474063#0->515136604,bus_bus,25501.00,26858.00,1357.00,2883.46,0.00,False,False
veh3939,513082640->-10748036,veh_passenger,26393.00,26861.00,468.00,2000.28,0.00,False,False
veh3532,1075505400#3->-39920593#3,veh_passenger,23666.00,26878.00,3212.00,1667.79,0.00,False,False
truck224,-50323229#13->-50323229#10,truck_truck,26881.00,26889.00,8.00,1.78,0.00,False,False
veh4009,-1326094888->428730813#0,veh_passenger,26862.00,26900.00,38.00,397.58,0.00,False,False
veh3967,488788630#0->-40035606#0,veh_passenger,26580.00,26901.00,321.00,3365.24,0.00,False,False
veh4010,521701860->538432098,veh_passenger,26868.00,26908.00,40.00,479.42,0.00,False,False
bus429,-1332638391#0->513272950#0,bus_bus,25741.00,26918.00,1177.00,767.94,0.00,False,False
veh3990,10629474#1->1125986377#2,veh_passenger,26734.00,26920.00,186.00,497.58,0.00,False,False
veh3821,-1260481154->1231065652,veh_passenger,25602.00,26923.00,1321.00,3176.85,0.00,False,False
veh3842,40138239#3->178699051#0,veh_passenger,25743.00,26925.00,1182.00,1650.75,0.00,False,False
veh3975,-40109290#3->822782498,veh_passenger,26634.00,26926.00,292.00,2116.33,0.00,False,False
veh3328,24576913#0->1297720367,veh_passenger,22299.00,26938.00,4639.00,526.80,0.00,False,False
veh3996,511187808#4->1214520075,veh_passenger,26775.00,26945.00,170.00,307.13,0.00,False,False
veh4011,47087992#1->-47224972#0,veh_passenger,26875.00,26969.00,94.00,1480.99,0.00,False,False
veh3966,428730813#1->-142741729#1,veh_passenger,26574.00,26976.00,402.00,3470.56,0.00,False,False
veh4001,511409856#1->40035606#2,veh_passenger,26808.00,26989.00,181.00,1563.00,0.00,False,False
veh3999,11635095-AddedOffRampEdge->40035606#2,veh_passenger,26795.00,26991.00,196.00,3032.11,0.00,False,False
veh3976,39920505#4->654297628,veh_passenger,26641.00,27007.00,366.00,1678.30,0.00,False,False
veh3568,-1125986386->488788637#1,veh_passenger,23907.00,27009.00,3102.00,560.21,0.00,False,False
veh4008,1292578228-AddedOnRampEdge->39920505#12,veh_passenger,26855.00,27019.00,164.00,394.11,0.00,False,False
veh3971,1290456019->515040940#0,veh_passenger,26607.00,27020.00,413.00,2514.45,0.00,False,False
truck221,509647506->687878722#0,truck_truck,26521.00,27023.00,502.00,2090.59,0.00,False,False
veh4027,1323097575#1->40036062#1,veh_passenger,26982.00,27023.00,41.00,323.62,0.00,False,False
veh4014,10628444#2->-1125986375#1,veh_passenger,26895.00,27025.00,130.00,1011.57,0.00,False,False
veh4022,-1260485929#1->1222181935,veh_passenger,26949.00,27034.00,85.00,346.15,0.00,False,False
bus396,-71269782->474143552#6,bus_bus,23761.00,27040.00,3279.00,1180.98,0.00,False,False
veh3984,1335304376#1->488788633#2,veh_passenger,26694.00,27045.00,351.00,2654.77,0.00,False,False
veh3859,39920505#11->-1068144846#1,veh_passenger,25857.00,27046.00,1189.00,2468.22,0.00,False,False
veh3475,1201484855->1068434235,veh_passenger,23284.00,27047.00,3763.00,834.81,0.00,False,False
veh3994,513082623->39920550#1,veh_passenger,26761.00,27049.00,288.00,4209.99,0.00,False,False
veh4028,-40109290#3->40138239#1,veh_passenger,26989.00,27053.00,64.00,275.18,0.00,False,False
bus443,509524230->1235501861#1,bus_bus,26581.00,27055.00,474.00,1349.19,0.00,False,False
veh4007,1290439820->-1335304371,veh_passenger,26848.00,27055.00,207.00,970.20,0.00,False,False
veh3987,47225638#0->-1326193809,veh_passenger,26714.00,27059.00,345.00,3082.61,0.00,False,False
veh4020,39921673#0->10250021#4,veh_passenger,26935.00,27059.00,124.00,426.39,0.00,False,False
veh4034,428730813#3->428730818#3,veh_passenger,27029.00,27061.00,32.00,353.13,0.00,False,False
veh3992,47087993#0->-83563455,veh_passenger,26748.00,27075.00,327.00,2939.48,0.00,False,False
veh4019,131671623->-1214520076,veh_passenger,26929.00,27080.00,151.00,1099.14,0.00,False,False
veh3653,238219441#1->10628430,veh_passenger,24477.00,27088.00,2611.00,877.24,0.00,False,False
veh4032,39763700#4->1068434256#1,veh_passenger,27016.00,27107.00,91.00,581.95,0.00,False,False
truck225,1237953497->-1068916339,truck_truck,27001.00,27112.00,111.00,738.99,0.00,False,False
veh3431,-1211151638->-10628430,veh_passenger,22993.00,27113.00,4120.00,700.49,0.00,False,False
veh3852,10250021#2->24576922#0,veh_passenger,25810.00,27120.00,1310.00,688.88,0.00,False,False
bus447,-33683346#0->178583153-AddedOnRampEdge,bus_bus,26821.00,27124.00,303.00,1582.08,0.00,False,False
veh3815,-1125986379#1->-449565665#2,veh_passenger,25562.00,27126.00,1564.00,674.41,0.00,False,False
veh3571,39366819#0->-1297720368,veh_passenger,23927.00,27129.00,3202.00,1399.14,0.00,False,False
veh4031,-1290439817#0->39921025#0,veh_passenger,27009.00,27129.00,120.00,770.42,0.00,False,False
veh3982,381945551->-1273251150#1,veh_passenger,26681.00,27135.00,454.00,4047.26,0.00,False,False
veh4037,511187818->-240666072#0,veh_passenger,27049.00,27135.00,86.00,1170.57,0.00,False,False
veh3983,-40035904#1->39838691#8,veh_passenger,26688.00,27139.00,451.00,2348.80,0.00,False,False
veh3993,131671623->-761486028#1,veh_passenger,26755.00,27145.00,390.00,2224.54,0.00,False,False
bus449,-47224972#0->-478286980#0,bus_bus,26941.00,27153.00,212.00,299.54,0.00,False,False
veh3894,-405382146#1->160077493,veh_passenger,26094.00,27154.00,1060.00,2677.95,0.00,False,False
veh3943,40138941#0->1234244925#2,veh_passenger,26420.00,27180.00,760.00,2558.07,0.00,False,False
veh3988,-1335304373#0->1068434200#0,veh_passenger,26721.00,27188.00,467.00,1597.96,0.00,False,False
veh4039,14924729#1->-10628429,veh_passenger,27063.00,27193.00,130.00,1013.30,0.00,False,False
veh4029,1125986373#0->40109290#4,veh_passenger,26996.00,27194.00,198.00,1137.97,0.00,False,False
veh3901,-10250021#3->654297629#3,veh_passenger,26138.00,27196.00,1058.00,906.72,0.00,False,False
veh4012,10725667->1068434205,veh_passenger,26882.00,27199.00,317.00,2724.32,0.00,False,False
veh3961,-1125986386->1068434201,veh_passenger,26540.00,27202.00,662.00,962.70,0.00,False,False
veh4045,838061038->240666069#2,veh_passenger,27103.00,27203.00,100.00,1208.60,0.00,False,False
veh3752,-39838530->1332638368#2,veh_passenger,26604.00,27221.00,617.00,1466.42,0.00,False,False
veh4003,428730813#0->-654297631,veh_passenger,26822.00,27226.00,404.00,2562.60,0.00,False,False
bus445,238219472#0->-1068144846#1,bus_bus,26701.00,27227.00,526.00,2081.83,0.00,False,False
veh4025,515126385#0->10748045#2,veh_passenger,26969.00,27231.00,262.00,2955.72,0.00,False,False
veh4021,39838984#0->-1323097576,veh_passenger,26946.00,27237.00,291.00,1649.80,0.00,False,False
veh4054,24621218#3->178583153,veh_passenger,27163.00,27241.00,78.00,557.00,0.00,False,False
bus397,24577455#0->1068434208#0-AddedOffRampEdge,bus_bus,23821.00,27245.00,3424.00,1786.28,0.00,False,False
veh4005,-40109239->1214520074#4,veh_passenger,26835.00,27246.00,411.00,2406.83,0.00,False,False
veh4030,1211151636->-10629474#0,veh_passenger,27002.00,27246.00,244.00,1578.45,0.00,False,False
bus450,511187815->1067928306#2,bus_bus,27001.00,27260.00,259.00,1341.85,0.00,False,False
bus431,39920505#9->428730793#0,bus_bus,25861.00,27268.00,1407.00,3864.62,0.00,False,False
veh4038,83563455->1222181937,veh_passenger,27056.00,27273.00,217.00,2299.67,0.00,False,False
veh4060,39763700#3->12247569,veh_passenger,27203.00,27276.00,73.00,723.52,0.00,False,False
veh4018,1125986377#2->1235754993#0,veh_passenger,26922.00,27280.00,358.00,1058.08,0.00,False,False
veh4065,1272548721->1201484855,veh_passenger,27237.00,27282.00,45.00,575.11,0.00,False,False
veh4041,-39838630#3->1260485931#0,veh_passenger,27076.00,27283.00,207.00,1667.50,0.00,False,False
veh4006,-1260485931#1->1211151635#1,veh_passenger,26842.00,27284.00,442.00,2246.79,0.00,False,False
veh4024,50323229#14->-1332638391#2,veh_passenger,26962.00,27284.00,322.00,1965.55,0.00,False,False
bus453,-39838751#1->-39366819#0,bus_bus,27181.00,27297.00,116.00,657.11,0.00,False,False
veh4033,968332513#1->654297634,veh_passenger,27023.00,27298.00,275.00,1049.62,0.00,False,False
veh4042,83563432->-1335304385,veh_passenger,27083.00,27302.00,219.00,3162.95,0.00,False,False
veh3969,24576922#1->511187808#3,veh_passenger,26594.00,27304.00,710.00,1761.44,0.00,False,False
veh4070,-900279869->509646054,veh_passenger,27270.00,27306.00,36.00,60.93,0.00,False,False
veh3953,-451728952#4->-178723097#1,veh_passenger,26487.00,27314.00,827.00,2118.06,0.00,False,False
veh3867,116831467->-1068144846#1,veh_passenger,25910.00,27318.00,1408.00,2671.34,0.00,False,False
veh4036,1273405490->-39921673#1,veh_passenger,27043.00,27326.00,283.00,1222.65,0.00,False,False
veh3873,422842976->1074771163#1-AddedOffRampEdge,veh_passenger,25951.00,27330.00,1379.00,1436.87,0.00,False,False
veh3940,439836128#0-AddedOffRampEdge->1337646276,veh_passenger,26399.00,27334.00,935.00,3096.95,0.00,False,False
veh4051,150928465->47087992#5,veh_passenger,27143.00,27338.00,195.00,2700.60,0.00,False,False
veh4048,1337646271#0->511409188#0,veh_passenger,27123.00,27345.00,222.00,1402.53,0.00,False,False
veh4067,-39838630#1->838061037,veh_passenger,27250.00,27354.00,104.00,832.54,0.00,False,False
veh4059,-14924729#0->39920550#0,veh_passenger,27197.00,27377.00,180.00,1275.73,0.00,False,False
veh3337,521708587#2->-1335304386#0,veh_passenger,22359.00,27384.00,5025.00,1710.90,0.00,False,False
veh3582,-24576913#2->39920593#6,veh_passenger,24120.00,27385.00,3265.00,1365.29,0.00,False,False
veh4085,178699051#1->666886085#0,veh_passenger,27371.00,27387.00,16.00,216.14,0.00,False,False
bus452,-10250021#4->511187808#2,bus_bus,27121.00,27389.00,268.00,846.46,0.00,False,False
veh4049,40109290#4->39920505#9,veh_passenger,27130.00,27392.00,262.00,1162.01,0.00,False,False
veh4046,-1067928307#2->490474063#8,veh_passenger,27110.00,27401.00,291.00,3182.50,0.00,False,False
veh4053,1235501861#0->-40297715#0,veh_passenger,27157.00,27402.00,245.00,732.82,0.00,False,False
veh4056,40035606#2->1254816452,veh_passenger,27177.00,27403.00,226.00,1106.94,0.00,False,False
bus456,-1067928307#3->47267007#1,bus_bus,27361.00,27404.00,43.00,379.02,0.00,False,False
veh4068,49224804#0->40139504#0,veh_passenger,27257.00,27405.00,148.00,1265.55,0.00,False,False
veh3934,428730818#0->439836130#0-AddedOffRampEdge,veh_passenger,26359.00,27413.00,1054.00,3149.81,0.00,False,False
veh3868,50323226->47087992#2,veh_passenger,25917.00,27414.00,1497.00,3471.79,0.00,False,False
truck226,1074771163#0->40035325#0,truck_truck,27121.00,27414.00,293.00,961.55,0.00,False,False
veh4074,490474063#3->50323226,veh_passenger,27297.00,27415.00,118.00,796.82,0.00,False,False
veh4035,1068434203->-40035606#1,veh_passenger,27036.00,27442.00,406.00,2268.46,0.00,False,False
veh3991,-1332638368#1->-40297715#3,veh_passenger,26741.00,27454.00,713.00,2874.65,0.00,False,False
veh4043,-50323229#0->967985513#0,veh_passenger,27090.00,27470.00,380.00,1550.21,0.00,False,False
veh4052,-240666072#2->-40140017#2,veh_passenger,27150.00,27479.00,329.00,1804.03,0.00,False,False
veh3857,511187812->-437445540,veh_passenger,25843.00,27489.00,1646.00,2216.80,0.00,False,False
veh3640,-1211151638->967985513#2,veh_passenger,24389.00,27490.00,3101.00,1802.82,0.00,False,False
veh4017,1196008692#1->654297631,veh_passenger,26915.00,27504.00,589.00,1456.42,0.00,False,False
veh4002,39838520#3->39920505#2,veh_passenger,26815.00,27506.00,691.00,1213.47,0.00,False,False
veh4088,24621218#1->-1068916336,veh_passenger,27391.00,27552.00,161.00,619.84,0.00,False,False
veh4086,-474143552#1->-1335304371,veh_passenger,27382.00,27559.00,177.00,869.67,0.00,False,False
veh4107,-1273405490->40036009#3,veh_passenger,27518.00,27578.00,60.00,335.80,0.00,False,False
veh4082,143546557->1254816452,veh_passenger,27351.00,27580.00,229.00,1130.01,0.00,False,False
veh4091,428730813#2->-39838691#10,veh_passenger,27411.00,27580.00,169.00,1721.28,0.00,False,False
veh4066,-451728952#5->1298335704#1,veh_passenger,27244.00,27590.00,346.00,1600.98,0.00,False,False
veh4073,12262310#0-AddedOffRampEdge->-1068074793,veh_passenger,27291.00,27590.00,299.00,2766.09,0.00,False,False
veh3367,39838691#3->33683458#0,veh_passenger,22560.00,27598.00,5038.00,2074.25,0.00,False,False
veh3935,40109290#3->1067953246,veh_passenger,26366.00,27599.00,1233.00,3662.80,0.00,False,False
bus437,10748045#0->1226645410,bus_bus,26221.00,27609.00,1388.00,2898.46,0.00,False,False
veh4072,-654297629#4->515130026#0,veh_passenger,27284.00,27623.00,339.00,2046.60,0.00,False,False
veh3979,511187807->1235754993#1,veh_passenger,26661.00,27629.00,968.00,1566.95,0.00,False,False
veh4084,39838691#0->-856175964,veh_passenger,27364.00,27632.00,268.00,1128.30,0.00,False,False
veh3960,8887999#2->178702258#2,veh_passenger,26533.00,27636.00,1103.00,1321.97,0.00,False,False
veh4080,39838984#0->9374529#1,veh_passenger,27337.00,27643.00,306.00,1138.06,0.00,False,False
veh4095,160077494->-654297632#0,veh_passenger,27438.00,27647.00,209.00,1960.48,0.00,False,False
veh4090,-1292541108->1204070282,veh_passenger,27404.00,27648.00,244.00,960.44,0.00,False,False
truck227,1214520078->-401226926#1,truck_truck,27241.00,27649.00,408.00,1739.49,0.00,False,False
veh4103,1335304373#1->1125986377#0,veh_passenger,27492.00,27650.00,158.00,1122.84,0.00,False,False
bus454,-515126385#1->-40138239#2,bus_bus,27241.00,27652.00,411.00,3030.34,0.00,False,False
veh4069,428730813#1->-10628444#0,veh_passenger,27264.00,27666.00,402.00,2483.95,0.00,False,False
bus448,-1237953493->449565665#3,bus_bus,26881.00,27679.00,798.00,1164.56,0.00,False,False
veh3941,-10629474#1->509524228,veh_passenger,26406.00,27693.00,1287.00,2418.69,0.00,False,False
veh4102,515123442#1->-1332638391#2,veh_passenger,27485.00,27701.00,216.00,1603.34,0.00,False,False
truck229,39838630#1->-1068916335,truck_truck,27481.00,27734.00,253.00,1232.59,0.00,False,False
veh4115,428730813#1->564273553#2,veh_passenger,27572.00,27734.00,162.00,1754.10,0.00,False,False
veh4104,509524227#1->1211151640,veh_passenger,27498.00,27735.00,237.00,1108.78,0.00,False,False
veh4132,666886084#1->1332638391#0,veh_passenger,27686.00,27744.00,58.00,444.83,0.00,False,False
veh4135,1235501861#1->178723097#1,veh_passenger,27706.00,27749.00,43.00,404.35,0.00,False,False
veh3952,488788626#0->39920505#6,veh_passenger,26482.00,27760.00,1278.00,669.96,0.00,False,False
veh4061,1335304375->449565665#2,veh_passenger,27210.00,27765.00,555.00,1380.75,0.00,False,False
bus458,-40138239#4->-1204070283#0,bus_bus,27481.00,27765.00,284.00,1640.37,0.00,False,False
veh4116,-451728952#1->-1068916339,veh_passenger,27579.00,27768.00,189.00,1472.21,0.00,False,False
veh4110,-422842976->-10629474#0,veh_passenger,27538.00,27773.00,235.00,935.52,0.00,False,False
veh3636,421846558#1->-10628444#2,veh_passenger,24363.00,27774.00,3411.00,879.84,0.00,False,False
veh3925,40138239#1->11635146#1,veh_passenger,26299.00,27776.00,1477.00,4403.97,0.00,False,False
veh4079,238219472#3->-39838657#3,veh_passenger,27331.00,27776.00,445.00,1696.45,0.00,False,False
veh4122,1015424648->1326094888,veh_passenger,27619.00,27782.00,163.00,1801.06,0.00,False,False
veh4057,1064398309#1->39838657#1,veh_passenger,27183.00,27783.00,600.00,1858.71,0.00,False,False
veh4106,-1272337500->72157794,veh_passenger,27512.00,27783.00,271.00,1366.32,0.00,False,False
veh4137,-1254633077#1->-40138239#2,veh_passenger,27719.00,27784.00,65.00,273.06,0.00,False,False
veh3980,515040940#0->47224972#1,veh_passenger,26667.00,27801.00,1134.00,1606.17,0.00,False,False
veh4117,-1068144847->1421367925,veh_passenger,27585.00,27803.00,218.00,1240.77,0.00,False,False
bus444,39920505#1->39838691#2,bus_bus,26641.00,27811.00,1170.00,1893.17,0.00,False,False
veh4055,1204070281->509646063#1,veh_passenger,27170.00,27811.00,641.00,1478.53,0.00,False,False
veh3986,178583155->838061038,veh_passenger,26708.00,27817.00,1109.00,1941.72,0.00,False,False
veh4097,47087992#4->39920593#1,veh_passenger,27451.00,27822.00,371.00,3254.29,0.00,False,False
veh3386,-39838691#1->-474143552#3,veh_passenger,22688.00,27826.00,5138.00,1551.92,0.00,False,False
veh4096,47224972#1->474143552#3,veh_passenger,27445.00,27829.00,384.00,1128.21,0.00,False,False
bus455,39920011#3->-1068144849#2,bus_bus,27301.00,27830.00,529.00,3464.25,0.00,False,False
veh4094,515124965#2->1067928307#2,veh_passenger,27431.00,27830.00,399.00,1962.80,0.00,False,False
veh4109,515130028#0->490474063#1,veh_passenger,27532.00,27834.00,302.00,2987.09,0.00,False,False
veh3602,666886085#0->240666069#2,veh_passenger,24135.00,27835.00,3700.00,1701.84,0.00,False,False
veh3458,24576913#2->1204070282,veh_passenger,23170.00,27838.00,4668.00,615.53,0.00,False,False
veh4105,1332638391#1->-1068144846#2,veh_passenger,27505.00,27842.00,337.00,1159.14,0.00,False,False
veh4143,1125986374->-1260485931#1,veh_passenger,27760.00,27843.00,83.00,465.79,0.00,False,False
veh4023,39920684#1->-838061038,veh_passenger,26956.00,27848.00,892.00,1870.81,0.00,False,False
veh4121,40297715#2->654297635#0,veh_passenger,27612.00,27852.00,240.00,1104.00,0.00,False,False
truck222,1231065643->439836130#0,truck_truck,26641.00,27854.00,1213.00,1841.75,0.00,False,False
veh4125,428730818#3->1335304376#1,veh_passenger,27639.00,27860.00,221.00,2834.35,0.00,False,False
veh4144,39920550#10->11631594#1,veh_passenger,27766.00,27865.00,99.00,380.02,0.00,False,False
truck230,1214520070->178702258#2,truck_truck,27603.00,27879.00,276.00,857.02,0.00,False,False
veh4120,1068916338->-50323229#10,veh_passenger,27605.00,27880.00,275.00,1448.67,0.00,False,False
veh4136,11635095-AddedOffRampEdge->39838984#1,veh_passenger,27713.00,27881.00,168.00,1414.68,0.00,False,False
veh3891,39763700#2->-33683346#0,veh_passenger,26071.00,27889.00,1818.00,2308.84,0.00,False,False
veh3974,39920505#8->47087993#5,veh_passenger,26627.00,27891.00,1264.00,3227.48,0.00,False,False
bus463,654297633->-1125986377#2,bus_bus,27781.00,27914.00,133.00,702.76,0.00,False,False
veh4081,-40140017#3->515136603,veh_passenger,27344.00,27916.00,572.00,2103.07,0.00,False,False
veh4149,-147711065#2->10628444#2,veh_passenger,27800.00,27916.00,116.00,706.10,0.00,False,False
veh4157,1068916336->1204070283#0,veh_passenger,27853.00,27922.00,69.00,327.59,0.00,False,False
veh3985,-39920593#4->513082627,veh_passenger,26701.00,27923.00,1222.00,1200.59,0.00,False,False
veh4089,40138633#2->521708587#1,veh_passenger,27398.00,27925.00,527.00,2578.41,0.00,False,False
veh4127,-451728952#1->-40139504#1,veh_passenger,27652.00,27926.00,274.00,1926.58,0.00,False,False
veh4124,178699049->1067928306#0,veh_passenger,27632.00,27929.00,297.00,2499.55,0.00,False,False
bus457,-509646056->1064476624,bus_bus,27421.00,27933.00,512.00,1060.89,0.00,False,False
truck231,-1068916335->39920505#12,truck_truck,27721.00,27936.00,215.00,488.11,0.00,False,False
veh4087,1254633078#1->39838691#9,veh_passenger,27384.00,27946.00,562.00,2561.56,0.00,False,False
veh4140,50323226->39920505#4,veh_passenger,27739.00,27947.00,208.00,1445.26,0.00,False,False
veh4146,1068434206->-10629474#1,veh_passenger,27780.00,27950.00,170.00,856.47,0.00,False,False
veh4141,-1074409256#0->-405382146#0,veh_passenger,27746.00,27954.00,208.00,721.60,0.00,False,False
veh4000,1338361263->-8887999#2,veh_passenger,26801.00,27956.00,1155.00,1324.39,0.00,False,False
veh4142,1068434236->475044040#3,veh_passenger,27753.00,27957.00,204.00,1478.46,0.00,False,False
veh3389,654297629#5->24577522#3,veh_passenger,22708.00,27959.00,5251.00,1471.62,0.00,False,False
veh4158,238219449->1064476619,veh_passenger,27860.00,27959.00,99.00,669.77,0.00,False,False
veh4004,509647505->1064476624,veh_passenger,26828.00,27963.00,1135.00,1702.28,0.00,False,False
veh4169,40109290#0->1273251151,veh_passenger,27934.00,27965.00,31.00,228.57,0.00,False,False
veh4118,-40035904#1->511405572,veh_passenger,27592.00,27967.00,375.00,2178.05,0.00,False,False
veh3822,564273553#2->1338361263,veh_passenger,25609.00,27969.00,2360.00,980.07,0.00,False,False
veh4155,975216739->1231065654,veh_passenger,27840.00,27984.00,144.00,430.38,0.00,False,False
veh4139,24576922#2->1067928305#2,veh_passenger,27733.00,27986.00,253.00,2758.76,0.00,False,False
veh4063,1260481150->24576913#2,veh_passenger,27224.00,27995.00,771.00,1839.16,0.00,False,False
bus461,47087366#1->1335304371,bus_bus,27661.00,28002.00,341.00,2573.16,0.00,False,False
veh4123,666886084#1->1100626103#1,veh_passenger,27629.00,28003.00,374.00,1351.69,0.00,False,False
veh4112,33683346#2->-1074771160,veh_passenger,27552.00,28017.00,465.00,1867.81,0.00,False,False
veh4131,1068144849#2->479863106#1,veh_passenger,27679.00,28017.00,338.00,2391.90,0.00,False,False
veh4162,1214520075->515126384,veh_passenger,27887.00,28020.00,133.00,983.51,0.00,False,False
veh4166,40140141#9->10628442#1,veh_passenger,27914.00,28024.00,110.00,613.86,0.00,False,False
veh4134,437445540->499566574#0,veh_passenger,27699.00,28029.00,330.00,3700.38,0.00,False,False
veh4154,482569917#1->1337115429,veh_passenger,27833.00,28033.00,200.00,2187.54,0.00,False,False
veh4098,10628442#1->654297629#6,veh_passenger,27458.00,28035.00,577.00,923.75,0.00,False,False
veh4064,-10748045#0->1064476623,veh_passenger,27230.00,28042.00,812.00,2487.40,0.00,False,False
veh4126,13909444#6->1214520074#5,veh_passenger,27646.00,28049.00,403.00,2216.75,0.00,False,False
truck228,1297720367->-39838657#2,truck_truck,27361.00,28050.00,689.00,1164.85,0.00,False,False
veh3661,178699056#3->178583140#0,veh_passenger,24530.00,28060.00,3530.00,1127.26,0.00,False,False
veh4075,687878722#0->9792174#0,veh_passenger,27304.00,28063.00,759.00,3508.90,0.00,False,False
veh4145,47224972#0->-39366819#0,veh_passenger,27773.00,28068.00,295.00,831.58,0.00,False,False
veh4026,1100626103#3->1231065652,veh_passenger,26976.00,28075.00,1099.00,2842.95,0.00,False,False
veh4114,1324405519->39838520#0,veh_passenger,27565.00,28092.00,527.00,1886.20,0.00,False,False
veh4152,515123439->1233759524,veh_passenger,27820.00,28097.00,277.00,960.49,0.00,False,False
bus462,-147711065#2->1323097580#1,bus_bus,27721.00,28102.00,381.00,1428.02,0.00,False,False
veh4174,40035606#1->1254633077#1,veh_passenger,27967.00,28110.00,143.00,635.69,0.00,False,False
veh4015,-40036009#3->1298335705,veh_passenger,26902.00,28112.00,1210.00,2634.34,0.00,False,False
truck233,-1204070283#1->1196008691#0,truck_truck,27961.00,28114.00,153.00,1004.08,0.00,False,False
veh4092,1272337500->39838882,veh_passenger,27418.00,28125.00,707.00,2733.27,0.00,False,False
bus465,1335304385->1236283454,bus_bus,27901.00,28133.00,232.00,714.58,0.00,False,False
veh4183,-39838657#0->511404874#0,veh_passenger,28028.00,28139.00,111.00,532.49,0.00,False,False
veh3850,39838751#1->178699054,veh_passenger,25796.00,28145.00,2349.00,898.78,0.00,False,False
veh4159,39920011#1->511187812,veh_passenger,27867.00,28153.00,286.00,1675.27,0.00,False,False
veh4050,1273251150#1->12247568#1,veh_passenger,27136.00,28178.00,1042.00,3086.76,0.00,False,False
veh4163,521701860->-1125986377#0,veh_passenger,27894.00,28183.00,289.00,1026.22,0.00,False,False
veh4129,10629709#1->1214520070,veh_passenger,27666.00,28185.00,519.00,1946.64,0.00,False,False
veh4161,1064476618#0->509646057#2,veh_passenger,27880.00,28190.00,310.00,1381.97,0.00,False,False
veh4191,-474143552#4->-1290439817#0,veh_passenger,28081.00,28192.00,111.00,475.16,0.00,False,False
veh4100,240666069#1->-147711065#1,veh_passenger,27471.00,28194.00,723.00,1907.01,0.00,False,False
veh4083,-142741729#0->488788630#0,veh_passenger,27358.00,28198.00,840.00,2844.25,0.00,False,False
veh4078,50323229#11->488788630#0,veh_passenger,27324.00,28200.00,876.00,3191.78,0.00,False,False
bus451,-39920593#0->515126384,bus_bus,27061.00,28208.00,1147.00,2788.41,0.00,False,False
veh4156,-39838630#1->-40138633#3,veh_passenger,27847.00,28210.00,363.00,2024.87,0.00,False,False
veh4168,39366819#0->1214520071,veh_passenger,27927.00,28212.00,285.00,996.08,0.00,False,False
bus446,47088302#0->-515040940#0,bus_bus,26761.00,28241.00,1480.00,1937.11,0.00,False,False
bus464,47087993#0->511404873#0,bus_bus,27841.00,28248.00,407.00,2252.36,0.00,False,False
veh4170,509646059->83563455,veh_passenger,27940.00,28266.00,326.00,2454.40,0.00,False,False
veh4195,-14924729#1->-479863106#0,veh_passenger,28108.00,28272.00,164.00,814.58,0.00,False,False
veh4189,1067928307#2->-1322916760#1,veh_passenger,28068.00,28280.00,212.00,1372.88,0.00,False,False
bus467,1272337501->11631594#2,bus_bus,28021.00,28281.00,260.00,1143.18,0.00,False,False
veh3936,12247568#0->1074771163#1,veh_passenger,26373.00,28300.00,1927.00,1777.20,0.00,False,False
veh4178,-838061037->474143552#2,veh_passenger,27994.00,28301.00,307.00,2123.32,0.00,False,False
veh4203,10628444#1->-401226926#0,veh_passenger,28162.00,28304.00,142.00,864.51,0.00,False,False
veh4186,39920550#5->900287035,veh_passenger,28048.00,28309.00,261.00,1146.74,0.00,False,False
veh4160,9704194#1->521701859,veh_passenger,27873.00,28318.00,445.00,1312.53,0.00,False,False
veh4176,515126385#1->1125986387,veh_passenger,27981.00,28333.00,352.00,1364.98,0.00,False,False
veh4044,-40138239#4->11635146#1,veh_passenger,27096.00,28339.00,1243.00,4413.36,0.00,False,False
veh4113,8887999#1->9792174#1,veh_passenger,27559.00,28348.00,789.00,3372.95,0.00,False,False
veh4188,-50323229#7->-900279869,veh_passenger,28061.00,28350.00,289.00,1778.08,0.00,False,False
veh4184,1260481155->-39366819#0,veh_passenger,28034.00,28354.00,320.00,1078.97,0.00,False,False
veh4223,-474143552#4->474143552#3,veh_passenger,28296.00,28369.00,73.00,160.47,0.00,False,False
veh4209,-1323097580#0->1236283454,veh_passenger,28202.00,28375.00,173.00,986.02,0.00,False,False
veh4201,511404874#0->142741729#0,veh_passenger,28148.00,28381.00,233.00,2782.77,0.00,False,False
veh4200,1125986379#1->900279869,veh_passenger,28141.00,28388.00,247.00,640.26,0.00,False,False
veh4193,-1067928307#0->-488788637#1,veh_passenger,28095.00,28389.00,294.00,2198.03,0.00,False,False
veh4151,511187808#4-AddedOnRampEdge->-1273251150#1,veh_passenger,27813.00,28392.00,579.00,2412.72,0.00,False,False
veh4167,178699056#3->1068434200#0,veh_passenger,27920.00,28392.00,472.00,1019.76,0.00,False,False
veh4108,11635146#0->1068434200#0,veh_passenger,27525.00,28394.00,869.00,1958.37,0.00,False,False
veh4181,10250021#3->-40138633#1,veh_passenger,28014.00,28398.00,384.00,1700.53,0.00,False,False
veh4164,39920011#3->-1260485929#1,veh_passenger,27900.00,28406.00,506.00,1836.54,0.00,False,False
veh4204,39920505#12->-39921673#1,veh_passenger,28168.00,28406.00,238.00,985.30,0.00,False,False
veh4197,511187808#3->47087366#1,veh_passenger,28121.00,28418.00,297.00,1559.13,0.00,False,False
truck234,-488788630#1->1068916336,truck_truck,28081.00,28420.00,339.00,2844.58,0.00,False,False
veh4219,-1254816454->-142741729#1,veh_passenger,28271.00,28424.00,153.00,637.00,0.00,False,False
veh4207,39920550#6->1272337501,veh_passenger,28188.00,28446.00,258.00,1023.90,0.00,False,False
bus469,515130025->-1260481154,bus_bus,28141.00,28447.00,306.00,1341.36,0.00,False,False
truck232,-39838751#0->1292541108,truck_truck,27841.00,28462.00,621.00,783.77,0.00,False,False
bus466,72157792->-12247568#1,bus_bus,27961.00,28462.00,501.00,2276.26,0.00,False,False
truck235,451728952#3->1196008691#0,truck_truck,28201.00,28474.00,273.00,2552.98,0.00,False,False
veh4241,-39921673#0->-1335304372,veh_passenger,28416.00,28479.00,63.00,686.70,0.00,False,False
veh4236,240666072#2->1332638391#1,veh_passenger,28383.00,28482.00,99.00,986.92,0.00,False,False
veh4206,-437445542->-1068916338,veh_passenger,28182.00,28484.00,302.00,2371.06,0.00,False,False
veh3677,-1338361263->499566577#1,veh_passenger,24637.00,28490.00,3853.00,1140.14,0.00,False,False
veh4192,856175962->-1226645407,veh_passenger,28088.00,28492.00,404.00,1358.28,0.00,False,False
veh4215,1237953493->40035606#0,veh_passenger,28242.00,28502.00,260.00,1534.46,0.00,False,False
veh4216,39920505#0->72157794,veh_passenger,28249.00,28502.00,253.00,1018.14,0.00,False,False
veh4173,-14924729#2->1068434256#0,veh_passenger,27961.00,28505.00,544.00,1170.18,0.00,False,False
veh4187,1068434235->428730800,veh_passenger,28054.00,28524.00,470.00,2167.64,0.00,False,False
veh4199,515138054->-50323229#0,veh_passenger,28135.00,28524.00,389.00,3803.86,0.00,False,False
veh4182,-39838984#0->1290456019,veh_passenger,28021.00,28543.00,522.00,1687.33,0.00,False,False
veh4244,975216739->-83428923#1,veh_passenger,28436.00,28547.00,111.00,682.71,0.00,False,False
veh4253,1335304376#1->-654297631,veh_passenger,28497.00,28547.00,50.00,405.77,0.00,False,False
bus382,-39838691#9->1254633077#0,bus_bus,22921.00,28552.00,5631.00,2503.69,0.00,False,False
veh4214,15420532->1335304374,veh_passenger,28235.00,28557.00,322.00,3329.20,0.00,False,False
bus470,-1273251151->24621218#1,bus_bus,28201.00,28561.00,360.00,1404.20,0.00,False,False
veh4211,13866211->-1214520068,veh_passenger,28215.00,28564.00,349.00,2281.01,0.00,False,False
veh4228,1068144845#4->515136607,veh_passenger,28329.00,28570.00,241.00,1624.09,0.00,False,False
veh3853,488788630#0->449565665#3,veh_passenger,25817.00,28576.00,2759.00,1834.60,0.00,False,False
veh4179,-238219441#1->666886084#0,veh_passenger,28001.00,28622.00,621.00,958.27,0.00,False,False
veh4247,47087993#5->511187815,veh_passenger,28456.00,28624.00,168.00,1419.20,0.00,False,False
veh4231,-1067928305#2->1323097576,veh_passenger,28349.00,28627.00,278.00,3258.17,0.00,False,False
veh4198,1068144849#2->1273251150#1,veh_passenger,28128.00,28631.00,503.00,4114.31,0.00,False,False
veh4047,-1068074793->515126385#1,veh_passenger,27116.00,28636.00,1520.00,2861.09,0.00,False,False
veh4251,900279886->511187812,veh_passenger,28483.00,28654.00,171.00,1047.09,0.00,False,False
veh4224,1100626103#0->1064476620#3,veh_passenger,28302.00,28658.00,356.00,1629.02,0.00,False,False
veh4261,513272950#1->1211151640,veh_passenger,28550.00,28659.00,109.00,746.88,0.00,False,False
veh4260,-900279886->40035325#0,veh_passenger,28543.00,28669.00,126.00,569.62,0.00,False,False
veh4254,428730813#0->8887999#1,veh_passenger,28503.00,28670.00,167.00,1738.53,0.00,False,False
veh4040,1260485931#0->509524228,veh_passenger,27069.00,28674.00,1605.00,2467.91,0.00,False,False
veh4240,15419906#0->-40138239#2,veh_passenger,28409.00,28676.00,267.00,1549.78,0.00,False,False
veh4252,39920550#2->-39920593#2,veh_passenger,28490.00,28677.00,187.00,690.64,0.00,False,False
veh4213,1231065654->1067928306#0,veh_passenger,28229.00,28687.00,458.00,1881.36,0.00,False,False
veh4242,1068144845#3->428730818#2,veh_passenger,28423.00,28689.00,266.00,2534.06,0.00,False,False
veh4268,83563432->1337115429,veh_passenger,28597.00,28704.00,107.00,1713.83,0.00,False,False
veh4239,975216740->509524271,veh_passenger,28403.00,28710.00,307.00,312.48,0.00,False,False
veh4202,47224972#1->-437445539#0,veh_passenger,28155.00,28712.00,557.00,2223.56,0.00,False,False
veh4233,-8887999#2->-1273405490,veh_passenger,28363.00,28722.00,359.00,1897.60,0.00,False,False
veh4235,24621218#2->856175962,veh_passenger,28376.00,28728.00,352.00,1931.59,0.00,False,False
truck236,-687878722#0->-1297720376#0,truck_truck,28321.00,28730.00,409.00,2459.76,0.00,False,False
bus471,-1235501861#0->-654297637#0,bus_bus,28261.00,28733.00,472.00,1576.90,0.00,False,False
veh4238,490474063#7->178723097#1,veh_passenger,28396.00,28738.00,342.00,823.45,0.00,False,False
veh3722,178699056#0->1335304373#2,veh_passenger,24939.00,28756.00,3817.00,1481.03,0.00,False,False
veh3744,564273553#4->39920505#13,veh_passenger,25086.00,28757.00,3671.00,1881.75,0.00,False,False
veh4259,68574206->15420801#0,veh_passenger,28537.00,28778.00,241.00,1536.84,0.00,False,False
veh4265,39366819#0->1237953495,veh_passenger,28577.00,28780.00,203.00,1166.37,0.00,False,False
veh4225,257421487#0->428730813#3,veh_passenger,28309.00,28787.00,478.00,2694.05,0.00,False,False
veh4218,-1100626088->-968332509,veh_passenger,28262.00,28800.00,538.00,901.12,0.00,False,False
veh4256,39839131->83428923#0,veh_passenger,28517.00,28805.00,288.00,2348.04,0.00,False,False
veh4263,1068144848#1->-1125986378#0,veh_passenger,28564.00,28809.00,245.00,1598.57,0.00,False,False
veh4296,1222703384#0->-1068916336,veh_passenger,28785.00,28811.00,26.00,146.36,0.00,False,False
veh4221,40140141#0->1214520068,veh_passenger,28282.00,28814.00,532.00,1867.40,0.00,False,False
veh3919,511404873#0->499566577#0,veh_passenger,26259.00,28816.00,2557.00,1121.86,0.00,False,False
veh4267,474143552#4->1064476622#0,veh_passenger,28590.00,28817.00,227.00,886.73,0.00,False,False
veh4255,-451728952#3->687878722#2,veh_passenger,28510.00,28826.00,316.00,1833.31,0.00,False,False
truck238,985675139->1100626103#3,truck_truck,28561.00,28826.00,265.00,1523.72,0.00,False,False
veh3932,178723097#0->490474063#8,veh_passenger,26346.00,28828.00,2482.00,1489.21,0.00,False,False
veh4071,475044040#1->1226645408,veh_passenger,27277.00,28831.00,1554.00,2882.28,0.00,False,False
veh4284,1068144844->1068144849#1,veh_passenger,28704.00,28835.00,131.00,842.21,0.00,False,False
veh3478,-450616334#1->39839107,veh_passenger,23304.00,28846.00,5542.00,2193.90,0.00,False,False
veh4285,1068434236->240666072#1,veh_passenger,28711.00,28846.00,135.00,1383.65,0.00,False,False
veh4230,-1260485929#1->-428730813#3,veh_passenger,28342.00,28854.00,512.00,2370.16,0.00,False,False
veh4257,513082627->40035325#0,veh_passenger,28523.00,28856.00,333.00,3767.69,0.00,False,False
bus477,39838751#0->451728952#5,bus_bus,28621.00,28871.00,250.00,1877.81,0.00,False,False
veh4286,39921673#0->-47224972#0,veh_passenger,28718.00,28877.00,159.00,783.08,0.00,False,False
veh4293,1068434199->654297629#6,veh_passenger,28765.00,28879.00,114.00,716.18,0.00,False,False
veh4249,-240666072#1->40036009#1,veh_passenger,28470.00,28881.00,411.00,2846.49,0.00,False,False
bus474,13909444#0->1235501861#0,bus_bus,28441.00,28912.00,471.00,2192.80,0.00,False,False
veh3619,413789557->490474063#4,veh_passenger,24249.00,28915.00,4666.00,2638.72,0.00,False,False
veh4280,-40036009#2->-1323097580#1,veh_passenger,28677.00,28915.00,238.00,1438.65,0.00,False,False
veh4277,-654530820#1->1100626103#3,veh_passenger,28657.00,28921.00,264.00,3274.23,0.00,False,False
veh3471,-654297629#5->178583148#0,veh_passenger,23257.00,28925.00,5668.00,1259.82,0.00,False,False
veh4273,-1125986377#2->1064398309#1,veh_passenger,28631.00,28925.00,294.00,1691.86,0.00,False,False
veh4165,-1335304373#2->488788630#2,veh_passenger,27907.00,28926.00,1019.00,2813.71,0.00,False,False
veh4185,15419971#1->240666069#3,veh_passenger,28041.00,28934.00,893.00,3028.29,0.00,False,False
veh4222,-147711065#0->428730813#3,veh_passenger,28289.00,28936.00,647.00,1942.31,0.00,False,False
bus475,24576922#1->-1335304371,bus_bus,28501.00,28950.00,449.00,1529.90,0.00,False,False
veh4194,490474063#6->-437445539#0,veh_passenger,28101.00,28957.00,856.00,3097.07,0.00,False,False
bus478,40138633#0->-474143552#6,bus_bus,28681.00,28957.00,276.00,1256.88,0.00,False,False
veh4308,1323097580#0->1074409255#0,veh_passenger,28865.00,28957.00,92.00,760.65,0.00,False,False
veh4292,-39838984#1->1255099069,veh_passenger,28758.00,28963.00,205.00,1239.88,0.00,False,False
veh4306,39920505#2->1074409255#3,veh_passenger,28852.00,28968.00,116.00,770.81,0.00,False,False
veh4281,-1297720376#1->-50323229#0,veh_passenger,28684.00,28969.00,285.00,1433.31,0.00,False,False
bus479,1234244925#2->-50323229#10,bus_bus,28741.00,28970.00,229.00,1939.99,0.00,False,False
veh4289,178702258#1->39838691#9,veh_passenger,28738.00,28973.00,235.00,680.74,0.00,False,False
bus476,40035606#1->509646063#1,bus_bus,28561.00,28976.00,415.00,1569.58,0.00,False,False
veh4301,178702258#0->1067928305#2,veh_passenger,28818.00,28979.00,161.00,1528.56,0.00,False,False
veh4227,40115810#0->1323097579#0,veh_passenger,28322.00,28988.00,666.00,2999.45,0.00,False,False
veh4302,1214520076->-10628442#1,veh_passenger,28825.00,28995.00,170.00,395.98,0.00,False,False
veh4304,1290439817#1->-1214520076,veh_passenger,28838.00,29006.00,168.00,575.17,0.00,False,False
veh4288,1068074793->-1323097580#1,veh_passenger,28731.00,29007.00,276.00,1485.18,0.00,False,False
veh4278,1064398309#1->511187823,veh_passenger,28664.00,29009.00,345.00,1625.15,0.00,False,False
bus459,40297715#3->1337646276,bus_bus,27541.00,29016.00,1475.00,2267.63,0.00,False,False
veh4175,-40139504#1->-449565665#2,veh_passenger,27974.00,29016.00,1042.00,939.00,0.00,False,False
veh4290,178583149->11635146#0,veh_passenger,28744.00,29020.00,276.00,3070.12,0.00,False,False
veh4272,479863106#0->-1068074793,veh_passenger,28624.00,29028.00,404.00,2080.16,0.00,False,False
veh4258,515126302->1260485931#0,veh_passenger,28530.00,29040.00,510.00,3893.90,0.00,False,False
veh4313,1335304374->-50323229#3,veh_passenger,28899.00,29056.00,157.00,735.12,0.00,False,False
veh4309,-1226645410->437445541#1,veh_passenger,28872.00,29064.00,192.00,2211.32,0.00,False,False
veh4316,1326193809->40036062#0,veh_passenger,28919.00,29081.00,162.00,541.82,0.00,False,False
veh4318,-1335304385->-474143552#1,veh_passenger,28932.00,29086.00,154.00,507.28,0.00,False,False
veh4320,1260481150->-1222703382,veh_passenger,28945.00,29089.00,144.00,797.71,0.00,False,False
veh4271,1068144845#1->1064476620#3,veh_passenger,28617.00,29106.00,489.00,3067.14,0.00,False,False
veh4128,40035606#0->515123439,veh_passenger,27659.00,29107.00,1448.00,2753.01,0.00,False,False
veh4294,40139708->1298335704#0,veh_passenger,28771.00,29114.00,343.00,1416.97,0.00,False,False
veh4323,499566573->40035606#0,veh_passenger,28966.00,29131.00,165.00,858.11,0.00,False,False
veh3715,1235501860->654297637#0,veh_passenger,24892.00,29139.00,4247.00,1435.59,0.00,False,False
veh4266,1272548721->838061037,veh_passenger,28584.00,29155.00,571.00,1703.41,0.00,False,False
veh4282,1231065654->83563455,veh_passenger,28691.00,29169.00,478.00,2922.92,0.00,False,False
veh4333,1234244925#1->-1068916336,veh_passenger,29033.00,29171.00,138.00,1028.24,0.00,False,False
veh3442,654297629#5->-33683458#1,veh_passenger,23063.00,29175.00,6112.00,1897.53,0.00,False,False
veh4093,1125986374->-654297629#1,veh_passenger,27425.00,29180.00,1755.00,1568.31,0.00,False,False
veh4305,-1214520079->509524225,veh_passenger,28845.00,29180.00,335.00,1390.34,0.00,False,False
veh4330,1335304372->39921025#0,veh_passenger,29012.00,29180.00,168.00,768.54,0.00,False,False
bus481,12090453#1->-1332638368#0,bus_bus,28861.00,29195.00,334.00,2016.51,0.00,False,False
veh4297,178702243#0->71310791,veh_passenger,28791.00,29198.00,407.00,4966.54,0.00,False,False
veh4248,515126385#0->335802680,veh_passenger,28463.00,29208.00,745.00,2781.27,0.00,False,False
veh4264,14924729#0->1075505400#0,veh_passenger,28570.00,29209.00,639.00,1796.65,0.00,False,False
bus482,1214520074#2->39920505#9,bus_bus,28921.00,29211.00,290.00,2644.97,0.00,False,False
veh4208,-900279886->564273553#3,veh_passenger,28195.00,29214.00,1019.00,1364.93,0.00,False,False
veh4321,-33683458#2->1222181934,veh_passenger,28952.00,29214.00,262.00,1636.86,0.00,False,False
veh4329,39920593#5->72157794,veh_passenger,29006.00,29225.00,219.00,862.20,0.00,False,False
bus485,499566574#1->-1326193809,bus_bus,29101.00,29226.00,125.00,592.16,0.00,False,False
veh4270,39838630#3->39920684#2,veh_passenger,28610.00,29230.00,620.00,1331.17,0.00,False,False
truck241,654530820#1->-47224972#0,truck_truck,28921.00,29240.00,319.00,1938.55,0.00,False,False
veh4133,513082641#0-AddedOffRampEdge->1234244925#2,veh_passenger,27693.00,29241.00,1548.00,2997.15,0.00,False,False
veh4360,413789557->-564273553#4,veh_passenger,29213.00,29261.00,48.00,505.19,0.00,False,False
veh4352,-39838691#0->1068434256#1,veh_passenger,29160.00,29265.00,105.00,483.94,0.00,False,False
veh4348,451728952#5->1068144845#0,veh_passenger,29133.00,29270.00,137.00,794.21,0.00,False,False
veh4341,1125986374->511187811,veh_passenger,29086.00,29274.00,188.00,1117.15,0.00,False,False
truck237,-1068144845#3->178583148#0,truck_truck,28441.00,29275.00,834.00,2702.36,0.00,False,False
veh4327,39920550#11->-40138633#2,veh_passenger,28992.00,29296.00,304.00,1432.65,0.00,False,False
veh4365,460316444->381945551,veh_passenger,29247.00,29297.00,50.00,532.07,0.00,False,False
veh4150,33683458#1->513272951#0,veh_passenger,27806.00,29300.00,1494.00,1443.63,0.00,False,False
veh4322,967985513#1->50323226,veh_passenger,28959.00,29303.00,344.00,1883.29,0.00,False,False
veh4346,10748036->40140141#9,veh_passenger,29120.00,29310.00,190.00,1507.40,0.00,False,False
veh4138,-10748045#2->1421367508,veh_passenger,27726.00,29321.00,1595.00,3025.78,0.00,False,False
veh4190,39920550#2->428730818#1,veh_passenger,28074.00,29325.00,1251.00,2767.80,0.00,False,False
veh4344,-1237953494->39920550#6,veh_passenger,29106.00,29354.00,248.00,1333.49,0.00,False,False
veh4375,-437445539#1->428730793#1,veh_passenger,29314.00,29355.00,41.00,505.98,0.00,False,False
veh4148,475044040#1->515126385#4,veh_passenger,27793.00,29360.00,1567.00,2629.72,0.00,False,False
veh4342,1337646271#1->1100626103#1,veh_passenger,29093.00,29360.00,267.00,2647.82,0.00,False,False
veh4335,-1067928305#0->1068144845#0,veh_passenger,29046.00,29361.00,315.00,1267.74,0.00,False,False
veh4347,47267010->10628444#2,veh_passenger,29126.00,29368.00,242.00,1649.78,0.00,False,False
bus484,521704031#1->-1235501862,bus_bus,29041.00,29375.00,334.00,1685.05,0.00,False,False
veh4369,-40109290#5->49224804#0,veh_passenger,29274.00,29376.00,102.00,825.10,0.00,False,False
veh4361,515123438->451728952#3,veh_passenger,29220.00,29377.00,157.00,1526.88,0.00,False,False
veh4212,39920505#12->428730813#0,veh_passenger,28222.00,29380.00,1158.00,2897.27,0.00,False,False
veh3837,-40035325#1->513272951#1,veh_passenger,25709.00,29387.00,3678.00,1533.99,0.00,False,False
veh4355,-1125986385#1->511187808#3,veh_passenger,29180.00,29388.00,208.00,982.19,0.00,False,False
veh4356,-40109290#1->-1335304373#2,veh_passenger,29187.00,29391.00,204.00,604.23,0.00,False,False
bus486,-1332638391#0->413789557,bus_bus,29161.00,29393.00,232.00,1456.74,0.00,False,False
veh4326,-437445539#0->499566574#3,veh_passenger,28986.00,29394.00,408.00,3919.18,0.00,False,False
bus488,178702260->178583148#2,bus_bus,29281.00,29395.00,114.00,891.42,0.00,False,False
veh4234,39921025#8->511187808#4,veh_passenger,28369.00,29406.00,1037.00,2054.96,0.00,False,False
veh3517,39838691#6->39921531,veh_passenger,23565.00,29421.00,5856.00,1156.65,0.00,False,False
truck242,-1068144845#4->-40035606#3,truck_truck,29041.00,29422.00,381.00,2511.46,0.00,False,False
veh4364,509646057#0->-1260485931#1,veh_passenger,29240.00,29433.00,193.00,1214.78,0.00,False,False
veh4210,-40035606#1->1337646275,veh_passenger,28208.00,29441.00,1233.00,2988.38,0.00,False,False
veh4350,1298335704#0->39920593#1,veh_passenger,29146.00,29442.00,296.00,3179.50,0.00,False,False
veh4363,39086240-AddedOffRampEdge->-240666072#1,veh_passenger,29234.00,29442.00,208.00,1601.12,0.00,False,False
veh4334,1273251151->178702258#2,veh_passenger,29039.00,29443.00,404.00,1761.48,0.00,False,False
veh4372,39920593#6->-474143552#0,veh_passenger,29294.00,29447.00,153.00,504.69,0.00,False,False
veh3836,-653860562->-1125986377#0,veh_passenger,25703.00,29451.00,3748.00,848.47,0.00,False,False
veh4314,39921025#3->511187808#3,veh_passenger,28905.00,29461.00,556.00,1644.41,0.00,False,False
veh4339,1297720368->405382146#0,veh_passenger,29073.00,29474.00,401.00,1901.63,0.00,False,False
veh4374,1125986377#0->1222703383,veh_passenger,29307.00,29475.00,168.00,864.20,0.00,False,False
veh4343,40138633#0->1211151640,veh_passenger,29100.00,29478.00,378.00,2789.45,0.00,False,False
veh4362,1231065644->-1254633077#1,veh_passenger,29227.00,29484.00,257.00,2573.33,0.00,False,False
veh4331,1211151639->40138239#2,veh_passenger,29019.00,29489.00,470.00,2602.52,0.00,False,False
bus487,482569917#0->178441748#2,bus_bus,29221.00,29490.00,269.00,3117.09,0.00,False,False
veh4217,-50323229#10->-1214520068,veh_passenger,28255.00,29491.00,1236.00,2327.14,0.00,False,False
veh4220,-50323229#9->39838657#1,veh_passenger,28275.00,29491.00,1216.00,2085.17,0.00,False,False
veh4380,-1255099069->1235501861#0,veh_passenger,29347.00,29500.00,153.00,572.24,0.00,False,False
veh4328,1323097575#2->1064476623,veh_passenger,28999.00,29506.00,507.00,2228.05,0.00,False,False
veh4390,564273553#2->1337646271#0,veh_passenger,29414.00,29506.00,92.00,595.76,0.00,False,False
veh4276,39920550#3->-1015424648,veh_passenger,28651.00,29514.00,863.00,1879.35,0.00,False,False
veh4274,24621218#1->-1214520068,veh_passenger,28637.00,29531.00,894.00,1826.47,0.00,False,False
veh3797,-1131969257->-1125986378#0,veh_passenger,25441.00,29532.00,4091.00,1157.16,0.00,False,False
veh4332,-178723097#0->1226645411,veh_passenger,29026.00,29533.00,507.00,1703.47,0.00,False,False
veh4295,1234244927#1->1231065653,veh_passenger,28778.00,29534.00,756.00,734.89,0.00,False,False
veh4291,511409856#1->1254816442,veh_passenger,28751.00,29537.00,786.00,943.94,0.00,False,False
veh4359,967985512->490474063#1,veh_passenger,29207.00,29537.00,330.00,1950.19,0.00,False,False
veh4366,238219443->-47224972#0,veh_passenger,29254.00,29538.00,284.00,1321.34,0.00,False,False
veh4397,413789558#1->564273552,veh_passenger,29461.00,29540.00,79.00,1141.61,0.00,False,False
veh4340,10628444#0->967993112#0,veh_passenger,29079.00,29549.00,470.00,2043.47,0.00,False,False
truck240,39920505#5->450616334#1,truck_truck,28801.00,29559.00,758.00,2182.89,0.00,False,False
veh4392,40109290#1->-238219441#0,veh_passenger,29428.00,29572.00,144.00,867.27,0.00,False,False
veh4389,238219446#1->511187808#4-AddedOnRampEdge,veh_passenger,29408.00,29573.00,165.00,1402.10,0.00,False,False
veh4376,515136604->39920505#12,veh_passenger,29321.00,29579.00,258.00,2673.71,0.00,False,False
veh4405,10250021#4->-1125986378#1,veh_passenger,29515.00,29585.00,70.00,279.02,0.00,False,False
veh4385,654297630->538432098,veh_passenger,29381.00,29591.00,210.00,1108.55,0.00,False,False
veh4229,-654297629#0->1068434201,veh_passenger,29480.00,29592.00,112.00,515.37,0.00,False,False
veh4243,1272337498#0->428730818#0,veh_passenger,28430.00,29600.00,1170.00,3399.71,0.00,False,False
bus473,1067928305#0->9792174#1-AddedOnRampEdge,bus_bus,28381.00,29603.00,1222.00,3938.97,0.00,False,False
truck239,39920505#3->47267011#0,truck_truck,28681.00,29616.00,935.00,1989.62,0.00,False,False
bus480,1068144846#0->1235501860,bus_bus,28801.00,29617.00,816.00,2151.26,0.00,False,False
veh4345,1118804250->40297715#1,veh_passenger,29113.00,29619.00,506.00,3473.17,0.00,False,False
veh4373,488788633#1->515126302,veh_passenger,29301.00,29622.00,321.00,1412.20,0.00,False,False
veh4378,232920697->1323097575#2,veh_passenger,29334.00,29622.00,288.00,1457.63,0.00,False,False
veh4379,178702243#0->-39838751#2,veh_passenger,29341.00,29645.00,304.00,3488.22,0.00,False,False
bus489,1067928307#2->-240666072#1,bus_bus,29341.00,29645.00,304.00,1510.74,0.00,False,False
veh4391,1214520074#2->-1222703384#0,veh_passenger,29425.00,29647.00,222.00,2531.73,0.00,False,False
veh4310,39921025#1->437445541#0,veh_passenger,28878.00,29652.00,774.00,2717.41,0.00,False,False
veh4226,-1335304373#0->1337646276,veh_passenger,28316.00,29674.00,1358.00,2417.02,0.00,False,False
veh4312,-39920593#6->437445541#1,veh_passenger,28892.00,29680.00,788.00,3239.21,0.00,False,False
veh4393,1298335703->521705694#0,veh_passenger,29435.00,29686.00,251.00,1203.89,0.00,False,False
veh4395,1074771163#1-AddedOffRampEdge->-8758061,veh_passenger,29448.00,29686.00,238.00,2569.70,0.00,False,False
veh3947,39838520#0->-50323229#0,veh_passenger,26446.00,29690.00,3244.00,2156.27,0.00,False,False
veh4324,511187808#4->39838530,veh_passenger,28972.00,29692.00,720.00,669.39,0.00,False,False
bus468,39920684#3->1297720376#0,bus_bus,28081.00,29699.00,1618.00,1334.76,0.00,False,False
bus490,1068434235->39920550#0,bus_bus,29401.00,29719.00,318.00,1575.31,0.00,False,False
truck246,490474063#7->826496637,truck_truck,29523.00,29724.00,201.00,1054.10,0.00,False,False
veh4237,-654297635#0->-224146621,veh_passenger,28389.00,29726.00,1337.00,3189.39,0.00,False,False
veh4409,838061038->-1068144846#2,veh_passenger,29542.00,29733.00,191.00,1243.09,0.00,False,False
veh4357,-169562956->654297629#5,veh_passenger,29193.00,29737.00,544.00,1502.06,0.00,False,False
bus494,1074771163#0->439836132,bus_bus,29641.00,29740.00,99.00,1633.30,0.00,False,False
veh4388,83428923#0->-1273251150#1,veh_passenger,29401.00,29746.00,345.00,1891.63,0.00,False,False
veh4351,238219449->564273553#3,veh_passenger,29153.00,29754.00,601.00,1643.82,0.00,False,False
veh4408,1068144845#1->511187808#0,veh_passenger,29535.00,29755.00,220.00,1727.76,0.00,False,False
veh4368,1064476620#2->-47267007#0,veh_passenger,29267.00,29768.00,501.00,2911.45,0.00,False,False
veh4384,1074409232#1->-50323229#3,veh_passenger,29374.00,29775.00,401.00,1179.70,0.00,False,False
veh4382,1067953239#1->-257421487#0,veh_passenger,29361.00,29780.00,419.00,3035.98,0.00,False,False
bus492,240666069#3->1068434208#0,bus_bus,29521.00,29787.00,266.00,1746.03,0.00,False,False
veh4420,-12247568#0->-521701857,veh_passenger,29617.00,29790.00,173.00,1055.45,0.00,False,False
veh4367,-687878722#0->1254816452,veh_passenger,29260.00,29794.00,534.00,3047.44,0.00,False,False
veh4246,40138941#2->515124965#1,veh_passenger,28450.00,29798.00,1348.00,3122.34,0.00,False,False
veh4422,437445541#0->515123442#1,veh_passenger,29629.00,29800.00,171.00,1767.43,0.00,False,False
veh4410,-1222703382->47224972#0,veh_passenger,29548.00,29809.00,261.00,1064.32,0.00,False,False
veh4398,39920550#8->513082641#2-AddedOnRampEdge,veh_passenger,29468.00,29816.00,348.00,2575.40,0.00,False,False
truck245,437445541#0->-240666072#2,truck_truck,29401.00,29817.00,416.00,1664.45,0.00,False,False
veh4250,40297715#3->-1068144846#1,veh_passenger,28476.00,29838.00,1362.00,2619.90,0.00,False,False
veh4407,39920505#3->1236283454,veh_passenger,29528.00,29841.00,313.00,1029.05,0.00,False,False
veh4446,490474063#3->-39920593#2,veh_passenger,29790.00,29842.00,52.00,190.92,0.00,False,False
veh3890,666886086#1->1125986373#1,veh_passenger,26064.00,29846.00,3782.00,1549.51,0.00,False,False
veh4386,-654530820#1->40138941#2,veh_passenger,29388.00,29847.00,459.00,4137.49,0.00,False,False
veh4387,-1260481154->513082632,veh_passenger,29394.00,29861.00,467.00,2722.25,0.00,False,False
veh4406,-1100626088->13909444#3,veh_passenger,29522.00,29861.00,339.00,1135.46,0.00,False,False
veh4426,-1278784167#1->-39838657#0,veh_passenger,29656.00,29861.00,205.00,1758.56,0.00,False,False
bus493,-147711065#0->509646053#1,bus_bus,29581.00,29879.00,298.00,779.53,0.00,False,False
veh4414,-1211151635#1->47087993#0,veh_passenger,29575.00,29883.00,308.00,2074.63,0.00,False,False
veh4423,474143552#5->232920697,veh_passenger,29636.00,29884.00,248.00,1125.67,0.00,False,False
veh3554,564273553#3->1323097575#2,veh_passenger,23813.00,29894.00,6081.00,2194.83,0.00,False,False
veh4287,-39838751#0->178699058,veh_passenger,28724.00,29901.00,1177.00,1057.77,0.00,False,False
veh4424,975216740->-1067928307#3,veh_passenger,29642.00,29939.00,297.00,1842.05,0.00,False,False
veh4307,-1335304386#0->1064476624,veh_passenger,28858.00,29944.00,1086.00,669.46,0.00,False,False
veh4412,511187809->40035606#1,veh_passenger,29562.00,29944.00,382.00,1984.34,0.00,False,False
veh4283,-1335304386#1->-8758061,veh_passenger,28698.00,29954.00,1256.00,3058.85,0.00,False,False
veh3957,449565665#0->1068144848#0,veh_passenger,26513.00,29957.00,3444.00,2122.61,0.00,False,False
veh4415,40036062#1->1235754993#0,veh_passenger,29582.00,29978.00,396.00,865.72,0.00,False,False
veh4430,33683346#2->1323097580#0,veh_passenger,29682.00,29978.00,296.00,1586.50,0.00,False,False
veh4449,-24576913#0->1337115429,veh_passenger,29810.00,29991.00,181.00,740.90,0.00,False,False
veh4442,10629474#1->-474143552#0,veh_passenger,29763.00,29992.00,229.00,1453.36,0.00,False,False
bus495,178699056#1->488786523,bus_bus,29701.00,29997.00,296.00,2407.99,0.00,False,False
veh4428,1100626103#3->39920550#5,veh_passenger,29669.00,29998.00,329.00,859.46,0.00,False,False
veh4425,40140141#4->490474063#7,veh_passenger,29649.00,30001.00,352.00,2254.87,0.00,False,False
veh4419,-451728952#3->1254633078#1,veh_passenger,29609.00,30005.00,396.00,2759.43,0.00,False,False
veh4467,1211151635#0->40297885#1,veh_passenger,29930.00,30012.00,82.00,957.72,0.00,False,False
veh4440,-1214520076->515130026#0,veh_passenger,29749.00,30015.00,266.00,1399.15,0.00,False,False
veh4269,40035325#1->1297720376#1,veh_passenger,28604.00,30016.00,1412.00,1438.64,0.00,False,False
veh4427,-428730800->-1125986385#0,veh_passenger,29662.00,30025.00,363.00,2111.45,0.00,False,False
veh4445,-488788630#0->11631594#1,veh_passenger,29783.00,30039.00,256.00,3117.24,0.00,False,False
veh4465,40297885#1->428730818#1,veh_passenger,29917.00,30044.00,127.00,1599.16,0.00,False,False
veh4460,515123439->538432098,veh_passenger,29883.00,30047.00,164.00,1143.37,0.00,False,False
veh4279,39920593#2->47087993#5,veh_passenger,28671.00,30048.00,1377.00,3302.12,0.00,False,False
veh4416,1234244927#0->-39838751#2,veh_passenger,29589.00,30056.00,467.00,966.91,0.00,False,False
veh4455,-1125986385#0->-474143552#3,veh_passenger,29850.00,30069.00,219.00,967.03,0.00,False,False
veh4458,178583144->1100626103#0,veh_passenger,29870.00,30069.00,199.00,695.87,0.00,False,False
veh4431,-39366819#0->-1273405490,veh_passenger,29689.00,30071.00,382.00,2063.87,0.00,False,False
veh4457,-1211151635#1->1068144845#3,veh_passenger,29863.00,30085.00,222.00,2133.63,0.00,False,False
veh4432,-654297637#1->178583153-AddedOnRampEdge,veh_passenger,29696.00,30087.00,391.00,1966.48,0.00,False,False
veh4471,521705695->-39838691#3,veh_passenger,29957.00,30090.00,133.00,766.27,0.00,False,False
veh4450,-10748045#2->10628444#2,veh_passenger,29816.00,30091.00,275.00,1159.60,0.00,False,False
veh4452,-1323097580#0->10629474#0,veh_passenger,29830.00,30091.00,261.00,1341.54,0.00,False,False
veh4453,381945549#1->1335304376#1,veh_passenger,29837.00,30092.00,255.00,2428.53,0.00,False,False
truck249,68574206->1214520074#1,truck_truck,29881.00,30095.00,214.00,1077.13,0.00,False,False
truck248,1068144849#2->39921673#0,truck_truck,29761.00,30096.00,335.00,2423.43,0.00,False,False
veh4437,1067928305#1->39920550#2,veh_passenger,29729.00,30098.00,369.00,2548.61,0.00,False,False
veh3813,521708587#0->-1273251150#1,veh_passenger,25549.00,30108.00,4559.00,2441.04,0.00,False,False
veh4447,900279869->40138239#3,veh_passenger,29796.00,30109.00,313.00,1844.72,0.00,False,False
veh3639,521708587#1->-1335304373#2,veh_passenger,24383.00,30110.00,5727.00,1750.35,0.00,False,False
veh4478,488788633#1->39224566,veh_passenger,30004.00,30117.00,113.00,928.12,0.00,False,False
veh4429,-654297631->1067928305#0,veh_passenger,29676.00,30147.00,471.00,2179.11,0.00,False,False
veh4490,511187809->24576913#0,veh_passenger,30084.00,30156.00,72.00,589.72,0.00,False,False
veh4484,-422842976->47087993#0,veh_passenger,30044.00,30163.00,119.00,1773.40,0.00,False,False
veh4461,515130027->490474063#3,veh_passenger,29890.00,30180.00,290.00,2857.91,0.00,False,False
veh4443,-39838751#2->900287035,veh_passenger,29770.00,30199.00,429.00,2254.41,0.00,False,False
veh4435,-50323229#11->40140141#6,veh_passenger,29716.00,30202.00,486.00,2349.89,0.00,False,False
truck243,-39838657#0->39921025#2,truck_truck,29161.00,30207.00,1046.00,1220.46,0.00,False,False
truck250,40140017#3->-1273251152,truck_truck,30001.00,30208.00,207.00,829.73,0.00,False,False
veh4456,-428730813#3->1236283454,veh_passenger,29857.00,30210.00,353.00,3481.51,0.00,False,False
veh4434,1125986373#3->521704040,veh_passenger,29709.00,30211.00,502.00,1692.19,0.00,False,False
veh3689,-450616334#1->11631594#1,veh_passenger,24718.00,30220.00,5502.00,2209.71,0.00,False,False
veh4383,-513272949->33683346#2,veh_passenger,29389.00,30223.00,834.00,1707.51,0.00,False,False
veh4459,-1068144849#2->39366819#0,veh_passenger,29877.00,30245.00,368.00,2438.01,0.00,False,False
veh4451,1204070283#1->50323229#6,veh_passenger,29823.00,30248.00,425.00,1518.91,0.00,False,False
veh4479,-39838630#1->232920701,veh_passenger,30011.00,30258.00,247.00,1912.51,0.00,False,False
veh4500,-39920593#4->1068916336,veh_passenger,30151.00,30258.00,107.00,688.65,0.00,False,False
truck247,-178723097#1->-1068144849#2,truck_truck,29641.00,30259.00,618.00,2439.99,0.00,False,False
veh4472,-1067953246->488788626#3,veh_passenger,29964.00,30264.00,300.00,3011.73,0.00,False,False
veh4336,39920011#3->515126302,veh_passenger,29053.00,30268.00,1215.00,2945.55,0.00,False,False
veh4463,10748045#2->509524224,veh_passenger,29904.00,30279.00,375.00,1809.78,0.00,False,False
veh4489,-1125986375#0->40035904#2,veh_passenger,30078.00,30281.00,203.00,1858.94,0.00,False,False
veh4436,654297631->47267010,veh_passenger,29723.00,30287.00,564.00,2043.77,0.00,False,False
bus497,39838657#2->-1068434202,bus_bus,29821.00,30298.00,477.00,989.95,0.00,False,False
bus500,40035606#3->10628442#1,bus_bus,30001.00,30301.00,300.00,1487.55,0.00,False,False
veh4468,39921025#6->511187821,veh_passenger,29937.00,30304.00,367.00,1850.51,0.00,False,False
veh4511,50323229#15->-10748045#0,veh_passenger,30225.00,30305.00,80.00,489.74,0.00,False,False
veh4496,-1290439817#0->1260481153,veh_passenger,30125.00,30306.00,181.00,1693.78,0.00,False,False
veh4464,1237953494->1235501861#0,veh_passenger,29910.00,30310.00,400.00,1581.04,0.00,False,False
veh4262,1226645409->9792174#1-AddedOnRampEdge,veh_passenger,28557.00,30312.00,1755.00,4096.81,0.00,False,False
veh4491,-1125986378#0->40297647#2,veh_passenger,30091.00,30314.00,223.00,1416.18,0.00,False,False
veh4492,-1226645410->40140141#8,veh_passenger,30098.00,30315.00,217.00,1668.16,0.00,False,False
veh4517,509646057#1->15420801#1,veh_passenger,30265.00,30318.00,53.00,592.26,0.00,False,False
veh4470,147711065#1->-40109290#3,veh_passenger,29950.00,30319.00,369.00,1665.62,0.00,False,False
veh4353,666886085#1->1100626103#0,veh_passenger,29167.00,30344.00,1177.00,844.44,0.00,False,False
veh4506,515136607->-1068144849#2,veh_passenger,30192.00,30352.00,160.00,1402.29,0.00,False,False
veh4481,509646053#1->-499566577#1,veh_passenger,30024.00,30356.00,332.00,1706.02,0.00,False,False
veh4474,-654297637#0->178583153,veh_passenger,29977.00,30357.00,380.00,1922.87,0.00,False,False
veh4493,-83563455->-83428923#1,veh_passenger,30105.00,30357.00,252.00,2528.43,0.00,False,False
bus483,1075505400#1->-39921672,bus_bus,28981.00,30359.00,1378.00,1079.52,0.00,False,False
veh4315,1068074792->1068144849#1,veh_passenger,28912.00,30366.00,1454.00,4238.26,0.00,False,False
veh4469,238219441#1->232920701,veh_passenger,29944.00,30367.00,423.00,2571.63,0.00,False,False
veh4498,1068916335->11631594#0,veh_passenger,30138.00,30368.00,230.00,895.72,0.00,False,False
bus501,1068144846#1->-10628442#2,bus_bus,30061.00,30369.00,308.00,1589.94,0.00,False,False
veh4482,-12247568#1->654297634,veh_passenger,30031.00,30371.00,340.00,2537.17,0.00,False,False
veh4503,1298335703->8887999#1,veh_passenger,30172.00,30375.00,203.00,932.41,0.00,False,False
veh4404,178699049->666886083,veh_passenger,29508.00,30377.00,869.00,3017.30,0.00,False,False
veh4513,-1290439817#0->654297630,veh_passenger,30239.00,30379.00,140.00,1126.09,0.00,False,False
bus491,424580476->511404873#1,bus_bus,29461.00,30383.00,922.00,2476.78,0.00,False,False
veh4483,1068434200#0->-1254633077#0,veh_passenger,30038.00,30388.00,350.00,2143.97,0.00,False,False
veh4371,240666072#1->39838751#0,veh_passenger,29287.00,30390.00,1103.00,1812.47,0.00,False,False
veh4494,39921025#7->511187818,veh_passenger,30111.00,30397.00,286.00,1505.21,0.00,False,False
veh4497,13909444#4->-564273553#4,veh_passenger,30131.00,30416.00,285.00,1321.17,0.00,False,False
veh4275,1068144846#0->1235754993#0,veh_passenger,28644.00,30428.00,1784.00,2035.35,0.00,False,False
veh4520,10250021#2->509646052,veh_passenger,30285.00,30431.00,146.00,423.77,0.00,False,False
veh4519,15419875#1->1255099064,veh_passenger,30279.00,30440.00,161.00,587.94,0.00,False,False
veh4495,1125801626->40297715#0,veh_passenger,30118.00,30457.00,339.00,4277.13,0.00,False,False
veh4512,40297715#0->1201484855,veh_passenger,30232.00,30463.00,231.00,1030.63,0.00,False,False
veh4533,-39838984#0->-856175964,veh_passenger,30373.00,30473.00,100.00,659.04,0.00,False,False
veh4528,33683346#0->1260485931#0,veh_passenger,30339.00,30479.00,140.00,1095.10,0.00,False,False
veh4531,169562956->47225638#1,veh_passenger,30359.00,30481.00,122.00,1624.84,0.00,False,False
veh4403,39366819#0->-1297720367,veh_passenger,29502.00,30494.00,992.00,1069.00,0.00,False,False
veh4529,1231065643->238219441#0,veh_passenger,30346.00,30516.00,170.00,738.33,0.00,False,False
veh4508,13909444#3->47267011#0,veh_passenger,30205.00,30517.00,312.00,1505.51,0.00,False,False
veh4381,-1290439817#1->47267011#2,veh_passenger,29354.00,30526.00,1172.00,2143.68,0.00,False,False
veh4507,381945549#0->490474063#0,veh_passenger,30198.00,30526.00,328.00,3738.87,0.00,False,False
veh4505,-1125986385#0->654297628,veh_passenger,30187.00,30532.00,345.00,986.48,0.00,False,False
veh4480,1254816453#0->1297720376#1,veh_passenger,30017.00,30534.00,517.00,1624.81,0.00,False,False
bus506,10748036->40140017#1,bus_bus,30361.00,30541.00,180.00,596.97,0.00,False,False
bus503,39763700#2->-1074409256#2,bus_bus,30181.00,30543.00,362.00,373.94,0.00,False,False
veh4349,39920011#3->11635146#0,veh_passenger,29140.00,30548.00,1408.00,3638.79,0.00,False,False
veh4526,513082638->1125986377#0,veh_passenger,30326.00,30549.00,223.00,2509.52,0.00,False,False
veh4502,1222181937->39920550#12,veh_passenger,30165.00,30559.00,394.00,1538.45,0.00,False,False
bus496,509524226->8887999#1,bus_bus,29761.00,30563.00,802.00,2675.38,0.00,False,False
truck251,40035904#1->39838691#7,truck_truck,30121.00,30570.00,449.00,2469.52,0.00,False,False
veh4486,-39838657#1->39838751#1,veh_passenger,30058.00,30572.00,514.00,615.66,0.00,False,False
veh4516,1226645411->428730813#1,veh_passenger,30259.00,30574.00,315.00,2823.77,0.00,False,False
veh4545,40139504#1->-33683346#1,veh_passenger,30453.00,30580.00,127.00,801.72,0.00,False,False
veh4487,-39921673#1->39838630#2,veh_passenger,30064.00,30592.00,528.00,868.00,0.00,False,False
bus505,1211151639->1068144847,bus_bus,30301.00,30605.00,304.00,2071.26,0.00,False,False
veh4473,666886082#0->-1323097580#1,veh_passenger,29971.00,30609.00,638.00,2262.81,0.00,False,False
veh4548,1260485929#2->1222703384#0,veh_passenger,30473.00,30612.00,139.00,961.76,0.00,False,False
veh4438,15419906#2->1015424648,veh_passenger,29736.00,30614.00,878.00,2123.03,0.00,False,False
veh4515,238219446#0->178583167#1,veh_passenger,30252.00,30615.00,363.00,1464.23,0.00,False,False
truck219,1196008692#1->-10628442#1,truck_truck,26281.00,30620.00,4339.00,1450.72,0.00,False,False
bus508,-1292541108->-1204070283#0,bus_bus,30481.00,30622.00,141.00,643.21,0.00,False,False
veh4454,511187812->1207401652#1,veh_passenger,29843.00,30624.00,781.00,1524.92,0.00,False,False
truck254,-33683458#1->968332513#0,truck_truck,30481.00,30624.00,143.00,512.09,0.00,False,False
veh4358,1323097575#2->47087366#0,veh_passenger,29200.00,30625.00,1425.00,2829.80,0.00,False,False
veh4535,-1322916760#1->1231065654,veh_passenger,30386.00,30626.00,240.00,1132.63,0.00,False,False
veh4337,39838520#2->-1125986379#0,veh_passenger,29059.00,30628.00,1569.00,989.36,0.00,False,False
veh4514,-50323229#6->1338361263,veh_passenger,30245.00,30629.00,384.00,1487.34,0.00,False,False
veh4561,-39920593#4->49224804#0,veh_passenger,30560.00,30636.00,76.00,540.39,0.00,False,False
veh4539,-8887999#1->178702239#0,veh_passenger,30413.00,30646.00,233.00,1806.22,0.00,False,False
veh4062,521713925->-1338361263,veh_passenger,27217.00,30655.00,3438.00,809.19,0.00,False,False
veh4448,39920505#2->1272548721,veh_passenger,29803.00,30656.00,853.00,1863.40,0.00,False,False
veh4522,-654297629#6->47087993#3,veh_passenger,30299.00,30656.00,357.00,2405.79,0.00,False,False
veh4551,-39838691#8->-428730800,veh_passenger,30493.00,30660.00,167.00,1082.90,0.00,False,False
veh4377,1335304375->509524227#1,veh_passenger,29327.00,30663.00,1336.00,2831.86,0.00,False,False
truck252,-147711065#0->47223733,truck_truck,30513.00,30663.00,150.00,767.77,0.00,False,False
truck253,509646062->33683346#0,truck_truck,30361.00,30663.00,302.00,1797.11,0.00,False,False
veh4111,-413789558#0->178723097#1,veh_passenger,27545.00,30666.00,3121.00,1502.88,0.00,False,False
veh4543,511404873#0->521705695,veh_passenger,30440.00,30668.00,228.00,879.98,0.00,False,False
veh4477,39920550#2->47267011#2,veh_passenger,29997.00,30669.00,672.00,2135.66,0.00,False,False
veh4523,1125986378#0->1273251152,veh_passenger,30306.00,30669.00,363.00,1728.97,0.00,False,False
veh4016,-1074771160->33683346#1,veh_passenger,26909.00,30672.00,3763.00,1825.17,0.00,False,False
veh4549,1260485930#1->509524270,veh_passenger,30480.00,30676.00,196.00,758.36,0.00,False,False
veh4444,-513272949->437445542,veh_passenger,30002.00,30677.00,675.00,1834.73,0.00,False,False
veh4504,39838630#1->-40109290#0,veh_passenger,30178.00,30677.00,499.00,2180.62,0.00,False,False
veh4530,50323226->-39838630#2,veh_passenger,30352.00,30687.00,335.00,2335.33,0.00,False,False
veh3989,653860562->-40109290#2,veh_passenger,26728.00,30688.00,3960.00,2092.68,0.00,False,False
veh4550,1064476624->1323097579#0,veh_passenger,30486.00,30698.00,212.00,687.75,0.00,False,False
veh4546,515124965#2->515126385#3,veh_passenger,30460.00,30700.00,240.00,1184.65,0.00,False,False
veh4544,515126385#3->1118804256#1,veh_passenger,30446.00,30704.00,258.00,905.51,0.00,False,False
veh4538,-1067953246->-33683458#1,veh_passenger,30406.00,30707.00,301.00,3508.50,0.00,False,False
veh4119,-24576913#1->-499566577#0,veh_passenger,27816.00,30709.00,2893.00,1569.76,0.00,False,False
veh4527,521701857->39920550#2,veh_passenger,30332.00,30710.00,378.00,1590.74,0.00,False,False
veh4560,1068434206->-40297715#2,veh_passenger,30553.00,30717.00,164.00,1280.22,0.00,False,False
veh4569,-39920593#1->-474143552#4,veh_passenger,30614.00,30723.00,109.00,709.97,0.00,False,False
veh4577,14924729#1->509524227#0,veh_passenger,30667.00,30734.00,67.00,917.94,0.00,False,False
veh4558,240666069#1->509646062,veh_passenger,30540.00,30737.00,197.00,1382.32,0.00,False,False
veh4562,-488788629->14924729#2,veh_passenger,30567.00,30741.00,174.00,1035.75,0.00,False,False
veh4570,509524227#1->451728952#1,veh_passenger,30620.00,30743.00,123.00,1522.32,0.00,False,False
veh4564,-142741729#0->1064476618#1,veh_passenger,30580.00,30754.00,174.00,1254.20,0.00,False,False
veh4578,1067928306#2->-224146621,veh_passenger,30674.00,30754.00,80.00,555.80,0.00,False,False
veh4441,40138239#3->39838657#3,veh_passenger,29756.00,30763.00,1007.00,2461.19,0.00,False,False
veh4303,488788630#0->513082640,veh_passenger,28832.00,30769.00,1937.00,3885.16,0.00,False,False
truck255,47225638#3->1100626097,truck_truck,30601.00,30791.00,190.00,772.62,0.00,False,False
veh4485,10628442#2->511409856#1,veh_passenger,30051.00,30794.00,743.00,670.57,0.00,False,False
veh4553,11631594#1->39920550#0,veh_passenger,30507.00,30794.00,287.00,783.45,0.00,False,False
veh4555,654297635#0->-1335304377,veh_passenger,30520.00,30795.00,275.00,1046.31,0.00,False,False
veh4583,-1292541108->479863106#0,veh_passenger,30708.00,30801.00,93.00,348.13,0.00,False,False
veh4153,449565665#0->1068434205,veh_passenger,27827.00,30804.00,2977.00,933.44,0.00,False,False
bus502,11631594#3->-39838691#8,bus_bus,30121.00,30815.00,694.00,1398.15,0.00,False,False
veh4573,478286980#1->-10628442#2,veh_passenger,30641.00,30815.00,174.00,731.14,0.00,False,False
veh3643,-654297629#3->1332638391#1,veh_passenger,24410.00,30825.00,6415.00,983.93,0.00,False,False
veh4433,1335304373#2->428730818#1,veh_passenger,29703.00,30826.00,1123.00,2918.96,0.00,False,False
truck256,1235501861#0->1131969257,truck_truck,30721.00,30834.00,113.00,726.10,0.00,False,False
veh4565,-33683346#2->10628442#0,veh_passenger,30587.00,30835.00,248.00,1671.09,0.00,False,False
veh4462,24577522#2->460316444,veh_passenger,29897.00,30836.00,939.00,2988.54,0.00,False,False
veh4580,1260481151->1237953493,veh_passenger,30687.00,30839.00,152.00,1221.37,0.00,False,False
veh4319,131671623->509524228,veh_passenger,28939.00,30842.00,1903.00,2236.95,0.00,False,False
veh4581,-8887999#0->511404878,veh_passenger,30694.00,30856.00,162.00,594.56,0.00,False,False
truck244,40109290#4->47087993#2,truck_truck,29281.00,30865.00,1584.00,3699.44,0.00,False,False
veh4521,1067928305#2->-654297630,veh_passenger,30292.00,30888.00,596.00,1635.71,0.00,False,False
veh3958,178699051#0->39920011#2,veh_passenger,26520.00,30889.00,4369.00,1806.51,0.00,False,False
veh4588,1068434201->564273552,veh_passenger,30741.00,30890.00,149.00,1914.90,0.00,False,False
veh4568,521705695->39920684#5,veh_passenger,30607.00,30894.00,287.00,1645.44,0.00,False,False
bus509,39920550#13->-654297633,bus_bus,30541.00,30902.00,361.00,1614.26,0.00,False,False
veh4556,1067928307#3->10748045#1,veh_passenger,30527.00,30905.00,378.00,3534.81,0.00,False,False
bus510,39920222->1290456019,bus_bus,30601.00,30905.00,304.00,1169.41,0.00,False,False
veh4585,1368740247-AddedOffRampEdge->10628442#3,veh_passenger,30721.00,30907.00,186.00,2061.72,0.00,False,False
veh4401,401226926#1->47087993#0,veh_passenger,29488.00,30944.00,1456.00,3217.85,0.00,False,False
veh4586,39838691#5->1421564739,veh_passenger,30728.00,30949.00,221.00,1763.17,0.00,False,False
veh4596,-900279886->-40035606#2,veh_passenger,30795.00,30951.00,156.00,853.84,0.00,False,False
veh4413,428730793#0->178699056#2,veh_passenger,29569.00,30952.00,1383.00,2713.65,0.00,False,False
veh4590,475044040#0->1068434205,veh_passenger,30754.00,30952.00,198.00,1567.54,0.00,False,False
veh4534,1064476620#3->1068434200#1,veh_passenger,30379.00,30966.00,587.00,1810.29,0.00,False,False
veh4584,40297715#2->1068916338,veh_passenger,30714.00,30971.00,257.00,1070.16,0.00,False,False
veh4587,47157282#0->40140017#1,veh_passenger,30734.00,30981.00,247.00,1284.06,0.00,False,False
veh4567,1064476622#1->521705694#0,veh_passenger,30600.00,30982.00,382.00,2002.60,0.00,False,False
veh4536,967985513#2->240666069#1,veh_passenger,30393.00,30983.00,590.00,2924.59,0.00,False,False
veh4510,1075505400#2->-488788633#2,veh_passenger,30218.00,30984.00,766.00,2018.87,0.00,False,False
veh4593,39838751#1->-10628444#0,veh_passenger,30775.00,30992.00,217.00,1035.93,0.00,False,False
veh4300,-39838657#1->178583153,veh_passenger,28811.00,31004.00,2193.00,1613.96,0.00,False,False
veh4582,-257421487#1->1118804256#0,veh_passenger,30701.00,31004.00,303.00,2481.94,0.00,False,False
veh4599,-10250021#4->-1255099069,veh_passenger,30815.00,31005.00,190.00,853.41,0.00,False,False
veh4617,1068434205->1214520067,veh_passenger,30935.00,31016.00,81.00,726.14,0.00,False,False
veh4576,232920701->428730813#0,veh_passenger,30661.00,31020.00,359.00,2869.57,0.00,False,False
veh4591,509524270->39920593#4,veh_passenger,30761.00,31022.00,261.00,1608.20,0.00,False,False
veh4575,-474143552#0->654297637#0,veh_passenger,30660.00,31031.00,371.00,1753.89,0.00,False,False
veh4579,40138633#0->509646063#0,veh_passenger,30681.00,31054.00,373.00,2158.80,0.00,False,False
veh4572,687878722#1->178583148#0,veh_passenger,30634.00,31062.00,428.00,2264.75,0.00,False,False
veh4400,654297637#2->515136603,veh_passenger,29481.00,31066.00,1585.00,3378.51,0.00,False,False
veh3930,-1074409256#0->1125986379#0,veh_passenger,26432.00,31067.00,4635.00,675.79,0.00,False,False
veh4607,83563432->1068434258,veh_passenger,30868.00,31068.00,200.00,2199.44,0.00,False,False
bus513,39920550#8->1292541108,bus_bus,30781.00,31075.00,294.00,1301.11,0.00,False,False
veh4554,13909444#0->24621218#0,veh_passenger,30513.00,31077.00,564.00,1566.56,0.00,False,False
veh3668,-39838691#0->-474143552#4,veh_passenger,24577.00,31080.00,6503.00,1483.07,0.00,False,False
veh4509,13866211->24576922#0,veh_passenger,30212.00,31082.00,870.00,2237.01,0.00,False,False
veh4601,1326094888->39920550#7,veh_passenger,30828.00,31096.00,268.00,2830.44,0.00,False,False
veh4605,1323097579#2->-1335304373#2,veh_passenger,30855.00,31101.00,246.00,1263.60,0.00,False,False
veh4604,1211151640->1125986373#0,veh_passenger,30848.00,31103.00,255.00,1451.01,0.00,False,False
veh4475,1074771163#1-AddedOffRampEdge->1214520073#0,veh_passenger,29984.00,31107.00,1123.00,1302.96,0.00,False,False
bus514,39920505#4->-1125986379#0,bus_bus,30841.00,31109.00,268.00,1010.57,0.00,False,False
veh4618,1254816455->1214520074#4,veh_passenger,30942.00,31112.00,170.00,1076.27,0.00,False,False
veh4628,-1332638391#0->40139504#1,veh_passenger,31009.00,31121.00,112.00,776.31,0.00,False,False
veh4597,488788637#1->428730813#2,veh_passenger,30801.00,31126.00,325.00,2559.77,0.00,False,False
veh4629,515136607->47087993#1,veh_passenger,31016.00,31126.00,110.00,1057.55,0.00,False,False
veh4639,1326193809->-40036009#2,veh_passenger,31083.00,31127.00,44.00,271.89,0.00,False,False
veh4602,-521701857->1067928305#0,veh_passenger,30843.00,31134.00,291.00,1579.32,0.00,False,False
veh4177,653860562->511409188#0,veh_passenger,27987.00,31140.00,3153.00,713.42,0.00,False,False
veh4418,967985513#1->1125986386,veh_passenger,29602.00,31144.00,1542.00,1641.97,0.00,False,False
veh4631,147711065#1->1125986377#1,veh_passenger,31029.00,31154.00,125.00,448.87,0.00,False,False
veh4417,1254633078#1->515126385#1,veh_passenger,29595.00,31155.00,1560.00,2901.43,0.00,False,False
veh4540,-39838657#0->-10748045#2,veh_passenger,30419.00,31155.00,736.00,1821.35,0.00,False,False
bus512,1214520075->-666886086#3,bus_bus,30721.00,31163.00,442.00,1251.66,0.00,False,False
bus515,1125986385#1->24576913#0,bus_bus,30901.00,31164.00,263.00,749.92,0.00,False,False
veh4394,-8887999#0->-1074409256#0,veh_passenger,29441.00,31167.00,1726.00,757.66,0.00,False,False
bus507,47053612->178583167#0,bus_bus,30421.00,31167.00,746.00,3252.76,0.00,False,False
veh4616,47087993#0->-8887999#0,veh_passenger,30929.00,31169.00,240.00,1693.98,0.00,False,False
veh4589,1237953493->654297629#2,veh_passenger,30748.00,31172.00,424.00,1122.24,0.00,False,False
veh4563,238219446#1->39838520#2,veh_passenger,30574.00,31175.00,601.00,1181.63,0.00,False,False
veh4623,-40138239#4->-474143552#3,veh_passenger,30976.00,31177.00,201.00,1394.16,0.00,False,False
veh4542,975216739->-39838691#3,veh_passenger,30433.00,31179.00,746.00,1288.10,0.00,False,False
truck259,-14924729#3->761486028#0,truck_truck,31081.00,31179.00,98.00,629.82,0.00,False,False
veh4559,1234244927#0->1068434256#0,veh_passenger,30547.00,31180.00,633.00,994.81,0.00,False,False
veh3787,-39838691#5->-1125986375#1,veh_passenger,25374.00,31187.00,5813.00,1456.52,0.00,False,False
veh4595,654297633->39921025#8,veh_passenger,30788.00,31190.00,402.00,1889.55,0.00,False,False
veh4625,39366819#1->1074409232#0,veh_passenger,30989.00,31192.00,203.00,1036.44,0.00,False,False
veh4532,1222181936->24577455#2,veh_passenger,30366.00,31198.00,832.00,1461.50,0.00,False,False
veh4598,1064398309#0->-47087366#1,veh_passenger,30808.00,31206.00,398.00,2488.92,0.00,False,False
bus516,-10628444#0->1005394020,bus_bus,30961.00,31206.00,245.00,1573.29,0.00,False,False
veh4615,47225638#3->-1226645410,veh_passenger,30922.00,31207.00,285.00,836.52,0.00,False,False
veh4338,515130027->813852683-AddedOnRampEdge,veh_passenger,29066.00,31215.00,2149.00,3261.45,0.00,False,False
veh4650,1068434168->1068434256#1,veh_passenger,31156.00,31221.00,65.00,161.84,0.00,False,False
bus518,-515136605->1067928306#1,bus_bus,31081.00,31232.00,151.00,974.30,0.00,False,False
veh4611,40138239#2->47224972#0,veh_passenger,30895.00,31238.00,343.00,2056.01,0.00,False,False
veh4317,-24576913#1->-1015424648,veh_passenger,30452.00,31241.00,789.00,684.03,0.00,False,False
veh4622,1222703384#0->238219449,veh_passenger,30969.00,31248.00,279.00,1396.01,0.00,False,False
veh4619,515136607->10250021#2,veh_passenger,30949.00,31251.00,302.00,1644.34,0.00,False,False
veh3899,564273553#4->490474063#4,veh_passenger,26125.00,31256.00,5131.00,2263.56,0.00,False,False
veh4370,488788630#2->-449565665#3,veh_passenger,29280.00,31256.00,1976.00,1662.13,0.00,False,False
veh4646,-1067928307#3->509524225,veh_passenger,31130.00,31257.00,127.00,1439.51,0.00,False,False
veh4651,13909444#5->-1068144848#0,veh_passenger,31163.00,31257.00,94.00,688.14,0.00,False,False
veh4620,40297715#3->10748036,veh_passenger,30955.00,31273.00,318.00,1582.03,0.00,False,False
veh4642,-39838691#2->437445541#1,veh_passenger,31103.00,31282.00,179.00,2054.13,0.00,False,False
veh4645,451728952#4->1226645409,veh_passenger,31123.00,31285.00,162.00,1215.69,0.00,False,False
veh4606,-240666072#1->513272949,veh_passenger,30862.00,31287.00,425.00,1706.87,0.00,False,False
veh4610,-240666072#2->40138239#1,veh_passenger,30888.00,31288.00,400.00,2911.79,0.00,False,False
veh4634,-511187818->488788630#0,veh_passenger,31049.00,31291.00,242.00,1751.71,0.00,False,False
veh4626,33683346#0->-1068144845#4,veh_passenger,30996.00,31294.00,298.00,2811.84,0.00,False,False
veh4647,33683346#0->-40035606#3,veh_passenger,31136.00,31296.00,160.00,796.71,0.00,False,False
veh3909,12262310#0-AddedOffRampEdge->479863106#0,veh_passenger,26192.00,31298.00,5106.00,2346.09,0.00,False,False
veh4130,24576913#0->47087993#1,veh_passenger,27672.00,31304.00,3632.00,2083.88,0.00,False,False
veh4058,521708587#0->511187815,veh_passenger,27190.00,31313.00,4123.00,1145.96,0.00,False,False
veh4638,-147711065#1->1214520074#3,veh_passenger,31076.00,31318.00,242.00,754.44,0.00,False,False
truck258,509646061->50323229#11,truck_truck,30961.00,31334.00,373.00,1953.86,0.00,False,False
veh4608,39920550#6->-24576913#0,veh_passenger,30875.00,31341.00,466.00,1053.36,0.00,False,False
veh4557,178702252->515126385#2,veh_passenger,30533.00,31342.00,809.00,2369.46,0.00,False,False
veh4627,40140141#7->488788630#2,veh_passenger,31002.00,31352.00,350.00,2620.65,0.00,False,False
veh4643,10250021#4->-1323097580#0,veh_passenger,31110.00,31352.00,242.00,1412.77,0.00,False,False
veh4180,39366819#0->490474063#7,veh_passenger,28007.00,31354.00,3347.00,2012.34,0.00,False,False
veh4655,178702248->1326193810,veh_passenger,31190.00,31368.00,178.00,1804.64,0.00,False,False
bus517,-474143552#0->-39838691#1,bus_bus,31021.00,31374.00,353.00,1797.94,0.00,False,False
veh4439,40109290#2->1337646276,veh_passenger,29743.00,31384.00,1641.00,3051.10,0.00,False,False
veh4649,-451728952#4->381945549#1,veh_passenger,31150.00,31390.00,240.00,2569.39,0.00,False,False
veh4648,422842976->478286980#1,veh_passenger,31143.00,31391.00,248.00,778.41,0.00,False,False
truck261,40138633#2->1254633077#1,truck_truck,31321.00,31393.00,72.00,474.13,0.00,False,False
veh4636,-488788637#1->428730813#2,veh_passenger,31063.00,31400.00,337.00,2493.73,0.00,False,False
veh4667,131671623->405382146#0,veh_passenger,31270.00,31421.00,151.00,1131.71,0.00,False,False
veh4592,513082632->-1100626088,veh_passenger,30768.00,31430.00,662.00,1295.72,0.00,False,False
veh4644,-1273251150#1->40322293,veh_passenger,31116.00,31435.00,319.00,2139.75,0.00,False,False
veh4466,-1222703384#0->-224146621,veh_passenger,29924.00,31438.00,1514.00,2416.28,0.00,False,False
veh4678,-1322916760#1->-14924729#1,veh_passenger,31344.00,31444.00,100.00,859.75,0.00,False,False
veh4525,-654297629#3->428730813#1,veh_passenger,30319.00,31451.00,1132.00,1769.06,0.00,False,False
veh4594,-39838751#1->11635146#0,veh_passenger,30783.00,31451.00,668.00,2262.56,0.00,False,False
veh4612,1324405519->488788633#2,veh_passenger,30902.00,31454.00,552.00,3111.55,0.00,False,False
veh4637,-1068144845#4->654297635#1,veh_passenger,31069.00,31464.00,395.00,2004.75,0.00,False,False
veh4633,160077494->511404872,veh_passenger,31043.00,31465.00,422.00,1750.64,0.00,False,False
veh4660,8758061->1214520074#2,veh_passenger,31223.00,31467.00,244.00,1608.57,0.00,False,False
veh4656,515130027->169562956,veh_passenger,31197.00,31468.00,271.00,1878.31,0.00,False,False
veh4635,515136604->1074409255#0,veh_passenger,31056.00,31475.00,419.00,2201.36,0.00,False,False
veh4632,-47224972#0->-40036009#2,veh_passenger,31036.00,31478.00,442.00,1744.97,0.00,False,False
veh4669,47087992#0->-654530820#0,veh_passenger,31284.00,31488.00,204.00,2864.42,0.00,False,False
veh4499,499566574#0->1226645410,veh_passenger,30145.00,31504.00,1359.00,3293.27,0.00,False,False
veh4689,150928465->-474143552#1,veh_passenger,31418.00,31510.00,92.00,388.56,0.00,False,False
bus525,178699056#3->178699056#3,bus_bus,31501.00,31510.00,9.00,51.31,0.00,False,False
veh4653,-8887999#2->39920550#6,veh_passenger,31177.00,31513.00,336.00,1400.16,0.00,False,False
veh4298,39763700#2->1068144844,veh_passenger,28798.00,31518.00,2720.00,2746.52,0.00,False,False
veh4665,1332638391#0->-654297637#0,veh_passenger,31257.00,31518.00,261.00,1116.92,0.00,False,False
veh4662,1074409255#1->490474063#3,veh_passenger,31237.00,31522.00,285.00,1521.05,0.00,False,False
bus520,-40138633#1->1100626103#3,bus_bus,31201.00,31527.00,326.00,1726.62,0.00,False,False
veh4641,47087993#1->-654297634,veh_passenger,31096.00,31544.00,448.00,2212.82,0.00,False,False
veh4663,8887999#0->-1335304373#1,veh_passenger,31244.00,31553.00,309.00,1538.79,0.00,False,False
bus522,-1254816454->511187810,bus_bus,31321.00,31554.00,233.00,716.05,0.00,False,False
veh4571,-1068916335->515130028#0,veh_passenger,30627.00,31558.00,931.00,2560.80,0.00,False,False
veh4668,178702258#1->-521705694#0,veh_passenger,31277.00,31558.00,281.00,399.20,0.00,False,False
veh4703,39838691#2->564273553#4,veh_passenger,31512.00,31560.00,48.00,476.50,0.00,False,False
veh4676,40138941#0->142741729#1,veh_passenger,31331.00,31568.00,237.00,1381.07,0.00,False,False
veh4658,1335304376#0->1214520071,veh_passenger,31210.00,31571.00,361.00,1758.91,0.00,False,False
veh4501,47267011#1->1074409256#0,veh_passenger,30158.00,31595.00,1437.00,1687.37,0.00,False,False
veh4688,39920505#3->-39920593#2,veh_passenger,31411.00,31596.00,185.00,562.53,0.00,False,False
veh4691,147711065#2->-654297637#2,veh_passenger,31431.00,31599.00,168.00,885.50,0.00,False,False
veh4640,1068074793->-511409187,veh_passenger,31089.00,31610.00,521.00,1025.35,0.00,False,False
bus524,521701860->511187810,bus_bus,31441.00,31613.00,172.00,586.49,0.00,False,False
veh3968,24576922#2->1204070282,veh_passenger,26587.00,31623.00,5036.00,1103.91,0.00,False,False
bus511,428730813#2->-178699051#1,bus_bus,30661.00,31633.00,972.00,3052.77,0.00,False,False
veh4715,10628444#0->488788637#1,veh_passenger,31592.00,31634.00,42.00,451.08,0.00,False,False
veh4661,-521705694#0->1125986406#1,veh_passenger,31230.00,31638.00,408.00,1097.50,0.00,False,False
bus519,-10628444#0->428730813#2,bus_bus,31141.00,31648.00,507.00,2524.20,0.00,False,False
veh4673,-10628442#1->40109290#1,veh_passenger,31311.00,31655.00,344.00,1697.82,0.00,False,False
veh4700,-1226645410->1298335704#0,veh_passenger,31491.00,31663.00,172.00,1058.24,0.00,False,False
veh4657,-654297632#0->-1068144845#0,veh_passenger,31203.00,31667.00,464.00,1938.77,0.00,False,False
veh4659,-224146621->-50323229#3,veh_passenger,31217.00,31682.00,465.00,3704.26,0.00,False,False
veh4709,-1290439817#0->-40035904#0,veh_passenger,31552.00,31682.00,130.00,1496.45,0.00,False,False
veh4614,1368740247-AddedOffRampEdge->515123442#3,veh_passenger,30915.00,31687.00,772.00,2284.34,0.00,False,False
veh4684,178583155->1214520074#5,veh_passenger,31384.00,31689.00,305.00,1738.85,0.00,False,False
veh4697,-40035606#1->-1255099069,veh_passenger,31471.00,31692.00,221.00,950.29,0.00,False,False
truck260,39838751#2->50323229#9,truck_truck,31201.00,31695.00,494.00,2585.61,0.00,False,False
veh4574,50323229#3->-1068144849#2,veh_passenger,30647.00,31698.00,1051.00,3929.40,0.00,False,False
veh4099,39838691#1->39920011#2,veh_passenger,27465.00,31699.00,4234.00,1824.22,0.00,False,False
veh4682,-1125986375#1->1234244926,veh_passenger,31371.00,31709.00,338.00,1432.99,0.00,False,False
veh4701,-40036062#0->1117667177,veh_passenger,31498.00,31710.00,212.00,1052.62,0.00,False,False
veh4666,-39920593#2->39838520#3,veh_passenger,31264.00,31714.00,450.00,1683.13,0.00,False,False
veh4694,509646144->-39838691#9,veh_passenger,31451.00,31723.00,272.00,1018.23,0.00,False,False
veh4680,437445541#1->-40138239#0,veh_passenger,31357.00,31729.00,372.00,4267.72,0.00,False,False
veh4716,511404880#0->39921025#1,veh_passenger,31599.00,31730.00,131.00,1602.52,0.00,False,False
veh4670,1068144849#2->1074771163#1,veh_passenger,31290.00,31734.00,444.00,2857.94,0.00,False,False
veh4685,1067928307#2->1254633077#1,veh_passenger,31391.00,31740.00,349.00,3615.53,0.00,False,False
veh4621,490474063#6->1068144847,veh_passenger,30962.00,31763.00,801.00,3097.02,0.00,False,False
veh4686,1067928306#1->521713925,veh_passenger,31398.00,31768.00,370.00,1502.70,0.00,False,False
veh4714,47087993#0->257421487#1,veh_passenger,31585.00,31773.00,188.00,1470.63,0.00,False,False
veh4654,1298335704#0->1067852461,veh_passenger,31183.00,31775.00,592.00,2351.00,0.00,False,False
veh3898,521701858-AddedOffRampEdge->39920593#5,veh_passenger,26118.00,31786.00,5668.00,2017.79,0.00,False,False
bus527,-178702258#1->-1068144846#0,bus_bus,31621.00,31786.00,165.00,1146.48,0.00,False,False
veh4674,178583149->1068434199,veh_passenger,31317.00,31803.00,486.00,1943.29,0.00,False,False
veh4719,-39921673#0->-401226926#0,veh_passenger,31619.00,31810.00,191.00,1067.42,0.00,False,False
veh4712,475044040#4->24577522#3,veh_passenger,31598.00,31827.00,229.00,1176.82,0.00,False,False
veh4742,33683458#0->-10748045#1,veh_passenger,31773.00,31830.00,57.00,254.82,0.00,False,False
veh4707,1214520076->-730912750,veh_passenger,31538.00,31832.00,294.00,1443.73,0.00,False,False
bus528,1067852461->475044040#3,bus_bus,31681.00,31836.00,155.00,785.15,0.00,False,False
veh4699,169562956->1074409255#0,veh_passenger,31485.00,31840.00,355.00,1489.05,0.00,False,False
veh3995,-39920593#0->-39838530,veh_passenger,26768.00,31841.00,5073.00,1289.81,0.00,False,False
veh4737,1204070282->-40297715#3,veh_passenger,31739.00,31844.00,105.00,897.05,0.00,False,False
veh4671,-40035606#1->1068434235,veh_passenger,31297.00,31850.00,553.00,1278.19,0.00,False,False
veh4704,10628442#0->50323229#0,veh_passenger,31518.00,31856.00,338.00,1702.93,0.00,False,False
veh4603,1326193809->488786523,veh_passenger,30842.00,31869.00,1027.00,2976.07,0.00,False,False
veh4723,39920593#1->1068916338,veh_passenger,31646.00,31873.00,227.00,1144.96,0.00,False,False
truck263,10250021#4->490474063#0,truck_truck,31561.00,31881.00,320.00,1399.45,0.00,False,False
veh4721,515123442#3->-1211151635#1,veh_passenger,31632.00,31890.00,258.00,1685.27,0.00,False,False
veh4735,1125986385#1->1297720376#0,veh_passenger,31726.00,31896.00,170.00,883.34,0.00,False,False
veh4725,178702243#1-AddedOnRampEdge->11635146#1,veh_passenger,31659.00,31908.00,249.00,3146.44,0.00,False,False
veh4754,511404878->-39838691#2,veh_passenger,31853.00,31910.00,57.00,358.82,0.00,False,False
veh4630,178699051#1->39920550#4,veh_passenger,31022.00,31920.00,898.00,1425.81,0.00,False,False
veh4705,511404874#0->24577455#2,veh_passenger,31525.00,31922.00,397.00,2802.96,0.00,False,False
veh4675,39920505#5->1068434235,veh_passenger,31324.00,31926.00,602.00,1104.97,0.00,False,False
veh4702,178702243#0->-50323229#7,veh_passenger,31505.00,31933.00,428.00,5263.97,0.00,False,False
veh4708,178583141->39920593#2,veh_passenger,31545.00,31962.00,417.00,4767.51,0.00,False,False
veh4726,1207401652#1->1323097575#3,veh_passenger,31666.00,31965.00,299.00,1805.96,0.00,False,False
veh4755,1231065644->509646144,veh_passenger,31860.00,31978.00,118.00,723.82,0.00,False,False
veh4711,-8887999#0->-147711065#0,veh_passenger,31565.00,31982.00,417.00,840.39,0.00,False,False
veh4731,40139504#0->509646056,veh_passenger,31699.00,31983.00,284.00,922.19,0.00,False,False
veh4729,509524271->687878724,veh_passenger,31686.00,31994.00,308.00,1403.61,0.00,False,False
veh4727,1068144849#2->15419875#1,veh_passenger,31672.00,31997.00,325.00,3441.13,0.00,False,False
veh4736,-488788633#1->178702250,veh_passenger,31733.00,31997.00,264.00,2687.95,0.00,False,False
veh4710,40322293->10629474#1,veh_passenger,31558.00,32001.00,443.00,927.35,0.00,False,False
bus521,499566574#3->482569917#1,bus_bus,31261.00,32003.00,742.00,3533.39,0.00,False,False
veh4171,39763700#6->-1068916339,veh_passenger,27947.00,32005.00,4058.00,562.03,0.00,False,False
bus530,509524225->-515040937,bus_bus,31801.00,32005.00,204.00,1944.45,0.00,False,False
veh4677,511187808#3->9792174#0,veh_passenger,31337.00,32021.00,684.00,2884.15,0.00,False,False
veh4681,1254633078#1->8758061,veh_passenger,31364.00,32025.00,661.00,3541.19,0.00,False,False
bus523,-1125986377#0->-1068144845#2,bus_bus,31381.00,32028.00,647.00,1624.57,0.00,False,False
truck262,413789558#1->83428923#0,truck_truck,31441.00,32046.00,605.00,2205.44,0.00,False,False
veh4762,24576922#2->666886081,veh_passenger,31907.00,32047.00,140.00,1808.07,0.00,False,False
veh4732,178702243#1-AddedOnRampEdge->1335304371,veh_passenger,31706.00,32049.00,343.00,4254.11,0.00,False,False
veh4743,10628442#1->1323097580#0,veh_passenger,31780.00,32049.00,269.00,1444.92,0.00,False,False
veh4747,511187815->564273553#3,veh_passenger,31806.00,32056.00,250.00,1045.91,0.00,False,False
bus526,40036066->1211151636,bus_bus,31561.00,32057.00,496.00,2198.72,0.00,False,False
veh3916,-564273553#2->-10250021#4,veh_passenger,26239.00,32059.00,5820.00,1091.21,0.00,False,False
veh4692,1290456019->654297631,veh_passenger,31438.00,32065.00,627.00,2844.83,0.00,False,False
veh4756,-1222703383->39920011#1,veh_passenger,31867.00,32072.00,205.00,1125.49,0.00,False,False
veh4722,13909444#4->1254816454,veh_passenger,31639.00,32073.00,434.00,1392.92,0.00,False,False
veh4763,142741729#0->654297635#1,veh_passenger,31915.00,32079.00,164.00,853.58,0.00,False,False
veh4013,9832326#0->1332638368#1,veh_passenger,26889.00,32081.00,5192.00,2330.78,0.00,False,False
veh4767,1255099069->10628442#2,veh_passenger,31940.00,32083.00,143.00,797.61,0.00,False,False
veh4738,437445541#0->-10629474#1,veh_passenger,31746.00,32090.00,344.00,2608.06,0.00,False,False
veh4728,15420537#1->513272951#0,veh_passenger,31679.00,32096.00,417.00,2174.87,0.00,False,False
veh4354,39763700#5->1214520079,veh_passenger,29173.00,32101.00,2928.00,868.46,0.00,False,False
bus531,178723097#1->1337646271#1,bus_bus,31861.00,32106.00,245.00,815.61,0.00,False,False
veh4744,-1125986379#1->401226926#0,veh_passenger,31786.00,32114.00,328.00,1352.52,0.00,False,False
veh4741,-687878722#2->521713925,veh_passenger,31766.00,32118.00,352.00,1526.63,0.00,False,False
veh4764,1214520076->509646053#1,veh_passenger,31920.00,32118.00,198.00,372.83,0.00,False,False
veh4784,-405382146#0->1067928306#1,veh_passenger,32054.00,32119.00,65.00,658.51,0.00,False,False
veh4724,1335304386#1->-257421487#0,veh_passenger,31652.00,32121.00,469.00,1886.20,0.00,False,False
veh4757,-1237953493->-1335304385,veh_passenger,31873.00,32134.00,261.00,1271.62,0.00,False,False
veh4706,1068144845#4->39838691#2,veh_passenger,31532.00,32141.00,609.00,1855.02,0.00,False,False
veh4664,-40138633#3->511404880#0,veh_passenger,31250.00,32148.00,898.00,2484.54,0.00,False,False
veh4698,8887999#2->1068434168,veh_passenger,31478.00,32157.00,679.00,1567.01,0.00,False,False
veh4752,-1068916338->515126303,veh_passenger,31840.00,32158.00,318.00,1621.98,0.00,False,False
veh4745,-687878722#1->39838691#3,veh_passenger,31793.00,32164.00,371.00,1371.94,0.00,False,False
veh4765,39920684#1->-1254816452,veh_passenger,31927.00,32164.00,237.00,1073.49,0.00,False,False
veh4718,-1332638391#1->488788633#0,veh_passenger,31612.00,32166.00,554.00,1391.46,0.00,False,False
veh4739,-10628442#1->1068144849#1,veh_passenger,31753.00,32180.00,427.00,2251.78,0.00,False,False
veh4760,509646057#2->1068434203,veh_passenger,31893.00,32180.00,287.00,537.57,0.00,False,False
veh4778,509524226->39920505#12,veh_passenger,32014.00,32185.00,171.00,1925.97,0.00,False,False
veh4786,1332638391#0->240666072#2,veh_passenger,32068.00,32193.00,125.00,1177.06,0.00,False,False
veh4695,15419875#1->509524224,veh_passenger,31458.00,32199.00,741.00,1392.21,0.00,False,False
truck264,178441748#0->1326437250,truck_truck,31681.00,32207.00,526.00,1986.69,0.00,False,False
veh4759,-1068144844->509646053#1,veh_passenger,31887.00,32214.00,327.00,2240.89,0.00,False,False
veh4788,1260485929#3->39838751#2,veh_passenger,32081.00,32214.00,133.00,858.18,0.00,False,False
truck266,10250021#0->511187808#2,truck_truck,31921.00,32224.00,303.00,959.50,0.00,False,False
veh4771,10748045#2->232920697,veh_passenger,31967.00,32232.00,265.00,1446.60,0.00,False,False
veh4524,437445541#1->-24576913#0,veh_passenger,30312.00,32239.00,1927.00,1452.23,0.00,False,False
veh4749,1332638391#0->1323097575#2,veh_passenger,31820.00,32240.00,420.00,1419.55,0.00,False,False
veh4787,1100626103#2->39920505#11,veh_passenger,32074.00,32256.00,182.00,781.61,0.00,False,False
veh4785,40109290#1->-900279886,veh_passenger,32061.00,32257.00,196.00,916.36,0.00,False,False
veh4793,488788633#2->482569917#1,veh_passenger,32115.00,32257.00,142.00,1373.78,0.00,False,False
veh4751,488788630#0->-1125986375#1,veh_passenger,31833.00,32260.00,427.00,2500.42,0.00,False,False
veh4769,509524227#0->-10250021#4,veh_passenger,31954.00,32262.00,308.00,1254.82,0.00,False,False
veh4789,50323229#2->-1125986374,veh_passenger,32088.00,32268.00,180.00,1016.44,0.00,False,False
veh4801,24576922#2->11631594#1,veh_passenger,32168.00,32290.00,122.00,915.08,0.00,False,False
veh4733,47267011#2->40036009#0,veh_passenger,31713.00,32297.00,584.00,2943.36,0.00,False,False
veh4805,-10628444#0->1233759524,veh_passenger,32195.00,32307.00,112.00,695.76,0.00,False,False
veh4746,838061038->50323229#13,veh_passenger,31800.00,32319.00,519.00,2562.83,0.00,False,False
veh4775,-437445539#1->257421487#0,veh_passenger,31994.00,32320.00,326.00,2713.05,0.00,False,False
veh4730,654297635#1->509524229,veh_passenger,31692.00,32332.00,640.00,1229.74,0.00,False,False
veh4734,1100626103#1->-1068144849#1,veh_passenger,31719.00,32335.00,616.00,3668.13,0.00,False,False
veh4683,-40139504#1->488788633#0,veh_passenger,31378.00,32341.00,963.00,2049.36,0.00,False,False
veh4803,-10748045#2->40138633#2,veh_passenger,32182.00,32350.00,168.00,877.38,0.00,False,False
truck265,1237953497->428730800,truck_truck,31801.00,32358.00,557.00,3124.74,0.00,False,False
veh4720,511409188#0->1068434256#0,veh_passenger,31625.00,32366.00,741.00,1058.16,0.00,False,False
veh4750,511409188#1->449565665#0,veh_passenger,31826.00,32376.00,550.00,696.74,0.00,False,False
veh4696,-10629474#0->1226645410,veh_passenger,31465.00,32378.00,913.00,2141.57,0.00,False,False
veh4791,178441748#0->-488788629,veh_passenger,32101.00,32380.00,279.00,1387.80,0.00,False,False
veh4797,47087993#2->-83563455,veh_passenger,32141.00,32385.00,244.00,2771.81,0.00,False,False
veh4808,1068144846#0->1297720376#1,veh_passenger,32215.00,32389.00,174.00,1656.83,0.00,False,False
veh3998,-39838691#0->1125986385#0,veh_passenger,26788.00,32410.00,5622.00,1067.40,0.00,False,False
veh4814,1074771163#1-AddedOffRampEdge->39921673#1,veh_passenger,32255.00,32410.00,155.00,1227.30,0.00,False,False
veh4826,-10250021#0->-39921673#1,veh_passenger,32336.00,32411.00,75.00,254.58,0.00,False,False
bus536,40140017#0->490474063#2,bus_bus,32161.00,32422.00,261.00,687.38,0.00,False,False
veh4776,47267011#2->-499566577#1,veh_passenger,32001.00,32428.00,427.00,2505.20,0.00,False,False
veh4777,40297647#0->-654297633,veh_passenger,32007.00,32428.00,421.00,1692.51,0.00,False,False
veh4811,238219449->1254633077#0,veh_passenger,32235.00,32430.00,195.00,982.87,0.00,False,False
veh4232,1074409256#0->-40297715#1,veh_passenger,28356.00,32437.00,4081.00,1346.21,0.00,False,False
veh4748,9832326#1->39838984#0,veh_passenger,31813.00,32439.00,626.00,1683.19,0.00,False,False
veh4761,40138941#0->515136605,veh_passenger,31900.00,32444.00,544.00,4146.58,0.00,False,False
veh4817,515126384->13909444#2,veh_passenger,32275.00,32454.00,179.00,1306.26,0.00,False,False
veh4809,-437445540->-1068144846#2,veh_passenger,32222.00,32456.00,234.00,1249.74,0.00,False,False
veh4766,40297885#1->-1323097576,veh_passenger,31934.00,32457.00,523.00,1958.88,0.00,False,False
veh4781,-405382146#1->-39920593#0,veh_passenger,32034.00,32458.00,424.00,2110.31,0.00,False,False
veh4783,-438516309->513272951#1,veh_passenger,32048.00,32458.00,410.00,2613.22,0.00,False,False
veh4713,47087366#1->1074409232#0,veh_passenger,31579.00,32461.00,882.00,2209.07,0.00,False,False
veh4782,1068434202->-50323229#7,veh_passenger,32041.00,32472.00,431.00,1649.69,0.00,False,False
veh4740,-1335304373#0->1125986387,veh_passenger,31759.00,32480.00,721.00,1882.36,0.00,False,False
veh4774,-1332638391#0->428730793#0,veh_passenger,31987.00,32494.00,507.00,2320.70,0.00,False,False
veh4823,83563455->1068144848#0,veh_passenger,32316.00,32496.00,180.00,1344.47,0.00,False,False
veh4794,-479863106#0->40138633#0,veh_passenger,32121.00,32500.00,379.00,1826.86,0.00,False,False
veh4795,1337646274->509524225,veh_passenger,32128.00,32509.00,381.00,4256.83,0.00,False,False
veh4802,116831467->24621218#1,veh_passenger,32175.00,32514.00,339.00,1152.65,0.00,False,False
veh4821,-47224972#0->8887999#0,veh_passenger,32302.00,32520.00,218.00,430.76,0.00,False,False
veh4779,515126384->-449565665#2,veh_passenger,32021.00,32526.00,505.00,1834.54,0.00,False,False
veh4812,1214520074#2->509524230,veh_passenger,32242.00,32536.00,294.00,1218.11,0.00,False,False
veh4753,-40035904#2->428730818#2,veh_passenger,31847.00,32537.00,690.00,3509.09,0.00,False,False
veh4824,47087366#0->488788630#1,veh_passenger,32322.00,32545.00,223.00,1886.51,0.00,False,False
veh4819,-1068916338->1421367925,veh_passenger,32289.00,32546.00,257.00,1245.04,0.00,False,False
veh4807,-142741729#1->521704031#1,veh_passenger,32208.00,32551.00,343.00,1960.88,0.00,False,False
veh4800,-437445540->-39920222,veh_passenger,32161.00,32554.00,393.00,3570.39,0.00,False,False
veh4813,-687878722#0->11631594#3,veh_passenger,32249.00,32563.00,314.00,2460.84,0.00,False,False
bus537,488788626#3->-509524271,bus_bus,32221.00,32564.00,343.00,977.51,0.00,False,False
veh4818,666886085#0->1214520075,veh_passenger,32282.00,32565.00,283.00,1148.82,0.00,False,False
veh4820,521704053->515123438,veh_passenger,32295.00,32573.00,278.00,1666.48,0.00,False,False
veh4845,10748045#0->50323229#13,veh_passenger,32463.00,32592.00,129.00,594.10,0.00,False,False
veh4101,-178723097#0->1064398309#0,veh_passenger,27478.00,32608.00,5130.00,1783.47,0.00,False,False
veh4205,-654297629#3->515126303,veh_passenger,28175.00,32609.00,4434.00,1831.66,0.00,False,False
veh4825,1278784167#0->-401226926#1,veh_passenger,32329.00,32610.00,281.00,2007.66,0.00,False,False
veh4830,-654297632#0->40035904#2,veh_passenger,32362.00,32613.00,251.00,1582.57,0.00,False,False
veh4857,40035325#2->-143546557,veh_passenger,32543.00,32617.00,74.00,462.68,0.00,False,False
veh4827,513082641#1->1068074792,veh_passenger,32342.00,32619.00,277.00,2842.80,0.00,False,False
bus538,-39838984#1->-437445542,bus_bus,32281.00,32621.00,340.00,2101.62,0.00,False,False
veh4810,488788630#2->1273405490,veh_passenger,32228.00,32635.00,407.00,3395.51,0.00,False,False
veh4772,40109290#0->178702261,veh_passenger,31974.00,32638.00,664.00,4062.88,0.00,False,False
bus535,515126384->1068434205,bus_bus,32101.00,32649.00,548.00,1594.98,0.00,False,False
veh4768,-40140017#2->439836129,veh_passenger,31947.00,32659.00,712.00,2528.66,0.00,False,False
veh4848,-39838984#0->-437445539#0,veh_passenger,32483.00,32663.00,180.00,2422.59,0.00,False,False
veh4147,10725667->1297720367,veh_passenger,27786.00,32670.00,4884.00,2359.94,0.00,False,False
veh4846,381945551->449565665#1,veh_passenger,32470.00,32674.00,204.00,1834.89,0.00,False,False
veh4838,47087993#2->515126385#3,veh_passenger,32416.00,32680.00,264.00,1382.68,0.00,False,False
veh4863,47087993#0->1068144845#0,veh_passenger,32584.00,32690.00,106.00,526.05,0.00,False,False
bus540,39839131->-40138633#1,bus_bus,32401.00,32691.00,290.00,2347.92,0.00,False,False
veh4850,10748045#0->39920550#3,veh_passenger,32496.00,32691.00,195.00,818.76,0.00,False,False
bus541,451728952#1->1298335704#1,bus_bus,32461.00,32694.00,233.00,1365.54,0.00,False,False
truck270,-488788630#1->488788626#0,truck_truck,32401.00,32702.00,301.00,2856.88,0.00,False,False
veh4856,1292578228->-1297720376#1,veh_passenger,32537.00,32704.00,167.00,795.35,0.00,False,False
veh4847,515138054->39920505#5,veh_passenger,32476.00,32710.00,234.00,3094.71,0.00,False,False
veh4860,238219446#0->1204070283#1,veh_passenger,32563.00,32723.00,160.00,993.79,0.00,False,False
veh4851,1234244926->1064476619,veh_passenger,32503.00,32736.00,233.00,2409.82,0.00,False,False
veh4790,50323229#9->12090453#0,veh_passenger,32097.00,32742.00,645.00,3046.43,0.00,False,False
veh4196,24577522#1->15420801#1,veh_passenger,28115.00,32743.00,4628.00,1792.82,0.00,False,False
veh4841,-1260485931#0->1332638391#1,veh_passenger,32436.00,32743.00,307.00,1151.35,0.00,False,False
veh4815,1067953247#1->856175964,veh_passenger,32262.00,32746.00,484.00,1042.20,0.00,False,False
veh4832,1298335703->40036009#2,veh_passenger,32376.00,32748.00,372.00,3094.00,0.00,False,False
veh4873,10629709#2->-33683458#2,veh_passenger,32651.00,32772.00,121.00,451.39,0.00,False,False
veh4868,39921025#1->-40035606#1,veh_passenger,32617.00,32775.00,158.00,877.14,0.00,False,False
veh4888,1273405490->-1273251152,veh_passenger,32751.00,32779.00,28.00,301.04,0.00,False,False
veh4853,-10749498->72157792,veh_passenger,32517.00,32781.00,264.00,980.41,0.00,False,False
bus533,-40109290#3->1332638368#2,bus_bus,31981.00,32786.00,805.00,2512.34,0.00,False,False
veh4872,1272548721->-116831467,veh_passenger,32644.00,32789.00,145.00,1051.30,0.00,False,False
veh4796,475044040#0->-1332638368#2,veh_passenger,32140.00,32792.00,652.00,2407.52,0.00,False,False
veh4874,1332638368#2->1125986385#1,veh_passenger,32657.00,32792.00,135.00,1441.72,0.00,False,False
veh4836,-1335304377->-39838657#3,veh_passenger,32403.00,32794.00,391.00,1439.72,0.00,False,False
veh4829,-474143552#1->-1332638368#1,veh_passenger,32356.00,32808.00,452.00,2338.59,0.00,False,False
veh4855,39921531->509524230,veh_passenger,32530.00,32811.00,281.00,1045.62,0.00,False,False
veh4816,513082632->47087992#2,veh_passenger,32269.00,32814.00,545.00,2496.56,0.00,False,False
veh4842,428730813#0->24577522#2,veh_passenger,32443.00,32816.00,373.00,3130.17,0.00,False,False
veh4844,47087992#0->1125986406#0,veh_passenger,32456.00,32816.00,360.00,2449.18,0.00,False,False
veh4840,1234244925#1->1214520072,veh_passenger,32429.00,32828.00,399.00,901.20,0.00,False,False
veh4880,257421487#0->1125986373#1,veh_passenger,32697.00,32844.00,147.00,862.88,0.00,False,False
veh4871,488788637#0->422842976,veh_passenger,32639.00,32853.00,214.00,639.15,0.00,False,False
veh4892,9374529#1->-1290439817#1,veh_passenger,32778.00,32855.00,77.00,161.11,0.00,False,False
veh4792,401226926#0->1100626097,veh_passenger,32108.00,32858.00,750.00,2999.06,0.00,False,False
veh4883,-1335304373#1->421846558#0,veh_passenger,32718.00,32866.00,148.00,763.75,0.00,False,False
veh4758,-451728952#3->39838520#0,veh_passenger,31880.00,32885.00,1005.00,1885.91,0.00,False,False
veh4865,1260485930#1->11631594#2,veh_passenger,32597.00,32886.00,289.00,1838.85,0.00,False,False
veh4867,47267007#1->967985513#3,veh_passenger,32610.00,32889.00,279.00,3589.52,0.00,False,False
veh4902,437445540->47267007#0,veh_passenger,32845.00,32893.00,48.00,564.98,0.00,False,False
veh4172,-1131969257->-10629474#1,veh_passenger,27954.00,32899.00,4945.00,1175.75,0.00,False,False
veh4843,-50323229#14->39366819#0,veh_passenger,32450.00,32901.00,451.00,2343.97,0.00,False,False
veh4882,-654297636->-1323097576,veh_passenger,32711.00,32907.00,196.00,912.78,0.00,False,False
veh4859,-1067928305#1->1068434207,veh_passenger,32557.00,32909.00,352.00,2169.53,0.00,False,False
veh4849,-488788630#0->1254633077#1,veh_passenger,32490.00,32913.00,423.00,3560.30,0.00,False,False
bus544,33683346#2->511187818,bus_bus,32641.00,32922.00,281.00,1720.41,0.00,False,False
veh4875,513272951#1->40036009#2,veh_passenger,32664.00,32930.00,266.00,1633.88,0.00,False,False
bus543,1231065654->521708587#1,bus_bus,32581.00,32933.00,352.00,1212.32,0.00,False,False
veh4862,687878722#1->1214520076,veh_passenger,32577.00,32936.00,359.00,1238.01,0.00,False,False
veh4870,24577522#0->-47087366#0,veh_passenger,32630.00,32940.00,310.00,2374.24,0.00,False,False
veh4798,1297720368->-1074771160,veh_passenger,32148.00,32951.00,803.00,1095.78,0.00,False,False
veh4886,40035606#3->-654297630,veh_passenger,32738.00,32951.00,213.00,1326.78,0.00,False,False
veh4773,1290456019->-24576913#1,veh_passenger,31981.00,32960.00,979.00,2613.54,0.00,False,False
truck272,40115810#1->10628442#3,truck_truck,32641.00,32975.00,334.00,1957.80,0.00,False,False
veh4893,1231065654->-1068144847,veh_passenger,32785.00,32979.00,194.00,1819.12,0.00,False,False
veh4869,1074771163#1->654297629#5,veh_passenger,32624.00,32984.00,360.00,1078.88,0.00,False,False
veh4900,-654297630->488788626#2,veh_passenger,32831.00,32986.00,155.00,607.96,0.00,False,False
veh4834,39920593#6->509524227#0,veh_passenger,32389.00,32990.00,601.00,2534.96,0.00,False,False
veh4908,8887999#1->1068434206,veh_passenger,32885.00,32991.00,106.00,668.81,0.00,False,False
veh4831,1323097576->1075505400#2,veh_passenger,32369.00,32995.00,626.00,2185.14,0.00,False,False
veh4837,451728952#5->-39838691#6,veh_passenger,32409.00,32995.00,586.00,1936.62,0.00,False,False
bus547,10250021#0->-654297636,bus_bus,32822.00,32999.00,177.00,588.36,0.00,False,False
truck271,10748045#1->513087670,truck_truck,32521.00,33008.00,487.00,1950.97,0.00,False,False
veh4912,1211151635#1->654297628,veh_passenger,32912.00,33009.00,97.00,642.27,0.00,False,False
veh4881,-1118804250->437445540,veh_passenger,32704.00,33012.00,308.00,2966.88,0.00,False,False
veh4878,1125986373#3->-1068144845#1,veh_passenger,32684.00,33016.00,332.00,2099.73,0.00,False,False
veh4854,1231065653->-40109290#5,veh_passenger,32523.00,33024.00,501.00,2216.67,0.00,False,False
bus472,39763700#2->15420801#0,bus_bus,28321.00,33026.00,4705.00,1388.10,0.00,False,False
veh4852,12090453#0->50323229#0,veh_passenger,32510.00,33027.00,517.00,2772.27,0.00,False,False
veh4245,1327579131->1125986378#1,veh_passenger,28443.00,33043.00,4600.00,1159.57,0.00,False,False
veh4828,-1297720376#0->-564273553#3,veh_passenger,32349.00,33045.00,696.00,1549.63,0.00,False,False
veh4901,451728952#1->1254816442,veh_passenger,32838.00,33046.00,208.00,2492.58,0.00,False,False
veh4885,10628442#0->8758061,veh_passenger,32732.00,33049.00,317.00,1902.82,0.00,False,False
veh4833,40109290#3->521704031#0,veh_passenger,32383.00,33053.00,670.00,2367.16,0.00,False,False
truck269,509646063#0->-413789558#1,truck_truck,32281.00,33062.00,781.00,1885.29,0.00,False,False
veh4877,1067928307#2->499566577#0,veh_passenger,32677.00,33064.00,387.00,3550.07,0.00,False,False
veh4864,-83428923#1->39839107,veh_passenger,32590.00,33066.00,476.00,1953.38,0.00,False,False
veh4897,-257421487#1->-449565665#2,veh_passenger,32811.00,33066.00,255.00,1183.56,0.00,False,False
veh4894,666886081->-83428923#0,veh_passenger,32791.00,33068.00,277.00,1628.25,0.00,False,False
veh4887,499566577#0->509524270,veh_passenger,32744.00,33070.00,326.00,1866.56,0.00,False,False
veh4839,490474063#8->428730800,veh_passenger,32423.00,33072.00,649.00,3220.55,0.00,False,False
veh4822,1074409255#2->730912750,veh_passenger,32309.00,33074.00,765.00,1957.94,0.00,False,False
veh4927,-564273553#1->521708587#2,veh_passenger,33012.00,33077.00,65.00,593.16,0.00,False,False
bus539,240666072#2->439836130#0,bus_bus,32341.00,33080.00,739.00,2960.60,0.00,False,False
veh4920,-479863106#0->9704194#0,veh_passenger,32965.00,33080.00,115.00,913.68,0.00,False,False
veh4876,-687878722#0->1074771163#1,veh_passenger,32671.00,33083.00,412.00,1984.26,0.00,False,False
veh4076,-654297629#5->8887999#1,veh_passenger,27311.00,33084.00,5773.00,1161.08,0.00,False,False
veh4835,40138633#0->47087992#2,veh_passenger,32396.00,33084.00,688.00,3509.86,0.00,False,False
veh4889,11635095->-39921673#0,veh_passenger,32758.00,33087.00,329.00,2212.83,0.00,False,False
veh4899,1421367508->511187809,veh_passenger,32825.00,33090.00,265.00,984.45,0.00,False,False
bus460,413789557->1260485932,bus_bus,27601.00,33092.00,5491.00,3058.25,0.00,False,False
veh4896,509524226->1237953495,veh_passenger,32805.00,33094.00,289.00,2845.84,0.00,False,False
veh4396,1074409256#0->47087992#4,veh_passenger,29456.00,33095.00,3639.00,1837.79,0.00,False,False
veh4905,39921025#6->10628429,veh_passenger,32865.00,33097.00,232.00,1498.36,0.00,False,False
veh4906,1222181936->-1068144845#3,veh_passenger,32872.00,33100.00,228.00,1432.26,0.00,False,False
truck273,-10629474#0->666886084#1,truck_truck,32761.00,33101.00,340.00,946.08,0.00,False,False
bus548,-1214520076->1326437250,bus_bus,32881.00,33107.00,226.00,1033.17,0.00,False,False
veh4918,-10748036->511187808#3,veh_passenger,32952.00,33119.00,167.00,968.65,0.00,False,False
veh4858,511187812->488788633#1,veh_passenger,32550.00,33128.00,578.00,1702.27,0.00,False,False
bus551,-1260485929#3->511187818,bus_bus,33061.00,33131.00,70.00,418.48,0.00,False,False
bus545,381945549#0->-39920593#6,bus_bus,32701.00,33133.00,432.00,3442.85,0.00,False,False
veh4402,-1100626088->967985513#3,veh_passenger,29495.00,33136.00,3641.00,1445.56,0.00,False,False
veh4600,24576913#0->39920011#1,veh_passenger,30821.00,33137.00,2316.00,1503.52,0.00,False,False
veh4421,24577455#1->-509646052,veh_passenger,29622.00,33141.00,3519.00,1333.10,0.00,False,False
veh4911,50323226->24621218#0,veh_passenger,32905.00,33143.00,238.00,1714.32,0.00,False,False
veh4917,39920684#6->-761486028#0,veh_passenger,32945.00,33146.00,201.00,1337.09,0.00,False,False
veh4652,10628430->-47267007#2,veh_passenger,31339.00,33152.00,1813.00,1492.98,0.00,False,False
veh4299,-654297629#6->1421367925,veh_passenger,28805.00,33154.00,4349.00,1538.15,0.00,False,False
truck257,1338361263->10748045#1,truck_truck,30841.00,33155.00,2314.00,1959.43,0.00,False,False
veh4898,-838061038->1068144845#0,veh_passenger,32818.00,33155.00,337.00,1827.64,0.00,False,False
veh4890,8887999#2->39920011#1,veh_passenger,32764.00,33156.00,392.00,1871.29,0.00,False,False
veh4928,509646061->-1335304377,veh_passenger,33019.00,33158.00,139.00,1028.85,0.00,False,False
truck267,50323229#15->-1326094888,truck_truck,32041.00,33172.00,1131.00,3388.09,0.00,False,False
veh4879,1068434257->39839275,veh_passenger,32691.00,33176.00,485.00,2538.97,0.00,False,False
veh4903,10628442#3->39921025#5,veh_passenger,32852.00,33179.00,327.00,1450.91,0.00,False,False
veh4077,-450616334#1->39920505#3,veh_passenger,27317.00,33191.00,5874.00,1999.10,0.00,False,False
truck274,-1326094888->40297715#3,truck_truck,32881.00,33231.00,350.00,3293.24,0.00,False,False
veh4476,39763700#2->1125986377#0,veh_passenger,29991.00,33236.00,3245.00,1093.54,0.00,False,False
veh4944,413789557->666886082#0,veh_passenger,33126.00,33236.00,110.00,1262.13,0.00,False,False
veh4919,83428923#0->39838882,veh_passenger,32959.00,33239.00,280.00,1717.02,0.00,False,False
veh4922,1068434201->39921192#0,veh_passenger,32979.00,33241.00,262.00,2826.05,0.00,False,False
veh4925,-1068144847->8887999#1,veh_passenger,32999.00,33250.00,251.00,1490.10,0.00,False,False
veh4937,1211151640->511187823,veh_passenger,33079.00,33252.00,173.00,948.20,0.00,False,False
veh4325,1235754993#1->39839275,veh_passenger,28979.00,33260.00,4281.00,2055.82,0.00,False,False
veh4935,71269779->47087992#0,veh_passenger,33066.00,33262.00,196.00,1592.74,0.00,False,False
veh4916,-488788629->40138239#2,veh_passenger,32939.00,33263.00,324.00,1694.10,0.00,False,False
veh4947,-1332638391#1->1125986406#1,veh_passenger,33146.00,33266.00,120.00,725.30,0.00,False,False
veh4938,499566577#1->1260485931#0,veh_passenger,33086.00,33270.00,184.00,880.68,0.00,False,False
veh4932,421846558#0->1214520075,veh_passenger,33046.00,33279.00,233.00,1253.05,0.00,False,False
veh4950,511187815->511187808#0,veh_passenger,33166.00,33279.00,113.00,218.65,0.00,False,False
veh4909,-50323229#14->-1068144845#2,veh_passenger,32892.00,33283.00,391.00,2885.05,0.00,False,False
veh4923,-1068916339->39838691#3,veh_passenger,32986.00,33289.00,303.00,988.50,0.00,False,False
veh4942,39838984#1->39838630#3,veh_passenger,33113.00,33291.00,178.00,833.50,0.00,False,False
veh4930,232920697->-40297715#3,veh_passenger,33032.00,33306.00,274.00,1260.28,0.00,False,False
truck277,1332638391#1->478286980#1,truck_truck,33241.00,33315.00,74.00,686.77,0.00,False,False
veh4941,1204070283#0->39920550#2,veh_passenger,33106.00,33324.00,218.00,757.27,0.00,False,False
veh4962,-10628442#2->-10748036,veh_passenger,33247.00,33325.00,78.00,432.06,0.00,False,False
bus552,1324405519->1254633078#1,bus_bus,33121.00,33342.00,221.00,1298.97,0.00,False,False
veh4913,-1067928305#2->10748045#0,veh_passenger,32919.00,33344.00,425.00,3494.42,0.00,False,False
bus553,515040940#0->1234244925#0,bus_bus,33181.00,33351.00,170.00,1195.89,0.00,False,False
veh4958,1335304386#1->-238219441#1,veh_passenger,33220.00,33361.00,141.00,941.13,0.00,False,False
bus549,10628442#2->1234244927#0,bus_bus,32941.00,33362.00,421.00,902.97,0.00,False,False
veh4910,1068434257->-1254633077#0,veh_passenger,32898.00,33368.00,470.00,2433.23,0.00,False,False
veh4934,-14924729#3->515040937,veh_passenger,33059.00,33370.00,311.00,2334.71,0.00,False,False
veh4953,654297629#2->521713925,veh_passenger,33187.00,33374.00,187.00,1019.38,0.00,False,False
veh4967,39920505#1->178441748#0,veh_passenger,33280.00,33376.00,96.00,536.53,0.00,False,False
bus554,1064476622#0->1260485931#1,bus_bus,33241.00,33379.00,138.00,761.94,0.00,False,False
veh4948,428730813#3->513272951#1,veh_passenger,33153.00,33382.00,229.00,2205.46,0.00,False,False
veh4961,1290439820->813852683,veh_passenger,33240.00,33386.00,146.00,1888.00,0.00,False,False
veh4929,-50323226->975216744,veh_passenger,33026.00,33389.00,363.00,2159.06,0.00,False,False
veh4931,-40109290#1->47225638#4,veh_passenger,33039.00,33394.00,355.00,2707.63,0.00,False,False
truck276,40035904#1->39920505#5,truck_truck,33121.00,33400.00,279.00,899.73,0.00,False,False
bus550,-1214520079->50323229#13,bus_bus,33001.00,33405.00,404.00,1695.87,0.00,False,False
veh4956,1290439818->-654297632#0,veh_passenger,33207.00,33406.00,199.00,1298.58,0.00,False,False
veh4955,515123442#1->-474143552#5,veh_passenger,33200.00,33415.00,215.00,2513.29,0.00,False,False
veh4943,-39838984#1->39838657#0,veh_passenger,33120.00,33417.00,297.00,1070.04,0.00,False,False
veh4951,-40109290#4->1125986406#0,veh_passenger,33173.00,33422.00,249.00,1313.76,0.00,False,False
bus546,-1236283454->1226645408,bus_bus,32761.00,33429.00,668.00,2907.91,0.00,False,False
veh4936,1068434205->178441748#2,veh_passenger,33073.00,33446.00,373.00,1759.16,0.00,False,False
veh4541,1235754993#0->40109290#0,veh_passenger,30427.00,33452.00,3025.00,2109.60,0.00,False,False
veh4972,40140141#1->1421367508,veh_passenger,33314.00,33462.00,148.00,858.93,0.00,False,False
veh4973,39920505#2->1235501861#2,veh_passenger,33321.00,33464.00,143.00,483.59,0.00,False,False
veh4981,-838061037->1067928306#2,veh_passenger,33374.00,33467.00,93.00,1013.31,0.00,False,False
veh4954,1068434236->1067928305#1,veh_passenger,33193.00,33476.00,283.00,1874.49,0.00,False,False
veh4939,521705694#1->-40297715#1,veh_passenger,33093.00,33499.00,406.00,1626.35,0.00,False,False
veh4985,-40035325#0->1064476622#0,veh_passenger,33401.00,33499.00,98.00,614.51,0.00,False,False
veh4940,-40140017#1->515136608,veh_passenger,33099.00,33501.00,402.00,2325.89,0.00,False,False
veh4488,-1201484855->-240666072#1,veh_passenger,30071.00,33508.00,3437.00,1935.36,0.00,False,False
veh4980,1332638391#2->-654297631,veh_passenger,33367.00,33512.00,145.00,1018.24,0.00,False,False
veh4547,24577522#2->39838530,veh_passenger,30466.00,33516.00,3050.00,975.68,0.00,False,False
veh4974,-39838630#1->-39921672,veh_passenger,33327.00,33518.00,191.00,901.48,0.00,False,False
veh4957,475044040#3->8887999#0,veh_passenger,33213.00,33523.00,310.00,1839.02,0.00,False,False
veh4978,-1335304386#0->39920505#11,veh_passenger,33354.00,33527.00,173.00,730.50,0.00,False,False
truck278,-1335304372->-50323229#14,truck_truck,33361.00,33552.00,191.00,712.74,0.00,False,False
veh4965,-838061037->40297647#0,veh_passenger,33267.00,33579.00,312.00,1678.18,0.00,False,False
veh4960,521704040->-40036062#1,veh_passenger,33233.00,33583.00,350.00,2190.91,0.00,False,False
veh4964,-1260485929#3->1226645411,veh_passenger,33260.00,33583.00,323.00,1596.21,0.00,False,False
veh4982,1260481151->474143552#5,veh_passenger,33381.00,33583.00,202.00,1150.66,0.00,False,False
veh4945,1068434257->-654297637#0,veh_passenger,33133.00,33591.00,458.00,1914.95,0.00,False,False
veh4866,131671623->1074409256#0,veh_passenger,32604.00,33592.00,988.00,295.54,0.00,False,False
veh4971,47087992#2->1125986377#2,veh_passenger,33307.00,33595.00,288.00,2089.52,0.00,False,False
bus542,428730813#1->439836130#0,bus_bus,32521.00,33616.00,1095.00,3355.69,0.00,False,False
veh4411,488788636#0->178441748#0,veh_passenger,29555.00,33625.00,4070.00,2651.65,0.00,False,False
veh5005,47157282#1->475044040#1,veh_passenger,33535.00,33626.00,91.00,683.37,0.00,False,False
veh4566,1254816452->515040940#0,veh_passenger,30594.00,33632.00,3038.00,1626.88,0.00,False,False
veh4921,11631594#0->1067928305#0,veh_passenger,32972.00,33651.00,679.00,3479.76,0.00,False,False
bus558,1323097579#2->-401226926#1,bus_bus,33481.00,33654.00,173.00,665.06,0.00,False,False
veh4968,-1068144848#0->1324405519,veh_passenger,33287.00,33669.00,382.00,2973.06,0.00,False,False
veh5008,515130026#0->509646056,veh_passenger,33555.00,33673.00,118.00,1137.22,0.00,False,False
veh5024,50323229#15->-1254633077#0,veh_passenger,33662.00,33681.00,19.00,142.36,0.00,False,False
veh4311,-1211151638->-474143552#2,veh_passenger,28885.00,33683.00,4798.00,1652.88,0.00,False,False
veh4904,335802695->521701858,veh_passenger,32858.00,33689.00,831.00,2262.52,0.00,False,False
veh4952,511409188#0->-40140017#2,veh_passenger,33180.00,33694.00,514.00,995.76,0.00,False,False
bus559,-515123442#4->12247568#0,bus_bus,33541.00,33708.00,167.00,1300.98,0.00,False,False
veh4966,-33683458#1->47225638#3,veh_passenger,33274.00,33710.00,436.00,2663.45,0.00,False,False
veh4977,475044040#2->-479863106#2,veh_passenger,33347.00,33711.00,364.00,1465.53,0.00,False,False
veh4983,40109290#4->232920697,veh_passenger,33388.00,33713.00,325.00,1752.13,0.00,False,False
veh5018,-730912750->437445541#0,veh_passenger,33622.00,33717.00,95.00,1114.28,0.00,False,False
veh4988,654297635#0->-40036062#0,veh_passenger,33421.00,33722.00,301.00,869.03,0.00,False,False
veh5027,1292568612->178583140#1,veh_passenger,33682.00,33722.00,40.00,474.63,0.00,False,False
veh4949,39920505#8->178699056#1,veh_passenger,33160.00,33723.00,563.00,2119.72,0.00,False,False
veh5000,511187823->1327579142,veh_passenger,33501.00,33724.00,223.00,1802.44,0.00,False,False
veh4959,335802695->1074409255#0,veh_passenger,33227.00,33725.00,498.00,932.25,0.00,False,False
veh4969,40297715#0->1067928305#1,veh_passenger,33294.00,33741.00,447.00,2956.75,0.00,False,False
veh4399,-564273553#3->-1260485931#1,veh_passenger,29475.00,33753.00,4278.00,1680.85,0.00,False,False
veh4975,-8887999#0->50323229#2,veh_passenger,33334.00,33753.00,419.00,2119.89,0.00,False,False
veh4933,1222703382->449565665#1,veh_passenger,33053.00,33754.00,701.00,1340.85,0.00,False,False
veh4996,428730818#3->9832326#2,veh_passenger,33475.00,33759.00,284.00,2569.13,0.00,False,False
veh5032,178723097#0->24576922#0,veh_passenger,33716.00,33761.00,45.00,321.84,0.00,False,False
veh4970,1214520074#1->50323229#11,veh_passenger,33300.00,33763.00,463.00,3399.94,0.00,False,False
veh4976,10748045#0->521704031#0,veh_passenger,33341.00,33763.00,422.00,2123.55,0.00,False,False
veh5013,10725667-AddedOffRampEdge->-1255099069,veh_passenger,33589.00,33763.00,174.00,1870.72,0.00,False,False
bus560,12247568#1->1337646270,bus_bus,33601.00,33765.00,164.00,1400.21,0.00,False,False
veh5011,-474143552#0->39920684#2,veh_passenger,33575.00,33770.00,195.00,896.98,0.00,False,False
veh5004,-50323229#5->10628444#2,veh_passenger,33528.00,33778.00,250.00,1259.35,0.00,False,False
veh5020,-654297632#0->40109239,veh_passenger,33635.00,33784.00,149.00,1143.66,0.00,False,False
veh5028,47225638#0->1068434207,veh_passenger,33689.00,33806.00,117.00,1520.74,0.00,False,False
veh4989,39838751#0->1323097577,veh_passenger,33428.00,33807.00,379.00,2235.14,0.00,False,False
veh4991,428730818#0->40115810#1,veh_passenger,33441.00,33825.00,384.00,1979.66,0.00,False,False
veh5025,-1226645410->-509646056,veh_passenger,33726.00,33826.00,100.00,1282.24,0.00,False,False
veh5003,1075505400#0->1068144848#0,veh_passenger,33522.00,33828.00,306.00,2360.51,0.00,False,False
veh4997,1222181934->39838630#2,veh_passenger,33481.00,33832.00,351.00,830.39,0.00,False,False
veh5051,-40036009#1->-40036009#1,veh_passenger,33843.00,33848.00,5.00,25.60,0.00,False,False
veh5026,24576922#0->24576913#2,veh_passenger,33677.00,33850.00,173.00,1386.01,0.00,False,False
bus555,-39920593#5->-12247569,bus_bus,33301.00,33851.00,550.00,1874.59,0.00,False,False
bus504,413789557->-474143552#6,bus_bus,30241.00,33854.00,3613.00,1878.44,0.00,False,False
veh4995,-83563455->40297885#1,veh_passenger,33468.00,33865.00,397.00,2004.72,0.00,False,False
veh5010,15419875#1->-511187807,veh_passenger,33568.00,33871.00,303.00,1283.85,0.00,False,False
veh5009,509646056->47267014,veh_passenger,33562.00,33873.00,311.00,1138.49,0.00,False,False
veh5012,1214520074#1->-1335304386#1,veh_passenger,33582.00,33878.00,296.00,2632.22,0.00,False,False
veh5021,1273251150#1->-1125986377#2,veh_passenger,33642.00,33882.00,240.00,1601.62,0.00,False,False
veh4907,12262310#0-AddedOffRampEdge->-39838691#1,veh_passenger,32878.00,33888.00,1010.00,2530.89,0.00,False,False
veh5023,-1332638391#1->-449565665#0,veh_passenger,33656.00,33889.00,233.00,942.29,0.00,False,False
veh5045,-1254816454->1237953493,veh_passenger,33803.00,33890.00,87.00,978.13,0.00,False,False
veh5029,39838751#0->-451728952#5,veh_passenger,33696.00,33895.00,199.00,1408.82,0.00,False,False
veh5016,838061037->-1222703383,veh_passenger,33609.00,33896.00,287.00,1695.12,0.00,False,False
veh5022,381945549#0->178699056#1,veh_passenger,33649.00,33896.00,247.00,2422.25,0.00,False,False
veh5019,40035904#0->39920550#10,veh_passenger,33629.00,33897.00,268.00,760.66,0.00,False,False
veh4998,-40139504#1->1075505400#2,veh_passenger,33488.00,33909.00,421.00,1693.22,0.00,False,False
veh5007,1278784167#0->521704031#0,veh_passenger,33548.00,33909.00,361.00,1787.57,0.00,False,False
veh4984,24621218#3->47087366#2,veh_passenger,33394.00,33915.00,521.00,2605.05,0.00,False,False
veh4992,-39921673#0->1067928305#0,veh_passenger,33448.00,33919.00,471.00,2095.99,0.00,False,False
veh4679,449565665#0->-40109290#3,veh_passenger,31351.00,33920.00,2569.00,2024.75,0.00,False,False
veh5035,-451728952#4->488788636#1,veh_passenger,33736.00,33941.00,205.00,1647.73,0.00,False,False
veh5017,178702258#1->-654297635#0,veh_passenger,33615.00,33950.00,335.00,1192.95,0.00,False,False
bus561,-40035606#3->10749498,bus_bus,33661.00,33952.00,291.00,1164.58,0.00,False,False
veh5055,47267011#2->47267007#2,veh_passenger,33870.00,33955.00,85.00,1171.86,0.00,False,False
bus498,521708587#1->50323226,bus_bus,29881.00,33958.00,4077.00,2443.99,0.00,False,False
bus557,1068144849#1->40138239#4,bus_bus,33421.00,33958.00,537.00,4001.73,0.00,False,False
veh5040,-654297636->10628442#2,veh_passenger,33769.00,33961.00,192.00,850.89,0.00,False,False
veh5047,1255099069->39920011#1,veh_passenger,33816.00,33968.00,152.00,944.25,0.00,False,False
veh4986,-50323229#13->1131969257,veh_passenger,33408.00,33974.00,566.00,1709.98,0.00,False,False
veh5031,-488788637#0->1332638368#2,veh_passenger,33709.00,33974.00,265.00,1288.66,0.00,False,False
veh5037,-1015424648->451728952#1,veh_passenger,33749.00,33976.00,227.00,1960.27,0.00,False,False
veh4993,-1068916336->-488788630#0,veh_passenger,33455.00,33978.00,523.00,2638.64,0.00,False,False
veh4999,-40036009#3->511187808#4,veh_passenger,33495.00,33978.00,483.00,2192.72,0.00,False,False
truck279,40036009#0->1068144845#4,truck_truck,33481.00,33980.00,499.00,2694.40,0.00,False,False
veh5030,-257421487#1->-1322916760#1,veh_passenger,33702.00,33981.00,279.00,1778.21,0.00,False,False
veh5033,511187810->-238219441#1,veh_passenger,33723.00,33993.00,270.00,1351.48,0.00,False,False
truck275,1332638368#1->465144361,truck_truck,33001.00,33994.00,993.00,2349.30,0.00,False,False
veh4990,1254816453#0->1067928306#1,veh_passenger,33434.00,33998.00,564.00,2783.33,0.00,False,False
veh5034,513272949->47225638#4,veh_passenger,33806.00,34012.00,206.00,1405.05,0.00,False,False
truck280,240666072#0->1323097575#2,truck_truck,33601.00,34036.00,435.00,2423.13,0.00,False,False
veh5081,-40035606#3->-40035606#1,veh_passenger,34044.00,34055.00,11.00,98.89,0.00,False,False
bus564,-1235501861#1->-1327579142,bus_bus,33841.00,34060.00,219.00,690.14,0.00,False,False
veh5066,-479863106#1->40297647#1,veh_passenger,33944.00,34061.00,117.00,1034.21,0.00,False,False
bus556,-1335304386#0->515126303,bus_bus,33361.00,34066.00,705.00,2802.73,0.00,False,False
bus562,1068144845#4->240666069#3,bus_bus,33721.00,34066.00,345.00,2308.58,0.00,False,False
veh5014,178699054->178441748#1,veh_passenger,33595.00,34073.00,478.00,690.50,0.00,False,False
veh4994,1068144845#0->24577455#2,veh_passenger,33461.00,34079.00,618.00,3072.26,0.00,False,False
veh5064,8758061->47087993#2,veh_passenger,33930.00,34081.00,151.00,862.81,0.00,False,False
veh4672,178702253->1222181937,veh_passenger,31304.00,34093.00,2789.00,939.23,0.00,False,False
veh5061,1226645409->47087992#1,veh_passenger,33910.00,34094.00,184.00,462.99,0.00,False,False
bus563,47157282#1->39838751#1,bus_bus,33781.00,34106.00,325.00,1205.86,0.00,False,False
veh5057,1298335704#1->511187812,veh_passenger,33883.00,34106.00,223.00,1772.53,0.00,False,False
veh5062,1214520077->838061038,veh_passenger,33917.00,34125.00,208.00,742.02,0.00,False,False
veh4979,-1273251150#1->515126385#4,veh_passenger,33361.00,34130.00,769.00,3132.83,0.00,False,False
veh5006,39920505#2->1125986369,veh_passenger,33542.00,34136.00,594.00,1400.60,0.00,False,False
veh5056,10250021#3->654297629#3,veh_passenger,33877.00,34137.00,260.00,858.78,0.00,False,False
veh5088,1068434200#0->511187808#4-AddedOnRampEdge,veh_passenger,34092.00,34147.00,55.00,310.30,0.00,False,False
veh5079,11635146#0->-143546557,veh_passenger,34031.00,34148.00,117.00,1115.71,0.00,False,False
veh5060,1234244925#2->1214520071,veh_passenger,33903.00,34152.00,249.00,1071.12,0.00,False,False
veh5072,-178723097#0->-654297629#6,veh_passenger,33984.00,34153.00,169.00,680.17,0.00,False,False
veh5052,47087366#1->474143552#3,veh_passenger,33850.00,34154.00,304.00,2275.60,0.00,False,False
bus567,515126385#0->511405572,bus_bus,34021.00,34156.00,135.00,893.31,0.00,False,False
truck282,437445539#0->1074409232#1,truck_truck,33841.00,34171.00,330.00,2534.40,0.00,False,False
veh4770,10628430->1117667177,veh_passenger,32332.00,34173.00,1841.00,1467.20,0.00,False,False
veh4687,39763700#2->11631594#0,veh_passenger,31404.00,34179.00,2775.00,1640.84,0.00,False,False
veh5044,1298335703->-40109290#4,veh_passenger,33796.00,34187.00,391.00,3041.61,0.00,False,False
veh4609,1292568612->1068434207,veh_passenger,30882.00,34191.00,3309.00,1969.28,0.00,False,False
veh4987,1125986378#1->1067852461,veh_passenger,33414.00,34205.00,791.00,1221.05,0.00,False,False
veh5063,1125801626->488788636#0,veh_passenger,33924.00,34205.00,281.00,2943.86,0.00,False,False
veh5071,1337646271#1->511187812,veh_passenger,33977.00,34210.00,233.00,1812.55,0.00,False,False
veh5001,-40297715#1->515126385#1,veh_passenger,33508.00,34216.00,708.00,2178.77,0.00,False,False
veh5053,-40036062#1->71269779,veh_passenger,33857.00,34225.00,368.00,1010.03,0.00,False,False
veh5043,654297636->1332638368#2,veh_passenger,33790.00,34229.00,439.00,1851.77,0.00,False,False
veh5086,1067928305#0->-1068144846#2,veh_passenger,34078.00,34232.00,154.00,674.19,0.00,False,False
veh5077,515130028#1->1332638368#2,veh_passenger,34017.00,34246.00,229.00,1667.25,0.00,False,False
veh5058,1068144845#1->-39921531,veh_passenger,33890.00,34249.00,359.00,2075.29,0.00,False,False
veh5068,1068434235->475044040#3,veh_passenger,33957.00,34258.00,301.00,1816.72,0.00,False,False
veh5067,1067928306#2->11631594#3,veh_passenger,33950.00,34271.00,321.00,2370.11,0.00,False,False
veh5059,428730818#3->1260485931#1,veh_passenger,33897.00,34273.00,376.00,3768.63,0.00,False,False
veh5087,47087993#1->-1260481154,veh_passenger,34084.00,34300.00,216.00,1648.50,0.00,False,False
veh5048,178441748#1->-422842976,veh_passenger,33823.00,34305.00,482.00,1677.65,0.00,False,False
veh5089,515130025->1260485929#0,veh_passenger,34098.00,34317.00,219.00,1600.99,0.00,False,False
veh5076,39920550#2->40036062#0,veh_passenger,34011.00,34318.00,307.00,1017.78,0.00,False,False
truck283,-654530820#1->-33683458#0,truck_truck,33961.00,34319.00,358.00,3788.97,0.00,False,False
bus566,40138941#0->39920222,bus_bus,33961.00,34322.00,361.00,1825.13,0.00,False,False
veh5083,-1327579142->-654297632#0,veh_passenger,34058.00,34322.00,264.00,1622.90,0.00,False,False
veh5114,238219446#0->-10628442#2,veh_passenger,34265.00,34330.00,65.00,679.41,0.00,False,False
veh5112,40036009#1->50323226,veh_passenger,34252.00,34333.00,81.00,394.42,0.00,False,False
bus569,-39838691#6->1068434205,bus_bus,34141.00,34337.00,196.00,1005.34,0.00,False,False
veh5069,1068434258->178702250,veh_passenger,33964.00,34338.00,374.00,1777.29,0.00,False,False
veh5092,1074409255#2->39921673#0,veh_passenger,34118.00,34340.00,222.00,1225.91,0.00,False,False
bus570,1125986378#0->238219472#3,bus_bus,34201.00,34340.00,139.00,423.03,0.00,False,False
veh5065,-1068144845#3->40139504#1,veh_passenger,33937.00,34346.00,409.00,1869.48,0.00,False,False
veh5070,-47224972#1->-488788633#2,veh_passenger,33970.00,34350.00,380.00,1642.64,0.00,False,False
veh5099,-1068074793->1254816442,veh_passenger,34165.00,34364.00,199.00,944.82,0.00,False,False
veh5082,1067953239#1->-47224972#0,veh_passenger,34051.00,34366.00,315.00,2212.30,0.00,False,False
veh5050,381945549#1->238219441#2,veh_passenger,33836.00,34368.00,532.00,2612.02,0.00,False,False
veh5094,437445541#0->-1068144848#0,veh_passenger,34131.00,34374.00,243.00,1569.88,0.00,False,False
veh5098,515136608->1421367925,veh_passenger,34158.00,34374.00,216.00,1228.60,0.00,False,False
veh5042,1254816453#0->900399275,veh_passenger,33783.00,34379.00,596.00,3102.12,0.00,False,False
veh5039,1067953247#1->511409187,veh_passenger,33763.00,34382.00,619.00,1356.01,0.00,False,False
veh5073,1068434258->1323097580#1,veh_passenger,33991.00,34397.00,406.00,1684.29,0.00,False,False
veh5054,967985512->39920550#2,veh_passenger,33863.00,34400.00,537.00,1541.81,0.00,False,False
veh5110,-1272337500->39920505#8,veh_passenger,34238.00,34405.00,167.00,1228.13,0.00,False,False
veh5121,1125986369->513087670,veh_passenger,34312.00,34406.00,94.00,385.96,0.00,False,False
veh5118,39921025#1->1068916336,veh_passenger,34292.00,34418.00,126.00,282.91,0.00,False,False
veh5107,1235501862->10628444#0,veh_passenger,34218.00,34421.00,203.00,1288.86,0.00,False,False
veh5049,47223733->47087992#2,veh_passenger,33830.00,34434.00,604.00,1419.79,0.00,False,False
veh5102,39838751#1->428730813#3,veh_passenger,34185.00,34459.00,274.00,1916.16,0.00,False,False
veh5101,1335304371->238219472#3,veh_passenger,34178.00,34460.00,282.00,1646.74,0.00,False,False
veh5119,1273251152->39920684#3,veh_passenger,34300.00,34477.00,177.00,887.36,0.00,False,False
bus532,1125986386->10628442#3,bus_bus,33216.00,34484.00,1268.00,508.21,0.00,False,False
veh5128,-479863106#2->1068144845#0,veh_passenger,34359.00,34500.00,141.00,1141.30,0.00,False,False
veh5093,40138239#1->-761486028#0,veh_passenger,34125.00,34509.00,384.00,2073.55,0.00,False,False
bus565,39920550#7->-687878722#1,bus_bus,33901.00,34516.00,615.00,2795.85,0.00,False,False
bus573,488788626#0->39920550#3,bus_bus,34381.00,34516.00,135.00,740.20,0.00,False,False
veh5015,428730813#1->513082635#0-AddedOffRampEdge,veh_passenger,33602.00,34521.00,919.00,3714.82,0.00,False,False
veh5125,47224972#0->178583148#1,veh_passenger,34339.00,34522.00,183.00,1572.27,0.00,False,False
truck287,1326094888->413789557,truck_truck,34441.00,34526.00,85.00,837.12,0.00,False,False
bus572,1100626088->47267010,bus_bus,34321.00,34529.00,208.00,1368.28,0.00,False,False
veh4624,39838657#1->666886084#1,veh_passenger,30982.00,34533.00,3551.00,890.50,0.00,False,False
veh5111,10748045#0->15420801#1,veh_passenger,34245.00,34544.00,299.00,1835.08,0.00,False,False
veh5038,-40297715#3->13909444#2,veh_passenger,33756.00,34561.00,805.00,1700.07,0.00,False,False
veh5124,-428730807->-1068434202,veh_passenger,34332.00,34573.00,241.00,1547.31,0.00,False,False
veh5146,-1323097580#0->39920505#2,veh_passenger,34480.00,34576.00,96.00,594.33,0.00,False,False
veh5156,-40140017#1->654297631,veh_passenger,34547.00,34579.00,32.00,233.30,0.00,False,False
veh5091,1297720376#0->1290456019,veh_passenger,34111.00,34588.00,477.00,992.13,0.00,False,False
bus571,654297628->10628442#2,bus_bus,34261.00,34588.00,327.00,1509.48,0.00,False,False
veh5155,39920550#4->11631594#0,veh_passenger,34540.00,34591.00,51.00,463.38,0.00,False,False
veh5157,488788633#1->-413789558#1,veh_passenger,34553.00,34591.00,38.00,417.36,0.00,False,False
veh5109,428730793#1->39920550#10,veh_passenger,34232.00,34592.00,360.00,2930.59,0.00,False,False
veh5113,1235754993#1->-1068144846#2,veh_passenger,34259.00,34592.00,333.00,1551.90,0.00,False,False
veh5080,-238219441#2->-39838691#7,veh_passenger,34037.00,34598.00,561.00,1295.96,0.00,False,False
veh5139,479863106#0->1125986374,veh_passenger,34433.00,34599.00,166.00,964.51,0.00,False,False
veh5103,178702253->8887999#2,veh_passenger,34192.00,34605.00,413.00,1199.90,0.00,False,False
veh4690,39763700#0->40140141#7,veh_passenger,31424.00,34612.00,3188.00,2018.38,0.00,False,False
veh5147,1211151636->1322916760#2,veh_passenger,34486.00,34614.00,128.00,2036.16,0.00,False,False
veh5120,47087992#3->238219472#0,veh_passenger,34305.00,34619.00,314.00,2257.13,0.00,False,False
veh5116,-50323229#7->1235501861#0,veh_passenger,34279.00,34630.00,351.00,1369.29,0.00,False,False
veh5074,40140141#6->1298335705,veh_passenger,33997.00,34637.00,640.00,1903.93,0.00,False,False
veh5117,-83428923#1->-50323229#2,veh_passenger,34285.00,34639.00,354.00,1896.19,0.00,False,False
veh5041,178702248->1068144847,veh_passenger,33776.00,34652.00,876.00,3153.26,0.00,False,False
veh5135,40297647#1->-33683458#2,veh_passenger,34406.00,34661.00,255.00,1149.71,0.00,False,False
veh5143,654297636->509646052,veh_passenger,34460.00,34661.00,201.00,852.23,0.00,False,False
veh5046,1068144845#3->564273553#0,veh_passenger,33810.00,34662.00,852.00,2267.12,0.00,False,False
veh5133,490474063#0->-1332638391#2,veh_passenger,34394.00,34664.00,270.00,1479.23,0.00,False,False
truck281,15420537#1->1234244927#0,truck_truck,33721.00,34667.00,946.00,1960.34,0.00,False,False
veh5123,47087993#2->-474143552#3,veh_passenger,34326.00,34679.00,353.00,2960.29,0.00,False,False
veh5154,482569917#1->511405572,veh_passenger,34533.00,34685.00,152.00,1417.65,0.00,False,False
veh5130,1125986373#0->-39838751#2,veh_passenger,34372.00,34687.00,315.00,1497.70,0.00,False,False
veh5141,1273251151->-10628442#3,veh_passenger,34446.00,34687.00,241.00,1212.47,0.00,False,False
bus577,1074409232#0->1074409255#0,bus_bus,34621.00,34688.00,67.00,195.74,0.00,False,False
veh5095,-33683346#3->12247568#1,veh_passenger,34138.00,34699.00,561.00,3003.98,0.00,False,False
veh5145,1068074792->985675139,veh_passenger,34473.00,34700.00,227.00,933.66,0.00,False,False
veh5167,-1332638391#2->9704194#4,veh_passenger,34620.00,34703.00,83.00,747.90,0.00,False,False
truck288,1064398309#0->-142741729#0,truck_truck,34561.00,34706.00,145.00,826.80,0.00,False,False
veh5148,666886082#1->10628442#1,veh_passenger,34493.00,34708.00,215.00,1085.59,0.00,False,False
veh5115,50323229#10->-1068144845#3,veh_passenger,34272.00,34720.00,448.00,2716.02,0.00,False,False
veh5137,1332638368#2->381945549#0,veh_passenger,34419.00,34728.00,309.00,2458.68,0.00,False,False
bus568,1068074792->178702258#0,bus_bus,34081.00,34748.00,667.00,1417.86,0.00,False,False
truck286,-437445539#0->-488788637#1,truck_truck,34321.00,34752.00,431.00,2616.64,0.00,False,False
veh5104,478286980#0->509647505,veh_passenger,34198.00,34753.00,555.00,642.81,0.00,False,False
veh5158,513082635#0-AddedOffRampEdge->-224146621,veh_passenger,34560.00,34767.00,207.00,1185.99,0.00,False,False
veh5165,15419906#0->-40036062#0,veh_passenger,34607.00,34770.00,163.00,929.21,0.00,False,False
veh5160,1068144846#0->39838691#3,veh_passenger,34573.00,34776.00,203.00,1465.70,0.00,False,False
bus575,39920684#2->1338361263,bus_bus,34501.00,34778.00,277.00,704.12,0.00,False,False
veh5150,-39920593#1->-654297636,veh_passenger,34506.00,34779.00,273.00,940.56,0.00,False,False
veh5084,238219441#1->47087992#2,veh_passenger,34064.00,34794.00,730.00,1958.62,0.00,False,False
veh5090,513082641#2-AddedOnRampEdge->-428730807,veh_passenger,34104.00,34797.00,693.00,3328.54,0.00,False,False
veh5159,-40109290#5->1335304386#0,veh_passenger,34567.00,34801.00,234.00,797.71,0.00,False,False
veh5176,509646144->-451728952#5,veh_passenger,34681.00,34806.00,125.00,1467.70,0.00,False,False
veh5153,451728952#4->-1226645410,veh_passenger,34527.00,34807.00,280.00,1372.10,0.00,False,False
veh5166,-1067928307#3->515126385#1,veh_passenger,34614.00,34816.00,202.00,1384.05,0.00,False,False
veh5178,654297632#2->-50323229#7,veh_passenger,34694.00,34826.00,132.00,774.46,0.00,False,False
veh5132,1260481155->1214520074#4,veh_passenger,34386.00,34833.00,447.00,858.79,0.00,False,False
veh5142,488788626#0->1214520074#6,veh_passenger,34453.00,34841.00,388.00,1521.19,0.00,False,False
veh5162,1074409255#0->515123442#1,veh_passenger,34587.00,34842.00,255.00,1512.98,0.00,False,False
veh5108,1260485931#1->513087670,veh_passenger,34225.00,34853.00,628.00,1723.08,0.00,False,False
veh5144,1237953494->510107701,veh_passenger,34469.00,34854.00,385.00,614.69,0.00,False,False
truck290,-413789558#1->-1067928307#2,truck_truck,34801.00,34860.00,59.00,504.73,0.00,False,False
veh5149,39920505#1->1068434256#0,veh_passenger,34500.00,34863.00,363.00,1774.48,0.00,False,False
veh5105,-1327579142->538432098,veh_passenger,34205.00,34871.00,666.00,2498.21,0.00,False,False
veh5180,1214520077->515123439,veh_passenger,34707.00,34871.00,164.00,960.24,0.00,False,False
veh5191,-47087366#2->-422842976,veh_passenger,34781.00,34872.00,91.00,1229.42,0.00,False,False
veh5172,515126385#1->-39838657#2,veh_passenger,34654.00,34875.00,221.00,1294.16,0.00,False,False
truck289,-451728952#3->-509646052,truck_truck,34681.00,34880.00,199.00,1282.50,0.00,False,False
veh5173,39920550#10->1125986379#1,veh_passenger,34661.00,34880.00,219.00,1265.99,0.00,False,False
veh5140,-687878725->-238219441#2,veh_passenger,34439.00,34882.00,443.00,1681.07,0.00,False,False
veh5100,478286980#0->475044040#2,veh_passenger,34171.00,34886.00,715.00,1593.95,0.00,False,False
veh5151,178702252->-39838657#2,veh_passenger,34513.00,34887.00,374.00,1712.95,0.00,False,False
bus499,-654297629#4->-40139708,bus_bus,29941.00,34888.00,4947.00,1614.85,0.00,False,False
veh5188,240666069#1->654297629#6,veh_passenger,34761.00,34893.00,132.00,1769.30,0.00,False,False
veh5194,1068434236->238219446#1,veh_passenger,34801.00,34898.00,97.00,1030.57,0.00,False,False
veh5193,475044040#1->-40109290#2,veh_passenger,34795.00,34911.00,116.00,585.26,0.00,False,False
veh5161,515130028#1->-9374529#1,veh_passenger,34580.00,34919.00,339.00,1769.89,0.00,False,False
veh5078,10629474#1->381945551,veh_passenger,34024.00,34924.00,900.00,2969.53,0.00,False,False
bus574,490474063#8->413789557,bus_bus,34441.00,34924.00,483.00,2732.35,0.00,False,False
veh5186,450616334#1->-39838691#2,veh_passenger,34748.00,34928.00,180.00,1017.50,0.00,False,False
veh5192,-39920593#4->-10748045#2,veh_passenger,34788.00,34935.00,147.00,704.45,0.00,False,False
veh5134,-40297715#1->521704031#1,veh_passenger,34399.00,34936.00,537.00,1776.23,0.00,False,False
veh5096,1214520073#0->1332638368#1,veh_passenger,34145.00,34937.00,792.00,1759.27,0.00,False,False
veh5190,1207401652#1->-116783847,veh_passenger,34774.00,34960.00,186.00,1691.80,0.00,False,False
veh5170,160078084-AddedOnRampEdge->-39838691#7,veh_passenger,34640.00,34965.00,325.00,1790.32,0.00,False,False
bus581,-1260485930#1->509646052,bus_bus,34861.00,34966.00,105.00,585.27,0.00,False,False
veh5209,-509646052->1290439817#0,veh_passenger,34902.00,34980.00,78.00,894.37,0.00,False,False
veh5106,381945549#1->9792174#0,veh_passenger,34212.00,34985.00,773.00,4250.30,0.00,False,False
veh5171,1068144849#2->1298335704#1,veh_passenger,34647.00,35000.00,353.00,1861.64,0.00,False,False
veh5204,178583161->39920684#0,veh_passenger,34868.00,35006.00,138.00,659.87,0.00,False,False
veh5169,967985513#2->511187812,veh_passenger,34634.00,35010.00,376.00,1640.26,0.00,False,False
veh5198,-488788633#2->39838657#2,veh_passenger,34828.00,35020.00,192.00,1326.89,0.00,False,False
veh5202,515123438->-761486028#0,veh_passenger,34855.00,35027.00,172.00,917.93,0.00,False,False
bus578,-40140017#1->-474143552#5,bus_bus,34681.00,35037.00,356.00,1083.71,0.00,False,False
veh5184,39920593#6->14924729#3,veh_passenger,34734.00,35045.00,311.00,1819.23,0.00,False,False
veh5185,238219472#0->513272951#1,veh_passenger,34741.00,35047.00,306.00,1444.19,0.00,False,False
bus534,-178699051#1->1332638368#1,bus_bus,32041.00,35052.00,3011.00,1880.34,0.00,False,False
veh5201,521705694#1->1074771163#1,veh_passenger,34848.00,35054.00,206.00,946.72,0.00,False,False
veh5203,488788629->1332638368#2,veh_passenger,34862.00,35055.00,193.00,1316.13,0.00,False,False
veh5175,1323097576->439836130#1,veh_passenger,34674.00,35057.00,383.00,1616.85,0.00,False,False
veh5179,-1322916760#2->-1335304373#0,veh_passenger,34701.00,35064.00,363.00,2281.76,0.00,False,False
truck285,160078084->47087992#1,truck_truck,34201.00,35066.00,865.00,2753.62,0.00,False,False
veh5187,1231065653->39920593#4,veh_passenger,34754.00,35072.00,318.00,1836.22,0.00,False,False
bus582,-1335304373#2->465144361,bus_bus,34921.00,35077.00,156.00,549.28,0.00,False,False
veh5206,147711065#1->-1237953494,veh_passenger,34882.00,35078.00,196.00,829.00,0.00,False,False
veh5181,-14924729#2->-50323229#9,veh_passenger,34714.00,35081.00,367.00,2156.90,0.00,False,False
veh5235,-12247568#1->12247568#1,veh_passenger,35076.00,35092.00,16.00,105.80,0.00,False,False
veh5075,838061038->-1125986406#0,veh_passenger,34004.00,35120.00,1116.00,1261.58,0.00,False,False
veh5197,238219472#0->1272337500,veh_passenger,34821.00,35127.00,306.00,1215.02,0.00,False,False
truck268,513082641#0->-654297630,truck_truck,32161.00,35130.00,2969.00,2712.98,0.00,False,False
veh5127,1068434201->-511409187,veh_passenger,34352.00,35131.00,779.00,1826.65,0.00,False,False
veh5207,1125986385#1->39920505#12,veh_passenger,34888.00,35133.00,245.00,1257.83,0.00,False,False
veh5240,1211151638->-450616334#1,veh_passenger,35109.00,35147.00,38.00,548.61,0.00,False,False
veh5163,-10748045#2->513082635#0,veh_passenger,34594.00,35150.00,556.00,1999.65,0.00,False,False
veh5213,967993112#1->-1322916760#1,veh_passenger,34929.00,35151.00,222.00,1642.21,0.00,False,False
veh5221,1125986378#1->-513272949,veh_passenger,34982.00,35152.00,170.00,643.66,0.00,False,False
veh5220,15419906#0->488788629,veh_passenger,34975.00,35156.00,181.00,1134.12,0.00,False,False
veh5168,-240666072#1->1323097577,veh_passenger,34627.00,35157.00,530.00,2721.63,0.00,False,False
veh5236,-39920593#5->50323229#11,veh_passenger,35083.00,35161.00,78.00,723.09,0.00,False,False
veh5231,654297629#4->-1015424648,veh_passenger,35049.00,35164.00,115.00,936.06,0.00,False,False
truck291,15525299->10628442#0,truck_truck,34921.00,35178.00,257.00,2580.14,0.00,False,False
veh5225,439836128#0-AddedOffRampEdge->-40035606#3,veh_passenger,35009.00,35181.00,172.00,2097.20,0.00,False,False
veh5228,1067928307#2->515130026#1,veh_passenger,35029.00,35182.00,153.00,822.00,0.00,False,False
veh5208,761486028#1->-39838657#0,veh_passenger,34895.00,35184.00,289.00,1533.48,0.00,False,False
bus580,-499566577#0->-39838691#1,bus_bus,34801.00,35194.00,393.00,1539.85,0.00,False,False
veh5182,-437445539#0->39920593#2,veh_passenger,34721.00,35203.00,482.00,3708.43,0.00,False,False
veh5205,39920593#5->10749498,veh_passenger,34875.00,35206.00,331.00,1379.67,0.00,False,False
veh5215,985133427->-451728952#3,veh_passenger,34942.00,35216.00,274.00,816.47,0.00,False,False
veh5212,1068144846#1->1254633078#1,veh_passenger,34922.00,35223.00,301.00,3033.03,0.00,False,False
veh5229,856175962->515126302,veh_passenger,35036.00,35223.00,187.00,1250.38,0.00,False,False
veh5177,-50323229#10->-39838691#1,veh_passenger,34687.00,35235.00,548.00,2169.76,0.00,False,False
veh5152,-40036009#3->40115810#1,veh_passenger,34520.00,35237.00,717.00,2504.42,0.00,False,False
veh5183,10725667->8887999#2,veh_passenger,34728.00,35248.00,520.00,2945.69,0.00,False,False
veh5210,-238219441#2->178699054,veh_passenger,34908.00,35248.00,340.00,1328.70,0.00,False,False
veh5195,1324405519->1075505400#1,veh_passenger,34808.00,35255.00,447.00,2583.62,0.00,False,False
veh5085,-838061038->160077493,veh_passenger,34071.00,35258.00,1187.00,2694.45,0.00,False,False
veh5217,-1068144844->428730813#2,veh_passenger,34955.00,35258.00,303.00,2814.88,0.00,False,False
bus529,521701858-AddedOffRampEdge->-1297720376#1,bus_bus,31741.00,35272.00,3531.00,1392.23,0.00,False,False
veh5238,666886082#0->-654297629#5,veh_passenger,35096.00,35288.00,192.00,918.87,0.00,False,False
veh4799,-24576913#2->39920593#0,veh_passenger,32179.00,35289.00,3110.00,1540.14,0.00,False,False
veh5226,511187808#3->10628444#2,veh_passenger,35016.00,35307.00,291.00,1223.96,0.00,False,False
veh5242,730912750->10628442#3,veh_passenger,35125.00,35312.00,187.00,1925.56,0.00,False,False
veh4861,1272548721->1332638368#0,veh_passenger,32570.00,35316.00,2746.00,1965.97,0.00,False,False
veh5263,1231065644->509646052,veh_passenger,35264.00,35320.00,56.00,633.67,0.00,False,False
veh5214,1214520074#0->654297636,veh_passenger,34935.00,35330.00,395.00,3469.39,0.00,False,False
veh5251,1272337501->-1260485929#3,veh_passenger,35183.00,35330.00,147.00,1206.96,0.00,False,False
bus588,1222703384#0->1204070282,bus_bus,35281.00,35335.00,54.00,524.35,0.00,False,False
veh5200,10629474#0->47087993#5,veh_passenger,34841.00,35338.00,497.00,2430.01,0.00,False,False
veh5245,-40035606#3->1260481151,veh_passenger,35143.00,35345.00,202.00,1179.29,0.00,False,False
veh5216,509524229->-50323229#14,veh_passenger,34949.00,35348.00,399.00,3289.76,0.00,False,False
veh5237,47053612->488788637#1,veh_passenger,35089.00,35409.00,320.00,2677.37,0.00,False,False
veh5241,50323229#7->-1260485929#3,veh_passenger,35116.00,35409.00,293.00,1504.75,0.00,False,False
veh5250,39920550#3->1067953239#1,veh_passenger,35176.00,35411.00,235.00,1225.44,0.00,False,False
veh5254,515040940#0->-238219449,veh_passenger,35203.00,35414.00,211.00,1801.58,0.00,False,False
veh5239,47267007#2->39920505#5,veh_passenger,35103.00,35416.00,313.00,3365.58,0.00,False,False
truck294,511405572->238219472#0,truck_truck,35281.00,35422.00,141.00,753.80,0.00,False,False
veh5219,-40035606#3->511404872,veh_passenger,34969.00,35424.00,455.00,1642.41,0.00,False,False
truck293,511404874#1->1335304372,truck_truck,35161.00,35425.00,264.00,2968.72,0.00,False,False
veh5218,1125801626->33683346#1,veh_passenger,34962.00,35431.00,469.00,4951.91,0.00,False,False
veh5256,475044040#0->465144361,veh_passenger,35226.00,35434.00,208.00,980.21,0.00,False,False
veh5262,-654530820#1->13909444#3,veh_passenger,35257.00,35435.00,178.00,2023.53,0.00,False,False
veh5244,428730800->666886081,veh_passenger,35136.00,35437.00,301.00,1052.24,0.00,False,False
veh5233,1068144849#2->538432099,veh_passenger,35063.00,35438.00,375.00,2301.59,0.00,False,False
veh5243,515123439->-39838530,veh_passenger,35130.00,35471.00,341.00,885.17,0.00,False,False
veh5164,515136609->-1125986406#1,veh_passenger,34600.00,35477.00,877.00,2003.16,0.00,False,False
veh5277,1100626103#0->474143552#6,veh_passenger,35357.00,35478.00,121.00,561.66,0.00,False,False
veh5247,-10629474#1->-257421487#0,veh_passenger,35156.00,35490.00,334.00,1742.03,0.00,False,False
bus579,654297635#1->1290456019,bus_bus,34741.00,35492.00,751.00,1464.11,0.00,False,False
bus584,-1100626103#2->1068144845#1,bus_bus,35041.00,35492.00,451.00,3381.61,0.00,False,False
veh5131,515126302->1254816454,veh_passenger,34379.00,35495.00,1116.00,2223.57,0.00,False,False
truck295,1297720376#1->1254816455,truck_truck,35401.00,35495.00,94.00,623.27,0.00,False,False
veh5281,47157282#1->39921025#2,veh_passenger,35384.00,35498.00,114.00,458.03,0.00,False,False
veh5258,511404875->39920684#3,veh_passenger,35230.00,35500.00,270.00,2572.18,0.00,False,False
veh5275,1125986377#1->39921025#7,veh_passenger,35344.00,35501.00,157.00,1468.58,0.00,False,False
veh5278,509646144->238219468,veh_passenger,35364.00,35501.00,137.00,813.76,0.00,False,False
veh5257,-50323229#6->-147711065#1,veh_passenger,35223.00,35511.00,288.00,1627.47,0.00,False,False
veh5189,-10748045#2->515136605,veh_passenger,34768.00,35512.00,744.00,3836.21,0.00,False,False
veh5267,24577522#2->39920684#4,veh_passenger,35290.00,35515.00,225.00,901.78,0.00,False,False
veh5271,1204070282->33683346#2,veh_passenger,35317.00,35526.00,209.00,1421.90,0.00,False,False
veh5248,1068144849#1->-147711065#0,veh_passenger,35163.00,35554.00,391.00,2530.52,0.00,False,False
veh5291,-8887999#1->479863106#0,veh_passenger,35451.00,35573.00,122.00,807.07,0.00,False,False
bus589,39920550#4->-509646056,bus_bus,35341.00,35575.00,234.00,1013.23,0.00,False,False
veh5284,-1338361263->521708587#1,veh_passenger,35404.00,35575.00,171.00,1013.06,0.00,False,False
veh5260,1231065653->39920011#2,veh_passenger,35243.00,35590.00,347.00,1963.95,0.00,False,False
veh5222,654297637#1->160077493,veh_passenger,34989.00,35603.00,614.00,2367.88,0.00,False,False
veh4926,178699056#3->1335304372,veh_passenger,33006.00,35604.00,2598.00,1524.55,0.00,False,False
veh5298,509524225->-509646052,veh_passenger,35498.00,35610.00,112.00,673.74,0.00,False,False
veh5253,9704194#1->1204070281,veh_passenger,35197.00,35618.00,421.00,1768.88,0.00,False,False
veh5255,513082623->40109290#2,veh_passenger,35210.00,35618.00,408.00,4815.04,0.00,False,False
veh4537,39838691#8->47223733,veh_passenger,30399.00,35636.00,5237.00,1196.97,0.00,False,False
truck296,-428730813#3->-1211151635#0,truck_truck,35521.00,35645.00,124.00,1242.84,0.00,False,False
veh5268,-14924729#0->47267011#0,veh_passenger,35297.00,35646.00,349.00,1194.51,0.00,False,False
veh4518,-1211151635#0->1323097575#0,veh_passenger,30272.00,35651.00,5379.00,2151.21,0.00,False,False
veh5230,1297720368->-39838751#0,veh_passenger,35042.00,35654.00,612.00,1503.17,0.00,False,False
veh5288,856175964->-654297635#1,veh_passenger,35431.00,35658.00,227.00,689.51,0.00,False,False
veh5318,985675139->1260481150,veh_passenger,35632.00,35672.00,40.00,309.79,0.00,False,False
bus587,478286980#1->-40036066,bus_bus,35221.00,35673.00,452.00,1751.11,0.00,False,False
veh5223,-40138239#3->39839107,veh_passenger,34996.00,35674.00,678.00,1980.30,0.00,False,False
veh5289,1260481154->-116783847,veh_passenger,35438.00,35679.00,241.00,1567.66,0.00,False,False
veh5252,900287035->521701858-AddedOffRampEdge,veh_passenger,35190.00,35682.00,492.00,2438.87,0.00,False,False
veh5270,147711065#1->564273553#0,veh_passenger,35310.00,35683.00,373.00,758.11,0.00,False,False
veh5279,150928465->654297635#1,veh_passenger,35371.00,35687.00,316.00,1468.86,0.00,False,False
veh5265,-143546557->488788636#1,veh_passenger,35277.00,35695.00,418.00,2219.71,0.00,False,False
veh5232,-654297637#2->178702239#0-AddedOnRampEdge,veh_passenger,35056.00,35697.00,641.00,3226.45,0.00,False,False
veh5287,490474063#6->1075505400#1,veh_passenger,35424.00,35699.00,275.00,1926.56,0.00,False,False
veh4552,654297629#1->-1323097576,veh_passenger,30500.00,35700.00,5200.00,1812.57,0.00,False,False
veh5303,-900279869->40140017#2,veh_passenger,35532.00,35701.00,169.00,845.62,0.00,False,False
veh5280,488788637#0->39838691#8,veh_passenger,35377.00,35703.00,326.00,1292.24,0.00,False,False
truck292,40109290#1->-39838657#0,truck_truck,35041.00,35706.00,665.00,2474.18,0.00,False,False
veh5316,513272950#0->1067928306#0,veh_passenger,35619.00,35720.00,101.00,1423.47,0.00,False,False
veh5285,482569917#0->428730793#0,veh_passenger,35411.00,35725.00,314.00,2699.30,0.00,False,False
veh5315,666886086#2->49224804#1,veh_passenger,35612.00,35729.00,117.00,715.78,0.00,False,False
veh5234,39366819#1->72157794,veh_passenger,35069.00,35731.00,662.00,1118.74,0.00,False,False
veh4924,1235754993#0->9832326#1,veh_passenger,32992.00,35732.00,2740.00,1341.57,0.00,False,False
veh5295,490474063#2->509646063#0,veh_passenger,35478.00,35736.00,258.00,1257.06,0.00,False,False
veh5313,-8887999#1->40297647#0,veh_passenger,35599.00,35739.00,140.00,1239.60,0.00,False,False
veh5294,1214520074#5->1100626103#1,veh_passenger,35471.00,35747.00,276.00,2250.24,0.00,False,False
veh5227,687878722#0->666886085#0,veh_passenger,35022.00,35761.00,739.00,2354.76,0.00,False,False
veh4806,1074409256#2->39920505#8,veh_passenger,32202.00,35764.00,3562.00,1225.68,0.00,False,False
veh5305,515123442#3->451728952#1,veh_passenger,35545.00,35765.00,220.00,1885.24,0.00,False,False
veh5276,515126385#3->1233759524,veh_passenger,35351.00,35768.00,417.00,1742.72,0.00,False,False
veh5297,39763700#4->437445541#0,veh_passenger,35491.00,35775.00,284.00,1836.87,0.00,False,False
veh5301,1068434199->1335304385,veh_passenger,35518.00,35779.00,261.00,1356.35,0.00,False,False
veh5264,967985513#2->-1322916760#1,veh_passenger,35270.00,35785.00,515.00,2931.49,0.00,False,False
veh5211,1067928307#0->513082635#1,veh_passenger,34915.00,35787.00,872.00,3888.39,0.00,False,False
veh5299,50323229#11->-142741729#1,veh_passenger,35505.00,35796.00,291.00,1259.20,0.00,False,False
veh5286,509646061->-687878722#0,veh_passenger,35418.00,35803.00,385.00,1709.30,0.00,False,False
veh5290,1273405490->975216742,veh_passenger,35444.00,35814.00,370.00,1792.50,0.00,False,False
veh5310,178441748#0->1214520074#3,veh_passenger,35578.00,35837.00,259.00,2043.79,0.00,False,False
veh5300,40140141#7->39920222,veh_passenger,35511.00,35839.00,328.00,2220.09,0.00,False,False
veh5307,-238219441#2->24576922#0,veh_passenger,35558.00,35844.00,286.00,989.82,0.00,False,False
veh5282,-1068144849#2->178723097#1,veh_passenger,35391.00,35849.00,458.00,3298.15,0.00,False,False
veh5335,1125986373#3->72157792,veh_passenger,35746.00,35857.00,111.00,535.40,0.00,False,False
veh5309,178702243#1-AddedOnRampEdge->451728952#5,veh_passenger,35572.00,35867.00,295.00,3335.23,0.00,False,False
veh5312,513082627->1222181934,veh_passenger,35592.00,35882.00,290.00,2501.02,0.00,False,False
veh5346,-1214520068->39838630#3,veh_passenger,35820.00,35890.00,70.00,835.18,0.00,False,False
bus585,1100626088->-40036009#1,bus_bus,35101.00,35895.00,794.00,2044.82,0.00,False,False
veh5326,39086240-AddedOffRampEdge->509646053#1,veh_passenger,35686.00,35908.00,222.00,828.90,0.00,False,False
bus595,654297635#0->968332513#0,bus_bus,35701.00,35918.00,217.00,584.56,0.00,False,False
veh5304,1118804249->488788636#1,veh_passenger,35538.00,35919.00,381.00,2115.19,0.00,False,False
veh5350,-1222703384#1->1100626103#0,veh_passenger,35846.00,35919.00,73.00,475.58,0.00,False,False
veh4946,178723097#0->1323097575#0,veh_passenger,33140.00,35926.00,2786.00,1765.43,0.00,False,False
veh5306,687878722#0->1068434256#0,veh_passenger,35552.00,35926.00,374.00,1308.41,0.00,False,False
veh5319,-1125986377#2->178583167#1,veh_passenger,35639.00,35926.00,287.00,1379.21,0.00,False,False
bus596,1237953497->-666886086#1,bus_bus,35761.00,35938.00,177.00,837.39,0.00,False,False
veh5323,-50323229#7->39920505#8,veh_passenger,35666.00,35940.00,274.00,1196.81,0.00,False,False
veh5342,335802695->40297715#3,veh_passenger,35793.00,35945.00,152.00,1509.52,0.00,False,False
truck297,654297631->1323097579#1,truck_truck,35641.00,35952.00,311.00,1629.90,0.00,False,False
veh5329,39838691#0->515123442#1,veh_passenger,35706.00,35959.00,253.00,784.72,0.00,False,False
veh5311,40109239->-47087366#1,veh_passenger,35585.00,35961.00,376.00,3028.43,0.00,False,False
veh5321,1335304373#2->509524229,veh_passenger,35652.00,35968.00,316.00,1491.80,0.00,False,False
veh5327,12262310#0-AddedOffRampEdge->178699056#0,veh_passenger,35692.00,35973.00,281.00,3034.59,0.00,False,False
veh4914,1100626088->1260481154,veh_passenger,32925.00,35977.00,3052.00,1217.06,0.00,False,False
veh5324,-488788637#1->-1067928305#2,veh_passenger,35672.00,35983.00,311.00,1751.70,0.00,False,False
veh5367,-413789558#1->-413789558#0,veh_passenger,35960.00,35987.00,27.00,313.46,0.00,False,False
veh5308,515130028#1->40138633#1,veh_passenger,35565.00,36012.00,447.00,3108.79,0.00,False,False
veh5325,-654297630->-1068144846#1,veh_passenger,35679.00,36014.00,335.00,1443.32,0.00,False,False
veh5353,40140141#2->238219441#1,veh_passenger,35867.00,36014.00,147.00,1374.18,0.00,False,False
veh5292,-488786523->47088302#1,veh_passenger,35458.00,36017.00,559.00,3260.89,0.00,False,False
veh5343,40140141#10->39920505#4,veh_passenger,35800.00,36017.00,217.00,1546.44,0.00,False,False
veh5337,968332513#1->-654297633,veh_passenger,35759.00,36027.00,268.00,1031.71,0.00,False,False
veh5322,967985513#2->-654297632#0,veh_passenger,35659.00,36034.00,375.00,1549.23,0.00,False,False
bus597,761486028#1->488788637#1,bus_bus,35821.00,36034.00,213.00,998.32,0.00,False,False
veh5355,40140017#1->1335304372,veh_passenger,35880.00,36034.00,154.00,610.85,0.00,False,False
bus592,13909444#5->10628442#2,bus_bus,35521.00,36035.00,514.00,1596.66,0.00,False,False
veh5345,1292578228->238219472#0,veh_passenger,35813.00,36035.00,222.00,1267.21,0.00,False,False
veh5341,1068434200#0->488788637#1,veh_passenger,35786.00,36036.00,250.00,980.29,0.00,False,False
veh5347,1335304376#0->1254633078#1,veh_passenger,35826.00,36037.00,211.00,1094.46,0.00,False,False
bus583,50323226->513082641#2,bus_bus,34981.00,36045.00,1064.00,3999.80,0.00,False,False
bus586,499566574#0->47053612,bus_bus,35161.00,36047.00,886.00,1828.31,0.00,False,False
veh5348,666886084#0->-40138633#3,veh_passenger,35833.00,36047.00,214.00,2107.42,0.00,False,False
veh5340,1368740247-AddedOffRampEdge->1323097577,veh_passenger,35779.00,36057.00,278.00,2121.76,0.00,False,False
veh5339,967985512->474143552#1,veh_passenger,35773.00,36065.00,292.00,1673.60,0.00,False,False
veh4915,1290439819->438354815,veh_passenger,32932.00,36071.00,3139.00,2116.71,0.00,False,False
veh5259,509524225->813852683-AddedOnRampEdge,veh_passenger,35237.00,36082.00,845.00,2517.43,0.00,False,False
veh5361,178441748#2->40035606#0,veh_passenger,35920.00,36095.00,175.00,825.13,0.00,False,False
veh5349,178702243#1-AddedOnRampEdge->178702249,veh_passenger,35840.00,36101.00,261.00,3874.28,0.00,False,False
veh5357,968332513#0->-488788637#0,veh_passenger,35893.00,36101.00,208.00,1668.19,0.00,False,False
veh5356,40138239#1->654297637#1,veh_passenger,35887.00,36104.00,217.00,1331.90,0.00,False,False
bus599,-515126385#0->39838691#10,bus_bus,35941.00,36106.00,165.00,1203.73,0.00,False,False
veh5370,654297636->238219472#0,veh_passenger,35980.00,36113.00,133.00,652.28,0.00,False,False
veh5360,654297636->-39920593#6,veh_passenger,35913.00,36114.00,201.00,1126.48,0.00,False,False
veh5352,39921531->-1254816452,veh_passenger,35860.00,36116.00,256.00,1011.45,0.00,False,False
veh5314,521704042#0->-147711065#2,veh_passenger,35605.00,36120.00,515.00,774.28,0.00,False,False
veh4891,513082641#0->1204070281,veh_passenger,32771.00,36145.00,3374.00,2910.64,0.00,False,False
veh5246,39920684#5->47087366#1,veh_passenger,35150.00,36148.00,998.00,3122.21,0.00,False,False
bus593,478286980#0->1260481151,bus_bus,35581.00,36156.00,575.00,2228.13,0.00,False,False
veh4804,39838691#2->511409856#1,veh_passenger,32188.00,36159.00,3971.00,717.96,0.00,False,False
veh5296,511187808#0->1074409255#3,veh_passenger,35485.00,36167.00,682.00,1622.83,0.00,False,False
veh5371,654530820#0->1211151635#0,veh_passenger,35987.00,36193.00,206.00,1562.10,0.00,False,False
veh5362,1068434200#1->-10628442#2,veh_passenger,35927.00,36203.00,276.00,1005.84,0.00,False,False
veh5368,39920505#13->1335304376#0,veh_passenger,35967.00,36203.00,236.00,671.70,0.00,False,False
truck298,499566573->1214520075,truck_truck,35761.00,36215.00,454.00,1666.79,0.00,False,False
veh5372,1222181936->401226926#1,veh_passenger,35994.00,36220.00,226.00,1405.46,0.00,False,False
veh5365,15420537#0->428730800,veh_passenger,35947.00,36221.00,274.00,2168.03,0.00,False,False
veh5354,654297637#1->422842976,veh_passenger,35873.00,36222.00,349.00,1235.52,0.00,False,False
veh5274,-33683346#0->47087992#3,veh_passenger,35337.00,36239.00,902.00,3163.86,0.00,False,False
veh4693,521713925->40297715#3,veh_passenger,31445.00,36277.00,4832.00,1834.33,0.00,False,False
veh4613,-564273553#2->1064476624,veh_passenger,30909.00,36286.00,5377.00,1141.30,0.00,False,False
veh5366,413789557->-654297635#1,veh_passenger,35954.00,36290.00,336.00,2108.26,0.00,False,False
veh5358,1260485932->178583145,veh_passenger,35900.00,36308.00,408.00,1774.51,0.00,False,False
bus594,50323226->1074771163#0,bus_bus,35641.00,36313.00,672.00,2649.76,0.00,False,False
veh5338,178441748#0->-39838657#3,veh_passenger,35766.00,36314.00,548.00,1949.09,0.00,False,False
veh5359,39921025#1->1074409232#1,veh_passenger,35907.00,36320.00,413.00,1910.71,0.00,False,False
bus598,474143552#2->-39838691#2,bus_bus,35881.00,36322.00,441.00,1444.41,0.00,False,False
veh5122,511404873#1->-40035904#0,veh_passenger,34319.00,36340.00,2021.00,1865.53,0.00,False,False
truck299,-1273251150#1->39838751#0,truck_truck,35881.00,36344.00,463.00,2132.05,0.00,False,False
veh5330,900287035->439836129,veh_passenger,35712.00,36345.00,633.00,2378.36,0.00,False,False
veh5363,1125986375#0->-33683346#2,veh_passenger,35934.00,36348.00,414.00,2295.73,0.00,False,False
bus576,39838691#2->1214520073#0,bus_bus,34561.00,36381.00,1820.00,1176.71,0.00,False,False
veh5138,-449565665#3->9704194#0,veh_passenger,34426.00,36386.00,1960.00,1306.82,0.00,False,False
veh5369,-33683346#3->-1332638368#0,veh_passenger,35974.00,36419.00,445.00,2791.58,0.00,False,False
veh5269,40138633#3->178702251,veh_passenger,35304.00,36441.00,1137.00,5127.63,0.00,False,False
veh5364,900279869->39838520#0,veh_passenger,35940.00,36473.00,533.00,711.15,0.00,False,False
veh4895,39920505#7->513272951#0,veh_passenger,32798.00,36497.00,3699.00,1221.74,0.00,False,False
veh4963,39921025#4->511409187,veh_passenger,33254.00,36499.00,3245.00,1168.77,0.00,False,False
veh5283,-1068144848#1->666886082#1,veh_passenger,35398.00,36501.00,1103.00,2138.18,0.00,False,False
veh5373,-39838984#1->1075505400#0,veh_passenger,36001.00,36502.00,501.00,1759.45,0.00,False,False
veh5002,-1067928307#2->666886084#0,veh_passenger,33515.00,36512.00,2997.00,1800.61,0.00,False,False
veh5328,509646057#2->24576913#2,veh_passenger,35699.00,36557.00,858.00,843.22,0.00,False,False
veh5331,40138633#1->967993112#0,veh_passenger,35719.00,36567.00,848.00,3677.40,0.00,False,False
bus590,1226645409->-71269782,bus_bus,35401.00,36588.00,1187.00,1988.33,0.00,False,False
veh5333,11631594#1->515130026#0,veh_passenger,35733.00,36589.00,856.00,3299.44,0.00,False,False
veh4780,-1214520068->40140017#0,veh_passenger,32046.00,36638.00,4592.00,1398.76,0.00,False,False
veh4717,131671623->-40138239#3,veh_passenger,31605.00,36673.00,5068.00,2240.71,0.00,False,False
veh5126,666886085#1->1068916338,veh_passenger,34346.00,36679.00,2333.00,382.01,0.00,False,False
veh4884,39838691#8->1236283454,veh_passenger,32724.00,36771.00,4047.00,1940.22,0.00,False,False
veh5320,39920593#5->10628430,veh_passenger,35645.00,36823.00,1178.00,1385.61,0.00,False,False
veh5097,-1131969257->15420801#2,veh_passenger,34151.00,36877.00,2726.00,1532.42,0.00,False,False
veh5174,39366819#1->40297647#0,veh_passenger,34667.00,36908.00,2241.00,908.81,0.00,False,False
veh5136,449565665#0->-33683458#0,veh_passenger,34413.00,36949.00,2536.00,1796.12,0.00,False,False
veh5036,39763700#1->1273405490,veh_passenger,33743.00,36955.00,3212.00,2103.68,0.00,False,False
veh5224,39763700#6->509646061,veh_passenger,35002.00,37031.00,2029.00,594.80,0.00,False,False
veh5129,654297629#1->-499566577#0,veh_passenger,34366.00,37038.00,2672.00,1906.66,0.00,False,False
veh5196,39838691#10->499566574#1,veh_passenger,34815.00,37044.00,2229.00,1236.56,0.00,False,False
truck284,-450616334#1->-33683346#2,truck_truck,34081.00,37075.00,2994.00,2869.08,0.00,False,False
veh5351,511404873#1->-40035325#0,veh_passenger,35856.00,37118.00,1262.00,1430.19,0.00,False,False
veh5336,-39838691#8->511404872,veh_passenger,35753.00,37150.00,1397.00,914.99,0.00,False,False
veh5266,-654297629#6->1335304376#0,veh_passenger,35286.00,37155.00,1869.00,1025.40,0.00,False,False
veh5317,178723097#1->-1297720376#1,veh_passenger,35625.00,37160.00,1535.00,998.27,0.00,False,False
veh5302,-437445540->1204070282,veh_passenger,35525.00,37194.00,1669.00,2411.27,0.00,False,False
veh5199,178583149->-257421487#0,veh_passenger,34835.00,37347.00,2512.00,2560.71,0.00,False,False
veh5261,40297647#0->10628442#3,veh_passenger,35250.00,37361.00,2111.00,1287.31,0.00,False,False
veh5272,24577522#1->479863106#0,veh_passenger,35324.00,37379.00,2055.00,1130.12,0.00,False,False
veh5249,39838691#10->1322916760#2,veh_passenger,35170.00,37390.00,2220.00,2116.36,0.00,False,False
veh5273,666886085#0->240666069#0,veh_passenger,35331.00,37402.00,2071.00,1643.43,0.00,False,False
bus591,421846558#1->1233759524,bus_bus,35461.00,37405.00,1944.00,829.78,0.00,False,False
veh5334,654297629#2->1068434208#0-AddedOffRampEdge,veh_passenger,35739.00,37409.00,1670.00,1447.88,0.00,False,False
veh5293,178583155->1068434235,veh_passenger,35465.00,37581.00,2116.00,1482.10,0.00,False,False
veh5332,488788626#0->-900279869,veh_passenger,35726.00,37642.00,1916.00,1161.09,0.00,False,False
veh5344,178699056#0->9704194#0,veh_passenger,35806.00,37647.00,1841.00,1475.39,0.00,False,False
